facility_id,dynamic,horizon,level,method,PICP,MPIW,Winkler,n_test,n_cal,gamma,gamma_calB_picp,n_cal_b,picp_ci_lo,picp_ci_hi,n_crossings_cal,n_crossings_test
1,True,y_t+30min,0.8,split-CP,0.7111111111111111,24.891410714285712,48.12529168002779,135,150,,,,,,,
1,True,y_t+30min,0.8,ACI,0.7925925925925926,31.351878516647965,47.92763454251511,135,150,0.1,0.84,75.0,,,,
1,True,y_t+30min,0.85,split-CP,0.8518518518518519,35.14355952380947,51.60427077209486,135,150,,,,,,,
1,True,y_t+30min,0.85,ACI,0.8444444444444444,39.24760504382449,54.83911095834892,135,150,0.1,0.88,75.0,,,,
1,True,y_t+30min,0.9,split-CP,0.9111111111111112,42.628595238095215,59.05702601410936,135,150,,,,0.8636363636363636,0.946969696969697,,
1,True,y_t+30min,0.9,ACI,0.8888888888888888,42.46559181230292,62.14319469296137,135,150,0.1,0.9333333333333332,75.0,0.8333333333333334,0.9318181818181818,,
1,True,y_t+30min,0.95,split-CP,0.9703703703703704,59.772369047619,73.91804629629625,135,150,,,,,,,
1,True,y_t+30min,0.95,ACI,0.925925925925926,58.01091661723051,81.84495835738333,135,150,0.1,0.9733333333333334,75.0,,,,
1,True,y_t+30min,0.9,CQR,0.8888888888888888,43.113620947251086,62.67502205618633,135,150,,,,0.8409090909090909,0.9242424242424242,0.0,0.0
1,True,y_t+30min,0.9,ACQR,0.8888888888888888,52.1338702056044,68.82745717612191,135,150,0.1,0.92,75.0,0.8484848484848485,0.9166666666666666,0.0,0.0
1,True,y_t+30min,0.95,CQR,0.9407407407407408,51.29422617700466,70.0823166300049,135,150,,,,,,0.0,0.0
1,True,y_t+30min,0.95,ACQR,0.9333333333333332,57.14204852602118,75.14030109325013,135,150,0.1,0.96,75.0,,,0.0,0.0
1,True,y_t+60min,0.8,split-CP,0.7185185185185186,45.98005952380958,83.60517233178341,135,150,,,,,,,
1,True,y_t+60min,0.8,ACI,0.7777777777777778,60.68373503286837,94.5340005785367,135,150,0.1,0.8266666666666667,75.0,,,,
1,True,y_t+60min,0.85,split-CP,0.837037037037037,58.06776190476194,90.4608473001621,135,150,,,,,,,
1,True,y_t+60min,0.85,ACI,0.8222222222222222,65.79126530115975,102.13947685229724,135,150,0.1,0.88,75.0,,,,
1,True,y_t+60min,0.9,split-CP,0.9037037037037036,78.06559523809526,104.29341754850088,135,150,,,,0.8409090909090909,0.9545454545454546,,
1,True,y_t+60min,0.9,ACI,0.8666666666666667,84.21215286863342,113.45571201833148,135,150,0.1,0.92,75.0,0.803030303030303,0.9166666666666666,,
1,True,y_t+60min,0.95,split-CP,0.9481481481481482,98.32840476190472,124.48759318048208,135,150,,,,,,,
1,True,y_t+60min,0.95,ACI,0.9111111111111112,96.16918361658918,129.49722800224464,135,150,0.1,0.9733333333333334,75.0,,,,
1,True,y_t+60min,0.9,CQR,0.9111111111111112,82.98189147711902,104.24834726848626,135,150,,,,0.8636363636363636,0.946969696969697,0.0,0.0
1,True,y_t+60min,0.9,ACQR,0.8740740740740741,90.28050628857818,117.74974239592618,135,150,0.1,0.8933333333333333,75.0,0.8106060606060606,0.9242424242424242,0.0,0.0
1,True,y_t+60min,0.95,CQR,0.9555555555555556,99.9510502484178,119.43057079089073,135,150,,,,,,0.0,0.0
1,True,y_t+60min,0.95,ACQR,0.9407407407407408,107.7185060373682,122.03689883096514,135,150,0.05,0.9466666666666668,75.0,,,0.0,0.0
1,True,y_t+90min,0.8,split-CP,0.7333333333333333,60.85658333333332,127.06596516754853,135,150,,,,,,,
1,True,y_t+90min,0.8,ACI,0.7703703703703704,90.18388069317514,140.95623900513064,135,150,0.1,0.8133333333333334,75.0,,,,
1,True,y_t+90min,0.85,split-CP,0.8074074074074075,76.82505357142857,140.71557561728395,135,150,,,,,,,
1,True,y_t+90min,0.85,ACI,0.8074074074074075,102.40830301426968,160.7011061692765,135,150,0.1,0.88,75.0,,,,
1,True,y_t+90min,0.9,split-CP,0.8740740740740741,103.6161547619048,158.32864432686657,135,150,,,,0.7954545454545454,0.9393939393939394,,
1,True,y_t+90min,0.9,ACI,0.8666666666666667,100.87621537731818,166.06589821094548,135,150,0.002,0.92,75.0,0.7878787878787878,0.9318181818181818,,
1,True,y_t+90min,0.95,split-CP,0.9703703703703704,164.43590476190482,186.6262322163433,135,150,,,,,,,
1,True,y_t+90min,0.95,ACI,0.9185185185185184,130.9237453877398,240.68869803591463,135,150,0.1,0.96,75.0,,,,
1,True,y_t+90min,0.9,CQR,0.8444444444444444,97.70260086415604,142.38869669472234,135,150,,,,0.7651515151515151,0.9015151515151516,0.0,0.0
1,True,y_t+90min,0.9,ACQR,0.8666666666666667,114.21642558215952,153.63737073950787,135,150,0.1,0.9066666666666666,75.0,0.7954545454545454,0.9166666666666666,0.0,0.0
1,True,y_t+90min,0.95,CQR,0.9629629629629628,144.1317256809116,162.0908076812315,135,150,,,,,,0.0,0.0
1,True,y_t+90min,0.95,ACQR,0.9185185185185184,143.1954240843139,194.49938919707805,135,150,0.05,0.96,75.0,,,0.0,0.0
2,True,y_t+30min,0.8,split-CP,0.7241379310344828,20.43404761904762,49.58724232006019,116,150,,,,,,,
2,True,y_t+30min,0.8,ACI,0.7758620689655172,28.64920628078817,44.32988644293925,116,150,0.1,0.8,75.0,,,,
2,True,y_t+30min,0.85,split-CP,0.8362068965517241,30.254678571428595,54.681825305601166,116,150,,,,,,,
2,True,y_t+30min,0.85,ACI,0.8275862068965517,33.59595209412235,50.85744080336969,116,150,0.1,0.8533333333333334,75.0,,,,
2,True,y_t+30min,0.9,split-CP,0.8706896551724138,37.783702380952384,63.11786870552821,116,150,,,,0.7894736842105263,0.9473684210526316,,
2,True,y_t+30min,0.9,ACI,0.8706896551724138,44.49041362600524,57.81227740279357,116,150,0.05,0.9066666666666666,75.0,0.8070175438596491,0.9385964912280702,,
2,True,y_t+30min,0.95,split-CP,0.956896551724138,55.01770833333336,84.2611401888341,116,150,,,,,,,
2,True,y_t+30min,0.95,ACI,0.9224137931034484,49.48145592948718,66.58408660819542,116,150,0.1,0.9466666666666668,75.0,,,,
2,True,y_t+30min,0.9,CQR,0.9224137931034484,38.12200796867617,46.14240012694225,116,150,,,,0.8771929824561403,0.9649122807017544,0.0,0.0
2,True,y_t+30min,0.9,ACQR,0.913793103448276,37.1050550249586,46.5868931066667,116,150,0.002,0.9066666666666666,75.0,0.868421052631579,0.956140350877193,0.0,0.0
2,True,y_t+30min,0.95,CQR,0.9396551724137931,46.44141095861412,53.13189145858552,116,150,,,,,,0.0,0.0
2,True,y_t+30min,0.95,ACQR,0.9396551724137931,46.77382764087937,54.79760702893641,116,150,0.002,0.9466666666666668,75.0,,,0.0,0.0
2,True,y_t+60min,0.8,split-CP,0.6724137931034483,32.93236904761906,77.46024153851415,116,150,,,,,,,
2,True,y_t+60min,0.8,ACI,0.7672413793103449,39.4763432446385,71.06317776607972,116,150,0.05,0.8,75.0,,,,
2,True,y_t+60min,0.85,split-CP,0.7758620689655172,42.14045238095236,85.0081679500257,116,150,,,,,,,
2,True,y_t+60min,0.85,ACI,0.8189655172413793,49.55295854385078,84.03458033441653,116,150,0.05,0.84,75.0,,,,
2,True,y_t+60min,0.9,split-CP,0.8620689655172413,58.58219047619048,95.33803013820472,116,150,,,,0.7982456140350878,0.9385964912280702,,
2,True,y_t+60min,0.9,ACI,0.8706896551724138,60.278110666393,97.62699288451012,116,150,0.01,0.9066666666666666,75.0,0.8157894736842105,0.9385964912280702,,
2,True,y_t+60min,0.95,split-CP,0.9310344827586208,79.06225793650792,116.70866803503006,116,150,,,,,,,
2,True,y_t+60min,0.95,ACI,0.9396551724137931,83.65964248084292,116.1777589285714,116,150,0.02,0.9466666666666668,75.0,,,,
2,True,y_t+60min,0.9,CQR,0.9051724137931034,67.28610574325181,75.55743248300936,116,150,,,,0.8508771929824561,0.956140350877193,0.0,0.0
2,True,y_t+60min,0.9,ACQR,0.8879310344827587,63.25281154657488,80.49626071209242,116,150,0.05,0.9066666666666666,75.0,0.8328947368421042,0.9385964912280702,0.0,0.0
2,True,y_t+60min,0.95,CQR,0.956896551724138,82.32970112477912,92.27667281380022,116,150,,,,,,0.0,0.0
2,True,y_t+60min,0.95,ACQR,0.9224137931034484,80.76804024315297,98.07275948465056,116,150,0.05,0.9466666666666668,75.0,,,0.0,0.0
2,True,y_t+90min,0.8,split-CP,0.6982758620689655,44.52916666666663,108.40894097999704,116,150,,,,,,,
2,True,y_t+90min,0.8,ACI,0.6982758620689655,44.842531609195404,107.48296709863416,116,150,0.002,0.8,75.0,,,,
2,True,y_t+90min,0.85,split-CP,0.75,53.135043650793705,122.62765335829552,116,150,,,,,,,
2,True,y_t+90min,0.85,ACI,0.7413793103448276,54.45521820265464,115.7439799581405,116,150,0.002,0.8533333333333334,75.0,,,,
2,True,y_t+90min,0.9,split-CP,0.7931034482758621,70.7581666666667,133.3333577399612,116,150,,,,0.6754385964912281,0.9035087719298246,,
2,True,y_t+90min,0.9,ACI,0.8189655172413793,74.17159865900382,125.50115754839032,116,150,0.002,0.9066666666666666,75.0,0.7192982456140351,0.912280701754386,,
2,True,y_t+90min,0.95,split-CP,0.8879310344827587,89.46717857142859,154.47536654724576,116,150,,,,,,,
2,True,y_t+90min,0.95,ACI,0.9224137931034484,99.84474963302982,140.51333443424392,116,150,0.01,0.9466666666666668,75.0,,,,
2,True,y_t+90min,0.9,CQR,0.8275862068965517,76.44872999524316,116.08153018504235,116,150,,,,0.7456140350877193,0.9035087719298246,0.0,0.0
2,True,y_t+90min,0.9,ACQR,0.8620689655172413,89.93435315573741,109.29872793472586,116,150,0.05,0.8933333333333333,75.0,0.7894736842105263,0.9210526315789472,0.0,0.0
2,True,y_t+90min,0.95,CQR,0.9913793103448276,122.79867896213564,126.67379313829952,116,150,,,,,,0.0,0.0
2,True,y_t+90min,0.95,ACQR,0.9224137931034484,112.80100328307294,129.35761011120647,116,150,0.1,0.9466666666666668,75.0,,,0.0,0.0
3,True,y_t+30min,0.8,split-CP,0.7637795275590551,39.05622023809519,81.32558320834896,127,150,,,,,,,
3,True,y_t+30min,0.8,ACI,0.7874015748031497,50.94152165496356,82.48559520116805,127,150,0.05,0.8,75.0,,,,
3,True,y_t+30min,0.85,split-CP,0.8267716535433071,46.508571428571486,92.76567710286209,127,150,,,,,,,
3,True,y_t+30min,0.85,ACI,0.84251968503937,53.063456396075495,88.68025648356458,127,150,0.05,0.8533333333333334,75.0,,,,
3,True,y_t+30min,0.9,split-CP,0.8976377952755905,58.41301190476182,110.43941751031124,127,150,,,,0.8253968253968254,0.9523809523809524,,
3,True,y_t+30min,0.9,ACI,0.8976377952755905,70.51223712660918,111.28489366954136,127,150,0.05,0.9066666666666666,75.0,0.8253968253968254,0.9523809523809524,,
3,True,y_t+30min,0.95,split-CP,0.9291338582677166,87.31906547619046,145.5216807742781,127,150,,,,,,,
3,True,y_t+30min,0.95,ACI,0.9448818897637796,96.69024730289397,140.36432804280145,127,150,0.05,0.9466666666666668,75.0,,,,
3,True,y_t+30min,0.9,CQR,0.905511811023622,56.30036684722426,95.00438390663945,127,150,,,,0.8333333333333334,0.9603174603174603,0.0,0.0
3,True,y_t+30min,0.9,ACQR,0.889763779527559,68.09068991781426,100.34285931176856,127,150,0.05,0.9066666666666666,75.0,0.8333333333333334,0.9285714285714286,0.0,0.0
3,True,y_t+30min,0.95,CQR,0.9448818897637796,79.45598075776932,124.08031695733987,127,150,,,,,,0.0,0.0
3,True,y_t+30min,0.95,ACQR,0.937007874015748,86.4474672817342,116.21423265233652,127,150,0.05,0.9466666666666668,75.0,,,0.0,0.0
3,True,y_t+60min,0.8,split-CP,0.7559055118110236,67.03013095238086,142.3344042463443,127,150,,,,,,,
3,True,y_t+60min,0.8,ACI,0.7480314960629921,69.91969288213974,146.27875760842394,127,150,0.005,0.8,75.0,,,,
3,True,y_t+60min,0.85,split-CP,0.8188976377952756,85.26840476190473,160.44699025121855,127,150,,,,,,,
3,True,y_t+60min,0.85,ACI,0.8267716535433071,102.38985934570682,173.90164568491437,127,150,0.02,0.8533333333333334,75.0,,,,
3,True,y_t+60min,0.9,split-CP,0.8976377952755905,117.3191031746032,187.8805133108361,127,150,,,,0.8095238095238095,0.9682539682539684,,
3,True,y_t+60min,0.9,ACI,0.889763779527559,126.04945341207352,177.75430483689536,127,150,0.05,0.9066666666666666,75.0,0.8015873015873016,0.9603174603174603,,
3,True,y_t+60min,0.95,split-CP,0.9291338582677166,151.96004761904751,241.6442064741906,127,150,,,,,,,
3,True,y_t+60min,0.95,ACI,0.9291338582677166,139.5199160261217,197.62924892200965,127,150,0.1,0.9466666666666668,75.0,,,,
3,True,y_t+60min,0.9,CQR,0.889763779527559,105.8758945322883,168.37100102974114,127,150,,,,0.8174603174603174,0.9523809523809524,0.0,0.0
3,True,y_t+60min,0.9,ACQR,0.8661417322834646,126.85037127104472,147.60197279807855,127,150,0.1,0.88,75.0,0.8015873015873016,0.9206349206349206,0.0,0.0
3,True,y_t+60min,0.95,CQR,0.952755905511811,169.11754411607126,208.6999264491072,127,150,,,,,,0.0,0.0
3,True,y_t+60min,0.95,ACQR,0.9448818897637796,162.1028201190817,230.32527700128895,127,150,0.002,0.9466666666666668,75.0,,,0.0,0.0
3,True,y_t+90min,0.8,split-CP,0.7244094488188977,99.63569047619058,214.3592074584428,127,150,,,,,,,
3,True,y_t+90min,0.8,ACI,0.7322834645669292,105.84097890888638,221.58786836020508,127,150,0.002,0.8,75.0,,,,
3,True,y_t+90min,0.85,split-CP,0.84251968503937,141.47461904761897,237.52066391701032,127,150,,,,,,,
3,True,y_t+90min,0.85,ACI,0.8267716535433071,186.50595039682543,284.7061877629879,127,150,0.02,0.84,75.0,,,,
3,True,y_t+90min,0.9,split-CP,0.905511811023622,185.541113095238,271.1646103143359,127,150,,,,0.8174603174603174,0.9682539682539684,,
3,True,y_t+90min,0.9,ACI,0.8661417322834646,206.1555548056493,279.8266345144357,127,150,0.05,0.88,75.0,0.7777777777777778,0.9365079365079364,,
3,True,y_t+90min,0.95,split-CP,0.9291338582677166,236.47202182539684,327.6727364235719,127,150,,,,,,,
3,True,y_t+90min,0.95,ACI,0.9291338582677166,248.6232824490689,374.0475391044869,127,150,0.002,0.92,75.0,,,,
3,True,y_t+90min,0.9,CQR,0.8976377952755905,171.68985916877878,237.99419898076155,127,150,,,,0.8174603174603174,0.9603174603174603,0.0,0.0
3,True,y_t+90min,0.9,ACQR,0.8661417322834646,173.05545243762768,268.02342610034657,127,150,0.01,0.9066666666666666,75.0,0.7619047619047619,0.9444444444444444,0.0,0.0
3,True,y_t+90min,0.95,CQR,0.9448818897637796,235.58853016573505,286.1406746295237,127,150,,,,,,0.0,1.0
3,True,y_t+90min,0.95,ACQR,0.937007874015748,232.08944269470547,296.53513039969914,127,150,0.05,0.9333333333333332,75.0,,,0.0,1.0
4,True,y_t+30min,0.8,split-CP,0.7481481481481481,22.00434523809519,43.13299441504999,135,150,,,,,,,
4,True,y_t+30min,0.8,ACI,0.762962962962963,22.81192917401528,42.83145210170489,135,150,0.002,0.8,75.0,,,,
4,True,y_t+30min,0.85,split-CP,0.7851851851851852,26.36466666666673,47.71590456594159,135,150,,,,,,,
4,True,y_t+30min,0.85,ACI,0.8296296296296296,28.15049228395062,48.20826359494416,135,150,0.005,0.8533333333333334,75.0,,,,
4,True,y_t+30min,0.9,split-CP,0.8814814814814815,32.63679761904758,55.52180129335687,135,150,,,,0.8333333333333334,0.9242424242424242,,
4,True,y_t+30min,0.9,ACI,0.8962962962962963,36.59789466490299,56.39678487654325,135,150,0.02,0.9066666666666666,75.0,0.8636363636363636,0.9318181818181818,,
4,True,y_t+30min,0.95,split-CP,0.9333333333333332,45.74715476190477,67.65985258671367,135,150,,,,,,,
4,True,y_t+30min,0.95,ACI,0.9407407407407408,54.52757885067608,72.67183399470903,135,150,0.02,0.9466666666666668,75.0,,,,
4,True,y_t+30min,0.9,CQR,0.8740740740740741,28.066203709302897,51.082034721871686,135,150,,,,0.8181818181818182,0.9318181818181818,0.0,0.0
4,True,y_t+30min,0.9,ACQR,0.8888888888888888,30.9249473834374,51.03803808609699,135,150,0.002,0.9066666666666666,75.0,0.8409090909090909,0.9393939393939394,0.0,0.0
4,True,y_t+30min,0.95,CQR,0.925925925925926,43.43814916971295,60.05202293272077,135,150,,,,,,0.0,0.0
4,True,y_t+30min,0.95,ACQR,0.9481481481481482,48.56047885680892,65.57699193869618,135,150,0.05,0.9466666666666668,75.0,,,0.0,0.0
4,True,y_t+60min,0.8,split-CP,0.7185185185185186,31.525654761904768,62.36428222035166,135,150,,,,,,,
4,True,y_t+60min,0.8,ACI,0.7925925925925926,40.72575770936883,62.13902944791835,135,150,0.05,0.8,75.0,,,,
4,True,y_t+60min,0.85,split-CP,0.8222222222222222,44.23428571428576,64.9060547182584,135,150,,,,,,,
4,True,y_t+60min,0.85,ACI,0.8444444444444444,47.66879955106623,68.86194353945095,135,150,0.05,0.8533333333333334,75.0,,,,
4,True,y_t+60min,0.9,split-CP,0.8888888888888888,53.02149404761905,71.11929365747422,135,150,,,,0.8333333333333334,0.9393939393939394,,
4,True,y_t+60min,0.9,ACI,0.8888888888888888,58.68827237186681,74.16320047565603,135,150,0.02,0.9066666666666666,75.0,0.8484848484848485,0.9318181818181818,,
4,True,y_t+60min,0.95,split-CP,0.9555555555555556,69.24225000000003,81.53466521030413,135,150,,,,,,,
4,True,y_t+60min,0.95,ACI,0.9555555555555556,67.92503763561541,81.64279440970552,135,150,0.002,0.9333333333333332,75.0,,,,
4,True,y_t+60min,0.9,CQR,0.8592592592592593,43.56570177077553,69.93383059631147,135,150,,,,0.7954545454545454,0.9166666666666666,0.0,0.0
4,True,y_t+60min,0.9,ACQR,0.8740740740740741,48.812072013327054,69.16136538359144,135,150,0.005,0.9066666666666666,75.0,0.8106060606060606,0.9393939393939394,0.0,0.0
4,True,y_t+60min,0.95,CQR,0.9629629629629628,61.34986984067453,75.58622852115057,135,150,,,,,,0.0,0.0
4,True,y_t+60min,0.95,ACQR,0.9407407407407408,58.31223658866479,78.59841299559314,135,150,0.005,0.9466666666666668,75.0,,,0.0,0.0
4,True,y_t+90min,0.8,split-CP,0.6592592592592592,38.94723412698407,86.11670149911818,135,150,,,,,,,
4,True,y_t+90min,0.8,ACI,0.7333333333333333,49.275562566137566,78.2511039188178,135,150,0.01,0.8,75.0,,,,
4,True,y_t+90min,0.85,split-CP,0.7925925925925926,57.04441666666662,88.98274549284737,135,150,,,,,,,
4,True,y_t+90min,0.85,ACI,0.8,57.925916753514,87.17807317665189,135,150,0.01,0.8533333333333334,75.0,,,,
4,True,y_t+90min,0.9,split-CP,0.9333333333333332,78.68623809523808,95.17254512051731,135,150,,,,0.8787878787878788,0.9772727272727272,,
4,True,y_t+90min,0.9,ACI,0.8592592592592593,68.58088373015875,98.6053342004703,135,150,0.002,0.9066666666666666,75.0,0.7954545454545454,0.9166666666666666,,
4,True,y_t+90min,0.95,split-CP,0.9555555555555556,93.81587698412692,108.94023971193413,135,150,,,,,,,
4,True,y_t+90min,0.95,ACI,0.9333333333333332,87.52056818048207,115.02645207231032,135,150,0.01,0.9466666666666668,75.0,,,,
4,True,y_t+90min,0.9,CQR,0.8814814814814815,61.35617612444335,93.0800725530404,135,150,,,,0.8181818181818182,0.9393939393939394,0.0,0.0
4,True,y_t+90min,0.9,ACQR,0.8740740740740741,65.41553753462037,95.59936255893729,135,150,0.01,0.9066666666666666,75.0,0.8181818181818182,0.9318181818181818,0.0,0.0
4,True,y_t+90min,0.95,CQR,0.9555555555555556,109.9584939677192,123.62412014995772,135,150,,,,,,0.0,0.0
4,True,y_t+90min,0.95,ACQR,0.9481481481481482,94.02084505170446,127.9754329665612,135,150,0.002,0.9466666666666668,75.0,,,0.0,0.0
5,True,y_t+30min,0.8,split-CP,0.9044117647058824,105.06035119047624,133.78828485352483,136,151,,,,,,,
5,True,y_t+30min,0.8,ACI,0.8088235294117647,80.38741126734783,131.75837384745566,136,151,0.1,0.8026315789473685,76.0,,,,
5,True,y_t+30min,0.85,split-CP,0.9485294117647058,117.03632142857144,148.86882668067233,136,151,,,,,,,
5,True,y_t+30min,0.85,ACI,0.8602941176470589,88.62539631742848,146.12600648068573,136,151,0.1,0.8552631578947368,76.0,,,,
5,True,y_t+30min,0.9,split-CP,0.9485294117647058,132.81002380952373,172.43996428571432,136,151,,,,0.9015151515151516,0.9772727272727272,,
5,True,y_t+30min,0.9,ACI,0.9044117647058824,116.60454094649224,178.87703464662383,136,151,0.1,0.8947368421052632,76.0,0.8484848484848485,0.946969696969697,,
5,True,y_t+30min,0.95,split-CP,0.9632352941176472,199.942,221.8313907563025,136,151,,,,,,,
5,True,y_t+30min,0.95,ACI,0.9485294117647058,142.0943052080681,231.16942552892365,136,151,0.1,0.9473684210526316,76.0,,,,
5,True,y_t+30min,0.9,CQR,0.8823529411764706,114.44360367746188,168.00728511482734,136,151,,,,0.8333333333333334,0.9242424242424242,2.0,5.0
5,True,y_t+30min,0.9,ACQR,0.9044117647058824,121.30063375645727,169.80693512024249,136,151,0.02,0.8947368421052632,76.0,0.8560606060606061,0.9393939393939394,2.0,5.0
5,True,y_t+30min,0.95,CQR,0.9705882352941176,168.52010000815062,210.02387727514292,136,151,,,,,,0.0,2.0
5,True,y_t+30min,0.95,ACQR,0.9411764705882352,197.9933941688869,237.72042325678623,136,151,0.05,0.9473684210526316,76.0,,,0.0,2.0
5,True,y_t+60min,0.8,split-CP,0.875,174.19274404761904,222.6057282621382,136,151,,,,,,,
5,True,y_t+60min,0.8,ACI,0.8602941176470589,153.06073956874414,215.7715355538049,136,151,0.02,0.8026315789473685,76.0,,,,
5,True,y_t+60min,0.85,split-CP,0.8970588235294118,194.8505595238096,243.9309344654529,136,151,,,,,,,
5,True,y_t+60min,0.85,ACI,0.8823529411764706,169.48601318860875,244.8753084344849,136,151,0.05,0.8552631578947368,76.0,,,,
5,True,y_t+60min,0.9,split-CP,0.9558823529411764,231.6333452380952,280.3196837943511,136,151,,,,0.9166666666666666,0.9848484848484848,,
5,True,y_t+60min,0.9,ACI,0.9117647058823528,220.89149098389356,306.266018294818,136,151,0.1,0.8947368421052632,76.0,0.8636363636363636,0.946969696969697,,
5,True,y_t+60min,0.95,split-CP,0.9705882352941176,287.5204027777777,341.879268907563,136,151,,,,,,,
5,True,y_t+60min,0.95,ACI,0.9338235294117648,282.1985708012372,390.2310573792017,136,151,0.1,0.9605263157894736,76.0,,,,
5,True,y_t+60min,0.9,CQR,0.9485294117647058,231.69345438896548,283.00585509926447,136,151,,,,0.9090909090909092,0.9772727272727272,1.0,2.0
5,True,y_t+60min,0.9,ACQR,0.9411764705882352,227.37662392523467,281.0144592170001,136,151,0.002,0.8947368421052632,76.0,0.9015151515151516,0.9696969696969696,1.0,2.0
5,True,y_t+60min,0.95,CQR,0.9705882352941176,295.9490950588672,351.8264905841253,136,151,,,,,,0.0,0.0
5,True,y_t+60min,0.95,ACQR,0.9558823529411764,278.3167989408932,386.1794359149291,136,151,0.1,0.9473684210526316,76.0,,,0.0,0.0
5,True,y_t+90min,0.8,split-CP,0.8676470588235294,240.837630952381,281.47039406804384,136,151,,,,,,,
5,True,y_t+90min,0.8,ACI,0.8161764705882353,213.02339340755248,298.25088865944105,136,151,0.1,0.7894736842105263,76.0,,,,
5,True,y_t+90min,0.85,split-CP,0.8897058823529411,263.2226746031747,299.31534831154687,136,151,,,,,,,
5,True,y_t+90min,0.85,ACI,0.8676470588235294,245.45087498938972,307.9002908302209,136,151,0.05,0.8421052631578947,76.0,,,,
5,True,y_t+90min,0.9,split-CP,0.9632352941176472,307.8118192640693,326.23226021507094,136,151,,,,0.9318181818181818,0.9848484848484848,,
5,True,y_t+90min,0.9,ACI,0.9117647058823528,285.556439511979,334.6580225959702,136,151,0.05,0.9078947368421052,76.0,0.8636363636363636,0.9473484848484792,,
5,True,y_t+90min,0.95,split-CP,0.9852941176470588,362.388005952381,376.7319464869281,136,151,,,,,,,
5,True,y_t+90min,0.95,ACI,0.9485294117647058,328.2483038008764,384.32071947547945,136,151,0.05,0.9473684210526316,76.0,,,,
5,True,y_t+90min,0.9,CQR,0.9632352941176472,307.3398495832804,334.12468000560943,136,151,,,,0.9318181818181818,0.9848484848484848,0.0,0.0
5,True,y_t+90min,0.9,ACQR,0.9411764705882352,279.73631915105136,322.0185799589171,136,151,0.01,0.8947368421052632,76.0,0.9015151515151516,0.9696969696969696,0.0,0.0
5,True,y_t+90min,0.95,CQR,0.9852941176470588,413.4530115969848,430.4241136625046,136,151,,,,,,0.0,0.0
5,True,y_t+90min,0.95,ACQR,0.9632352941176472,327.8593687491873,407.9705352124517,136,151,0.1,0.9736842105263158,76.0,,,0.0,0.0
6,True,y_t+30min,0.8,split-CP,0.7720588235294118,91.6548333333335,154.49669162873482,136,150,,,,,,,
6,True,y_t+30min,0.8,ACI,0.7794117647058824,94.92992270770486,156.90494001831502,136,150,0.01,0.8,75.0,,,,
6,True,y_t+30min,0.85,split-CP,0.8088235294117647,104.08791269841277,170.42140359477125,136,150,,,,,,,
6,True,y_t+30min,0.85,ACI,0.8382352941176471,116.53667975825236,165.21323460454985,136,150,0.1,0.8533333333333334,75.0,,,,
6,True,y_t+30min,0.9,split-CP,0.8602941176470589,122.66536904761917,193.4309054913632,136,150,,,,0.803030303030303,0.9318181818181818,,
6,True,y_t+30min,0.9,ACI,0.8897058823529411,142.0787787255637,200.11009671109127,136,150,0.05,0.9066666666666666,75.0,0.8257575757575758,0.946969696969697,,
6,True,y_t+30min,0.95,split-CP,0.9191176470588236,158.1786547619049,222.6691478758169,136,150,,,,,,,
6,True,y_t+30min,0.95,ACI,0.9338235294117648,160.5888467813845,230.7456769365235,136,150,0.1,0.9466666666666668,75.0,,,,
6,True,y_t+30min,0.9,CQR,0.8897058823529411,126.0467809814936,186.2301614380285,136,150,,,,0.8333333333333334,0.946969696969697,0.0,0.0
6,True,y_t+30min,0.9,ACQR,0.8823529411764706,120.34260819114498,188.8381039568333,136,150,0.002,0.9066666666666666,75.0,0.8333333333333334,0.9393939393939394,0.0,0.0
6,True,y_t+30min,0.95,CQR,0.9558823529411764,166.2284761121597,214.1332561666111,136,150,,,,,,0.0,0.0
6,True,y_t+30min,0.95,ACQR,0.9485294117647058,177.444767184809,222.4434710910282,136,150,0.01,0.9466666666666668,75.0,,,0.0,0.0
6,True,y_t+60min,0.8,split-CP,0.7647058823529411,150.00738690476192,247.6241818102241,136,150,,,,,,,
6,True,y_t+60min,0.8,ACI,0.75,152.37902570611575,250.69048418534075,136,150,0.005,0.8,75.0,,,,
6,True,y_t+60min,0.85,split-CP,0.8161764705882353,164.8346845238093,273.89079261982573,136,150,,,,,,,
6,True,y_t+60min,0.85,ACI,0.8308823529411765,176.39438880135387,243.60039136904757,136,150,0.1,0.8533333333333334,75.0,,,,
6,True,y_t+60min,0.9,split-CP,0.8823529411764706,206.8980873015871,309.2741825105042,136,150,,,,0.8181818181818182,0.9545454545454546,,
6,True,y_t+60min,0.9,ACI,0.8897058823529411,219.54797535889355,316.5415253413865,136,150,0.05,0.9066666666666666,75.0,0.8257575757575758,0.946969696969697,,
6,True,y_t+60min,0.95,split-CP,0.9264705882352942,276.00141666666696,356.85602334267014,136,150,,,,,,,
6,True,y_t+60min,0.95,ACI,0.9338235294117648,276.9640098914566,380.970544380252,136,150,0.01,0.9466666666666668,75.0,,,,
6,True,y_t+60min,0.9,CQR,0.9044117647058824,198.93221182234905,285.7466606404428,136,150,,,,0.8560606060606061,0.9545454545454546,0.0,0.0
6,True,y_t+60min,0.9,ACQR,0.8823529411764706,204.4878671965712,297.26123218599434,136,150,0.02,0.9066666666666666,75.0,0.8106060606060606,0.946969696969697,0.0,0.0
6,True,y_t+60min,0.95,CQR,0.9338235294117648,271.8953137766318,366.5966579933171,136,150,,,,,,0.0,0.0
6,True,y_t+60min,0.95,ACQR,0.9338235294117648,279.4717056087131,379.964552502928,136,150,0.01,0.9466666666666668,75.0,,,0.0,0.0
6,True,y_t+90min,0.8,split-CP,0.7132352941176471,193.62045238095243,320.40332637429964,136,150,,,,,,,
6,True,y_t+90min,0.8,ACI,0.7720588235294118,213.2915712972689,326.0684772263071,136,150,0.01,0.8,75.0,,,,
6,True,y_t+90min,0.85,split-CP,0.8308823529411765,235.3034523809524,339.3730004084967,136,150,,,,,,,
6,True,y_t+90min,0.85,ACI,0.8382352941176471,236.60246663457045,345.77182373852315,136,150,0.002,0.8533333333333334,75.0,,,,
6,True,y_t+90min,0.9,split-CP,0.9044117647058824,273.39904166666656,382.2979645483192,136,150,,,,0.8409090909090909,0.9621212121212122,,
6,True,y_t+90min,0.9,ACI,0.8897058823529411,264.6202666316526,394.9905835084032,136,150,0.002,0.9066666666666666,75.0,0.8181818181818182,0.9545454545454546,,
6,True,y_t+90min,0.95,split-CP,0.9485294117647058,349.64603968253937,451.0619873949578,136,150,,,,,,,
6,True,y_t+90min,0.95,ACI,0.9264705882352942,334.4250063860771,432.9616966871973,136,150,0.05,0.9466666666666668,75.0,,,,
6,True,y_t+90min,0.9,CQR,0.8897058823529411,262.728325072615,355.22639308153424,136,150,,,,0.8409090909090909,0.9318181818181818,0.0,0.0
6,True,y_t+90min,0.9,ACQR,0.875,259.37483461509595,359.2886771504759,136,150,0.002,0.8933333333333333,75.0,0.8181818181818182,0.9242424242424242,0.0,0.0
6,True,y_t+90min,0.95,CQR,0.9117647058823528,333.674677942629,483.52204053320617,136,150,,,,,,0.0,0.0
6,True,y_t+90min,0.95,ACQR,0.9338235294117648,383.8150460443498,474.385987443614,136,150,0.01,0.9466666666666668,75.0,,,0.0,0.0
7,True,y_t+30min,0.8,split-CP,0.6691176470588235,31.59810714285709,58.343132528011246,136,150,,,,,,,
7,True,y_t+30min,0.8,ACI,0.75,38.9528526931606,55.70031563667136,136,150,0.01,0.8,75.0,,,,
7,True,y_t+30min,0.85,split-CP,0.7352941176470589,36.13823809523808,62.83371982959855,136,150,,,,,,,
7,True,y_t+30min,0.85,ACI,0.8161764705882353,42.85354986577965,59.83639387838468,136,150,0.02,0.8533333333333334,75.0,,,,
7,True,y_t+30min,0.9,split-CP,0.8602941176470589,44.3054166666667,67.46555555555554,136,150,,,,0.8106060606060606,0.9242424242424242,,
7,True,y_t+30min,0.9,ACI,0.875,45.575126006652674,66.01618299194679,136,150,0.01,0.9066666666666666,75.0,0.8333333333333334,0.9242424242424242,,
7,True,y_t+30min,0.95,split-CP,0.9191176470588236,53.948380952380944,78.95327503501397,136,150,,,,,,,
7,True,y_t+30min,0.95,ACI,0.9117647058823528,58.76438881594304,77.51424642565352,136,150,0.1,0.96,75.0,,,,
7,True,y_t+30min,0.9,CQR,0.8235294117647058,46.85231647803475,75.1873521417373,136,150,,,,0.7803030303030303,0.8712121212121212,0.0,0.0
7,True,y_t+30min,0.9,ACQR,0.8823529411764706,61.73954046337881,73.01406172047923,136,150,0.02,0.8933333333333333,75.0,0.8333333333333334,0.9166666666666666,0.0,0.0
7,True,y_t+30min,0.95,CQR,0.8970588235294118,61.31584319446336,78.57428886768878,136,150,,,,,,0.0,0.0
7,True,y_t+30min,0.95,ACQR,0.9411764705882352,65.36258485095881,75.56709762314078,136,150,0.05,0.9466666666666668,75.0,,,0.0,0.0
7,True,y_t+60min,0.8,split-CP,0.6397058823529411,48.48477380952386,105.35527523926234,136,150,,,,,,,
7,True,y_t+60min,0.8,ACI,0.7573529411764706,66.75640585609244,97.71943186858076,136,150,0.02,0.8,75.0,,,,
7,True,y_t+60min,0.85,split-CP,0.7132352941176471,57.36077777777779,114.38632030034238,136,150,,,,,,,
7,True,y_t+60min,0.85,ACI,0.8308823529411765,76.2317471259337,108.61257783321662,136,150,0.1,0.8533333333333334,75.0,,,,
7,True,y_t+60min,0.9,split-CP,0.7867647058823529,72.34301587301582,122.86817693744167,136,150,,,,0.7121212121212122,0.8712121212121212,,
7,True,y_t+60min,0.9,ACI,0.8823529411764706,82.03697706582633,115.8432775443511,136,150,0.05,0.9066666666666666,75.0,0.8181818181818182,0.9393939393939394,,
7,True,y_t+60min,0.95,split-CP,0.9485294117647058,104.58077976190476,126.60696177637722,136,150,,,,,,,
7,True,y_t+60min,0.95,ACI,0.9411764705882352,98.0287371031746,132.43274533146592,136,150,0.05,0.96,75.0,,,,
7,True,y_t+60min,0.9,CQR,0.7794117647058824,74.29700570482315,134.84668961069366,136,150,,,,0.7121212121212122,0.8484848484848485,0.0,0.0
7,True,y_t+60min,0.9,ACQR,0.8823529411764706,96.369428827716,127.7754551521848,136,150,0.02,0.9066666666666666,75.0,0.8333333333333334,0.9318181818181818,0.0,0.0
7,True,y_t+60min,0.95,CQR,0.9191176470588236,109.25661039238074,159.36677652518966,136,150,,,,,,0.0,0.0
7,True,y_t+60min,0.95,ACQR,0.9264705882352942,120.08318687759704,153.39839594844165,136,150,0.002,0.9466666666666668,75.0,,,0.0,0.0
7,True,y_t+90min,0.8,split-CP,0.625,67.19915476190477,148.0765352373321,136,150,,,,,,,
7,True,y_t+90min,0.8,ACI,0.7867647058823529,89.23767381076847,142.26573457914637,136,150,0.02,0.8,75.0,,,,
7,True,y_t+90min,0.85,split-CP,0.7720588235294118,85.25234523809524,158.36218042537524,136,150,,,,,,,
7,True,y_t+90min,0.85,ACI,0.8308823529411765,102.183656926815,159.64661237822634,136,150,0.02,0.84,75.0,,,,
7,True,y_t+90min,0.9,split-CP,0.8161764705882353,98.70839880952384,179.51407858624214,136,150,,,,0.75,0.8863636363636364,,
7,True,y_t+90min,0.9,ACI,0.8602941176470589,126.8367716548158,166.97367747162968,136,150,0.01,0.9066666666666666,75.0,0.7954545454545454,0.9242424242424242,,
7,True,y_t+90min,0.95,split-CP,0.8823529411764706,131.18144047619035,199.23460872746543,136,150,,,,,,,
7,True,y_t+90min,0.95,ACI,0.9264705882352942,144.87016154586837,187.4465493349583,136,150,0.005,0.9466666666666668,75.0,,,,
7,True,y_t+90min,0.9,CQR,0.8235294117647058,118.85521221078363,182.9285504358589,136,150,,,,0.7575757575757576,0.8939393939393939,0.0,0.0
7,True,y_t+90min,0.9,ACQR,0.8823529411764706,128.86210106048395,180.26983178990943,136,150,0.02,0.9066666666666666,75.0,0.8257575757575758,0.9318181818181818,0.0,0.0
7,True,y_t+90min,0.95,CQR,0.8823529411764706,143.38699103679215,238.859519570962,136,150,,,,,,0.0,0.0
7,True,y_t+90min,0.95,ACQR,0.9338235294117648,184.63250764276265,239.2600699936475,136,150,0.05,0.9466666666666668,75.0,,,0.0,0.0
9,True,y_t+30min,0.8,split-CP,0.8592592592592593,18.938166666666696,26.96226854524078,135,150,,,,,,,
9,True,y_t+30min,0.8,ACI,0.7925925925925926,19.96082348885682,29.22877817460318,135,150,0.1,0.8133333333333334,75.0,,,,
9,True,y_t+30min,0.85,split-CP,0.9333333333333332,25.326892857142862,31.93255818769708,135,150,,,,,,,
9,True,y_t+30min,0.85,ACI,0.8444444444444444,22.150491157607828,33.536748911513726,135,150,0.1,0.8533333333333334,75.0,,,,
9,True,y_t+30min,0.9,split-CP,0.9629629629629628,33.242732142857115,38.9879524811608,135,150,,,,0.9393939393939394,0.9848484848484848,,
9,True,y_t+30min,0.9,ACI,0.8888888888888888,30.53354784752285,42.94577512025011,135,150,0.1,0.9066666666666666,75.0,0.8484848484848485,0.9242424242424242,,
9,True,y_t+30min,0.95,split-CP,0.9851851851851852,45.60128571428574,51.39186596119931,135,150,,,,,,,
9,True,y_t+30min,0.95,ACI,0.9333333333333332,31.6682045828657,48.099895112500654,135,150,0.1,0.96,75.0,,,,
9,True,y_t+30min,0.9,CQR,0.9555555555555556,32.56437350543384,38.17732747251812,135,150,,,,0.9318181818181818,0.9848484848484848,0.0,0.0
9,True,y_t+30min,0.9,ACQR,0.8888888888888888,31.26628898766705,42.45269566780156,135,150,0.1,0.9066666666666666,75.0,0.8484848484848485,0.9242424242424242,0.0,0.0
9,True,y_t+30min,0.95,CQR,0.9925925925925926,46.18294445188065,50.63829287821336,135,150,,,,,,0.0,0.0
9,True,y_t+30min,0.95,ACQR,0.9481481481481482,36.89510861646867,54.65680065442535,135,150,0.1,0.9466666666666668,75.0,,,0.0,0.0
9,True,y_t+60min,0.8,split-CP,0.8296296296296296,29.839845238095226,44.06005217519107,135,150,,,,,,,
9,True,y_t+60min,0.8,ACI,0.7703703703703704,32.56703138086194,48.20471405055849,135,150,0.1,0.8133333333333334,75.0,,,,
9,True,y_t+60min,0.85,split-CP,0.8592592592592593,32.5432777777778,48.71967029198511,135,150,,,,,,,
9,True,y_t+60min,0.85,ACI,0.8222222222222222,35.31453565775788,51.104713629991416,135,150,0.1,0.8533333333333334,75.0,,,,
9,True,y_t+60min,0.9,split-CP,0.8962962962962963,39.36757142857141,54.907100970017616,135,150,,,,0.8484848484848485,0.9393939393939394,,
9,True,y_t+60min,0.9,ACI,0.8666666666666667,40.82974612219057,60.70897275358387,135,150,0.1,0.8933333333333333,75.0,0.8106060606060606,0.9242424242424242,,
9,True,y_t+60min,0.95,split-CP,0.9925925925925926,81.90157142857142,83.68050440917106,135,150,,,,,,,
9,True,y_t+60min,0.95,ACI,0.9185185185185184,48.13221490299824,67.73600296884186,135,150,0.05,0.9466666666666668,75.0,,,,
9,True,y_t+60min,0.9,CQR,0.9407407407407408,48.539917172773634,60.22809098931192,135,150,,,,0.9015151515151516,0.9696969696969696,0.0,0.0
9,True,y_t+60min,0.9,ACQR,0.8888888888888888,42.34456816243928,62.86532349923885,135,150,0.05,0.9066666666666666,75.0,0.8333333333333334,0.9318181818181818,0.0,0.0
9,True,y_t+60min,0.95,CQR,0.9851851851851852,66.3636446165443,69.68754286962778,135,150,,,,,,0.0,0.0
9,True,y_t+60min,0.95,ACQR,0.9333333333333332,57.846614730830034,74.31323362953225,135,150,0.05,0.9466666666666668,75.0,,,0.0,0.0
9,True,y_t+90min,0.8,split-CP,0.8,40.41676190476189,56.5525083471056,135,150,,,,,,,
9,True,y_t+90min,0.8,ACI,0.7703703703703704,40.837254480087815,62.11049663351054,135,150,0.1,0.8,75.0,,,,
9,True,y_t+90min,0.85,split-CP,0.8666666666666667,45.9373333333333,61.595117198987566,135,150,,,,,,,
9,True,y_t+90min,0.85,ACI,0.8074074074074075,43.2275733486678,60.81578066398622,135,150,0.05,0.8533333333333334,75.0,,,,
9,True,y_t+90min,0.9,split-CP,0.9481481481481482,55.55837499999996,70.69411682299179,135,150,,,,0.8863636363636364,1.0,,
9,True,y_t+90min,0.9,ACI,0.8666666666666667,49.493556554864895,69.90463956753126,135,150,0.05,0.8933333333333333,75.0,0.7954545454545454,0.9242424242424242,,
9,True,y_t+90min,0.95,split-CP,1.0,110.2156150793651,110.2156150793651,135,150,,,,,,,
9,True,y_t+90min,0.95,ACI,0.9037037037037036,60.8271774129163,92.55475624355071,135,150,0.1,0.9466666666666668,75.0,,,,
9,True,y_t+90min,0.9,CQR,0.9407407407407408,61.85741500871507,70.03428828004189,135,150,,,,0.8863636363636364,0.9848484848484848,0.0,0.0
9,True,y_t+90min,0.9,ACQR,0.8740740740740741,54.21996169063306,71.70773575091958,135,150,0.05,0.9066666666666666,75.0,0.8106060606060606,0.9242424242424242,0.0,0.0
9,True,y_t+90min,0.95,CQR,0.9777777777777776,89.65869523202701,94.45258592657552,135,150,,,,,,0.0,0.0
9,True,y_t+90min,0.95,ACQR,0.925925925925926,71.43093332216563,90.63038383139856,135,150,0.05,0.9466666666666668,75.0,,,0.0,0.0
10,True,y_t+30min,0.8,split-CP,0.8888888888888888,11.11272619047617,15.33196222810111,135,141,,,,,,,
10,True,y_t+30min,0.8,ACI,0.8074074074074075,8.631391995350329,15.016127692266588,135,141,0.1,0.8028169014084507,71.0,,,,
10,True,y_t+30min,0.85,split-CP,0.9185185185185184,12.495458333333318,17.221926881246322,135,141,,,,,,,
10,True,y_t+30min,0.85,ACI,0.9111111111111112,12.089399257121483,16.967136372543784,135,141,0.002,0.8450704225352113,71.0,,,,
10,True,y_t+30min,0.9,split-CP,0.9407407407407408,14.094416666666689,19.955762345679027,135,141,,,,0.9090909090909092,0.9772727272727272,,
10,True,y_t+30min,0.9,ACI,0.925925925925926,13.252077819197268,19.850101829137948,135,141,0.02,0.9014084507042254,71.0,0.8939393939393939,0.9696969696969696,,
10,True,y_t+30min,0.95,split-CP,0.9481481481481482,18.69235119047618,25.116001102292763,135,141,,,,,,,
10,True,y_t+30min,0.95,ACI,0.9555555555555556,24.0577948265726,28.33384626690181,135,141,0.02,0.9577464788732394,71.0,,,,
10,True,y_t+30min,0.9,CQR,0.9333333333333332,15.589901480088466,19.074181819990127,135,141,,,,0.9015151515151516,0.9696969696969696,0.0,1.0
10,True,y_t+30min,0.9,ACQR,0.8962962962962963,16.429424310959313,21.252285656125878,135,141,0.1,0.8873239436619719,71.0,0.8560606060606061,0.9393939393939394,0.0,1.0
10,True,y_t+30min,0.95,CQR,0.9703703703703704,18.11607378208031,19.82916529082899,135,141,,,,,,0.0,0.0
10,True,y_t+30min,0.95,ACQR,0.9481481481481482,19.817799965060885,22.849645081383105,135,141,0.05,0.943661971830986,71.0,,,0.0,0.0
10,True,y_t+60min,0.8,split-CP,0.8962962962962963,16.18815873015873,19.18492336727058,135,141,,,,,,,
10,True,y_t+60min,0.8,ACI,0.7925925925925926,14.128975248516914,19.571055695847363,135,141,0.05,0.8028169014084507,71.0,,,,
10,True,y_t+60min,0.85,split-CP,0.925925925925926,18.044880952380936,21.01621361765805,135,141,,,,,,,
10,True,y_t+60min,0.85,ACI,0.8888888888888888,16.503952924750145,20.41700399096788,135,141,0.005,0.8309859154929577,71.0,,,,
10,True,y_t+60min,0.9,split-CP,0.9555555555555556,20.775283730158723,23.60299801587301,135,141,,,,0.9242424242424242,0.9848484848484848,,
10,True,y_t+60min,0.9,ACI,0.925925925925926,18.883660670194,22.526344118433,135,141,0.01,0.8873239436619719,71.0,0.8863636363636364,0.9621212121212122,,
10,True,y_t+60min,0.95,split-CP,0.9851851851851852,26.743976190476182,28.69630776014109,135,141,,,,,,,
10,True,y_t+60min,0.95,ACI,0.9851851851851852,25.064618278018276,27.694506285072944,135,141,0.002,0.943661971830986,71.0,,,,
10,True,y_t+60min,0.9,CQR,0.9481481481481482,23.291033966295995,26.345551203553963,135,141,,,,0.9090909090909092,0.9772727272727272,0.0,0.0
10,True,y_t+60min,0.9,ACQR,0.9481481481481482,22.978021886042697,26.114850506956984,135,141,0.002,0.8732394366197183,71.0,0.9090909090909092,0.9772727272727272,0.0,0.0
10,True,y_t+60min,0.95,CQR,0.9851851851851852,29.7115033101486,32.72732551758351,135,141,,,,,,0.0,0.0
10,True,y_t+60min,0.95,ACQR,0.9777777777777776,30.370220559239343,33.32202974828328,135,141,0.002,0.9295774647887324,71.0,,,0.0,0.0
10,True,y_t+90min,0.8,split-CP,0.8592592592592593,20.013738095238068,24.141013000374105,135,141,,,,,,,
10,True,y_t+90min,0.8,ACI,0.8074074074074075,18.799387297578964,24.398115385334822,135,141,0.005,0.8028169014084507,71.0,,,,
10,True,y_t+90min,0.85,split-CP,0.925925925925926,25.225452380952397,26.881420234086903,135,141,,,,,,,
10,True,y_t+90min,0.85,ACI,0.8740740740740741,22.729830834803053,26.461951022571395,135,141,0.005,0.8450704225352113,71.0,,,,
10,True,y_t+90min,0.9,split-CP,0.9777777777777776,29.397750000000038,30.263364344503252,135,141,,,,0.9545454545454546,0.9924242424242424,,
10,True,y_t+90min,0.9,ACI,0.9037037037037036,24.64906208112875,29.45529973544974,135,141,0.05,0.8873239436619719,71.0,0.8560606060606061,0.946969696969697,,
10,True,y_t+90min,0.95,split-CP,0.9925925925925926,35.475833333333355,35.7114929453263,135,141,,,,,,,
10,True,y_t+90min,0.95,ACI,0.9925925925925926,32.22654991048046,33.36266631259686,135,141,0.002,0.943661971830986,71.0,,,,
10,True,y_t+90min,0.9,CQR,0.9407407407407408,28.55874866358502,30.64934964474489,135,141,,,,0.9090909090909092,0.9696969696969696,0.0,0.0
10,True,y_t+90min,0.9,ACQR,0.8962962962962963,29.009440893339256,34.6834114147394,135,141,0.05,0.8732394366197183,71.0,0.8333333333333334,0.946969696969697,0.0,0.0
10,True,y_t+90min,0.95,CQR,1.0,43.84753623323783,43.84753623323783,135,141,,,,,,0.0,0.0
10,True,y_t+90min,0.95,ACQR,0.9555555555555556,37.31392757859818,41.86201900876794,135,141,0.05,0.9014084507042254,71.0,,,0.0,0.0
11,True,y_t+30min,0.8,split-CP,0.7851851851851852,38.91218975468973,64.93644483859762,135,150,,,,,,,
11,True,y_t+30min,0.8,ACI,0.7925925925925926,39.36720996873498,64.39189433221101,135,150,0.05,0.7866666666666666,75.0,,,,
11,True,y_t+30min,0.85,split-CP,0.8,44.99253373015881,71.16394766670227,135,150,,,,,,,
11,True,y_t+30min,0.85,ACI,0.8444444444444444,53.384028309550544,73.2739072043183,135,150,0.1,0.8266666666666667,75.0,,,,
11,True,y_t+30min,0.9,split-CP,0.8518518518518519,50.04242857142869,80.56847584308692,135,150,,,,0.7803030303030303,0.9166666666666666,,
11,True,y_t+30min,0.9,ACI,0.8962962962962963,62.65982197370532,89.15399939607717,135,150,0.1,0.88,75.0,0.8484848484848485,0.9318181818181818,,
11,True,y_t+30min,0.95,split-CP,0.9407407407407408,69.7172976190476,93.60742772967774,135,150,,,,,,,
11,True,y_t+30min,0.95,ACI,0.9481481481481482,89.83982244936132,102.97197166639936,135,150,0.02,0.92,75.0,,,,
11,True,y_t+30min,0.9,CQR,0.8888888888888888,60.58672468221999,78.08571179863047,135,150,,,,0.8333333333333334,0.9318181818181818,0.0,0.0
11,True,y_t+30min,0.9,ACQR,0.8962962962962963,58.47459374919255,81.64240481015042,135,150,0.05,0.9066666666666666,75.0,0.8409090909090909,0.9393939393939394,0.0,0.0
11,True,y_t+30min,0.95,CQR,0.9555555555555556,83.00979217604241,97.3145066295904,135,150,,,,,,0.0,0.0
11,True,y_t+30min,0.95,ACQR,0.9555555555555556,86.4761867601388,101.61933077873891,135,150,0.002,0.9333333333333332,75.0,,,0.0,0.0
11,True,y_t+60min,0.8,split-CP,0.762962962962963,67.4279563492063,116.2429229864785,135,150,,,,,,,
11,True,y_t+60min,0.8,ACI,0.7851851851851852,76.10870540858319,118.1848317313345,135,150,0.05,0.7466666666666667,75.0,,,,
11,True,y_t+60min,0.85,split-CP,0.8444444444444444,81.42905357142851,128.79424394963743,135,150,,,,,,,
11,True,y_t+60min,0.85,ACI,0.837037037037037,84.9319074808936,128.3342457133059,135,150,0.02,0.8133333333333334,75.0,,,,
11,True,y_t+60min,0.9,split-CP,0.8814814814814815,97.4987579365079,144.39887551440327,135,150,,,,0.8181818181818182,0.9242424242424242,,
11,True,y_t+60min,0.9,ACI,0.8962962962962963,103.91767398589064,157.65665928865374,135,150,0.05,0.84,75.0,0.8333333333333334,0.946969696969697,,
11,True,y_t+60min,0.95,split-CP,0.9777777777777776,147.35380952380953,178.22796031746032,135,150,,,,,,,
11,True,y_t+60min,0.95,ACI,0.9481481481481482,154.0008424456202,192.6334982363316,135,150,0.02,0.88,75.0,,,,
11,True,y_t+60min,0.9,CQR,0.8888888888888888,96.7348853908974,122.2777260190823,135,150,,,,0.8257575757575758,0.9393939393939394,0.0,0.0
11,True,y_t+60min,0.9,ACQR,0.8888888888888888,97.91485615078516,123.74827349025942,135,150,0.01,0.8666666666666667,75.0,0.8333333333333334,0.9318181818181818,0.0,0.0
11,True,y_t+60min,0.95,CQR,0.9851851851851852,144.4923126198844,148.02570801659817,135,150,,,,,,0.0,0.0
11,True,y_t+60min,0.95,ACQR,0.9407407407407408,127.3725186922904,154.8061293378674,135,150,0.05,0.9066666666666666,75.0,,,0.0,0.0
11,True,y_t+90min,0.8,split-CP,0.7333333333333333,88.75203571428574,143.210885895997,135,150,,,,,,,
11,True,y_t+90min,0.8,ACI,0.7851851851851852,101.46381655042488,151.0052231027203,135,150,0.05,0.7866666666666666,75.0,,,,
11,True,y_t+90min,0.85,split-CP,0.8148148148148148,101.66097619047618,155.61369843942072,135,150,,,,,,,
11,True,y_t+90min,0.85,ACI,0.8296296296296296,109.4992142122281,158.13014555386314,135,150,0.02,0.8133333333333334,75.0,,,,
11,True,y_t+90min,0.9,split-CP,0.9333333333333332,140.8221785714286,173.77364936401048,135,150,,,,0.8787878787878788,0.9772727272727272,,
11,True,y_t+90min,0.9,ACI,0.8962962962962963,131.85724042541818,178.35174071936297,135,150,0.02,0.84,75.0,0.8333333333333334,0.946969696969697,,
11,True,y_t+90min,0.95,split-CP,0.9703703703703704,186.63130952380948,214.75597383891824,135,150,,,,,,,
11,True,y_t+90min,0.95,ACI,0.9481481481481482,170.87236904628296,224.4938936574742,135,150,0.02,0.88,75.0,,,,
11,True,y_t+90min,0.9,CQR,0.9407407407407408,137.65379030899558,155.30671585290398,135,150,,,,0.8863636363636364,0.9772727272727272,0.0,0.0
11,True,y_t+90min,0.9,ACQR,0.9037037037037036,129.9798376450056,157.065742476889,135,150,0.02,0.8533333333333334,75.0,0.8409090909090909,0.946969696969697,0.0,0.0
11,True,y_t+90min,0.95,CQR,0.9925925925925926,193.28341510111605,197.93543096677013,135,150,,,,,,0.0,0.0
11,True,y_t+90min,0.95,ACQR,0.9629629629629628,170.97167205841237,194.3855521113869,135,150,0.01,0.9066666666666666,75.0,,,0.0,0.0
12,True,y_t+30min,0.8,split-CP,0.8074074074074075,47.98303571428572,79.31991380070545,135,151,,,,,,,
12,True,y_t+30min,0.8,ACI,0.8074074074074075,47.056529556143424,80.88961024397412,135,151,0.01,0.8026315789473685,76.0,,,,
12,True,y_t+30min,0.85,split-CP,0.8518518518518519,53.53817857142849,88.96209626690181,135,151,,,,,,,
12,True,y_t+30min,0.85,ACI,0.8444444444444444,62.24667714312435,94.93606877549747,135,151,0.1,0.8552631578947368,76.0,,,,
12,True,y_t+30min,0.9,split-CP,0.8814814814814815,67.71100000000003,102.00183627278072,135,151,,,,0.8181818181818182,0.9393939393939394,,
12,True,y_t+30min,0.9,ACI,0.9037037037037036,67.61099950831063,105.79908622200844,135,151,0.01,0.8947368421052632,76.0,0.8484848484848485,0.9545454545454546,,
12,True,y_t+30min,0.95,split-CP,0.9555555555555556,100.2453392857143,124.57726080246908,135,151,,,,,,,
12,True,y_t+30min,0.95,ACI,0.9407407407407408,86.02211260889314,128.49380514269671,135,151,0.1,0.9473684210526316,76.0,,,,
12,True,y_t+30min,0.9,CQR,0.8740740740740741,63.1916825643568,96.97825212219834,135,151,,,,0.8181818181818182,0.9318181818181818,0.0,0.0
12,True,y_t+30min,0.9,ACQR,0.8888888888888888,69.87866272520803,100.3466187118292,135,151,0.005,0.8947368421052632,76.0,0.8333333333333334,0.9393939393939394,0.0,0.0
12,True,y_t+30min,0.95,CQR,0.9629629629629628,98.48260987420656,120.55615492366252,135,151,,,,,,0.0,0.0
12,True,y_t+30min,0.95,ACQR,0.9481481481481482,104.76693469363332,133.69847689927363,135,151,0.05,0.9473684210526316,76.0,,,0.0,0.0
12,True,y_t+60min,0.8,split-CP,0.7777777777777778,82.45104365079372,135.44228402410346,135,151,,,,,,,
12,True,y_t+60min,0.8,ACI,0.7851851851851852,86.41563205467372,140.33541879776598,135,151,0.02,0.8157894736842105,76.0,,,,
12,True,y_t+60min,0.85,split-CP,0.8518518518518519,102.88865476190472,151.50782250636874,135,151,,,,,,,
12,True,y_t+60min,0.85,ACI,0.8444444444444444,115.32264710464436,161.06859223495982,135,151,0.05,0.8552631578947368,76.0,,,,
12,True,y_t+60min,0.9,split-CP,0.9185185185185184,126.11710714285714,173.26840388007062,135,151,,,,0.8560606060606061,0.9696969696969696,,
12,True,y_t+60min,0.9,ACI,0.8888888888888888,130.64249628159905,180.4715593327455,135,151,0.05,0.881578947368421,76.0,0.8181818181818182,0.9393939393939394,,
12,True,y_t+60min,0.95,split-CP,0.9629629629629628,190.5233888888888,212.146897707231,135,151,,,,,,,
12,True,y_t+60min,0.95,ACI,0.9481481481481482,164.41662686654905,233.38622768959436,135,151,0.02,0.9210526315789472,76.0,,,,
12,True,y_t+60min,0.9,CQR,0.9333333333333332,129.21848221396465,160.1579891483523,135,151,,,,0.8787878787878788,0.9772727272727272,0.0,0.0
12,True,y_t+60min,0.9,ACQR,0.8888888888888888,125.74532935069476,162.08695717812975,135,151,0.05,0.8947368421052632,76.0,0.8181818181818182,0.946969696969697,0.0,0.0
12,True,y_t+60min,0.95,CQR,0.9703703703703704,168.09524543454384,192.9150777246909,135,151,,,,,,0.0,0.0
12,True,y_t+60min,0.95,ACQR,0.9407407407407408,164.43681052908636,210.7155817151505,135,151,0.05,0.9078947368421052,76.0,,,0.0,0.0
12,True,y_t+90min,0.8,split-CP,0.762962962962963,107.87752380952384,193.99477939447388,135,151,,,,,,,
12,True,y_t+90min,0.8,ACI,0.7703703703703704,133.315436976912,192.08193441825668,135,151,0.1,0.8026315789473685,76.0,,,,
12,True,y_t+90min,0.85,split-CP,0.8666666666666667,143.42883982683975,216.56133797409723,135,151,,,,,,,
12,True,y_t+90min,0.85,ACI,0.8296296296296296,156.58186458500353,214.10166979762357,135,151,0.05,0.8421052631578947,76.0,,,,
12,True,y_t+90min,0.9,split-CP,0.8888888888888888,161.41158333333323,248.54814373897716,135,151,,,,0.803030303030303,0.9545454545454546,,
12,True,y_t+90min,0.9,ACI,0.8740740740740741,185.5639261143178,241.27158833173,135,151,0.05,0.881578947368421,76.0,0.803030303030303,0.9318181818181818,,
12,True,y_t+90min,0.95,split-CP,0.9629629629629628,279.15885714285724,301.9278915343916,135,151,,,,,,,
12,True,y_t+90min,0.95,ACI,0.9407407407407408,216.3582244682273,238.2914607997969,135,151,0.1,0.9078947368421052,76.0,,,,
12,True,y_t+90min,0.9,CQR,0.9111111111111112,171.89176921492822,249.70334040574784,135,151,,,,0.8409090909090909,0.9621212121212122,0.0,0.0
12,True,y_t+90min,0.9,ACQR,0.8888888888888888,180.00678710462236,271.8568259994068,135,151,0.05,0.8947368421052632,76.0,0.8106060606060606,0.946969696969697,0.0,0.0
12,True,y_t+90min,0.95,CQR,0.9777777777777776,230.4234613513709,273.7274640788225,135,151,,,,,,0.0,0.0
12,True,y_t+90min,0.95,ACQR,0.925925925925926,213.8642161687698,289.47017095891954,135,151,0.1,0.9342105263157896,76.0,,,0.0,0.0
13,True,y_t+30min,0.8,split-CP,0.7321428571428571,27.45409920634916,47.66122718253971,112,143,,,,,,,
13,True,y_t+30min,0.8,ACI,0.7946428571428571,36.36516859764741,49.15597402919501,112,143,0.1,0.7916666666666666,72.0,,,,
13,True,y_t+30min,0.85,split-CP,0.8660714285714286,35.57050595238093,51.21513995181406,112,143,,,,,,,
13,True,y_t+30min,0.85,ACI,0.8482142857142857,37.92993810232428,54.06877726993576,112,143,0.1,0.8472222222222222,72.0,,,,
13,True,y_t+30min,0.9,split-CP,0.9017857142857144,42.04548214285717,57.68743951955782,112,143,,,,0.8333333333333334,0.9537037037037036,,
13,True,y_t+30min,0.9,ACI,0.9017857142857144,43.08160838293652,60.01179102891159,112,143,0.05,0.9027777777777778,72.0,0.8425925925925926,0.9444444444444444,,
13,True,y_t+30min,0.95,split-CP,0.9821428571428572,66.12188095238093,70.65190221088434,112,143,,,,,,,
13,True,y_t+30min,0.95,ACI,0.9553571428571428,56.8396240787982,74.70222293083897,112,143,0.05,0.9444444444444444,72.0,,,,
13,True,y_t+30min,0.9,CQR,0.9107142857142856,42.97169901099115,55.20581236066498,112,143,,,,0.8518518518518519,0.9537037037037036,0.0,0.0
13,True,y_t+30min,0.9,ACQR,0.8839285714285714,44.38879873177877,54.768975508868735,112,143,0.1,0.9027777777777778,72.0,0.8240740740740741,0.925925925925926,0.0,0.0
13,True,y_t+30min,0.95,CQR,0.9642857142857144,56.73423171174901,62.22378448717417,112,143,,,,,,0.0,0.0
13,True,y_t+30min,0.95,ACQR,0.9375,48.811996598469584,62.64330004436481,112,143,0.1,0.9583333333333334,72.0,,,0.0,0.0
13,True,y_t+60min,0.8,split-CP,0.7321428571428571,44.590119047619055,77.54011887046487,112,143,,,,,,,
13,True,y_t+60min,0.8,ACI,0.75,47.19059663761336,75.84276961096937,112,143,0.005,0.8055555555555556,72.0,,,,
13,True,y_t+60min,0.85,split-CP,0.8035714285714286,54.86352380952383,83.40503942271354,112,143,,,,,,,
13,True,y_t+60min,0.85,ACI,0.8125,56.102580339427455,82.23905839592784,112,143,0.005,0.8472222222222222,72.0,,,,
13,True,y_t+60min,0.9,split-CP,0.9464285714285714,87.1542539682539,93.76876466836733,112,143,,,,0.8981481481481481,0.9814814814814816,,
13,True,y_t+60min,0.9,ACI,0.8928571428571429,68.95181974560657,88.77231294288552,112,143,0.05,0.9027777777777778,72.0,0.8240740740740741,0.9444444444444444,,
13,True,y_t+60min,0.95,split-CP,0.9821428571428572,105.1812142857143,109.25331108276644,112,143,,,,,,,
13,True,y_t+60min,0.95,ACI,0.9732142857142856,103.97540717120182,109.44345138888886,112,143,0.002,0.9305555555555556,72.0,,,,
13,True,y_t+60min,0.9,CQR,0.8660714285714286,65.77879890468363,101.22452623431828,112,143,,,,0.7870370370370371,0.925925925925926,0.0,0.0
13,True,y_t+60min,0.9,ACQR,0.875,77.77199534326051,104.90375996786794,112,143,0.1,0.9027777777777778,72.0,0.8148148148148148,0.925925925925926,0.0,0.0
13,True,y_t+60min,0.95,CQR,0.9642857142857144,106.65459431618116,120.78001963256123,112,143,,,,,,0.0,0.0
13,True,y_t+60min,0.95,ACQR,0.9196428571428572,99.8585582740857,130.50781055305566,112,143,0.1,0.9444444444444444,72.0,,,0.0,0.0
13,True,y_t+90min,0.8,split-CP,0.7321428571428571,62.230373015873056,103.0787369968821,112,143,,,,,,,
13,True,y_t+90min,0.8,ACI,0.7857142857142857,84.7988512822743,105.48193345122142,112,143,0.1,0.7916666666666666,72.0,,,,
13,True,y_t+90min,0.85,split-CP,0.9017857142857144,92.36588690476196,110.30080328798188,112,143,,,,,,,
13,True,y_t+90min,0.85,ACI,0.8392857142857143,91.5854193062642,117.53178079530424,112,143,0.02,0.8611111111111112,72.0,,,,
13,True,y_t+90min,0.9,split-CP,0.9642857142857144,129.52273809523808,136.30073873299318,112,143,,,,0.925925925925926,0.9907407407407408,,
13,True,y_t+90min,0.9,ACI,0.8928571428571429,113.38778495252268,135.9536159828515,112,143,0.05,0.9027777777777778,72.0,0.8055555555555556,0.9629629629629628,,
13,True,y_t+90min,0.95,split-CP,0.9910714285714286,155.2390416666667,155.65797342687077,112,143,,,,,,,
13,True,y_t+90min,0.95,ACI,0.9910714285714286,148.4050985331633,149.61604028486394,112,143,0.002,0.9305555555555556,72.0,,,,
13,True,y_t+90min,0.9,CQR,0.8303571428571429,89.34521142011128,143.32959976812384,112,143,,,,0.7407407407407407,0.8981481481481481,0.0,0.0
13,True,y_t+90min,0.9,ACQR,0.875,113.0516128823232,144.1070691739796,112,143,0.05,0.9027777777777778,72.0,0.7870370370370371,0.9351851851851852,0.0,0.0
13,True,y_t+90min,0.95,CQR,0.9821428571428572,157.14558440465848,172.0304379469251,112,143,,,,,,0.0,0.0
13,True,y_t+90min,0.95,ACQR,0.9107142857142856,132.86099403624362,177.58076585855775,112,143,0.1,0.9444444444444444,72.0,,,0.0,0.0
14,True,y_t+30min,0.8,split-CP,0.8521739130434782,17.51364682539679,26.18262215320909,115,138,,,,,,,
14,True,y_t+30min,0.8,ACI,0.8173913043478261,15.74940572808832,26.234945669427187,115,138,0.002,0.8115942028985508,69.0,,,,
14,True,y_t+30min,0.85,split-CP,0.8695652173913043,19.052309523809527,29.168891304347817,115,138,,,,,,,
14,True,y_t+30min,0.85,ACI,0.8347826086956521,17.552231055900627,29.58241865654474,115,138,0.02,0.855072463768116,69.0,,,,
14,True,y_t+30min,0.9,split-CP,0.9130434782608696,22.77303571428569,33.581434955141475,115,138,,,,0.8508771929824561,0.956140350877193,,
14,True,y_t+30min,0.9,ACI,0.8956521739130435,22.254783885438236,35.996023360938565,115,138,0.05,0.8985507246376812,69.0,0.8245614035087719,0.9473684210526316,,
14,True,y_t+30min,0.95,split-CP,0.9652173913043478,28.70481547619045,42.73344591097306,115,138,,,,,,,
14,True,y_t+30min,0.95,ACI,0.9391304347826088,27.517468322981365,43.05887929606627,115,138,0.002,0.9565217391304348,69.0,,,,
14,True,y_t+30min,0.9,CQR,0.9130434782608696,23.535649205681903,34.49579855645118,115,138,,,,0.8596491228070176,0.956140350877193,0.0,0.0
14,True,y_t+30min,0.9,ACQR,0.8956521739130435,23.43705555188481,36.37214027249159,115,138,0.05,0.9130434782608696,69.0,0.8333333333333334,0.9385964912280702,0.0,0.0
14,True,y_t+30min,0.95,CQR,0.9478260869565216,28.962939807030644,42.23065295916518,115,138,,,,,,0.0,0.0
14,True,y_t+30min,0.95,ACQR,0.9478260869565216,29.1270414734046,43.11996460259975,115,138,0.002,0.9420289855072465,69.0,,,0.0,0.0
14,True,y_t+60min,0.8,split-CP,0.8347826086956521,27.2292142857143,44.28706461352657,115,138,,,,,,,
14,True,y_t+60min,0.8,ACI,0.8,25.38338153428696,44.59403584133258,115,138,0.002,0.8115942028985508,69.0,,,,
14,True,y_t+60min,0.85,split-CP,0.8608695652173913,31.78579761904757,49.90428922245228,115,138,,,,,,,
14,True,y_t+60min,0.85,ACI,0.8260869565217391,29.560201557500456,50.53871116705356,115,138,0.01,0.8405797101449275,69.0,,,,
14,True,y_t+60min,0.9,split-CP,0.9043478260869564,38.37450000000001,58.36431331953073,115,138,,,,0.8333333333333334,0.9649122807017544,,
14,True,y_t+60min,0.9,ACI,0.8956521739130435,34.87604493381017,59.259000639939806,115,138,0.002,0.8985507246376812,69.0,0.8245614035087719,0.956140350877193,,
14,True,y_t+60min,0.95,split-CP,0.9478260869565216,45.95051190476192,73.37367339544514,115,138,,,,,,,
14,True,y_t+60min,0.95,ACI,0.9304347826086956,48.86089692421105,80.46742107880038,115,138,0.05,0.9565217391304348,69.0,,,,
14,True,y_t+60min,0.9,CQR,0.8869565217391304,33.494941488121626,58.85485617867341,115,138,,,,0.8070175438596491,0.9473684210526316,0.0,0.0
14,True,y_t+60min,0.9,ACQR,0.8956521739130435,33.440670318335,59.62407416396852,115,138,0.002,0.8985507246376812,69.0,0.8245614035087719,0.956140350877193,0.0,0.0
14,True,y_t+60min,0.95,CQR,0.9391304347826088,46.86234158130406,80.41094259212232,115,138,,,,,,0.0,0.0
14,True,y_t+60min,0.95,ACQR,0.9391304347826088,44.14751887860553,81.91194562657525,115,138,0.002,0.9565217391304348,69.0,,,0.0,0.0
14,True,y_t+90min,0.8,split-CP,0.782608695652174,35.869321428571425,56.546627211556576,115,138,,,,,,,
14,True,y_t+90min,0.8,ACI,0.7652173913043478,35.47543383681535,57.12336894096245,115,138,0.002,0.8260869565217391,69.0,,,,
14,True,y_t+90min,0.85,split-CP,0.8782608695652174,43.81414285714288,63.32098665746492,115,138,,,,,,,
14,True,y_t+90min,0.85,ACI,0.8173913043478261,40.946619046050586,65.48496092237073,115,138,0.02,0.855072463768116,69.0,,,,
14,True,y_t+90min,0.9,split-CP,0.9043478260869564,54.07636850649352,72.3152391069076,115,138,,,,0.8245614035087719,0.9649122807017544,,
14,True,y_t+90min,0.9,ACI,0.8869565217391304,49.05826890488739,76.67553855793966,115,138,0.1,0.8985507246376812,69.0,0.8157894736842105,0.9385964912280702,,
14,True,y_t+90min,0.95,split-CP,0.9478260869565216,73.57043452380954,82.70352251552796,115,138,,,,,,,
14,True,y_t+90min,0.95,ACI,0.9391304347826088,70.53149412918,94.19120367808516,115,138,0.002,0.9565217391304348,69.0,,,,
14,True,y_t+90min,0.9,CQR,0.9217391304347826,55.56868586011986,71.26440259443226,115,138,,,,0.8596491228070176,0.9736842105263158,0.0,0.0
14,True,y_t+90min,0.9,ACQR,0.9043478260869564,53.162620739953965,72.63032492588508,115,138,0.002,0.8985507246376812,69.0,0.8333333333333334,0.9649122807017544,0.0,0.0
14,True,y_t+90min,0.95,CQR,0.9217391304347826,67.21329615378049,86.68760849724444,115,138,,,,,,0.0,0.0
14,True,y_t+90min,0.95,ACQR,0.9217391304347826,71.30809050327252,87.84903282396013,115,138,0.002,0.9420289855072465,69.0,,,0.0,0.0
15,True,y_t+30min,0.8,split-CP,0.7591240875912408,20.44778968253968,37.52907762715793,137,146,,,,,,,
15,True,y_t+30min,0.8,ACI,0.7664233576642335,20.940836374695856,37.34103362878,137,146,0.005,0.7945205479452054,73.0,,,,
15,True,y_t+30min,0.85,split-CP,0.7664233576642335,23.024119047619024,41.747139168887365,137,146,,,,,,,
15,True,y_t+30min,0.85,ACI,0.8175182481751825,24.483268306105906,41.00453737496622,137,146,0.002,0.8493150684931506,73.0,,,,
15,True,y_t+30min,0.9,split-CP,0.8467153284671532,27.245876984126998,46.93447332290581,137,146,,,,0.7803030303030303,0.9090909090909092,,
15,True,y_t+30min,0.9,ACI,0.8832116788321168,32.44235804078322,43.46863483373883,137,146,0.1,0.9178082191780822,73.0,0.8409090909090909,0.9318181818181818,,
15,True,y_t+30min,0.95,split-CP,0.9197080291970804,35.65412500000002,54.33727845846367,137,146,,,,,,,
15,True,y_t+30min,0.95,ACI,0.927007299270073,40.954797228015295,55.21664174197656,137,146,0.1,0.958904109589041,73.0,,,,
15,True,y_t+30min,0.9,CQR,0.8321167883211679,26.67899399242859,42.53237996376835,137,146,,,,0.7651515151515151,0.8863636363636364,0.0,0.0
15,True,y_t+30min,0.9,ACQR,0.8832116788321168,32.177898121999974,43.05423803127414,137,146,0.1,0.9041095890410958,73.0,0.8333333333333334,0.9242424242424242,0.0,0.0
15,True,y_t+30min,0.95,CQR,0.8978102189781022,33.944903730216446,54.257894810421504,137,146,,,,,,0.0,0.0
15,True,y_t+30min,0.95,ACQR,0.927007299270073,37.545435342877006,54.35407789191989,137,146,0.002,0.9452054794520548,73.0,,,0.0,0.0
15,True,y_t+60min,0.8,split-CP,0.7007299270072993,32.28296428571423,66.78167223986478,137,146,,,,,,,
15,True,y_t+60min,0.8,ACI,0.7883211678832117,42.51756303621358,66.77400698561374,137,146,0.1,0.7945205479452054,73.0,,,,
15,True,y_t+60min,0.85,split-CP,0.7372262773722628,36.82535714285712,74.2671168234307,137,146,,,,,,,
15,True,y_t+60min,0.85,ACI,0.8394160583941606,49.062661135296175,75.34859027374353,137,146,0.1,0.863013698630137,73.0,,,,
15,True,y_t+60min,0.9,split-CP,0.8029197080291971,44.990833333333335,82.88785444381244,137,146,,,,0.7121212121212122,0.8863636363636364,,
15,True,y_t+60min,0.9,ACI,0.8686131386861314,61.051188377721225,85.03253017967434,137,146,0.1,0.9041095890410958,73.0,0.8106060606060606,0.9242424242424242,,
15,True,y_t+60min,0.95,split-CP,0.9343065693430656,68.10736904761904,85.53257156813179,137,146,,,,,,,
15,True,y_t+60min,0.95,ACI,0.927007299270073,68.81604964783796,94.98455388488236,137,146,0.1,0.958904109589041,73.0,,,,
15,True,y_t+60min,0.9,CQR,0.8394160583941606,46.54717404959664,71.98093027508332,137,146,,,,0.7651515151515151,0.9015151515151516,0.0,0.0
15,True,y_t+60min,0.9,ACQR,0.8832116788321168,56.4531168115611,80.83236536192767,137,146,0.1,0.8904109589041096,73.0,0.8106060606060606,0.9393939393939394,0.0,0.0
15,True,y_t+60min,0.95,CQR,0.9343065693430656,60.32129171406297,80.62863869402608,137,146,,,,,,0.0,0.0
15,True,y_t+60min,0.95,ACQR,0.9343065693430656,62.6230162090766,81.78726393674899,137,146,0.002,0.958904109589041,73.0,,,0.0,0.0
15,True,y_t+90min,0.8,split-CP,0.7007299270072993,44.86154960317458,90.9946116035222,137,146,,,,,,,
15,True,y_t+90min,0.8,ACI,0.7737226277372263,59.564449627926805,95.5031158719626,137,146,0.1,0.821917808219178,73.0,,,,
15,True,y_t+90min,0.85,split-CP,0.7445255474452555,49.50215476190476,102.54841909975666,137,146,,,,,,,
15,True,y_t+90min,0.85,ACI,0.8248175182481752,68.11293727156865,103.02241472774318,137,146,0.1,0.8767123287671232,73.0,,,,
15,True,y_t+90min,0.9,split-CP,0.8175182481751825,66.1375654761905,110.25188030066036,137,146,,,,0.7348484848484849,0.8939393939393939,,
15,True,y_t+90min,0.9,ACI,0.8467153284671532,72.12472077395437,112.12048661800485,137,146,0.002,0.9041095890410958,73.0,0.7575757575757576,0.9166666666666666,,
15,True,y_t+90min,0.95,split-CP,0.9562043795620438,100.79802380952378,117.05031960375388,137,146,,,,,,,
15,True,y_t+90min,0.95,ACI,0.9416058394160584,101.58171844224306,144.90616114876607,137,146,0.05,0.9452054794520548,73.0,,,,
15,True,y_t+90min,0.9,CQR,0.8175182481751825,63.14205246164304,103.02402306711122,137,146,,,,0.7348484848484849,0.8787878787878788,0.0,0.0
15,True,y_t+90min,0.9,ACQR,0.8905109489051095,81.40402397863174,113.2118692694417,137,146,0.05,0.9041095890410958,73.0,0.8181818181818182,0.946969696969697,0.0,0.0
15,True,y_t+90min,0.95,CQR,0.9197080291970804,81.53792934509258,125.6267304377386,137,146,,,,,,0.0,0.0
15,True,y_t+90min,0.95,ACQR,0.9197080291970804,97.30751774562415,138.55448687977986,137,146,0.1,0.9452054794520548,73.0,,,0.0,0.0
16,True,y_t+30min,0.8,split-CP,0.7651515151515151,25.02133333333336,43.153853919334026,132,132,,,,,,,
16,True,y_t+30min,0.8,ACI,0.7878787878787878,25.348014199079536,43.13337764823561,132,132,0.05,0.7878787878787878,66.0,,,,
16,True,y_t+30min,0.85,split-CP,0.8257575757575758,28.31482539682537,48.29770738226419,132,132,,,,,,,
16,True,y_t+30min,0.85,ACI,0.8333333333333334,31.177617032063058,46.402708914086745,132,132,0.05,0.8333333333333334,66.0,,,,
16,True,y_t+30min,0.9,split-CP,0.8636363636363636,33.5215753968254,55.82268094636844,132,132,,,,0.8181818181818182,0.946969696969697,,
16,True,y_t+30min,0.9,ACI,0.8939393939393939,35.814199253082776,55.77695764052867,132,132,0.02,0.8939393939393939,66.0,0.8409090909090909,0.9621212121212122,,
16,True,y_t+30min,0.95,split-CP,0.9393939393939394,50.789750000000026,65.04381625781625,132,132,,,,,,,
16,True,y_t+30min,0.95,ACI,0.9393939393939394,51.68797201178451,67.08215581409326,132,132,0.01,0.9545454545454546,66.0,,,,
16,True,y_t+30min,0.9,CQR,0.8712121212121212,33.9265933886072,58.58766317907791,132,132,,,,0.8181818181818182,0.9393939393939394,0.0,0.0
16,True,y_t+30min,0.9,ACQR,0.8939393939393939,38.818592965980194,59.498011156098826,132,132,0.02,0.8939393939393939,66.0,0.8409090909090909,0.9621212121212122,0.0,0.0
16,True,y_t+30min,0.95,CQR,0.9242424242424242,45.22688005718253,76.31691469235703,132,132,,,,,,0.0,0.0
16,True,y_t+30min,0.95,ACQR,0.9393939393939394,54.03739841479921,73.13759087832914,132,132,0.002,0.9545454545454546,66.0,,,0.0,0.0
16,True,y_t+60min,0.8,split-CP,0.7348484848484849,40.906476190476205,72.44602538917313,132,132,,,,,,,
16,True,y_t+60min,0.8,ACI,0.7803030303030303,46.71804898825922,75.21805709830994,132,132,0.05,0.7878787878787878,66.0,,,,
16,True,y_t+60min,0.85,split-CP,0.75,42.90289285714289,81.54356864459892,132,132,,,,,,,
16,True,y_t+60min,0.85,ACI,0.8333333333333334,50.34216314525122,81.27581955057427,132,132,0.02,0.8484848484848485,66.0,,,,
16,True,y_t+60min,0.9,split-CP,0.9242424242424242,63.55884920634923,93.57499594155844,132,132,,,,0.8636363636363636,0.9848484848484848,,
16,True,y_t+60min,0.9,ACI,0.9242424242424242,60.20116842532468,95.2240720147908,132,132,0.002,0.8939393939393939,66.0,0.8636363636363636,0.9848484848484848,,
16,True,y_t+60min,0.95,split-CP,0.9545454545454546,91.50823015873016,116.44492027417024,132,132,,,,,,,
16,True,y_t+60min,0.95,ACI,0.9393939393939394,85.50065600949972,123.35408614417987,132,132,0.002,0.9545454545454546,66.0,,,,
16,True,y_t+60min,0.9,CQR,0.8484848484848485,57.49680045655103,109.40245301750043,132,132,,,,0.7803030303030303,0.9242424242424242,0.0,0.0
16,True,y_t+60min,0.9,ACQR,0.8787878787878788,66.7465102922249,107.9154883244837,132,132,0.005,0.8939393939393939,66.0,0.8181818181818182,0.946969696969697,0.0,0.0
16,True,y_t+60min,0.95,CQR,0.9393939393939394,77.46792583085038,135.05837742923293,132,132,,,,,,0.0,0.0
16,True,y_t+60min,0.95,ACQR,0.9393939393939394,83.04956705185847,140.30375267768716,132,132,0.002,0.9393939393939394,66.0,,,0.0,0.0
16,True,y_t+90min,0.8,split-CP,0.7424242424242424,54.51748214285715,96.59762428852012,132,132,,,,,,,
16,True,y_t+90min,0.8,ACI,0.7954545454545454,58.58951993646786,98.07502546296296,132,132,0.02,0.7878787878787878,66.0,,,,
16,True,y_t+90min,0.85,split-CP,0.8181818181818182,62.315250000000034,107.33164142750252,132,132,,,,,,,
16,True,y_t+90min,0.85,ACI,0.8409090909090909,64.60997058381434,111.53305653592804,132,132,0.02,0.8333333333333334,66.0,,,,
16,True,y_t+90min,0.9,split-CP,0.9090909090909092,81.22682142857144,124.06761016915183,132,132,,,,0.8484848484848485,0.9772727272727272,,
16,True,y_t+90min,0.9,ACI,0.8787878787878788,80.36340978234726,131.3962958353375,132,132,0.02,0.8787878787878788,66.0,0.803030303030303,0.946969696969697,,
16,True,y_t+90min,0.95,split-CP,0.946969696969697,116.34634523809522,154.8534391935225,132,132,,,,,,,
16,True,y_t+90min,0.95,ACI,0.9393939393939394,106.94720967111594,172.02385960297417,132,132,0.002,0.9545454545454546,66.0,,,,
16,True,y_t+90min,0.9,CQR,0.8636363636363636,75.72577898792238,137.0123734533746,132,132,,,,0.803030303030303,0.9318181818181818,0.0,0.0
16,True,y_t+90min,0.9,ACQR,0.8712121212121212,79.42203583221985,137.17626627085096,132,132,0.005,0.8787878787878788,66.0,0.8106060606060606,0.9393939393939394,0.0,0.0
16,True,y_t+90min,0.95,CQR,0.946969696969697,120.37024114023158,187.76822308853824,132,132,,,,,,0.0,0.0
16,True,y_t+90min,0.95,ACQR,0.9393939393939394,111.86410587535342,197.1143311973809,132,132,0.002,0.9242424242424242,66.0,,,0.0,0.0
17,True,y_t+30min,0.8,split-CP,0.7863247863247863,15.65421428571426,22.88291327191327,117,138,,,,,,,
17,True,y_t+30min,0.8,ACI,0.7948717948717948,17.8429989670823,24.004265308765277,117,138,0.05,0.7971014492753623,69.0,,,,
17,True,y_t+30min,0.85,split-CP,0.8205128205128205,17.577971861471955,24.74899935249933,117,138,,,,,,,
17,True,y_t+30min,0.85,ACI,0.8376068376068376,20.02600968013468,26.245627839752835,117,138,0.05,0.855072463768116,69.0,,,,
17,True,y_t+30min,0.9,split-CP,0.905982905982906,20.672055555555527,27.344302829886157,117,138,,,,0.8596491228070176,0.9473684210526316,,
17,True,y_t+30min,0.9,ACI,0.8974358974358975,24.08404099141598,30.36906391602221,117,138,0.1,0.8985507246376812,69.0,0.8508771929824561,0.9298245614035088,,
17,True,y_t+30min,0.95,split-CP,0.9401709401709402,26.423190476190484,31.278900352733658,117,138,,,,,,,
17,True,y_t+30min,0.95,ACI,0.9487179487179488,29.76502020818685,34.94430320913647,117,138,0.05,0.9565217391304348,69.0,,,,
17,True,y_t+30min,0.9,CQR,0.905982905982906,21.466074887831,29.25209822281948,117,138,,,,0.8596491228070176,0.9473684210526316,0.0,0.0
17,True,y_t+30min,0.9,ACQR,0.8888888888888888,21.30727040605488,29.84287985401979,117,138,0.02,0.8985507246376812,69.0,0.8333333333333334,0.9298245614035088,0.0,0.0
17,True,y_t+30min,0.95,CQR,0.9658119658119658,30.13585377103993,31.83387861953284,117,138,,,,,,0.0,0.0
17,True,y_t+30min,0.95,ACQR,0.9487179487179488,28.67360593813072,33.163013936032286,117,138,0.02,0.9420289855072465,69.0,,,0.0,0.0
17,True,y_t+60min,0.8,split-CP,0.8205128205128205,25.37248611111114,33.75542117758786,117,138,,,,,,,
17,True,y_t+60min,0.8,ACI,0.7777777777777778,22.65991625966626,34.2589404761905,117,138,0.01,0.8115942028985508,69.0,,,,
17,True,y_t+60min,0.85,split-CP,0.8974358974358975,30.35858333333328,37.18701660787772,117,138,,,,,,,
17,True,y_t+60min,0.85,ACI,0.8376068376068376,27.984840710215728,37.88461064193009,117,138,0.05,0.8405797101449275,69.0,,,,
17,True,y_t+60min,0.9,split-CP,0.9401709401709402,34.51123809523801,41.52252726902722,117,138,,,,0.8947368421052632,0.9736842105263158,,
17,True,y_t+60min,0.9,ACI,0.8803418803418803,34.32616027336861,44.432969898928256,117,138,0.1,0.8985507246376812,69.0,0.8245614035087719,0.9210526315789472,,
17,True,y_t+60min,0.95,split-CP,0.9401709401709402,38.465636904761816,47.75645599308099,117,138,,,,,,,
17,True,y_t+60min,0.95,ACI,0.9230769230769232,39.23643169176504,49.07894966761632,117,138,0.1,0.9565217391304348,69.0,,,,
17,True,y_t+60min,0.9,CQR,0.9145299145299144,35.62792801214611,43.90783414831483,117,138,,,,0.868421052631579,0.956140350877193,0.0,0.0
17,True,y_t+60min,0.9,ACQR,0.8888888888888888,34.90066832056685,44.77301605968787,117,138,0.02,0.8985507246376812,69.0,0.8245614035087719,0.9385964912280702,0.0,0.0
17,True,y_t+60min,0.95,CQR,0.9572649572649572,45.9514711831377,48.83284271816847,117,138,,,,,,0.0,0.0
17,True,y_t+60min,0.95,ACQR,0.9572649572649572,45.75529941673989,50.04477632449722,117,138,0.002,0.9565217391304348,69.0,,,0.0,0.0
17,True,y_t+90min,0.8,split-CP,0.8376068376068376,32.93160714285715,44.78506868131869,117,138,,,,,,,
17,True,y_t+90min,0.8,ACI,0.7777777777777778,30.58544705603036,45.0790223850224,117,138,0.002,0.782608695652174,69.0,,,,
17,True,y_t+90min,0.85,split-CP,0.8974358974358975,38.5446547619048,49.66103754578756,117,138,,,,,,,
17,True,y_t+90min,0.85,ACI,0.8376068376068376,33.830175790259126,49.20385586532809,117,138,0.002,0.855072463768116,69.0,,,,
17,True,y_t+90min,0.9,split-CP,0.9230769230769232,45.76933730158726,56.33225159408492,117,138,,,,0.8859649122807017,0.9649122807017544,,
17,True,y_t+90min,0.9,ACI,0.8974358974358975,38.62724640482975,56.71453408628407,117,138,0.002,0.8840579710144928,69.0,0.8508771929824561,0.9473684210526316,,
17,True,y_t+90min,0.95,split-CP,0.9401709401709402,54.10450000000005,64.0360476190476,117,138,,,,,,,
17,True,y_t+90min,0.95,ACI,0.9401709401709402,53.38104315900148,73.19153834283004,117,138,0.05,0.9565217391304348,69.0,,,,
17,True,y_t+90min,0.9,CQR,0.9401709401709402,48.61529877688148,52.68030189594129,117,138,,,,0.8947368421052632,0.9736842105263158,0.0,0.0
17,True,y_t+90min,0.9,ACQR,0.9145299145299144,45.60031210152465,52.55314856336472,117,138,0.01,0.9130434782608696,69.0,0.8596491228070176,0.9649122807017544,0.0,0.0
17,True,y_t+90min,0.95,CQR,0.9743589743589745,60.67653133000925,63.47905891986236,117,138,,,,,,0.0,1.0
17,True,y_t+90min,0.95,ACQR,0.9487179487179488,56.89584402864948,65.07234059474686,117,138,0.05,0.9565217391304348,69.0,,,0.0,1.0
18,True,y_t+30min,0.8,split-CP,0.8740740740740741,28.93750396825408,36.352220137886846,135,150,,,,,,,
18,True,y_t+30min,0.8,ACI,0.7925925925925926,23.835836446475337,36.41187567473679,135,150,0.1,0.8,75.0,,,,
18,True,y_t+30min,0.85,split-CP,0.9111111111111112,34.795510822510764,40.36029694653766,135,150,,,,,,,
18,True,y_t+30min,0.85,ACI,0.8444444444444444,28.953030703864044,41.59900767819287,135,150,0.1,0.8533333333333334,75.0,,,,
18,True,y_t+30min,0.9,split-CP,0.9777777777777776,42.976476190476205,46.46967616642617,135,150,,,,0.9545454545454546,0.9924242424242424,,
18,True,y_t+30min,0.9,ACI,0.8888888888888888,33.92061654908876,45.697345825984726,135,150,0.05,0.9066666666666666,75.0,0.8409090909090909,0.9318181818181818,,
18,True,y_t+30min,0.95,split-CP,0.9851851851851852,50.13610714285712,54.07769580727911,135,150,,,,,,,
18,True,y_t+30min,0.95,ACI,0.9481481481481482,41.066957650579866,53.667438143338096,135,150,0.02,0.96,75.0,,,,
18,True,y_t+30min,0.9,CQR,0.9333333333333332,41.02264434402702,48.64683177935254,135,150,,,,0.9015151515151516,0.9696969696969696,0.0,0.0
18,True,y_t+30min,0.9,ACQR,0.8962962962962963,37.300972589707726,52.31162211756304,135,150,0.1,0.8933333333333333,75.0,0.8636363636363636,0.9318181818181818,0.0,0.0
18,True,y_t+30min,0.95,CQR,0.9925925925925926,62.69051874748676,64.8692668545612,135,150,,,,,,0.0,0.0
18,True,y_t+30min,0.95,ACQR,0.9481481481481482,51.36402925819098,64.15235046490804,135,150,0.05,0.9466666666666668,75.0,,,0.0,0.0
18,True,y_t+60min,0.8,split-CP,0.8444444444444444,38.827755952381054,50.76460457752127,135,150,,,,,,,
18,True,y_t+60min,0.8,ACI,0.762962962962963,33.54124794105072,51.05175970552084,135,150,0.02,0.8133333333333334,75.0,,,,
18,True,y_t+60min,0.85,split-CP,0.9037037037037036,44.81209523809524,55.60687375518856,135,150,,,,,,,
18,True,y_t+60min,0.85,ACI,0.8222222222222222,37.579425611939484,56.14728089314663,135,150,0.01,0.8666666666666667,75.0,,,,
18,True,y_t+60min,0.9,split-CP,0.9629629629629628,64.3426845238096,69.81029548794831,135,150,,,,0.9242424242424242,0.9924242424242424,,
18,True,y_t+60min,0.9,ACI,0.8962962962962963,47.38986407995299,65.27944551600665,135,150,0.005,0.9066666666666666,75.0,0.8257575757575758,0.946969696969697,,
18,True,y_t+60min,0.95,split-CP,0.9851851851851852,82.95474999999999,85.49649132863024,135,150,,,,,,,
18,True,y_t+60min,0.95,ACI,0.9407407407407408,60.33369868660147,76.74867281946447,135,150,0.05,0.9466666666666668,75.0,,,,
18,True,y_t+60min,0.9,CQR,0.9555555555555556,64.35987256728657,74.04450518964322,135,150,,,,0.9166666666666666,0.9848484848484848,0.0,0.0
18,True,y_t+60min,0.9,ACQR,0.8888888888888888,52.08374063377181,72.89811855816815,135,150,0.005,0.9066666666666666,75.0,0.8257575757575758,0.9393939393939394,0.0,0.0
18,True,y_t+60min,0.95,CQR,0.9851851851851852,96.30595398287824,99.91742573373904,135,150,,,,,,0.0,0.0
18,True,y_t+60min,0.95,ACQR,0.9407407407407408,71.79986200384886,93.2090244999386,135,150,0.02,0.9466666666666668,75.0,,,0.0,0.0
18,True,y_t+90min,0.8,split-CP,0.7777777777777778,51.46513095238106,73.84485273368608,135,150,,,,,,,
18,True,y_t+90min,0.8,ACI,0.7777777777777778,48.17506373256375,74.33878683662023,135,150,0.02,0.8133333333333334,75.0,,,,
18,True,y_t+90min,0.85,split-CP,0.8518518518518519,57.92390476190485,80.15609641387418,135,150,,,,,,,
18,True,y_t+90min,0.85,ACI,0.8296296296296296,53.185753047672506,81.822259006734,135,150,0.02,0.8533333333333334,75.0,,,,
18,True,y_t+90min,0.9,split-CP,0.9111111111111112,66.14014484126983,89.02741056731334,135,150,,,,0.8560606060606061,0.9545454545454546,,
18,True,y_t+90min,0.9,ACI,0.8814814814814815,65.41315248383306,94.99627226631398,135,150,0.02,0.8933333333333333,75.0,0.8181818181818182,0.9318181818181818,,
18,True,y_t+90min,0.95,split-CP,0.9925925925925926,117.39282142857137,117.68092960023507,135,150,,,,,,,
18,True,y_t+90min,0.95,ACI,0.9333333333333332,88.81417420634922,112.12090230746612,135,150,0.01,0.9466666666666668,75.0,,,,
18,True,y_t+90min,0.9,CQR,0.9555555555555556,85.1774407794932,95.79493891916452,135,150,,,,0.9166666666666666,0.9848484848484848,0.0,0.0
18,True,y_t+90min,0.9,ACQR,0.8814814814814815,67.95498114122017,95.95453240073236,135,150,0.05,0.9066666666666666,75.0,0.8181818181818182,0.9318181818181818,0.0,0.0
18,True,y_t+90min,0.95,CQR,0.9851851851851852,131.94311344585722,133.00723867160252,135,150,,,,,,0.0,0.0
18,True,y_t+90min,0.95,ACQR,0.9407407407407408,95.9435581927986,123.50218791944374,135,150,0.02,0.9466666666666668,75.0,,,0.0,0.0
19,True,y_t+30min,0.8,split-CP,0.8666666666666667,198.34107142857144,245.9347867764951,135,150,,,,,,,
19,True,y_t+30min,0.8,ACI,0.8148148148148148,176.17863224707398,243.48200577735022,135,150,0.05,0.7866666666666666,75.0,,,,
19,True,y_t+30min,0.85,split-CP,0.8814814814814815,209.57812698412732,263.4104772148291,135,150,,,,,,,
19,True,y_t+30min,0.85,ACI,0.8518518518518519,196.38238667094225,271.0918841234211,135,150,0.1,0.84,75.0,,,,
19,True,y_t+30min,0.9,split-CP,0.8888888888888888,221.56248701298682,288.3933545374379,135,150,,,,0.8484848484848485,0.9393939393939394,,
19,True,y_t+30min,0.9,ACI,0.9037037037037037,226.16004690556343,289.854453872054,135,150,0.002,0.9066666666666666,75.0,0.8712121212121212,0.946969696969697,,
19,True,y_t+30min,0.95,split-CP,0.9555555555555556,266.8557837301587,332.7075246045106,135,150,,,,,,,
19,True,y_t+30min,0.95,ACI,0.9481481481481482,260.16192495724437,339.9809333213081,135,150,0.01,0.9466666666666667,75.0,,,,
19,True,y_t+30min,0.9,CQR,0.9111111111111111,271.8596742865132,341.51859817694543,135,150,,,,0.8636363636363636,0.946969696969697,0.0,0.0
19,True,y_t+30min,0.9,ACQR,0.9185185185185185,286.8164027167796,345.97418197557187,135,150,0.002,0.9066666666666666,75.0,0.8712121212121212,0.9545454545454546,0.0,0.0
19,True,y_t+30min,0.95,CQR,0.9629629629629629,363.2651949784243,386.79821891141046,135,150,,,,,,0.0,0.0
19,True,y_t+30min,0.95,ACQR,0.9629629629629629,354.06051345055005,385.67279397755993,135,150,0.002,0.9466666666666667,75.0,,,0.0,0.0
19,True,y_t+60min,0.8,split-CP,0.837037037037037,349.4707678571431,425.5341107837636,135,150,,,,,,,
19,True,y_t+60min,0.8,ACI,0.8148148148148148,348.53422137913526,436.7163303057024,135,150,0.05,0.8,75.0,,,,
19,True,y_t+60min,0.85,split-CP,0.8740740740740741,392.72504761904736,452.29541889797434,135,150,,,,,,,
19,True,y_t+60min,0.85,ACI,0.8444444444444444,366.0922806651168,477.708744465377,135,150,0.1,0.84,75.0,,,,
19,True,y_t+60min,0.9,split-CP,0.8962962962962963,418.89577380952414,480.4489356661858,135,150,,,,0.8560606060606061,0.9393939393939394,,
19,True,y_t+60min,0.9,ACI,0.9037037037037037,435.48908014536903,495.32959429479985,135,150,0.02,0.8933333333333333,75.0,0.8636363636363636,0.946969696969697,,
19,True,y_t+60min,0.95,split-CP,0.9703703703703703,490.5397440476191,511.9501511610819,135,150,,,,,,,
19,True,y_t+60min,0.95,ACI,0.9481481481481482,499.68023679119244,546.6051402169846,135,150,0.05,0.9466666666666667,75.0,,,,
19,True,y_t+60min,0.9,CQR,0.9407407407407408,437.3505252927771,484.6682947450933,135,150,,,,0.8939393939393939,0.9772727272727273,0.0,0.0
19,True,y_t+60min,0.9,ACQR,0.9481481481481482,448.9482060011418,485.5681962118883,135,150,0.002,0.8933333333333333,75.0,0.9015151515151515,0.9848484848484849,0.0,0.0
19,True,y_t+60min,0.95,CQR,0.9851851851851852,570.0143652048739,572.6689279018808,135,150,,,,,,0.0,0.0
19,True,y_t+60min,0.95,ACQR,0.9777777777777777,550.9382528008952,560.4224397937949,135,150,0.002,0.9466666666666667,75.0,,,0.0,0.0
19,True,y_t+90min,0.8,split-CP,0.8222222222222222,478.8455833333338,594.9211302910054,135,150,,,,,,,
19,True,y_t+90min,0.8,ACI,0.8074074074074075,510.60357851397583,610.7544685051574,135,150,0.05,0.7866666666666666,75.0,,,,
19,True,y_t+90min,0.85,split-CP,0.837037037037037,517.112005952381,627.7722663874192,135,150,,,,,,,
19,True,y_t+90min,0.85,ACI,0.8592592592592593,560.4651334388861,643.1545623844263,135,150,0.05,0.8266666666666667,75.0,,,,
19,True,y_t+90min,0.9,split-CP,0.8888888888888888,571.8156666666671,664.899815255732,135,150,,,,0.8333333333333334,0.9318181818181818,,
19,True,y_t+90min,0.9,ACI,0.9037037037037037,614.7714592352092,683.5741517690127,135,150,0.02,0.8666666666666667,75.0,0.8560606060606061,0.9393939393939394,,
19,True,y_t+90min,0.95,split-CP,0.9333333333333333,640.0115757575759,699.4600414729305,135,150,,,,,,,
19,True,y_t+90min,0.95,ACI,0.9481481481481482,679.7281368740314,717.4397003126502,135,150,0.02,0.9333333333333333,75.0,,,,
19,True,y_t+90min,0.9,CQR,0.9555555555555556,620.4983462811829,652.696773282728,135,150,,,,0.9242424242424242,0.9772727272727273,0.0,0.0
19,True,y_t+90min,0.9,ACQR,0.9481481481481482,597.5338413607938,635.9332374670015,135,150,0.01,0.9066666666666666,75.0,0.9166666666666666,0.9696969696969697,0.0,0.0
19,True,y_t+90min,0.95,CQR,0.9925925925925926,827.7991163398898,828.975028554232,135,150,,,,,,0.0,0.0
19,True,y_t+90min,0.95,ACQR,0.9925925925925926,784.4869802720281,788.2483407395833,135,150,0.002,0.9466666666666667,75.0,,,0.0,0.0
20,True,y_t+30min,0.8,split-CP,0.9146341463414634,22.73199999999997,25.89351725222608,82,150,,,,,,,
20,True,y_t+30min,0.8,ACI,0.7804878048780488,17.003214543078872,23.242592809629404,82,150,0.1,0.8266666666666667,75.0,,,,
20,True,y_t+30min,0.85,split-CP,0.9634146341463414,30.45461904761902,31.644693573364282,82,150,,,,,,,
20,True,y_t+30min,0.85,ACI,0.8414634146341463,18.092589334107632,24.695056426635702,82,150,0.1,0.88,75.0,,,,
20,True,y_t+30min,0.9,split-CP,1.0,43.60667857142857,43.60667857142857,82,150,,,,1.0,1.0,,
20,True,y_t+30min,0.9,ACI,0.8902439024390244,22.77212487901665,30.788673707897804,82,150,0.1,0.9333333333333333,75.0,0.8333333333333334,0.9358974358974359,,
20,True,y_t+30min,0.95,split-CP,1.0,62.31015476190475,62.31015476190475,82,150,,,,,,,
20,True,y_t+30min,0.95,ACI,0.9512195121951219,33.637119652535816,39.6681131678281,82,150,0.05,0.9733333333333334,75.0,,,,
20,True,y_t+30min,0.9,CQR,0.9146341463414634,24.551926900490475,32.26258432494714,82,150,,,,0.8589743589743589,0.9871794871794872,0.0,2.0
20,True,y_t+30min,0.9,ACQR,0.8780487804878049,20.70504123974083,28.230726506574022,82,150,0.05,0.92,75.0,0.8076923076923077,0.9358974358974359,0.0,2.0
20,True,y_t+30min,0.95,CQR,1.0,38.213393729787974,38.213393729787974,82,150,,,,,,0.0,0.0
20,True,y_t+30min,0.95,ACQR,0.9512195121951219,33.58483055270391,38.88791663794339,82,150,0.1,0.9466666666666667,75.0,,,0.0,0.0
20,True,y_t+60min,0.8,split-CP,0.8902439024390244,40.882714285714265,51.85210198896631,82,150,,,,,,,
20,True,y_t+60min,0.8,ACI,0.7682926829268293,32.93061852629078,48.251459888519335,82,150,0.1,0.8133333333333334,75.0,,,,
20,True,y_t+60min,0.85,split-CP,0.9146341463414634,52.35030952380952,60.118562040263264,82,150,,,,,,,
20,True,y_t+60min,0.85,ACI,0.8170731707317073,37.651975251205435,51.74703015565058,82,150,0.1,0.8533333333333334,75.0,,,,
20,True,y_t+60min,0.9,split-CP,1.0,84.81449999999997,84.81449999999997,82,150,,,,1.0,1.0,,
20,True,y_t+60min,0.9,ACI,0.8658536585365854,43.72649928949776,60.49451032317954,82,150,0.1,0.8933333333333333,75.0,0.7948717948717948,0.9358974358974359,,
20,True,y_t+60min,0.95,split-CP,1.0,140.80586904761907,140.80586904761907,82,150,,,,,,,
20,True,y_t+60min,0.95,ACI,0.9390243902439024,68.55305510461761,81.73849249243304,82,150,0.1,0.96,75.0,,,,
20,True,y_t+60min,0.9,CQR,0.9146341463414634,51.17481684819548,73.38904053799234,82,150,,,,0.8461538461538461,1.0,0.0,2.0
20,True,y_t+60min,0.9,ACQR,0.8780487804878049,40.97013998371713,57.19629794376029,82,150,0.05,0.9066666666666666,75.0,0.7948717948717948,0.9358974358974359,0.0,2.0
20,True,y_t+60min,0.95,CQR,0.9878048780487805,91.0237531199936,91.72139181808537,82,150,,,,,,0.0,0.0
20,True,y_t+60min,0.95,ACQR,0.926829268292683,61.674081476577115,80.66329448234009,82,150,0.05,0.9466666666666667,75.0,,,0.0,0.0
20,True,y_t+90min,0.8,split-CP,0.8536585365853658,55.96602380952379,84.0261964527681,82,150,,,,,,,
20,True,y_t+90min,0.8,ACI,0.7439024390243902,40.821059906556854,80.97712663877451,82,150,0.05,0.8,75.0,,,,
20,True,y_t+90min,0.85,split-CP,0.9024390243902439,77.76030555555553,96.88788104916762,82,150,,,,,,,
20,True,y_t+90min,0.85,ACI,0.8048780487804879,46.58901398567558,88.7860475031969,82,150,0.05,0.8666666666666667,75.0,,,,
20,True,y_t+90min,0.9,split-CP,0.975609756097561,117.45306349206338,120.17998615950435,82,150,,,,0.9615384615384616,1.0,,
20,True,y_t+90min,0.9,ACI,0.8780487804878049,73.26329284460456,110.06532802656358,82,150,0.05,0.92,75.0,0.7564102564102564,0.9615384615384616,,
20,True,y_t+90min,0.95,split-CP,1.0,232.14950292779733,232.14950292779733,82,150,,,,,,,
20,True,y_t+90min,0.95,ACI,0.926829268292683,112.29777481808507,155.34049839532076,82,150,0.05,0.96,75.0,,,,
20,True,y_t+90min,0.9,CQR,0.9024390243902439,83.90094345968669,106.08307620666758,82,150,,,,0.8333333333333334,1.0,0.0,1.0
20,True,y_t+90min,0.9,ACQR,0.8780487804878049,61.893052037300215,91.15851980300506,82,150,0.05,0.8933333333333333,75.0,0.7692307692307693,0.9487179487179487,0.0,1.0
20,True,y_t+90min,0.95,CQR,1.0,147.02042061544333,147.02042061544333,82,150,,,,,,0.0,0.0
20,True,y_t+90min,0.95,ACQR,0.926829268292683,102.6317994256352,145.95643160987436,82,150,0.05,0.9466666666666667,75.0,,,0.0,0.0
22,True,y_t+30min,0.8,split-CP,0.8658536585365854,18.839666666666687,26.17844388792102,82,150,,,,,,,
22,True,y_t+30min,0.8,ACI,0.7804878048780488,19.852220915602015,25.36212800038716,82,150,0.1,0.8,75.0,,,,
22,True,y_t+30min,0.85,split-CP,0.8902439024390244,22.511041666666642,29.239759243128123,82,150,,,,,,,
22,True,y_t+30min,0.85,ACI,0.8292682926829268,22.63641494870306,27.86953615789135,82,150,0.1,0.8533333333333334,75.0,,,,
22,True,y_t+30min,0.9,split-CP,1.0,36.67347619047621,36.67347619047621,82,150,,,,1.0,1.0,,
22,True,y_t+30min,0.9,ACI,0.8902439024390244,22.55303968253968,29.128322299651543,82,150,0.1,0.9066666666666666,75.0,0.8205128205128205,0.9487179487179487,,
22,True,y_t+30min,0.95,split-CP,1.0,68.06908333333332,68.06908333333332,82,150,,,,,,,
22,True,y_t+30min,0.95,ACI,0.9390243902439024,29.43345443986907,37.91538823777847,82,150,0.1,0.96,75.0,,,,
22,True,y_t+30min,0.9,CQR,0.9024390243902439,21.759274147944016,28.73791247765004,82,150,,,,0.8589743589743589,0.9743589743589743,0.0,0.0
22,True,y_t+30min,0.9,ACQR,0.8780487804878049,18.98699993137737,27.853700602125837,82,150,0.05,0.9066666666666666,75.0,0.8076923076923077,0.9358974358974359,0.0,0.0
22,True,y_t+30min,0.95,CQR,0.975609756097561,28.650615217487545,33.15164029836592,82,150,,,,,,0.0,0.0
22,True,y_t+30min,0.95,ACQR,0.9390243902439024,31.43675719893889,33.61599279129014,82,150,0.05,0.9466666666666667,75.0,,,0.0,0.0
22,True,y_t+60min,0.8,split-CP,0.8536585365853658,33.15233333333333,50.99324046651181,82,150,,,,,,,
22,True,y_t+60min,0.8,ACI,0.7682926829268293,30.27509267324816,44.660250556523415,82,150,0.05,0.7866666666666666,75.0,,,,
22,True,y_t+60min,0.85,split-CP,0.8902439024390244,51.30175198412701,60.66229576396957,82,150,,,,,,,
22,True,y_t+60min,0.85,ACI,0.8292682926829268,35.80833234126984,48.56811166763453,82,150,0.05,0.8533333333333334,75.0,,,,
22,True,y_t+60min,0.9,split-CP,1.0,89.25191666666666,89.25191666666666,82,150,,,,1.0,1.0,,
22,True,y_t+60min,0.9,ACI,0.8902439024390244,44.781393147502904,57.30063192024777,82,150,0.05,0.9066666666666666,75.0,0.8205128205128205,0.9487179487179487,,
22,True,y_t+60min,0.95,split-CP,1.0,113.83690476190465,113.83690476190465,82,150,,,,,,,
22,True,y_t+60min,0.95,ACI,0.9390243902439024,67.43488424312812,84.38761265969802,82,150,0.05,0.96,75.0,,,,
22,True,y_t+60min,0.9,CQR,0.9024390243902439,44.129981106951746,57.84316560437329,82,150,,,,0.8333333333333334,1.0,0.0,0.0
22,True,y_t+60min,0.9,ACQR,0.8536585365853658,34.732785558842416,61.6113045009689,82,150,0.01,0.9066666666666666,75.0,0.7692307692307693,0.9743589743589743,0.0,0.0
22,True,y_t+60min,0.95,CQR,0.9878048780487805,87.83414489352079,88.22648922160339,82,150,,,,,,0.0,0.0
22,True,y_t+60min,0.95,ACQR,0.9390243902439024,64.26947190179527,83.52015702056761,82,150,0.02,0.9466666666666667,75.0,,,0.0,0.0
22,True,y_t+90min,0.8,split-CP,0.8292682926829268,55.35890476190474,85.6086724738676,82,150,,,,,,,
22,True,y_t+90min,0.8,ACI,0.7439024390243902,36.80764914827719,86.59579495741387,82,150,0.02,0.8,75.0,,,,
22,True,y_t+90min,0.85,split-CP,0.8658536585365854,70.508380952381,94.90049993547555,82,150,,,,,,,
22,True,y_t+90min,0.85,ACI,0.7804878048780488,46.99344691250484,97.4645806071751,82,150,0.02,0.8666666666666667,75.0,,,,
22,True,y_t+90min,0.9,split-CP,0.9512195121951219,106.27740873015875,111.09940689121179,82,150,,,,0.9358974358974359,1.0,,
22,True,y_t+90min,0.9,ACI,0.8414634146341463,67.68335090011614,109.97738206542782,82,150,0.02,0.92,75.0,0.7307692307692307,0.9487179487179487,,
22,True,y_t+90min,0.95,split-CP,1.0,181.3994761904762,181.3994761904762,82,150,,,,,,,
22,True,y_t+90min,0.95,ACI,0.926829268292683,130.01875875919475,175.10751988966317,82,150,0.1,0.9333333333333333,75.0,,,,
22,True,y_t+90min,0.9,CQR,0.9024390243902439,78.23021054636335,99.58452480066573,82,150,,,,0.8461538461538461,0.9871794871794872,0.0,1.0
22,True,y_t+90min,0.9,ACQR,0.8536585365853658,60.28251539793853,110.83503218589442,82,150,0.002,0.9066666666666666,75.0,0.7564102564102564,0.9743589743589743,0.0,1.0
22,True,y_t+90min,0.95,CQR,0.9878048780487805,125.02682564770014,130.3302680766891,82,150,,,,,,0.0,0.0
22,True,y_t+90min,0.95,ACQR,0.9512195121951219,85.64065445152904,136.42918321406466,82,150,0.02,0.96,75.0,,,0.0,0.0
23,True,y_t+30min,0.8,split-CP,0.7555555555555555,80.45010714285715,119.27432184019678,135,150,,,,,,,
23,True,y_t+30min,0.8,ACI,0.7925925925925926,89.69251397306401,122.8051743707938,135,150,0.05,0.8,75.0,,,,
23,True,y_t+30min,0.85,split-CP,0.8444444444444444,93.09987698412715,127.34558673254037,135,150,,,,,,,
23,True,y_t+30min,0.85,ACI,0.8444444444444444,96.05884155309712,133.23943724204457,135,150,0.05,0.84,75.0,,,,
23,True,y_t+30min,0.9,split-CP,0.9259259259259259,110.71236309523829,138.96425958146796,135,150,,,,0.8939393939393939,0.9621212121212122,,
23,True,y_t+30min,0.9,ACI,0.9037037037037037,109.40203525466299,142.8273813293702,135,150,0.02,0.8933333333333333,75.0,0.8636363636363636,0.946969696969697,,
23,True,y_t+30min,0.95,split-CP,0.9555555555555556,133.50815476190473,163.14996978021975,135,150,,,,,,,
23,True,y_t+30min,0.95,ACI,0.9555555555555556,133.9510194003528,171.41724976258314,135,150,0.02,0.9466666666666667,75.0,,,,
23,True,y_t+30min,0.9,CQR,0.9037037037037037,115.04303069283239,149.8224137493302,135,150,,,,0.8712121212121212,0.9393939393939394,1.0,0.0
23,True,y_t+30min,0.9,ACQR,0.8962962962962963,114.85532805524143,154.2725823380042,135,150,0.05,0.88,75.0,0.8560606060606061,0.9393939393939394,1.0,0.0
23,True,y_t+30min,0.95,CQR,0.9111111111111111,134.9005580122326,183.6864693070944,135,150,,,,,,0.0,0.0
23,True,y_t+30min,0.95,ACQR,0.9481481481481482,150.99376916139332,189.80132330190412,135,150,0.05,0.9466666666666667,75.0,,,0.0,0.0
23,True,y_t+60min,0.8,split-CP,0.6888888888888889,137.69980753968272,204.20196045775202,135,150,,,,,,,
23,True,y_t+60min,0.8,ACI,0.7851851851851852,161.80803720004278,200.35147208460256,135,150,0.02,0.7866666666666666,75.0,,,,
23,True,y_t+60min,0.85,split-CP,0.7703703703703704,159.63297619047626,208.93580598756526,135,150,,,,,,,
23,True,y_t+60min,0.85,ACI,0.837037037037037,174.29280442787666,212.83326889619295,135,150,0.02,0.84,75.0,,,,
23,True,y_t+60min,0.9,split-CP,0.8814814814814815,174.9743928571429,225.97485734327398,135,150,,,,0.8257575757575758,0.9318181818181818,,
23,True,y_t+60min,0.9,ACI,0.8962962962962963,181.16558161642885,230.79374113489385,135,150,0.02,0.8933333333333333,75.0,0.8409090909090909,0.946969696969697,,
23,True,y_t+60min,0.95,split-CP,0.9555555555555556,226.43954004328995,250.12914142750247,135,150,,,,,,,
23,True,y_t+60min,0.95,ACI,0.9481481481481482,220.19498757949873,259.23632414622415,135,150,0.005,0.9333333333333333,75.0,,,,
23,True,y_t+60min,0.9,CQR,0.9111111111111111,198.72452012413547,230.8231678901342,135,150,,,,0.8560606060606061,0.9545454545454546,0.0,0.0
23,True,y_t+60min,0.9,ACQR,0.9037037037037037,192.96384248169474,237.08154793266326,135,150,0.02,0.8933333333333333,75.0,0.8409090909090909,0.9545454545454546,0.0,0.0
23,True,y_t+60min,0.95,CQR,0.9703703703703703,245.44375976166813,267.79866935994835,135,150,,,,,,0.0,0.0
23,True,y_t+60min,0.95,ACQR,0.9481481481481482,227.55794850498313,274.2491220734513,135,150,0.02,0.92,75.0,,,0.0,0.0
23,True,y_t+90min,0.8,split-CP,0.7037037037037037,177.695777777778,265.8343350235155,135,150,,,,,,,
23,True,y_t+90min,0.8,ACI,0.7851851851851852,211.27964875073485,271.0229213109936,135,150,0.05,0.8133333333333334,75.0,,,,
23,True,y_t+90min,0.85,split-CP,0.7851851851851852,199.98008333333337,279.8747884087791,135,150,,,,,,,
23,True,y_t+90min,0.85,ACI,0.8444444444444444,224.14357073780127,281.0042684646287,135,150,0.02,0.8266666666666667,75.0,,,,
23,True,y_t+90min,0.9,split-CP,0.9111111111111111,249.97625000000014,297.25346707818926,135,150,,,,0.8484848484848485,0.9621212121212122,,
23,True,y_t+90min,0.9,ACI,0.8962962962962963,243.77583681657853,312.6272889035862,135,150,0.02,0.88,75.0,0.8333333333333334,0.946969696969697,,
23,True,y_t+90min,0.95,split-CP,0.9851851851851852,350.2451964285715,364.7586053057026,135,150,,,,,,,
23,True,y_t+90min,0.95,ACI,0.9703703703703703,310.2608175044092,361.8557901675483,135,150,0.002,0.92,75.0,,,,
23,True,y_t+90min,0.9,CQR,0.8888888888888888,255.53491418380483,315.51461027403195,135,150,,,,0.8181818181818182,0.946969696969697,0.0,0.0
23,True,y_t+90min,0.9,ACQR,0.8814814814814815,243.65066340351066,329.41699048449857,135,150,0.02,0.88,75.0,0.8106060606060606,0.9393939393939394,0.0,0.0
23,True,y_t+90min,0.95,CQR,0.9851851851851852,376.75523713576933,393.71872050037405,135,150,,,,,,0.0,0.0
23,True,y_t+90min,0.95,ACQR,0.9407407407407408,318.33025506230825,390.7202256713918,135,150,0.02,0.9333333333333333,75.0,,,0.0,0.0
24,True,y_t+30min,0.8,split-CP,0.7185185185185186,40.15286309523822,62.73606995884767,135,150,,,,,,,
24,True,y_t+30min,0.8,ACI,0.7407407407407407,42.3849699762172,61.556033969322854,135,150,0.002,0.7866666666666666,75.0,,,,
24,True,y_t+30min,0.85,split-CP,0.8222222222222222,49.630577380952445,64.82477432392709,135,150,,,,,,,
24,True,y_t+30min,0.85,ACI,0.8148148148148148,48.2925794572711,65.9160069687171,135,150,0.002,0.8533333333333334,75.0,,,,
24,True,y_t+30min,0.9,split-CP,0.9555555555555556,67.79892261904752,76.28519025573186,135,150,,,,0.9166666666666666,0.9848484848484849,,
24,True,y_t+30min,0.9,ACI,0.8888888888888888,53.74609283977339,72.590655917642,135,150,0.01,0.9066666666666666,75.0,0.8181818181818182,0.9393939393939394,,
24,True,y_t+30min,0.95,split-CP,1.0,131.21347817460307,131.21347817460307,135,150,,,,,,,
24,True,y_t+30min,0.95,ACI,0.9407407407407408,71.04228909197798,84.07105040885038,135,150,0.1,0.9466666666666667,75.0,,,,
24,True,y_t+30min,0.9,CQR,0.8962962962962963,72.67308239289575,84.21347730615177,135,150,,,,0.8409090909090909,0.9393939393939394,0.0,0.0
24,True,y_t+30min,0.9,ACQR,0.9259259259259259,76.57349147935128,85.43689532078618,135,150,0.002,0.9066666666666666,75.0,0.8787878787878788,0.9621212121212122,0.0,0.0
24,True,y_t+30min,0.95,CQR,0.9925925925925926,103.97834645061305,104.9390088464528,135,150,,,,,,0.0,0.0
24,True,y_t+30min,0.95,ACQR,0.9703703703703703,91.44649133823279,93.73253852926977,135,150,0.05,0.9466666666666667,75.0,,,0.0,0.0
24,True,y_t+60min,0.8,split-CP,0.6444444444444445,66.50540476190486,142.89691182993963,135,150,,,,,,,
24,True,y_t+60min,0.8,ACI,0.7777777777777778,96.42673216156275,128.09504700309986,135,150,0.05,0.7866666666666666,75.0,,,,
24,True,y_t+60min,0.85,split-CP,0.8074074074074075,96.18117063492059,146.9234248971194,135,150,,,,,,,
24,True,y_t+60min,0.85,ACI,0.7777777777777778,90.64321254609588,149.6979899408548,135,150,0.005,0.8533333333333334,75.0,,,,
24,True,y_t+60min,0.9,split-CP,0.9333333333333333,143.38263690476197,163.4572218547914,135,150,,,,0.8787878787878788,0.9772727272727273,,
24,True,y_t+60min,0.9,ACI,0.8740740740740741,124.71861754716481,165.28924748410031,135,150,0.02,0.8933333333333333,75.0,0.7878787878787878,0.9393939393939394,,
24,True,y_t+60min,0.95,split-CP,1.0,252.38757738095225,252.38757738095225,135,150,,,,,,,
24,True,y_t+60min,0.95,ACI,0.9407407407407408,154.16712830420613,189.50109778739778,135,150,0.05,0.9466666666666667,75.0,,,,
24,True,y_t+60min,0.9,CQR,0.9555555555555556,142.9640868276693,147.88978270443036,135,150,,,,0.9090909090909091,0.9924242424242424,0.0,0.0
24,True,y_t+60min,0.9,ACQR,0.9259259259259259,130.36323282418363,146.71672186989744,135,150,0.002,0.9066666666666666,75.0,0.8712121212121212,0.9696969696969697,0.0,0.0
24,True,y_t+60min,0.95,CQR,1.0,217.86118412984555,217.86118412984555,135,150,,,,,,0.0,0.0
24,True,y_t+60min,0.95,ACQR,0.9629629629629629,165.7648373960805,180.52530993542254,135,150,0.05,0.9466666666666667,75.0,,,0.0,0.0
24,True,y_t+90min,0.8,split-CP,0.5851851851851851,92.4171388888889,246.96634446983055,135,150,,,,,,,
24,True,y_t+90min,0.8,ACI,0.6666666666666666,131.9878671984394,218.18250816498315,135,150,0.005,0.8,75.0,,,,
24,True,y_t+90min,0.85,split-CP,0.7925925925925926,150.85561309523814,236.90518184267725,135,150,,,,,,,
24,True,y_t+90min,0.85,ACI,0.8074074074074075,167.96819923039922,239.24998294051625,135,150,0.02,0.8533333333333334,75.0,,,,
24,True,y_t+90min,0.9,split-CP,0.9111111111111111,218.10329166666676,252.85354938939665,135,150,,,,0.8560606060606061,0.9772727272727273,,
24,True,y_t+90min,0.9,ACI,0.8740740740740741,199.4410329752552,258.07912367056815,135,150,0.02,0.9066666666666666,75.0,0.803030303030303,0.9318181818181818,,
24,True,y_t+90min,0.95,split-CP,1.0,360.0251428571428,360.0251428571428,135,150,,,,,,,
24,True,y_t+90min,0.95,ACI,0.9185185185185185,233.796493013468,288.43350276708884,135,150,0.05,0.96,75.0,,,,
24,True,y_t+90min,0.9,CQR,0.9333333333333333,199.07409521122244,218.18286621611836,135,150,,,,0.8787878787878788,0.9772727272727273,0.0,0.0
24,True,y_t+90min,0.9,ACQR,0.9111111111111111,191.52690355268453,226.8524782545974,135,150,0.002,0.88,75.0,0.8484848484848485,0.9545454545454546,0.0,0.0
24,True,y_t+90min,0.95,CQR,1.0,278.4875671166781,278.4875671166781,135,150,,,,,,0.0,0.0
24,True,y_t+90min,0.95,ACQR,0.9555555555555556,239.91379935338534,266.97807720625474,135,150,0.02,0.9466666666666667,75.0,,,0.0,0.0
25,True,y_t+30min,0.8,split-CP,0.7851851851851852,254.0734285714288,350.60091857730737,135,150,,,,,,,
25,True,y_t+30min,0.8,ACI,0.8148148148148148,264.1422817794345,352.25717772967766,135,150,0.002,0.8,75.0,,,,
25,True,y_t+30min,0.85,split-CP,0.8296296296296296,269.17022023809477,378.7618250783853,135,150,,,,,,,
25,True,y_t+30min,0.85,ACI,0.8444444444444444,297.3877414902999,384.3937469772683,135,150,0.02,0.84,75.0,,,,
25,True,y_t+30min,0.9,split-CP,0.8666666666666667,308.1338452380951,413.89529644326865,135,150,,,,0.8409090909090909,0.9166666666666666,,
25,True,y_t+30min,0.9,ACI,0.8962962962962963,363.4201328042329,431.3928873603762,135,150,0.02,0.8933333333333333,75.0,0.8636363636363636,0.9393939393939394,,
25,True,y_t+30min,0.95,split-CP,0.9111111111111111,354.1049285714289,470.10479629629583,135,150,,,,,,,
25,True,y_t+30min,0.95,ACI,0.9333333333333333,398.4512272780717,472.05776519694285,135,150,0.002,0.9466666666666667,75.0,,,,
25,True,y_t+30min,0.9,CQR,0.8296296296296296,312.3819835528756,439.8159652782815,135,150,,,,0.7954545454545454,0.8863636363636364,0.0,0.0
25,True,y_t+30min,0.9,ACQR,0.9185185185185185,352.37482312989374,435.3540264760586,135,150,0.02,0.8933333333333333,75.0,0.8863636363636364,0.9621212121212122,0.0,0.0
25,True,y_t+30min,0.95,CQR,0.9259259259259259,376.89714095937717,505.5787352154979,135,150,,,,,,0.0,0.0
25,True,y_t+30min,0.95,ACQR,0.9481481481481482,436.6854506465517,525.9266590932771,135,150,0.02,0.9466666666666667,75.0,,,0.0,0.0
25,True,y_t+60min,0.8,split-CP,0.7777777777777778,425.90444047619076,553.9784112687723,135,150,,,,,,,
25,True,y_t+60min,0.8,ACI,0.7925925925925926,420.3478877745712,563.8421346881513,135,150,0.05,0.8,75.0,,,,
25,True,y_t+60min,0.85,split-CP,0.837037037037037,455.63008333333346,590.2933542078634,135,150,,,,,,,
25,True,y_t+60min,0.85,ACI,0.8518518518518519,477.00271328363004,598.4502554424316,135,150,0.002,0.84,75.0,,,,
25,True,y_t+60min,0.9,split-CP,0.8814814814814815,497.144416666666,639.6759140612476,135,150,,,,0.8409090909090909,0.9393939393939394,,
25,True,y_t+60min,0.9,ACI,0.8962962962962963,534.5425647266312,647.9501583480306,135,150,0.01,0.88,75.0,0.8560606060606061,0.946969696969697,,
25,True,y_t+60min,0.95,split-CP,0.9407407407407408,581.3879880952381,714.1323808054086,135,150,,,,,,,
25,True,y_t+60min,0.95,ACI,0.9481481481481482,634.7074066431513,754.9890568489125,135,150,0.01,0.9466666666666667,75.0,,,,
25,True,y_t+60min,0.9,CQR,0.9407407407407408,612.9662515092344,669.672747395575,135,150,,,,0.9090909090909091,0.9696969696969697,0.0,0.0
25,True,y_t+60min,0.9,ACQR,0.9185185185185185,578.2855972132885,653.2434669914588,135,150,0.02,0.9066666666666666,75.0,0.8787878787878788,0.9545454545454546,0.0,0.0
25,True,y_t+60min,0.95,CQR,0.9925925925925926,706.4636489312272,710.3540964731117,135,150,,,,,,0.0,0.0
25,True,y_t+60min,0.95,ACQR,0.9407407407407408,666.7998624178941,762.5651000522131,135,150,0.1,0.9466666666666667,75.0,,,0.0,0.0
25,True,y_t+90min,0.8,split-CP,0.725925925925926,540.6817916666671,769.0728641240447,135,150,,,,,,,
25,True,y_t+90min,0.8,ACI,0.7777777777777778,608.2934008951952,778.8355954532093,135,150,0.05,0.8,75.0,,,,
25,True,y_t+90min,0.85,split-CP,0.8074074074074075,601.8215297619043,814.0350672888496,135,150,,,,,,,
25,True,y_t+90min,0.85,ACI,0.8444444444444444,659.9713110523221,823.5639526357045,135,150,0.01,0.8533333333333334,75.0,,,,
25,True,y_t+90min,0.9,split-CP,0.837037037037037,647.7794999999994,883.3730251322754,135,150,,,,0.7878787878787878,0.9015151515151515,,
25,True,y_t+90min,0.9,ACI,0.8740740740740741,750.642839932393,864.4759085684891,135,150,0.005,0.9066666666666666,75.0,0.8257575757575758,0.9318181818181818,,
25,True,y_t+90min,0.95,split-CP,0.9407407407407408,805.8974702380956,907.4687312610225,135,150,,,,,,,
25,True,y_t+90min,0.95,ACI,0.9481481481481482,804.8035751322755,908.3574340388009,135,150,0.01,0.9466666666666667,75.0,,,,
25,True,y_t+90min,0.9,CQR,0.9629629629629629,905.5207518241766,930.4427781743366,135,150,,,,0.9393939393939394,0.9848484848484849,0.0,0.0
25,True,y_t+90min,0.9,ACQR,0.8814814814814815,765.9592990918939,968.408590787085,135,150,0.1,0.9066666666666666,75.0,0.8106060606060606,0.9318181818181818,0.0,0.0
25,True,y_t+90min,0.95,CQR,0.9925925925925926,1083.1763930002314,1099.3132522647204,135,150,,,,,,0.0,0.0
25,True,y_t+90min,0.95,ACQR,0.9185185185185185,875.7226211107331,1104.9045336583124,135,150,0.1,0.96,75.0,,,0.0,0.0
26,True,y_t+30min,0.8,split-CP,0.837037037037037,116.23190476190484,192.77117836433118,135,150,,,,,,,
26,True,y_t+30min,0.8,ACI,0.7851851851851852,124.2834949668644,175.8551056103362,135,150,0.1,0.8133333333333334,75.0,,,,
26,True,y_t+30min,0.85,split-CP,0.8740740740740741,153.45835119047615,218.73594291904942,135,150,,,,,,,
26,True,y_t+30min,0.85,ACI,0.8444444444444444,135.93080011757795,230.30243466410124,135,150,0.01,0.84,75.0,,,,
26,True,y_t+30min,0.9,split-CP,0.9259259259259259,196.99440476190466,251.1623894767784,135,150,,,,0.8636363636363636,0.9696969696969697,,
26,True,y_t+30min,0.9,ACI,0.8888888888888888,178.66104296002348,262.2972886310193,135,150,0.01,0.8933333333333333,75.0,0.803030303030303,0.9545454545454546,,
26,True,y_t+30min,0.95,split-CP,0.9555555555555556,233.11149999999992,304.2422186948852,135,150,,,,,,,
26,True,y_t+30min,0.95,ACI,0.9481481481481482,222.9140926754315,318.6693181310458,135,150,0.01,0.9466666666666667,75.0,,,,
26,True,y_t+30min,0.9,CQR,0.9037037037037037,162.0968276038535,227.8734188137987,135,150,,,,0.8484848484848485,0.9545454545454546,0.0,0.0
26,True,y_t+30min,0.9,ACQR,0.8814814814814815,188.17915483877658,226.68779762846324,135,150,0.1,0.9066666666666666,75.0,0.8409090909090909,0.9242424242424242,0.0,0.0
26,True,y_t+30min,0.95,CQR,0.9629629629629629,248.17751314449686,294.8871270691948,135,150,,,,,,0.0,0.0
26,True,y_t+30min,0.95,ACQR,0.9407407407407408,231.63388047419582,274.42298327269145,135,150,0.1,0.9466666666666667,75.0,,,0.0,0.0
26,True,y_t+60min,0.8,split-CP,0.762962962962963,186.33536904761925,365.5318930041154,135,150,,,,,,,
26,True,y_t+60min,0.8,ACI,0.7555555555555555,193.3156319277431,382.79257799556416,135,150,0.01,0.8,75.0,,,,
26,True,y_t+60min,0.85,split-CP,0.8592592592592593,263.7316071428573,404.50876577503425,135,150,,,,,,,
26,True,y_t+60min,0.85,ACI,0.837037037037037,268.3441025519748,362.873443135945,135,150,0.1,0.8533333333333334,75.0,,,,
26,True,y_t+60min,0.9,split-CP,0.9259259259259259,352.4030714285718,465.8116775426219,135,150,,,,0.8484848484848485,0.9848484848484849,,
26,True,y_t+60min,0.9,ACI,0.8814814814814815,314.38829608786284,443.9854393859229,135,150,0.1,0.8933333333333333,75.0,0.8181818181818182,0.9242424242424242,,
26,True,y_t+60min,0.95,split-CP,0.9703703703703703,469.8027261904763,541.3844199000589,135,150,,,,,,,
26,True,y_t+60min,0.95,ACI,0.9333333333333333,410.88147974319924,561.6377534057506,135,150,0.1,0.9333333333333333,75.0,,,,
26,True,y_t+60min,0.9,CQR,0.8814814814814815,287.33734189423825,429.49387560476475,135,150,,,,0.8106060606060606,0.9393939393939394,0.0,0.0
26,True,y_t+60min,0.9,ACQR,0.8888888888888888,339.57483865024534,447.2719165283773,135,150,0.05,0.9066666666666666,75.0,0.803030303030303,0.9545454545454546,0.0,0.0
26,True,y_t+60min,0.95,CQR,0.9925925925925926,579.2036413389819,585.9606138480202,135,150,,,,,,0.0,0.0
26,True,y_t+60min,0.95,ACQR,0.9333333333333333,454.8575242929816,584.5606325710984,135,150,0.1,0.9466666666666667,75.0,,,0.0,0.0
26,True,y_t+90min,0.8,split-CP,0.7481481481481481,292.459952380952,526.6453651862541,135,150,,,,,,,
26,True,y_t+90min,0.8,ACI,0.7555555555555555,280.5469528726417,551.2316543383571,135,150,0.002,0.8,75.0,,,,
26,True,y_t+90min,0.85,split-CP,0.8592592592592593,386.8555357142859,572.1415701058199,135,150,,,,,,,
26,True,y_t+90min,0.85,ACI,0.7851851851851852,359.98051236438454,623.1125655327526,135,150,0.005,0.8533333333333334,75.0,,,,
26,True,y_t+90min,0.9,split-CP,0.9259259259259259,532.5219583333328,662.8651855526159,135,150,,,,0.8484848484848485,0.9848484848484849,,
26,True,y_t+90min,0.9,ACI,0.8592592592592593,467.06834426540536,618.5762488135324,135,150,0.1,0.88,75.0,0.7878787878787878,0.9166666666666666,,
26,True,y_t+90min,0.95,split-CP,0.9333333333333333,615.8218888888886,762.1049174015283,135,150,,,,,,,
26,True,y_t+90min,0.95,ACI,0.9333333333333333,519.3612040404039,674.240515327882,135,150,0.1,0.9066666666666666,75.0,,,,
26,True,y_t+90min,0.9,CQR,0.8888888888888888,459.34404371399205,615.1462739290597,135,150,,,,0.8106060606060606,0.946969696969697,0.0,0.0
26,True,y_t+90min,0.9,ACQR,0.837037037037037,456.2230344552159,706.1292439226053,135,150,0.002,0.9066666666666666,75.0,0.7348484848484849,0.9166666666666666,0.0,0.0
26,True,y_t+90min,0.95,CQR,0.9851851851851852,814.0125375089956,835.31582874033,135,150,,,,,,0.0,0.0
26,True,y_t+90min,0.95,ACQR,0.9333333333333333,738.6494132309055,892.793036735278,135,150,0.002,0.9333333333333333,75.0,,,0.0,0.0
27,True,y_t+30min,0.8,split-CP,0.7037037037037037,35.16848412698415,67.00573568355516,135,150,,,,,,,
27,True,y_t+30min,0.8,ACI,0.7925925925925926,53.43909809470369,73.13467215541661,135,150,0.1,0.8,75.0,,,,
27,True,y_t+30min,0.85,split-CP,0.7703703703703704,39.99486309523809,74.28164456068627,135,150,,,,,,,
27,True,y_t+30min,0.85,ACI,0.8444444444444444,55.89696677622791,75.2811890786169,135,150,0.05,0.8533333333333334,75.0,,,,
27,True,y_t+30min,0.9,split-CP,0.8518518518518519,49.6683452380953,81.46673027898028,135,150,,,,0.8106060606060606,0.8939393939393939,,
27,True,y_t+30min,0.9,ACI,0.9037037037037037,64.50910730987121,83.2403983819678,135,150,0.05,0.9066666666666666,75.0,0.8560606060606061,0.946969696969697,,
27,True,y_t+30min,0.95,split-CP,0.9259259259259259,66.52713095238099,94.70344341563792,135,150,,,,,,,
27,True,y_t+30min,0.95,ACI,0.9407407407407408,80.56704554673728,96.56979569370968,135,150,0.01,0.9466666666666667,75.0,,,,
27,True,y_t+30min,0.9,CQR,0.8518518518518519,55.34662948471285,93.96794479857648,135,150,,,,0.803030303030303,0.9015151515151515,0.0,0.0
27,True,y_t+30min,0.9,ACQR,0.8962962962962963,71.09742212236426,93.18494260946525,135,150,0.05,0.8933333333333333,75.0,0.8560606060606061,0.9393939393939394,0.0,0.0
27,True,y_t+30min,0.95,CQR,0.9037037037037037,70.31569177595485,109.63338952641821,135,150,,,,,,0.0,0.0
27,True,y_t+30min,0.95,ACQR,0.9481481481481482,89.41425916688502,107.53909811658922,135,150,0.01,0.9466666666666667,75.0,,,0.0,0.0
27,True,y_t+60min,0.8,split-CP,0.6888888888888889,58.79258531746018,95.90471615627183,135,150,,,,,,,
27,True,y_t+60min,0.8,ACI,0.7851851851851852,71.59319730906954,96.56751550424887,135,150,0.05,0.8,75.0,,,,
27,True,y_t+60min,0.85,split-CP,0.837037037037037,73.70978769841284,99.9903238625229,135,150,,,,,,,
27,True,y_t+60min,0.85,ACI,0.837037037037037,74.65472859948697,102.82981991831898,135,150,0.05,0.8533333333333334,75.0,,,,
27,True,y_t+60min,0.9,split-CP,0.8888888888888888,83.98454761904759,108.92321627652186,135,150,,,,0.8333333333333334,0.9318181818181818,,
27,True,y_t+60min,0.9,ACI,0.8962962962962963,83.00469652610761,110.44600796055794,135,150,0.01,0.9066666666666666,75.0,0.8333333333333334,0.946969696969697,,
27,True,y_t+60min,0.95,split-CP,0.9629629629629629,105.34919444444452,124.25259567901233,135,150,,,,,,,
27,True,y_t+60min,0.95,ACI,0.9481481481481482,99.70141053791887,128.98444933862422,135,150,0.005,0.9466666666666667,75.0,,,,
27,True,y_t+60min,0.9,CQR,0.8888888888888888,98.7040929747111,133.79420335681993,135,150,,,,0.8409090909090909,0.9393939393939394,0.0,0.0
27,True,y_t+60min,0.9,ACQR,0.8962962962962963,99.58156444916261,142.12059768166503,135,150,0.05,0.9066666666666666,75.0,0.8409090909090909,0.946969696969697,0.0,0.0
27,True,y_t+60min,0.95,CQR,0.9111111111111111,120.37717167732109,156.46555153602847,135,150,,,,,,0.0,0.0
27,True,y_t+60min,0.95,ACQR,0.9333333333333333,127.2485313124023,162.95794728891093,135,150,0.05,0.9466666666666667,75.0,,,0.0,0.0
27,True,y_t+90min,0.8,split-CP,0.6962962962962963,83.635744047619,141.10170344984232,135,150,,,,,,,
27,True,y_t+90min,0.8,ACI,0.7703703703703704,104.00702949468227,135.24138027096356,135,150,0.05,0.8,75.0,,,,
27,True,y_t+90min,0.85,split-CP,0.725925925925926,92.32010119047621,152.0724600524647,135,150,,,,,,,
27,True,y_t+90min,0.85,ACI,0.8148148148148148,109.26824756961143,140.24690006457874,135,150,0.05,0.8533333333333334,75.0,,,,
27,True,y_t+90min,0.9,split-CP,0.8666666666666667,119.74108333333335,154.44075797659127,135,150,,,,0.7954545454545454,0.9318181818181818,,
27,True,y_t+90min,0.9,ACI,0.8740740740740741,127.7526689834856,154.38406535460425,135,150,0.05,0.9066666666666666,75.0,0.8181818181818182,0.9318181818181818,,
27,True,y_t+90min,0.95,split-CP,0.9703703703703703,149.73570833333338,167.1942189153439,135,150,,,,,,,
27,True,y_t+90min,0.95,ACI,0.9185185185185185,142.24103024023293,175.44127194297454,135,150,0.05,0.9466666666666667,75.0,,,,
27,True,y_t+90min,0.9,CQR,0.9111111111111111,140.77480291753784,174.7729610752663,135,150,,,,0.8560606060606061,0.9545454545454546,0.0,0.0
27,True,y_t+90min,0.9,ACQR,0.8666666666666667,134.3564848822984,180.05808201147894,135,150,0.01,0.9066666666666666,75.0,0.803030303030303,0.9166666666666666,0.0,0.0
27,True,y_t+90min,0.95,CQR,0.9481481481481482,191.52836258363166,225.15332514488134,135,150,,,,,,0.0,0.0
27,True,y_t+90min,0.95,ACQR,0.9481481481481482,183.41161276651425,243.627529376247,135,150,0.02,0.9466666666666667,75.0,,,0.0,0.0
28,True,y_t+30min,0.8,split-CP,0.7185185185185186,47.99502579365071,80.56095006279733,135,150,,,,,,,
28,True,y_t+30min,0.8,ACI,0.7777777777777778,56.799950269894715,79.28726123002511,135,150,0.05,0.8,75.0,,,,
28,True,y_t+30min,0.85,split-CP,0.7333333333333333,51.192119047619144,88.82112541642165,135,150,,,,,,,
28,True,y_t+30min,0.85,ACI,0.837037037037037,61.32821025599916,85.58800577735025,135,150,0.05,0.8533333333333334,75.0,,,,
28,True,y_t+30min,0.9,split-CP,0.8444444444444444,61.13086309523806,96.45518540564377,135,150,,,,0.7878787878787878,0.9166666666666666,,
28,True,y_t+30min,0.9,ACI,0.8888888888888888,73.1570759112287,96.84245274838328,135,150,0.05,0.8933333333333333,75.0,0.8409090909090909,0.9393939393939394,,
28,True,y_t+30min,0.95,split-CP,0.9111111111111111,74.24513095238103,111.6034422398588,135,150,,,,,,,
28,True,y_t+30min,0.95,ACI,0.9407407407407408,77.5893419459142,109.01354535567309,135,150,0.005,0.9466666666666667,75.0,,,,
28,True,y_t+30min,0.9,CQR,0.8296296296296296,55.36853754062135,98.15958986473501,135,150,,,,0.7651515151515151,0.9015151515151515,0.0,0.0
28,True,y_t+30min,0.9,ACQR,0.8962962962962963,69.94263283012762,98.81643216030832,135,150,0.1,0.8933333333333333,75.0,0.8636363636363636,0.9318181818181818,0.0,0.0
28,True,y_t+30min,0.95,CQR,0.8666666666666667,74.55753599769658,125.571318508856,135,150,,,,,,0.0,0.0
28,True,y_t+30min,0.95,ACQR,0.9111111111111111,84.84503273717736,113.10466666678396,135,150,0.002,0.9466666666666667,75.0,,,0.0,0.0
28,True,y_t+60min,0.8,split-CP,0.7481481481481481,76.87135714285705,135.96540778151888,135,150,,,,,,,
28,True,y_t+60min,0.8,ACI,0.7777777777777778,88.9476093688205,139.2101362714446,135,150,0.05,0.76,75.0,,,,
28,True,y_t+60min,0.85,split-CP,0.7777777777777778,88.98962499999995,148.6388738821193,135,150,,,,,,,
28,True,y_t+60min,0.85,ACI,0.8296296296296296,114.80295336833949,155.14508372837722,135,150,0.05,0.8266666666666667,75.0,,,,
28,True,y_t+60min,0.9,split-CP,0.8074074074074075,98.23991792929294,168.58015434102936,135,150,,,,0.7272727272727273,0.8939393939393939,,
28,True,y_t+60min,0.9,ACI,0.8814814814814815,128.42400127197908,173.4819134893912,135,150,0.05,0.8666666666666667,75.0,0.8181818181818182,0.9393939393939394,,
28,True,y_t+60min,0.95,split-CP,0.8666666666666667,116.24544642857151,196.81941174309205,135,150,,,,,,,
28,True,y_t+60min,0.95,ACI,0.9111111111111111,129.51633325984716,180.28329563492056,135,150,0.002,0.9466666666666667,75.0,,,,
28,True,y_t+60min,0.9,CQR,0.8444444444444444,97.83753718940953,164.83198259203363,135,150,,,,0.7727272727272727,0.9166666666666666,0.0,0.0
28,True,y_t+60min,0.9,ACQR,0.8740740740740741,126.32945295541954,172.25823864479995,135,150,0.05,0.88,75.0,0.8181818181818182,0.9318181818181818,0.0,0.0
28,True,y_t+60min,0.95,CQR,0.9333333333333333,134.9610022140319,191.19238410707428,135,150,,,,,,0.0,0.0
28,True,y_t+60min,0.95,ACQR,0.9407407407407408,137.44315266390012,208.26962352319424,135,150,0.02,0.9333333333333333,75.0,,,0.0,0.0
28,True,y_t+90min,0.8,split-CP,0.7185185185185186,103.6280912698412,178.88383722810116,135,150,,,,,,,
28,True,y_t+90min,0.8,ACI,0.7703703703703704,116.36710612340333,188.7649480479397,135,150,0.05,0.7733333333333333,75.0,,,,
28,True,y_t+90min,0.85,split-CP,0.7777777777777778,114.60017857142842,197.28038443072708,135,150,,,,,,,
28,True,y_t+90min,0.85,ACI,0.8074074074074075,125.99530945967614,197.1731728733543,135,150,0.02,0.8133333333333334,75.0,,,,
28,True,y_t+90min,0.9,split-CP,0.837037037037037,125.49150000000009,228.12996707818928,135,150,,,,0.7651515151515151,0.9166666666666666,,
28,True,y_t+90min,0.9,ACI,0.8740740740740741,160.52490549943883,223.31100206028532,135,150,0.02,0.88,75.0,0.803030303030303,0.9393939393939394,,
28,True,y_t+90min,0.95,split-CP,0.8962962962962963,163.68969047619046,269.87171340388005,135,150,,,,,,,
28,True,y_t+90min,0.95,ACI,0.9407407407407408,184.08891558174338,276.7950657875046,135,150,0.02,0.9333333333333333,75.0,,,,
28,True,y_t+90min,0.9,CQR,0.8740740740740741,145.25366798461943,207.42276734871186,135,150,,,,0.7954545454545454,0.946969696969697,0.0,0.0
28,True,y_t+90min,0.9,ACQR,0.8740740740740741,148.4923884653755,209.71628506176967,135,150,0.002,0.88,75.0,0.7954545454545454,0.946969696969697,0.0,0.0
28,True,y_t+90min,0.95,CQR,0.9555555555555556,207.25975884552105,273.48145506871117,135,150,,,,,,0.0,0.0
28,True,y_t+90min,0.95,ACQR,0.9259259259259259,203.61282985663138,298.02885909200444,135,150,0.002,0.92,75.0,,,0.0,0.0
29,True,y_t+30min,0.8,split-CP,0.8444444444444444,73.75516666666681,103.42777072978463,135,150,,,,,,,
29,True,y_t+30min,0.8,ACI,0.7851851851851852,67.37922735690235,104.71032768558602,135,150,0.002,0.8,75.0,,,,
29,True,y_t+30min,0.85,split-CP,0.9185185185185185,87.66279761904752,116.75849907808227,135,150,,,,,,,
29,True,y_t+30min,0.85,ACI,0.8444444444444444,72.36978350435572,117.77919386011789,135,150,0.05,0.8666666666666667,75.0,,,,
29,True,y_t+30min,0.9,split-CP,0.9481481481481482,121.41024999999992,144.02976234567896,135,150,,,,0.9090909090909091,0.9772727272727273,,
29,True,y_t+30min,0.9,ACI,0.8888888888888888,88.87190562904173,132.55065999812953,135,150,0.1,0.9066666666666666,75.0,0.8333333333333334,0.9318181818181818,,
29,True,y_t+30min,0.95,split-CP,1.0,199.8543293650792,199.8543293650792,135,150,,,,,,,
29,True,y_t+30min,0.95,ACI,0.9407407407407408,135.05760176901288,185.31502504943597,135,150,0.1,0.96,75.0,,,,
29,True,y_t+30min,0.9,CQR,0.9555555555555556,125.09337896455658,142.76944862345414,135,150,,,,0.9242424242424242,0.9772727272727273,0.0,0.0
29,True,y_t+30min,0.9,ACQR,0.9259259259259259,111.17004673313684,139.73886051707848,135,150,0.002,0.9066666666666666,75.0,0.8863636363636364,0.9621212121212122,0.0,0.0
29,True,y_t+30min,0.95,CQR,0.9629629629629629,142.9695923388973,172.82982792845712,135,150,,,,,,0.0,0.0
29,True,y_t+30min,0.95,ACQR,0.9481481481481482,145.85182570269302,188.29142601251834,135,150,0.1,0.9466666666666667,75.0,,,0.0,0.0
29,True,y_t+60min,0.8,split-CP,0.7777777777777778,123.69761904761891,191.2751857730747,135,150,,,,,,,
29,True,y_t+60min,0.8,ACI,0.7851851851851852,146.6441792835765,201.90753762225427,135,150,0.1,0.8133333333333334,75.0,,,,
29,True,y_t+60min,0.85,split-CP,0.8518518518518519,144.16877380952386,209.8778794336665,135,150,,,,,,,
29,True,y_t+60min,0.85,ACI,0.837037037037037,152.42923703970925,216.16459933996046,135,150,0.1,0.8533333333333334,75.0,,,,
29,True,y_t+60min,0.9,split-CP,0.9333333333333333,203.1304583333335,244.8537327307466,135,150,,,,0.8636363636363636,0.9848484848484849,,
29,True,y_t+60min,0.9,ACI,0.8814814814814815,171.77412746163301,230.90402560978114,135,150,0.1,0.9066666666666666,75.0,0.8257575757575758,0.9242424242424242,,
29,True,y_t+60min,0.95,split-CP,1.0,398.1505595238095,398.1505595238095,135,150,,,,,,,
29,True,y_t+60min,0.95,ACI,0.9333333333333333,213.99231497699836,330.65717361630124,135,150,0.1,0.9466666666666667,75.0,,,,
29,True,y_t+60min,0.9,CQR,0.9259259259259259,212.61859222408262,234.81604560790976,135,150,,,,0.8787878787878788,0.9621212121212122,0.0,0.0
29,True,y_t+60min,0.9,ACQR,0.8888888888888888,238.58147754063177,274.5741822493752,135,150,0.1,0.92,75.0,0.8409090909090909,0.9318181818181818,0.0,0.0
29,True,y_t+60min,0.95,CQR,1.0,409.23250691809073,409.23250691809073,135,150,,,,,,0.0,0.0
29,True,y_t+60min,0.95,ACQR,0.9407407407407408,251.85121460348498,296.47664828108446,135,150,0.1,0.96,75.0,,,0.0,0.0
29,True,y_t+90min,0.8,split-CP,0.7777777777777778,171.6884107142857,282.6124586272781,135,150,,,,,,,
29,True,y_t+90min,0.8,ACI,0.7851851851851852,199.196364021164,275.4690596413874,135,150,0.1,0.8,75.0,,,,
29,True,y_t+90min,0.85,split-CP,0.8444444444444444,206.9798313492065,309.2931685038213,135,150,,,,,,,
29,True,y_t+90min,0.85,ACI,0.837037037037037,223.84932995296882,313.1218751224769,135,150,0.1,0.84,75.0,,,,
29,True,y_t+90min,0.9,split-CP,0.9333333333333333,267.5917023809525,352.65449720752497,135,150,,,,0.8560606060606061,0.9924242424242424,,
29,True,y_t+90min,0.9,ACI,0.8814814814814815,232.00323633156967,339.26487713109935,135,150,0.05,0.9066666666666666,75.0,0.803030303030303,0.9393939393939394,,
29,True,y_t+90min,0.95,split-CP,1.0,698.1984464285714,698.1984464285714,135,150,,,,,,,
29,True,y_t+90min,0.95,ACI,0.9185185185185185,358.97059181363903,506.52423408289235,135,150,0.1,0.9466666666666667,75.0,,,,
29,True,y_t+90min,0.9,CQR,0.9333333333333333,324.613508167759,342.55506522026076,135,150,,,,0.8863636363636364,0.9696969696969697,0.0,0.0
29,True,y_t+90min,0.9,ACQR,0.8888888888888888,299.14748943902674,368.0408971338684,135,150,0.1,0.9066666666666666,75.0,0.8257575757575758,0.9393939393939394,0.0,0.0
29,True,y_t+90min,0.95,CQR,1.0,595.1724744672146,595.1724744672146,135,150,,,,,,0.0,0.0
29,True,y_t+90min,0.95,ACQR,0.9407407407407408,394.2909971074081,416.1415878641279,135,150,0.05,0.96,75.0,,,0.0,0.0
30,True,y_t+30min,0.8,split-CP,0.7555555555555555,62.37984523809519,109.22855770001605,135,150,,,,,,,
30,True,y_t+30min,0.8,ACI,0.762962962962963,64.29206519694301,112.15651722382562,135,150,0.01,0.8,75.0,,,,
30,True,y_t+30min,0.85,split-CP,0.8888888888888888,83.84811904761912,122.04446092316465,135,150,,,,,,,
30,True,y_t+30min,0.85,ACI,0.837037037037037,77.22039128988297,125.19545292029639,135,150,0.02,0.8533333333333334,75.0,,,,
30,True,y_t+30min,0.9,split-CP,0.9185185185185185,105.10322817460334,142.33305212842714,135,150,,,,0.8712121212121212,0.9696969696969697,,
30,True,y_t+30min,0.9,ACI,0.8888888888888888,107.15937669419057,146.59524826706217,135,150,0.05,0.9066666666666666,75.0,0.8333333333333334,0.946969696969697,,
30,True,y_t+30min,0.95,split-CP,0.9629629629629629,157.4325238095239,178.1528721874833,135,150,,,,,,,
30,True,y_t+30min,0.95,ACI,0.9333333333333333,124.40937513361126,153.39376431644493,135,150,0.1,0.9333333333333333,75.0,,,,
30,True,y_t+30min,0.9,CQR,0.9333333333333333,108.95331651162708,147.71539235727607,135,150,,,,0.8939393939393939,0.9772727272727273,0.0,0.0
30,True,y_t+30min,0.9,ACQR,0.8888888888888888,115.05304341964478,154.88010386424085,135,150,0.05,0.9066666666666666,75.0,0.8333333333333334,0.9393939393939394,0.0,0.0
30,True,y_t+30min,0.95,CQR,0.9703703703703703,177.76882437617573,201.7274009389471,135,150,,,,,,0.0,0.0
30,True,y_t+30min,0.95,ACQR,0.9407407407407408,164.57544429957676,201.95955868837027,135,150,0.05,0.9466666666666667,75.0,,,0.0,0.0
30,True,y_t+60min,0.8,split-CP,0.8074074074074075,120.82461904761882,187.3659052028219,135,150,,,,,,,
30,True,y_t+60min,0.8,ACI,0.7555555555555555,118.46586388488056,194.36389058708778,135,150,0.01,0.8,75.0,,,,
30,True,y_t+60min,0.85,split-CP,0.8592592592592593,152.72883441558452,204.98730900272568,135,150,,,,,,,
30,True,y_t+60min,0.85,ACI,0.837037037037037,151.0241180776014,201.24998593608032,135,150,0.05,0.8533333333333334,75.0,,,,
30,True,y_t+60min,0.9,split-CP,0.9259259259259259,183.27345238095222,231.11031128747794,135,150,,,,0.8636363636363636,0.9772727272727273,,
30,True,y_t+60min,0.9,ACI,0.8888888888888888,168.72996986932822,231.65712402998236,135,150,0.05,0.8933333333333333,75.0,0.8181818181818182,0.946969696969697,,
30,True,y_t+60min,0.95,split-CP,0.9703703703703703,253.12785119047606,279.87332914462064,135,150,,,,,,,
30,True,y_t+60min,0.95,ACI,0.9407407407407408,185.04245525092193,235.8156542515097,135,150,0.1,0.9066666666666666,75.0,,,,
30,True,y_t+60min,0.9,CQR,0.9333333333333333,198.37243484329568,257.1258201582966,135,150,,,,0.8787878787878788,0.9772727272727273,0.0,0.0
30,True,y_t+60min,0.9,ACQR,0.8888888888888888,200.0413460254634,291.29447503336337,135,150,0.05,0.8933333333333333,75.0,0.8181818181818182,0.946969696969697,0.0,0.0
30,True,y_t+60min,0.95,CQR,0.9703703703703703,285.08854790479387,310.10149188646636,135,150,,,,,,0.0,0.0
30,True,y_t+60min,0.95,ACQR,0.9555555555555556,259.2647753668074,329.65294851747205,135,150,0.002,0.92,75.0,,,0.0,0.0
30,True,y_t+90min,0.8,split-CP,0.8,185.53698214285717,269.39886941505,135,150,,,,,,,
30,True,y_t+90min,0.8,ACI,0.762962962962963,189.98161115520287,280.17271440329216,135,150,0.02,0.8,75.0,,,,
30,True,y_t+90min,0.85,split-CP,0.8444444444444444,211.52530952380948,292.95240192043883,135,150,,,,,,,
30,True,y_t+90min,0.85,ACI,0.8222222222222222,225.85561890064668,297.6334447873799,135,150,0.05,0.8533333333333334,75.0,,,,
30,True,y_t+90min,0.9,split-CP,0.9333333333333333,279.40422619047627,336.4872704291593,135,150,,,,0.8636363636363636,0.9848484848484849,,
30,True,y_t+90min,0.9,ACI,0.8814814814814815,267.78720083774255,345.75171039094664,135,150,0.05,0.8933333333333333,75.0,0.803030303030303,0.9393939393939394,,
30,True,y_t+90min,0.95,split-CP,0.9777777777777777,391.0408253968254,409.77814814814826,135,150,,,,,,,
30,True,y_t+90min,0.95,ACI,0.9185185185185185,279.97042414756027,387.22310874485606,135,150,0.1,0.92,75.0,,,,
30,True,y_t+90min,0.9,CQR,0.8962962962962963,239.84477966751462,337.69001193062627,135,150,,,,0.8257575757575758,0.946969696969697,0.0,0.0
30,True,y_t+90min,0.9,ACQR,0.8814814814814815,263.0630961402352,380.8492056088877,135,150,0.02,0.9066666666666666,75.0,0.803030303030303,0.946969696969697,0.0,0.0
30,True,y_t+90min,0.95,CQR,0.9777777777777777,360.5242688651748,411.94410898294376,135,150,,,,,,0.0,0.0
30,True,y_t+90min,0.95,ACQR,0.9333333333333333,341.19752442196824,472.5828658559196,135,150,0.05,0.92,75.0,,,0.0,0.0
