facility_id,dynamic,horizon,level,method,PICP,MPIW,Winkler,n_test,n_cal,gamma,gamma_calB_picp,n_cal_b,picp_ci_lo,picp_ci_hi,n_crossings_cal,n_crossings_test
1,False,y_t+5min,0.8,split-CP,1.0,0.0,0.0,1017,764,,,,,,,
1,False,y_t+5min,0.8,ACI,1.0,0.0,0.0,1017,764,0.002,1.0,382.0,,,,
1,False,y_t+5min,0.85,split-CP,1.0,0.0,0.0,1017,764,,,,,,,
1,False,y_t+5min,0.85,ACI,1.0,0.0,0.0,1017,764,0.002,1.0,382.0,,,,
1,False,y_t+5min,0.9,split-CP,1.0,0.0,0.0,1017,764,,,,1.0,1.0,,
1,False,y_t+5min,0.9,ACI,1.0,0.0,0.0,1017,764,0.002,1.0,382.0,1.0,1.0,,
1,False,y_t+5min,0.95,split-CP,1.0,0.0,0.0,1017,764,,,,,,,
1,False,y_t+5min,0.95,ACI,1.0,0.0,0.0,1017,764,0.002,1.0,382.0,,,,
1,False,y_t+5min,0.9,CQR,1.0,0.0,0.0,1017,764,,,,1.0,1.0,0.0,0.0
1,False,y_t+5min,0.9,ACQR,1.0,0.0,0.0,1017,764,0.002,1.0,382.0,1.0,1.0,0.0,0.0
1,False,y_t+5min,0.95,CQR,1.0,0.0,0.0,1017,764,,,,,,0.0,0.0
1,False,y_t+5min,0.95,ACQR,1.0,0.0,0.0,1017,764,0.002,1.0,382.0,,,0.0,0.0
1,False,y_t+15min,0.8,split-CP,1.0,0.0,0.0,1015,760,,,,,,,
1,False,y_t+15min,0.8,ACI,1.0,0.0,0.0,1015,760,0.002,1.0,380.0,,,,
1,False,y_t+15min,0.85,split-CP,1.0,0.0,0.0,1015,760,,,,,,,
1,False,y_t+15min,0.85,ACI,1.0,0.0,0.0,1015,760,0.002,1.0,380.0,,,,
1,False,y_t+15min,0.9,split-CP,1.0,0.0,0.0,1015,760,,,,1.0,1.0,,
1,False,y_t+15min,0.9,ACI,1.0,0.0,0.0,1015,760,0.002,1.0,380.0,1.0,1.0,,
1,False,y_t+15min,0.95,split-CP,1.0,0.0,0.0,1015,760,,,,,,,
1,False,y_t+15min,0.95,ACI,1.0,0.0,0.0,1015,760,0.002,1.0,380.0,,,,
1,False,y_t+15min,0.9,CQR,1.0,0.0,0.0,1015,760,,,,1.0,1.0,0.0,0.0
1,False,y_t+15min,0.9,ACQR,1.0,0.0,0.0,1015,760,0.002,1.0,380.0,1.0,1.0,0.0,0.0
1,False,y_t+15min,0.95,CQR,1.0,0.0,0.0,1015,760,,,,,,0.0,0.0
1,False,y_t+15min,0.95,ACQR,1.0,0.0,0.0,1015,760,0.002,1.0,380.0,,,0.0,0.0
1,False,y_t+30min,0.8,split-CP,1.0,0.0,0.0,1012,754,,,,,,,
1,False,y_t+30min,0.8,ACI,1.0,0.0,0.0,1012,754,0.002,1.0,377.0,,,,
1,False,y_t+30min,0.85,split-CP,1.0,0.0,0.0,1012,754,,,,,,,
1,False,y_t+30min,0.85,ACI,1.0,0.0,0.0,1012,754,0.002,1.0,377.0,,,,
1,False,y_t+30min,0.9,split-CP,1.0,0.0,0.0,1012,754,,,,1.0,1.0,,
1,False,y_t+30min,0.9,ACI,1.0,0.0,0.0,1012,754,0.002,1.0,377.0,1.0,1.0,,
1,False,y_t+30min,0.95,split-CP,1.0,0.0,0.0,1012,754,,,,,,,
1,False,y_t+30min,0.95,ACI,1.0,0.0,0.0,1012,754,0.002,1.0,377.0,,,,
1,False,y_t+30min,0.9,CQR,1.0,0.0,0.0,1012,754,,,,1.0,1.0,0.0,0.0
1,False,y_t+30min,0.9,ACQR,1.0,0.0,0.0,1012,754,0.002,1.0,377.0,1.0,1.0,0.0,0.0
1,False,y_t+30min,0.95,CQR,1.0,0.0,0.0,1012,754,,,,,,0.0,0.0
1,False,y_t+30min,0.95,ACQR,1.0,0.0,0.0,1012,754,0.002,1.0,377.0,,,0.0,0.0
2,True,y_t+5min,0.8,split-CP,0.8780727630285152,7.311952380952346,9.771042390236566,1017,764,,,,,,,
2,True,y_t+5min,0.8,ACI,0.7954768928220256,5.654299578048597,8.602385696289586,1017,764,0.1,0.8036649214659686,382.0,,,,
2,True,y_t+5min,0.85,split-CP,0.9075712881022616,8.486309523809496,10.937898785028404,1017,764,,,,,,,
2,True,y_t+5min,0.85,ACI,0.8407079646017699,6.282632419266885,9.454935635916222,1017,764,0.1,0.8534031413612565,382.0,,,,
2,True,y_t+5min,0.9,split-CP,0.9360865290068828,10.046373015872971,12.552211759870543,1017,764,,,,0.9117063492063492,0.9563492063492064,,
2,True,y_t+5min,0.9,ACI,0.8888888888888888,7.402880193516381,11.21864722965953,1017,764,0.1,0.900523560209424,382.0,0.8650793650793651,0.9077380952380952,,
2,True,y_t+5min,0.95,split-CP,0.9655850540806292,12.492988095238053,15.178820166950183,1017,764,,,,,,,
2,True,y_t+5min,0.95,ACI,0.943952802359882,9.972227839570024,14.36458996104227,1017,764,0.05,0.950261780104712,382.0,,,,
2,True,y_t+5min,0.9,CQR,0.9233038348082596,6.97460994255833,9.626931671139294,1017,764,,,,0.9017857142857144,0.941468253968254,18.0,5.0
2,True,y_t+5min,0.9,ACQR,0.895771878072763,7.203491611721105,9.744376074416309,1017,764,0.05,0.900523560209424,382.0,0.8819444444444444,0.9087301587301588,18.0,5.0
2,True,y_t+5min,0.95,CQR,0.968534906588004,10.457442580362414,12.855194416308152,1017,764,,,,,,0.0,0.0
2,True,y_t+5min,0.95,ACQR,0.9419862340216324,9.382943218887595,12.62644224235125,1017,764,0.05,0.9476439790575916,382.0,,,0.0,0.0
2,True,y_t+15min,0.8,split-CP,0.8522167487684729,14.895214285714246,20.78761990951029,1015,760,,,,,,,
2,True,y_t+15min,0.8,ACI,0.7931034482758621,11.897644931723994,19.002972241296376,1015,760,0.05,0.8026315789473685,380.0,,,,
2,True,y_t+15min,0.85,split-CP,0.8955665024630541,17.862587301587272,23.24965584139146,1015,760,,,,,,,
2,True,y_t+15min,0.85,ACI,0.8325123152709359,14.0433482757436,23.280377791323204,1015,760,0.002,0.85,380.0,,,,
2,True,y_t+15min,0.9,split-CP,0.934975369458128,22.070281746031696,26.596532078348563,1015,760,,,,0.9087301587301588,0.9583333333333334,,
2,True,y_t+15min,0.9,ACI,0.8847290640394089,17.666486975668015,26.361809674862624,1015,760,0.002,0.9026315789473685,380.0,0.8353174603174603,0.9246031746031746,,
2,True,y_t+15min,0.95,split-CP,0.967487684729064,27.3464166666667,31.490574562775308,1015,760,,,,,,,
2,True,y_t+15min,0.95,ACI,0.9477832512315272,22.474362761440347,30.91197978317066,1015,760,0.02,0.95,380.0,,,,
2,True,y_t+15min,0.9,CQR,0.9103448275862068,16.045712541627385,21.64316392978546,1015,760,,,,0.8829365079365079,0.9365079365079364,1.0,0.0
2,True,y_t+15min,0.9,ACQR,0.8926108374384236,15.11215530660628,21.69515078918489,1015,760,0.005,0.9,380.0,0.8650793650793651,0.9156746031746033,1.0,0.0
2,True,y_t+15min,0.95,CQR,0.9566502463054188,20.530242016290813,26.166126473407644,1015,760,,,,,,0.0,5.0
2,True,y_t+15min,0.95,ACQR,0.9428571428571428,18.71119970647941,26.590349075240365,1015,760,0.002,0.95,380.0,,,0.0,5.0
2,True,y_t+30min,0.8,split-CP,0.8606719367588933,22.9056335978836,31.159775320282485,1012,754,,,,,,,
2,True,y_t+30min,0.8,ACI,0.7905138339920948,17.587439033008373,28.982638983616205,1012,754,0.02,0.8143236074270557,377.0,,,,
2,True,y_t+30min,0.85,split-CP,0.892292490118577,27.52270899470897,34.722118045254405,1012,754,,,,,,,
2,True,y_t+30min,0.85,ACI,0.8399209486166008,21.345896807681367,31.462608847006774,1012,754,0.02,0.8594164456233422,377.0,,,,
2,True,y_t+30min,0.9,split-CP,0.933794466403162,34.44574999999998,39.53175969106649,1012,754,,,,0.8948412698412699,0.9652777777777778,,
2,True,y_t+30min,0.9,ACI,0.8863636363636364,24.923264097896016,35.83224813803672,1012,754,0.02,0.9018567639257294,377.0,0.8422619047619048,0.9206349206349206,,
2,True,y_t+30min,0.95,split-CP,0.991106719367589,47.96896873235459,48.851786898487966,1012,754,,,,,,,
2,True,y_t+30min,0.95,ACI,0.9407114624505928,33.43134201873555,42.27989950249757,1012,754,0.02,0.9549071618037136,377.0,,,,
2,True,y_t+30min,0.9,CQR,0.9426877470355732,27.69033301709838,33.32295051524661,1012,754,,,,0.9136904761904762,0.9652777777777778,0.0,2.0
2,True,y_t+30min,0.9,ACQR,0.892292490118577,25.203437486760134,34.72592684752934,1012,754,0.02,0.9018567639257294,377.0,0.8571428571428571,0.9186507936507936,0.0,2.0
2,True,y_t+30min,0.95,CQR,0.9762845849802372,37.72618752135846,42.99076989754784,1012,754,,,,,,0.0,0.0
2,True,y_t+30min,0.95,ACQR,0.9426877470355732,30.52944513742653,42.98854364274936,1012,754,0.005,0.9496021220159152,377.0,,,0.0,0.0
3,True,y_t+5min,0.8,split-CP,0.8289085545722714,5.390944801647611,9.364417351394737,1017,764,,,,,,,
3,True,y_t+5min,0.8,ACI,0.7935103244837758,5.2871656615854015,8.174298975438232,1017,764,0.1,0.8010471204188482,382.0,,,,
3,True,y_t+5min,0.85,split-CP,0.872173058013766,6.547700530318395,10.613510964103268,1017,764,,,,,,,
3,True,y_t+5min,0.85,ACI,0.8466076696165191,5.694169653082632,9.835328800756038,1017,764,0.02,0.8507853403141361,382.0,,,,
3,True,y_t+5min,0.9,split-CP,0.903638151425762,7.972531190835657,12.377938400072749,1017,764,,,,0.8690476190476191,0.9375,,
3,True,y_t+5min,0.9,ACI,0.8977384464110127,6.896493183097903,11.565332197792376,1017,764,0.02,0.900523560209424,382.0,0.8611111111111112,0.9285714285714286,,
3,True,y_t+5min,0.95,split-CP,0.9429695181907572,10.032670769063968,15.50227854793427,1017,764,,,,,,,
3,True,y_t+5min,0.95,ACI,0.9488692232055064,9.8056671684683,14.671313352649385,1017,764,0.02,0.950261780104712,382.0,,,,
3,True,y_t+5min,0.9,CQR,0.9085545722713864,6.262392435718897,10.67858026622382,1017,764,,,,0.8779761904761905,0.933531746031746,0.0,0.0
3,True,y_t+5min,0.9,ACQR,0.9016715830875124,6.767994181201381,10.22696485428088,1017,764,0.02,0.900523560209424,382.0,0.8809523809523809,0.921626984126984,0.0,0.0
3,True,y_t+5min,0.95,CQR,0.9459193706981318,7.796148961304134,13.561206717682266,1017,764,,,,,,0.0,0.0
3,True,y_t+5min,0.95,ACQR,0.951819075712881,8.747375757529525,13.192240127303627,1017,764,0.01,0.9476439790575916,382.0,,,0.0,0.0
3,True,y_t+15min,0.8,split-CP,0.8344827586206897,11.554033104119922,20.331085896292173,1015,760,,,,,,,
3,True,y_t+15min,0.8,ACI,0.7891625615763547,10.79939984007053,18.151408085018428,1015,760,0.05,0.8,380.0,,,,
3,True,y_t+15min,0.85,split-CP,0.8679802955665025,13.396884482849709,23.16123672684732,1015,760,,,,,,,
3,True,y_t+15min,0.85,ACI,0.8443349753694581,12.42065345612698,23.55938102582664,1015,760,0.005,0.8473684210526315,380.0,,,,
3,True,y_t+15min,0.9,split-CP,0.9004926108374385,16.435103194242355,27.415201607414662,1015,760,,,,0.8591269841269841,0.9365079365079364,,
3,True,y_t+15min,0.9,ACI,0.8916256157635468,16.65656652844054,26.581122878950097,1015,760,0.02,0.9,380.0,0.8511904761904762,0.925595238095238,,
3,True,y_t+15min,0.95,split-CP,0.9389162561576356,21.80228048788012,34.56795815121294,1015,760,,,,,,,
3,True,y_t+15min,0.95,ACI,0.9477832512315272,26.37663460013805,35.26085891459389,1015,760,0.005,0.95,380.0,,,,
3,True,y_t+15min,0.9,CQR,0.8817733990147784,13.494300006783837,25.349882616313288,1015,760,,,,0.8373015873015873,0.91765873015873,0.0,0.0
3,True,y_t+15min,0.9,ACQR,0.8985221674876848,15.593075678827482,24.62947471489451,1015,760,0.02,0.9,380.0,0.8670634920634921,0.9246031746031746,0.0,0.0
3,True,y_t+15min,0.95,CQR,0.9261083743842364,17.738016160319308,32.360281109283626,1015,760,,,,,,0.0,0.0
3,True,y_t+15min,0.95,ACQR,0.9527093596059112,24.50350506887069,32.86686766342627,1015,760,0.005,0.95,380.0,,,0.0,0.0
3,True,y_t+30min,0.8,split-CP,0.8191699604743083,17.401987495131184,31.68918150544413,1012,754,,,,,,,
3,True,y_t+30min,0.8,ACI,0.7924901185770751,18.827878481194364,32.256034028127395,1012,754,0.02,0.7771883289124668,377.0,,,,
3,True,y_t+30min,0.85,split-CP,0.8646245059288538,22.018596531927745,36.07357766725646,1012,754,,,,,,,
3,True,y_t+30min,0.85,ACI,0.8507905138339921,21.99541486870648,37.33305257151103,1012,754,0.005,0.8222811671087533,377.0,,,,
3,True,y_t+30min,0.9,split-CP,0.91600790513834,27.976064596861463,41.89688267435199,1012,754,,,,0.8740079365079365,0.9503968253968254,,
3,True,y_t+30min,0.9,ACI,0.9011857707509882,29.57576345603228,44.82489417391361,1012,754,0.005,0.8806366047745358,377.0,0.8571428571428571,0.9404761904761904,,
3,True,y_t+30min,0.95,split-CP,0.9476284584980236,34.43114375738492,53.071984669327605,1012,754,,,,,,,
3,True,y_t+30min,0.95,ACI,0.9545454545454546,39.52096980367386,56.06760066325307,1012,754,0.002,0.9416445623342176,377.0,,,,
3,True,y_t+30min,0.9,CQR,0.8527667984189723,21.677690575032543,43.344671496324224,1012,754,,,,0.8015873015873016,0.9007936507936508,0.0,0.0
3,True,y_t+30min,0.9,ACQR,0.900197628458498,28.55295378381497,43.53664558003505,1012,754,0.002,0.896551724137931,377.0,0.8561507936507936,0.941468253968254,0.0,0.0
3,True,y_t+30min,0.95,CQR,0.9298418972332017,33.8745476983273,53.59126092676864,1012,754,,,,,,0.0,3.0
3,True,y_t+30min,0.95,ACQR,0.949604743083004,40.2971750950504,52.61090425226208,1012,754,0.005,0.946949602122016,377.0,,,0.0,3.0
4,True,y_t+5min,0.8,split-CP,0.8436578171091446,6.979054223699665,11.401426669983197,1017,764,,,,,,,
4,True,y_t+5min,0.8,ACI,0.7974434611602753,5.748734524120585,10.802120368219317,1017,764,0.02,0.8010471204188482,382.0,,,,
4,True,y_t+5min,0.85,split-CP,0.8790560471976401,8.301991621274313,12.94541688072055,1017,764,,,,,,,
4,True,y_t+5min,0.85,ACI,0.8475909537856441,6.915577566261808,12.236737361405543,1017,764,0.02,0.8481675392670157,382.0,,,,
4,True,y_t+5min,0.9,split-CP,0.9321533923303836,10.630945854338652,15.340843167593889,1017,764,,,,0.9007936507936508,0.9593253968253967,,
4,True,y_t+5min,0.9,ACI,0.8977384464110127,9.029304666117596,13.972537629028537,1017,764,0.05,0.900523560209424,382.0,0.8680555555555556,0.9226190476190476,,
4,True,y_t+5min,0.95,split-CP,0.9773844641101278,16.380628328989186,20.76183451455132,1017,764,,,,,,,
4,True,y_t+5min,0.95,ACI,0.9478859390363816,12.729109365296924,19.799690867446763,1017,764,0.01,0.950261780104712,382.0,,,,
4,True,y_t+5min,0.9,CQR,0.9262536873156342,8.411307113632386,12.379753784788978,1017,764,,,,0.9047619047619048,0.9474206349206348,0.0,0.0
4,True,y_t+5min,0.9,ACQR,0.8997050147492626,7.63999614472879,12.259340082803256,1017,764,0.02,0.900523560209424,382.0,0.878968253968254,0.9186507936507936,0.0,0.0
4,True,y_t+5min,0.95,CQR,0.9655850540806292,11.506090208895236,16.51624058446841,1017,764,,,,,,0.0,2.0
4,True,y_t+5min,0.95,ACQR,0.9498525073746312,10.090397749639008,16.370039849842943,1017,764,0.002,0.950261780104712,382.0,,,0.0,2.0
4,True,y_t+15min,0.8,split-CP,0.8758620689655172,17.637936067513028,24.85574046440241,1015,760,,,,,,,
4,True,y_t+15min,0.8,ACI,0.7950738916256158,12.779286120174296,23.57994960584025,1015,760,0.02,0.7973684210526316,380.0,,,,
4,True,y_t+15min,0.85,split-CP,0.9133004926108376,20.88313913264716,28.20443004079028,1015,760,,,,,,,
4,True,y_t+15min,0.85,ACI,0.8472906403940886,14.89246397614427,26.89114308247855,1015,760,0.02,0.8473684210526315,380.0,,,,
4,True,y_t+15min,0.9,split-CP,0.9586206896551724,27.18944717927576,33.83328625973553,1015,760,,,,0.941468253968254,0.9751984126984128,,
4,True,y_t+15min,0.9,ACI,0.896551724137931,19.62927553656433,32.709798308264446,1015,760,0.02,0.9,380.0,0.8630952380952381,0.9285714285714286,,
4,True,y_t+15min,0.95,split-CP,0.9802955665024632,35.89348251889057,44.107904991327786,1015,760,,,,,,,
4,True,y_t+15min,0.95,ACI,0.948768472906404,27.42424668577636,42.12429522417465,1015,760,0.002,0.9526315789473684,380.0,,,,
4,True,y_t+15min,0.9,CQR,0.9270935960591132,19.0514673363069,28.23807538060837,1015,760,,,,0.9057043650793648,0.9513888888888888,2.0,2.0
4,True,y_t+15min,0.9,ACQR,0.9004926108374385,16.76280075142538,28.351302273817936,1015,760,0.002,0.9026315789473685,380.0,0.873015873015873,0.9305555555555556,2.0,2.0
4,True,y_t+15min,0.95,CQR,0.9763546798029556,27.8204088591149,37.34596679166413,1015,760,,,,,,2.0,6.0
4,True,y_t+15min,0.95,ACQR,0.9438423645320198,25.334101640443468,38.54999658984066,1015,760,0.02,0.9526315789473684,380.0,,,2.0,6.0
4,True,y_t+30min,0.8,split-CP,0.9011857707509882,32.11497423367879,40.63034894707475,1012,754,,,,,,,
4,True,y_t+30min,0.8,ACI,0.7924901185770751,23.431292544893587,39.24897198549621,1012,754,0.02,0.7824933687002652,377.0,,,,
4,True,y_t+30min,0.85,split-CP,0.9268774703557312,37.27864471222672,45.464931592098914,1012,754,,,,,,,
4,True,y_t+30min,0.85,ACI,0.8438735177865613,26.62420407312467,43.14000940737215,1012,754,0.02,0.830238726790451,377.0,,,,
4,True,y_t+30min,0.9,split-CP,0.958498023715415,46.656486788052746,53.740868624010666,1012,754,,,,0.935515873015873,0.98015873015873,,
4,True,y_t+30min,0.9,ACI,0.8952569169960475,34.03995204145881,52.37329293217884,1012,754,0.01,0.8885941644562334,377.0,0.8551587301587301,0.933531746031746,,
4,True,y_t+30min,0.95,split-CP,0.984189723320158,67.97680111551,70.63567486856853,1012,754,,,,,,,
4,True,y_t+30min,0.95,ACI,0.9466403162055336,46.80599219455518,65.46232591810728,1012,754,0.005,0.9496021220159152,377.0,,,,
4,True,y_t+30min,0.9,CQR,0.9426877470355732,35.00552472385111,46.43781551698675,1012,754,,,,0.9166666666666666,0.9672619047619048,4.0,5.0
4,True,y_t+30min,0.9,ACQR,0.8952569169960475,29.20371698487972,46.5470319169628,1012,754,0.002,0.9018567639257294,377.0,0.8551587301587301,0.9285714285714286,4.0,5.0
4,True,y_t+30min,0.95,CQR,0.9812252964426876,57.53946185237533,64.06019708221504,1012,754,,,,,,1.0,5.0
4,True,y_t+30min,0.95,ACQR,0.9407114624505928,43.862939049342216,61.40733093304606,1012,754,0.02,0.9522546419098143,377.0,,,1.0,5.0
5,True,y_t+5min,0.8,split-CP,0.8377581120943953,5.085952380952335,8.62417864733867,1017,764,,,,,,,
5,True,y_t+5min,0.8,ACI,0.7728613569321534,4.070625948244189,8.532058206397192,1017,764,0.002,0.8036649214659686,382.0,,,,
5,True,y_t+5min,0.85,split-CP,0.8898721730580138,6.300380952380972,9.933363770999632,1017,764,,,,,,,
5,True,y_t+5min,0.85,ACI,0.839724680432645,6.291179416162703,9.37254496977342,1017,764,0.1,0.8507853403141361,382.0,,,,
5,True,y_t+5min,0.9,split-CP,0.91937069813176,7.600658730158732,11.831243933221812,1017,764,,,,0.8928571428571429,0.9464285714285714,,
5,True,y_t+5min,0.9,ACI,0.8859390363815143,7.095606588666082,10.572742625086777,1017,764,0.1,0.900523560209424,382.0,0.8630952380952381,0.9047619047619048,,
5,True,y_t+5min,0.95,split-CP,0.960668633235005,10.438400793650771,15.45115344305536,1017,764,,,,,,,
5,True,y_t+5min,0.95,ACI,0.9478859390363816,9.1630704935292,14.629261121066932,1017,764,0.02,0.950261780104712,382.0,,,,
5,True,y_t+5min,0.9,CQR,0.9360865290068828,6.869261149034033,10.088193429737846,1017,764,,,,0.9196428571428572,0.953373015873016,4.0,4.0
5,True,y_t+5min,0.9,ACQR,0.8977384464110127,5.925118839332471,9.888263634456656,1017,764,0.02,0.8979057591623036,382.0,0.8779761904761905,0.91765873015873,4.0,4.0
5,True,y_t+5min,0.95,CQR,0.95968534906588,9.880188545527933,14.711397421453306,1017,764,,,,,,0.0,0.0
5,True,y_t+5min,0.95,ACQR,0.9488692232055064,9.361431404451752,14.95661881936442,1017,764,0.02,0.9476439790575916,382.0,,,0.0,0.0
5,True,y_t+15min,0.8,split-CP,0.8,10.07289682539681,20.054384054004743,1015,760,,,,,,,
5,True,y_t+15min,0.8,ACI,0.7881773399014779,9.390059029047944,19.56814664814296,1015,760,0.01,0.8,380.0,,,,
5,True,y_t+15min,0.85,split-CP,0.8472906403940886,12.302253968254034,23.03122590357401,1015,760,,,,,,,
5,True,y_t+15min,0.85,ACI,0.8433497536945813,12.120295168897874,22.66548976636997,1015,760,0.01,0.85,380.0,,,,
5,True,y_t+15min,0.9,split-CP,0.8945812807881773,15.060436507936402,27.580129305013543,1015,760,,,,0.8640873015873016,0.9265873015873016,,
5,True,y_t+15min,0.9,ACI,0.896551724137931,16.282685829669322,28.22647239586722,1015,760,0.01,0.9,380.0,0.8611111111111112,0.9275793650793652,,
5,True,y_t+15min,0.95,split-CP,0.9330049261083744,19.301645502645545,37.24452073633352,1015,760,,,,,,,
5,True,y_t+15min,0.95,ACI,0.941871921182266,24.506938623272365,39.99570598727124,1015,760,0.02,0.9473684210526316,380.0,,,,
5,True,y_t+15min,0.9,CQR,0.9339901477832512,16.285559527822606,24.268642364026803,1015,760,,,,0.91765873015873,0.9563492063492064,0.0,8.0
5,True,y_t+15min,0.9,ACQR,0.896551724137931,15.009447802389351,24.48828340875969,1015,760,0.02,0.8894736842105263,380.0,0.8740079365079365,0.9196428571428572,0.0,8.0
5,True,y_t+15min,0.95,CQR,0.9458128078817734,19.546656129606056,35.18693269697067,1015,760,,,,,,0.0,0.0
5,True,y_t+15min,0.95,ACQR,0.941871921182266,23.93886087639982,39.19095214411682,1015,760,0.02,0.9394736842105263,380.0,,,0.0,0.0
5,True,y_t+30min,0.8,split-CP,0.8201581027667985,17.123718308865122,33.48605525350753,1012,754,,,,,,,
5,True,y_t+30min,0.8,ACI,0.7964426877470355,18.036223407614944,33.99896752992921,1012,754,0.02,0.7957559681697612,377.0,,,,
5,True,y_t+30min,0.85,split-CP,0.8616600790513834,20.661456920721218,38.79523487013411,1012,754,,,,,,,
5,True,y_t+30min,0.85,ACI,0.8478260869565217,20.688019395175164,39.96097150539804,1012,754,0.02,0.8461538461538461,377.0,,,,
5,True,y_t+30min,0.9,split-CP,0.8873517786561265,23.88280803963553,47.04447036702725,1012,754,,,,0.8441964285714284,0.9246031746031746,,
5,True,y_t+30min,0.9,ACI,0.8903162055335968,28.72994143724148,50.87187988120102,1012,754,0.02,0.8992042440318302,377.0,0.8541666666666666,0.9236111111111112,,
5,True,y_t+30min,0.95,split-CP,0.9189723320158104,29.24913584015624,65.2310681078655,1012,754,,,,,,,
5,True,y_t+30min,0.95,ACI,0.9318181818181818,42.50501328068049,71.82211130306506,1012,754,0.02,0.9442970822281168,377.0,,,,
5,True,y_t+30min,0.9,CQR,0.9120553359683794,24.64407856789132,37.24174399481471,1012,754,,,,0.8779761904761905,0.9384920634920636,0.0,3.0
5,True,y_t+30min,0.9,ACQR,0.9041501976284584,26.11886689194,38.62168428537033,1012,754,0.01,0.8859416445623343,377.0,0.8640873015873016,0.9384920634920636,0.0,3.0
5,True,y_t+30min,0.95,CQR,0.9614624505928854,34.46337454307447,51.57869624583861,1012,754,,,,,,0.0,0.0
5,True,y_t+30min,0.95,ACQR,0.9486166007905138,35.18378855084402,54.03551546316798,1012,754,0.01,0.93368700265252,377.0,,,0.0,0.0
6,True,y_t+5min,0.8,split-CP,0.8023598820058997,3.055909090909097,5.255462719388481,1017,764,,,,,,,
6,True,y_t+5min,0.8,ACI,0.799410029498525,3.1210736111051984,5.020140094759932,1017,764,0.05,0.8010471204188482,382.0,,,,
6,True,y_t+5min,0.85,split-CP,0.8525073746312685,3.549434373585555,5.905222050892404,1017,764,,,,,,,
6,True,y_t+5min,0.85,ACI,0.8485742379547689,3.689254537402399,5.636587167443976,1017,764,0.05,0.8507853403141361,382.0,,,,
6,True,y_t+5min,0.9,split-CP,0.8938053097345132,4.1167953422765455,6.928237972445813,1017,764,,,,0.8650793650793651,0.9226190476190476,,
6,True,y_t+5min,0.9,ACI,0.8967551622418879,4.631795360012543,6.305233856037075,1017,764,0.05,0.900523560209424,382.0,0.8799603174603174,0.9107142857142856,,
6,True,y_t+5min,0.95,split-CP,0.9508357915437562,5.756185507093692,8.858374357247143,1017,764,,,,,,,
6,True,y_t+5min,0.95,ACI,0.9459193706981318,5.93581426428919,7.693662002333585,1017,764,0.02,0.950261780104712,382.0,,,,
6,True,y_t+5min,0.9,CQR,0.8908554572271387,3.842086933766857,6.511485552160909,1017,764,,,,0.8650793650793651,0.9136904761904762,0.0,0.0
6,True,y_t+5min,0.9,ACQR,0.8967551622418879,4.515365290943064,6.238579853753482,1017,764,0.05,0.8979057591623036,382.0,0.8839285714285714,0.9087301587301588,0.0,0.0
6,True,y_t+5min,0.95,CQR,0.9223205506391348,4.7714382165864455,8.544365859571123,1017,764,,,,,,0.0,0.0
6,True,y_t+5min,0.95,ACQR,0.9488692232055064,5.847560737711278,7.764449651687636,1017,764,0.02,0.950261780104712,382.0,,,0.0,0.0
6,True,y_t+15min,0.8,split-CP,0.7852216748768472,6.14991666666667,11.165570439321671,1015,760,,,,,,,
6,True,y_t+15min,0.8,ACI,0.7940886699507389,6.905129908041237,10.939488771126705,1015,760,0.05,0.8,380.0,,,,
6,True,y_t+15min,0.85,split-CP,0.8354679802955665,7.058547619047616,12.605892287090152,1015,760,,,,,,,
6,True,y_t+15min,0.85,ACI,0.8403940886699507,7.982342183386764,12.15416353159399,1015,760,0.05,0.8447368421052631,380.0,,,,
6,True,y_t+15min,0.9,split-CP,0.8945812807881773,8.478773809523801,14.968359711944684,1015,760,,,,0.8551587301587301,0.9285714285714286,,
6,True,y_t+15min,0.9,ACI,0.8935960591133005,9.508412317521923,15.180987951885736,1015,760,0.02,0.8947368421052632,380.0,0.8660714285714286,0.9196428571428572,,
6,True,y_t+15min,0.95,split-CP,0.934975369458128,10.664665255297516,20.03145350372123,1015,760,,,,,,,
6,True,y_t+15min,0.95,ACI,0.9399014778325124,12.77764738920995,20.32834256048639,1015,760,0.02,0.9421052631578948,380.0,,,,
6,True,y_t+15min,0.9,CQR,0.8926108374384236,8.163745723297184,13.781341861408505,1015,760,,,,0.8630952380952381,0.9196428571428572,0.0,0.0
6,True,y_t+15min,0.9,ACQR,0.8935960591133005,9.164139547733416,14.373928517372892,1015,760,0.02,0.9,380.0,0.8680555555555556,0.9166666666666666,0.0,0.0
6,True,y_t+15min,0.95,CQR,0.9251231527093596,9.338333023549083,17.962609054368823,1015,760,,,,,,0.0,0.0
6,True,y_t+15min,0.95,ACQR,0.9428571428571428,11.919689908275869,18.72645321532814,1015,760,0.02,0.9473684210526316,380.0,,,0.0,0.0
6,True,y_t+30min,0.8,split-CP,0.7776679841897233,8.152111111111111,16.71585798914947,1012,754,,,,,,,
6,True,y_t+30min,0.8,ACI,0.791501976284585,9.349851103566287,16.192423488797257,1012,754,0.02,0.7904509283819628,377.0,,,,
6,True,y_t+30min,0.85,split-CP,0.8458498023715415,10.152302910052914,19.074439129676406,1012,754,,,,,,,
6,True,y_t+30min,0.85,ACI,0.8389328063241107,11.307070783232817,18.84130120300152,1012,754,0.02,0.8408488063660478,377.0,,,,
6,True,y_t+30min,0.9,split-CP,0.8883399209486166,11.90582539682539,23.05311360374024,1012,754,,,,0.8472222222222222,0.9275793650793652,,
6,True,y_t+30min,0.9,ACI,0.8873517786561265,14.677294588836022,23.47628280279213,1012,754,0.02,0.8859416445623343,377.0,0.8571428571428571,0.9136904761904762,,
6,True,y_t+30min,0.95,split-CP,0.9219367588932806,14.29032862887414,32.09957734449074,1012,754,,,,,,,
6,True,y_t+30min,0.95,ACI,0.9535573122529644,23.603549614024995,36.06413190769548,1012,754,0.002,0.946949602122016,377.0,,,,
6,True,y_t+30min,0.9,CQR,0.8616600790513834,10.037909650999296,21.40622018866022,1012,754,,,,0.8244047619047619,0.8958333333333334,0.0,0.0
6,True,y_t+30min,0.9,ACQR,0.9021739130434784,11.582850340858466,21.42252178180809,1012,754,0.002,0.8912466843501327,377.0,0.8700396825396826,0.9315476190476192,0.0,0.0
6,True,y_t+30min,0.95,CQR,0.900197628458498,12.05260580396049,31.370271293799828,1012,754,,,,,,0.0,0.0
6,True,y_t+30min,0.95,ACQR,0.9357707509881424,18.20336272691557,31.50181727552824,1012,754,0.02,0.946949602122016,377.0,,,0.0,0.0
7,True,y_t+5min,0.8,split-CP,0.7433628318584071,13.43288095238097,27.9529910326754,1017,764,,,,,,,
7,True,y_t+5min,0.8,ACI,0.7944936086529006,18.51383917135343,25.903562269643395,1017,764,0.1,0.7984293193717278,382.0,,,,
7,True,y_t+5min,0.85,split-CP,0.7895771878072763,16.3122896825397,31.21975422905208,1017,764,,,,,,,
7,True,y_t+5min,0.85,ACI,0.8466076696165191,20.83674283772784,28.895518117524105,1017,764,0.05,0.8455497382198953,382.0,,,,
7,True,y_t+5min,0.9,split-CP,0.8603736479842674,20.68746031746032,35.49833656838082,1017,764,,,,0.8194444444444444,0.8938492063492064,,
7,True,y_t+5min,0.9,ACI,0.8967551622418879,24.183152010795567,31.80915911678548,1017,764,0.05,0.8952879581151832,382.0,0.876984126984127,0.9117063492063492,,
7,True,y_t+5min,0.95,split-CP,0.9144542772861356,26.283857142857187,43.851176570215856,1017,764,,,,,,,
7,True,y_t+5min,0.95,ACI,0.9488692232055064,31.70988677073682,42.90479969404206,1017,764,0.005,0.9476439790575916,382.0,,,,
7,True,y_t+5min,0.9,CQR,0.8623402163225172,17.967403469660056,29.29054765103915,1017,764,,,,0.8313492063492064,0.8859126984126984,0.0,0.0
7,True,y_t+5min,0.9,ACQR,0.8987217305801377,22.149668684066963,28.95076173035569,1017,764,0.05,0.8979057591623036,382.0,0.8839285714285714,0.9097222222222222,0.0,0.0
7,True,y_t+5min,0.95,CQR,0.9242871189773844,23.2250274565712,35.857404693754525,1017,764,,,,,,0.0,0.0
7,True,y_t+5min,0.95,ACQR,0.952802359882006,26.62498931272051,35.11561493046124,1017,764,0.005,0.950261780104712,382.0,,,0.0,0.0
7,True,y_t+15min,0.8,split-CP,0.6955665024630542,31.107444444444468,71.04212324748775,1015,760,,,,,,,
7,True,y_t+15min,0.8,ACI,0.7891625615763547,47.03935699903089,69.1030919553262,1015,760,0.05,0.7921052631578948,380.0,,,,
7,True,y_t+15min,0.85,split-CP,0.7576354679802956,37.18232539682537,79.47209051220631,1015,760,,,,,,,
7,True,y_t+15min,0.85,ACI,0.8453201970443349,52.06282397242421,77.35345295914024,1015,760,0.02,0.8447368421052631,380.0,,,,
7,True,y_t+15min,0.9,split-CP,0.8364532019704434,47.24847222222223,90.93409319976683,1015,760,,,,0.7867063492063492,0.875,,
7,True,y_t+15min,0.9,ACI,0.8926108374384236,65.08852865045009,87.34360891473972,1015,760,0.02,0.8947368421052632,380.0,0.8581349206349206,0.9186507936507936,,
7,True,y_t+15min,0.95,split-CP,0.8817733990147784,57.54719047619051,114.86490090205356,1015,760,,,,,,,
7,True,y_t+15min,0.95,ACI,0.9467980295566504,81.05978184483826,103.00835835116352,1015,760,0.01,0.9473684210526316,380.0,,,,
7,True,y_t+15min,0.9,CQR,0.8384236453201971,44.96671479418433,74.18462903908338,1015,760,,,,0.7936507936507936,0.8740079365079365,0.0,0.0
7,True,y_t+15min,0.9,ACQR,0.896551724137931,55.21821197597265,71.91048157867799,1015,760,0.02,0.8973684210526316,380.0,0.8650793650793651,0.9206349206349206,0.0,0.0
7,True,y_t+15min,0.95,CQR,0.8798029556650246,52.79522139636196,93.7742390469064,1015,760,,,,,,0.0,0.0
7,True,y_t+15min,0.95,ACQR,0.9428571428571428,67.37934500542877,84.75913605484592,1015,760,0.02,0.9447368421052632,380.0,,,0.0,0.0
7,True,y_t+30min,0.8,split-CP,0.6264822134387352,41.04198677248678,117.77628636592172,1012,754,,,,,,,
7,True,y_t+30min,0.8,ACI,0.7944664031620553,72.55914517571918,113.94160715124048,1012,754,0.02,0.7904509283819628,377.0,,,,
7,True,y_t+30min,0.85,split-CP,0.6758893280632411,48.25494047619054,133.77732062714676,1012,754,,,,,,,
7,True,y_t+30min,0.85,ACI,0.8409090909090909,78.5636631398187,122.3876428767536,1012,754,0.002,0.843501326259947,377.0,,,,
7,True,y_t+30min,0.9,split-CP,0.775691699604743,61.90343386243381,153.6105974238605,1012,754,,,,0.7113095238095238,0.8273809523809523,,
7,True,y_t+30min,0.9,ACI,0.8972332015810277,101.87758641143073,143.72398431997925,1012,754,0.01,0.8912466843501327,377.0,0.8541666666666666,0.929563492063492,,
7,True,y_t+30min,0.95,split-CP,0.866600790513834,83.8078571428572,190.2220256559342,1012,754,,,,,,,
7,True,y_t+30min,0.95,ACI,0.9466403162055336,127.0091350952717,170.50839672863904,1012,754,0.005,0.9496021220159152,377.0,,,,
7,True,y_t+30min,0.9,CQR,0.7924901185770751,66.25835505218912,124.66734772419558,1012,754,,,,0.7331349206349206,0.8363095238095238,0.0,0.0
7,True,y_t+30min,0.9,ACQR,0.8962450592885376,86.73872777934355,116.9828565610344,1012,754,0.002,0.8992042440318302,377.0,0.8492063492063492,0.933531746031746,0.0,0.0
7,True,y_t+30min,0.95,CQR,0.8735177865612648,83.90147801087753,157.4119785715549,1012,754,,,,,,0.0,0.0
7,True,y_t+30min,0.95,ACQR,0.9446640316205532,112.62053681722348,142.69963750564003,1012,754,0.005,0.9416445623342176,377.0,,,0.0,0.0
8,True,y_t+5min,0.8,split-CP,0.7974434611602753,8.487573637058894,33.23486723842821,1017,764,,,,,,,
8,True,y_t+5min,0.8,ACI,0.7925270403146509,10.017125338816832,13.719971842435214,1017,764,0.1,0.7931937172774869,382.0,,,,
8,True,y_t+5min,0.85,split-CP,0.8072763028515241,12.274952790003804,39.522443932642425,1017,764,,,,,,,
8,True,y_t+5min,0.85,ACI,0.8475909537856441,10.65690084502609,15.186547851211934,1017,764,0.05,0.8534031413612565,382.0,,,,
8,True,y_t+5min,0.9,split-CP,0.8377581120943953,16.01600143070448,49.34036492328823,1017,764,,,,0.7232142857142857,0.9305555555555556,,
8,True,y_t+5min,0.9,ACI,0.8977384464110127,11.497593689032476,17.27723450416985,1017,764,0.05,0.9031413612565444,382.0,0.8670138888888888,0.9276289682539676,,
8,True,y_t+5min,0.95,split-CP,0.9547689282202556,35.3568065284346,43.97641711668824,1017,764,,,,,,,
8,True,y_t+5min,0.95,ACI,0.9665683382497542,30.44241402181434,39.767986485695545,1017,764,0.005,0.9528795811518324,382.0,,,,
8,True,y_t+5min,0.9,CQR,0.8711897738446411,6.105262044131411,10.33702663999074,1017,764,,,,0.7837301587301587,0.9484126984126984,0.0,0.0
8,True,y_t+5min,0.9,ACQR,0.8947885939036382,6.119617884914183,10.37050175710954,1017,764,0.1,0.9057591623036648,382.0,0.8700396825396826,0.9136904761904762,0.0,0.0
8,True,y_t+5min,0.95,CQR,0.9823008849557522,7.56420271832067,15.728748233853192,1017,764,,,,,,0.0,0.0
8,True,y_t+5min,0.95,ACQR,0.9508357915437562,6.723733096234263,15.003813567224958,1017,764,0.1,0.9554973821989527,382.0,,,0.0,0.0
8,True,y_t+15min,0.8,split-CP,0.8157635467980295,31.80565985742955,70.12135871321709,1015,760,,,,,,,
8,True,y_t+15min,0.8,ACI,0.8177339901477833,34.36507918654052,50.01125550342744,1015,760,0.005,0.8078947368421052,380.0,,,,
8,True,y_t+15min,0.85,split-CP,0.8167487684729065,32.172470784789006,82.74208312525522,1015,760,,,,,,,
8,True,y_t+15min,0.85,ACI,0.870935960591133,39.32349357781427,54.01508458918689,1015,760,0.005,0.8526315789473684,380.0,,,,
8,True,y_t+15min,0.9,split-CP,0.8660098522167488,56.776428312091134,87.73966343602577,1015,760,,,,0.7628968253968254,0.949404761904762,,
8,True,y_t+15min,0.9,ACI,0.92807881773399,45.50116139911904,61.74701146558241,1015,760,0.005,0.9026315789473685,380.0,0.9037698412698412,0.9751984126984128,,
8,True,y_t+15min,0.95,split-CP,0.994088669950739,79.32239804910472,92.84747345244612,1015,760,,,,,,,
8,True,y_t+15min,0.95,ACI,0.9655172413793104,57.3170780221284,80.44179355891782,1015,760,0.005,0.9473684210526316,380.0,,,,
8,True,y_t+15min,0.9,CQR,0.8955665024630541,18.967327709414924,29.97921984794884,1015,760,,,,0.8035714285714286,0.9663194444444436,0.0,0.0
8,True,y_t+15min,0.9,ACQR,0.8748768472906404,18.116876547476924,29.23200377940283,1015,760,0.1,0.9,380.0,0.8323412698412699,0.9077380952380952,0.0,0.0
8,True,y_t+15min,0.95,CQR,0.994088669950739,22.40925132410781,43.19592675288721,1015,760,,,,,,0.0,0.0
8,True,y_t+15min,0.95,ACQR,0.896551724137931,23.02818718025608,44.36831416711499,1015,760,0.1,0.9447368421052632,380.0,,,0.0,0.0
8,True,y_t+30min,0.8,split-CP,0.8300395256916996,64.78256591008532,85.66384578655305,1012,754,,,,,,,
8,True,y_t+30min,0.8,ACI,0.8211462450592886,49.69282387026862,66.71449309680159,1012,754,0.005,0.7931034482758621,377.0,,,,
8,True,y_t+30min,0.85,split-CP,0.8300395256916996,64.80066263823642,92.61844877714258,1012,754,,,,,,,
8,True,y_t+30min,0.85,ACI,0.8764822134387352,53.215811187183576,72.7130432667676,1012,754,0.005,0.8461538461538461,377.0,,,,
8,True,y_t+30min,0.9,split-CP,0.9881422924901184,96.66155313089598,106.7822983095168,1012,754,,,,0.9761904761904762,1.0,,
8,True,y_t+30min,0.9,ACI,0.8962450592885376,47.06295274263096,73.99536706210684,1012,754,0.02,0.9018567639257294,377.0,0.8600694444444443,0.9464781746031738,,
8,True,y_t+30min,0.95,split-CP,0.9881422924901184,102.12071815065882,120.69846297806798,1012,754,,,,,,,
8,True,y_t+30min,0.95,ACI,0.9565217391304348,62.72382225614941,106.95087761612844,1012,754,0.01,0.9363395225464192,377.0,,,,
8,True,y_t+30min,0.9,CQR,0.8982213438735178,26.36067442674046,48.791754930132775,1012,754,,,,0.8194444444444444,0.9603174603174603,0.0,0.0
8,True,y_t+30min,0.9,ACQR,0.8507905138339921,28.73331362491492,51.66133616602757,1012,754,0.1,0.8859416445623343,377.0,0.808531746031746,0.8878968253968254,0.0,0.0
8,True,y_t+30min,0.95,CQR,0.9436758893280632,37.78601166453288,72.19562027536664,1012,754,,,,,,0.0,0.0
8,True,y_t+30min,0.95,ACQR,0.941699604743083,43.168793935636536,77.65728778461455,1012,754,0.005,0.946949602122016,377.0,,,0.0,0.0
9,True,y_t+5min,0.8,split-CP,0.7010816125860374,2.095793650793439,6.439489671259697,1017,764,,,,,,,
9,True,y_t+5min,0.8,ACI,0.7954768928220256,3.031417946496852,4.3679593898672096,1017,764,0.1,0.806282722513089,382.0,,,,
9,True,y_t+5min,0.85,split-CP,0.7561455260570304,2.652145502645453,7.442878147096642,1017,764,,,,,,,
9,True,y_t+5min,0.85,ACI,0.8357915437561455,3.326994511533844,4.725890563404335,1017,764,0.1,0.8481675392670157,382.0,,,,
9,True,y_t+5min,0.9,split-CP,0.8092428711897739,3.332997354497365,9.023893076005187,1017,764,,,,0.7400793650793651,0.8829365079365079,,
9,True,y_t+5min,0.9,ACI,0.8859390363815143,3.961738150810917,5.72335247497688,1017,764,0.05,0.900523560209424,382.0,0.8531746031746031,0.9156746031746033,,
9,True,y_t+5min,0.95,split-CP,0.8692232055063913,4.502814814814883,12.112502348956522,1017,764,,,,,,,
9,True,y_t+5min,0.95,ACI,0.9400196656833824,5.679440828900537,7.572403467885766,1017,764,0.02,0.950261780104712,382.0,,,,
9,True,y_t+5min,0.9,CQR,0.8662733529990168,3.319757678687058,6.318577335198268,1017,764,,,,0.8273809523809523,0.9097222222222222,0.0,0.0
9,True,y_t+5min,0.9,ACQR,0.8938053097345132,3.938784924054054,5.57668745889213,1017,764,0.02,0.8979057591623036,382.0,0.8591269841269841,0.921626984126984,0.0,0.0
9,True,y_t+5min,0.95,CQR,0.9360865290068828,4.286467723457316,7.193266354286135,1017,764,,,,,,3.0,1.0
9,True,y_t+5min,0.95,ACQR,0.9459193706981318,4.7069419552330025,6.633141543246292,1017,764,0.02,0.9476439790575916,382.0,,,3.0,1.0
9,True,y_t+15min,0.8,split-CP,0.6935960591133005,4.54867724867745,14.586970821278593,1015,760,,,,,,,
9,True,y_t+15min,0.8,ACI,0.7645320197044335,6.552733242227579,14.23496414259886,1015,760,0.002,0.8,380.0,,,,
9,True,y_t+15min,0.85,split-CP,0.7438423645320197,5.707384920634468,16.91798964802486,1015,760,,,,,,,
9,True,y_t+15min,0.85,ACI,0.81871921182266,7.71574256415906,12.229982787172672,1015,760,0.05,0.8473684210526315,380.0,,,,
9,True,y_t+15min,0.9,split-CP,0.787192118226601,6.781571428571624,21.11459201325928,1015,760,,,,0.7113095238095238,0.8680555555555556,,
9,True,y_t+15min,0.9,ACI,0.8778325123152709,9.919810841111078,15.099078924241232,1015,760,0.02,0.9052631578947368,380.0,0.8343253968253969,0.9156746031746033,,
9,True,y_t+15min,0.95,split-CP,0.8344827586206897,8.36858333333339,31.0434496839138,1015,760,,,,,,,
9,True,y_t+15min,0.95,ACI,0.9369458128078818,13.07713923897666,19.66144645848589,1015,760,0.01,0.95,380.0,,,,
9,True,y_t+15min,0.9,CQR,0.8266009852216749,6.822321766711271,17.193908204239374,1015,760,,,,0.7628968253968254,0.8888888888888888,0.0,0.0
9,True,y_t+15min,0.9,ACQR,0.8827586206896552,9.195790952648926,13.52193427102089,1015,760,0.02,0.9026315789473685,380.0,0.8422619047619048,0.9166666666666666,0.0,0.0
9,True,y_t+15min,0.95,CQR,0.8886699507389163,9.050973756589448,22.624112310838218,1015,760,,,,,,0.0,6.0
9,True,y_t+15min,0.95,ACQR,0.934975369458128,11.215584650891063,16.315876369258714,1015,760,0.02,0.9473684210526316,380.0,,,0.0,6.0
9,True,y_t+30min,0.8,split-CP,0.6709486166007905,7.34318650793648,26.16113095850008,1012,754,,,,,,,
9,True,y_t+30min,0.8,ACI,0.7737154150197628,13.010990521605542,22.331290668940568,1012,754,0.01,0.8063660477453581,377.0,,,,
9,True,y_t+30min,0.85,split-CP,0.7065217391304348,8.940000000000055,30.69249226204321,1012,754,,,,,,,
9,True,y_t+30min,0.85,ACI,0.8043478260869565,13.828457970205251,22.053739171542087,1012,754,0.05,0.8567639257294429,377.0,,,,
9,True,y_t+30min,0.9,split-CP,0.7628458498023716,11.338864417989498,37.65697140552681,1012,754,,,,0.6716269841269841,0.8581349206349206,,
9,True,y_t+30min,0.9,ACI,0.8695652173913043,16.74154911471707,26.150529086628417,1012,754,0.02,0.9018567639257294,377.0,0.8204365079365079,0.9146825396825397,,
9,True,y_t+30min,0.95,split-CP,0.8201581027667985,14.770203703703372,52.94376292214399,1012,754,,,,,,,
9,True,y_t+30min,0.95,ACI,0.9278656126482212,27.456163105043547,45.07061656398558,1012,754,0.002,0.946949602122016,377.0,,,,
9,True,y_t+30min,0.9,CQR,0.8231225296442688,11.497278659252157,34.868296255045166,1012,754,,,,0.7450396825396826,0.9027777777777778,4.0,1.0
9,True,y_t+30min,0.9,ACQR,0.8804347826086957,17.165873278510148,28.32570289596716,1012,754,0.01,0.8992042440318302,377.0,0.8253968253968254,0.9265873015873016,4.0,1.0
9,True,y_t+30min,0.95,CQR,0.8310276679841897,11.959475858366613,52.30567703658574,1012,754,,,,,,5.0,20.0
9,True,y_t+30min,0.95,ACQR,0.9229249011857708,20.064154101098243,31.89655142443621,1012,754,0.02,0.9496021220159152,377.0,,,5.0,20.0
10,False,y_t+5min,0.8,split-CP,0.9026548672566372,1.5457063492063488,1.957750500746568,1017,764,,,,,,,
10,False,y_t+5min,0.8,ACI,0.7974434611602753,0.8982839831332947,1.649389716096206,1017,764,0.1,0.806282722513089,382.0,,,,
10,False,y_t+5min,0.85,split-CP,0.9174041297935104,1.8033571428571376,2.200538741743099,1017,764,,,,,,,
10,False,y_t+5min,0.85,ACI,0.839724680432645,1.1275928683283647,1.890241778651808,1017,764,0.1,0.8534031413612565,382.0,,,,
10,False,y_t+5min,0.9,split-CP,0.9587020648967552,2.230785714285716,2.5803507411049216,1017,764,,,,0.941468253968254,0.9742063492063492,,
10,False,y_t+5min,0.9,ACI,0.8849557522123894,1.4457748695457635,2.2963771050865445,1017,764,0.1,0.900523560209424,382.0,0.8640873015873016,0.9027777777777778,,
10,False,y_t+5min,0.95,split-CP,0.992133726647001,3.1315833333333383,3.43632617070646,1017,764,,,,,,,
10,False,y_t+5min,0.95,ACI,0.9419862340216324,1.955016347749632,2.870051465041386,1017,764,0.05,0.9528795811518324,382.0,,,,
10,False,y_t+5min,0.9,CQR,0.9262536873156342,1.4296840597839324,1.9855435687657528,1017,764,,,,0.9077380952380952,0.945436507936508,0.0,4.0
10,False,y_t+5min,0.9,ACQR,0.8967551622418879,1.2259052323181925,1.9508256906147348,1017,764,0.05,0.900523560209424,382.0,0.8809523809523809,0.9126984126984128,0.0,4.0
10,False,y_t+5min,0.95,CQR,0.9724680432645034,2.378879170699642,2.7821258668463527,1017,764,,,,,,0.0,1.0
10,False,y_t+5min,0.95,ACQR,0.9478859390363816,1.9544474098129296,2.7311959697460413,1017,764,0.02,0.950261780104712,382.0,,,0.0,1.0
10,False,y_t+15min,0.8,split-CP,0.9320197044334976,3.4906507936508007,3.9526895870504286,1015,760,,,,,,,
10,False,y_t+15min,0.8,ACI,0.7793103448275862,2.297204125941564,3.5791416314209408,1015,760,0.1,0.7973684210526316,380.0,,,,
10,False,y_t+15min,0.85,split-CP,0.9517241379310344,3.819309523809522,4.305850340530963,1015,760,,,,,,,
10,False,y_t+15min,0.85,ACI,0.8246305418719212,2.553339730995149,3.984040446809164,1015,760,0.1,0.8421052631578947,380.0,,,,
10,False,y_t+15min,0.9,split-CP,0.9793103448275862,4.836472222222221,5.265397047533745,1015,760,,,,0.9662698412698412,0.992063492063492,,
10,False,y_t+15min,0.9,ACI,0.8827586206896552,3.046473439414079,4.399353955814298,1015,760,0.05,0.9078947368421052,380.0,0.8561011904761903,0.9067460317460316,,
10,False,y_t+15min,0.95,split-CP,0.994088669950739,6.735146825396825,7.175411517829004,1015,760,,,,,,,
10,False,y_t+15min,0.95,ACI,0.9339901477832512,3.818257153164296,5.712068849769096,1015,760,0.05,0.95,380.0,,,,
10,False,y_t+15min,0.9,CQR,0.9625615763546798,3.3559448051461978,3.81614883080612,1015,760,,,,0.9503968253968254,0.9761904761904762,1.0,4.0
10,False,y_t+15min,0.9,ACQR,0.8955665024630541,2.680587577058603,3.64935936887958,1015,760,0.01,0.9,380.0,0.8740079365079365,0.9166666666666666,1.0,4.0
10,False,y_t+15min,0.95,CQR,0.9901477832512317,5.074974771072449,5.369614289096034,1015,760,,,,,,0.0,0.0
10,False,y_t+15min,0.95,ACQR,0.9310344827586208,3.789927035444981,5.154503235144161,1015,760,0.05,0.95,380.0,,,0.0,0.0
10,False,y_t+30min,0.8,split-CP,0.9466403162055336,5.3128571428571405,5.77695378878185,1012,754,,,,,,,
10,False,y_t+30min,0.8,ACI,0.7845849802371542,2.991627512732568,4.927170105054796,1012,754,0.05,0.8010610079575596,377.0,,,,
10,False,y_t+30min,0.85,split-CP,0.9644268774703556,6.148825396825401,6.52916214389963,1012,754,,,,,,,
10,False,y_t+30min,0.85,ACI,0.8280632411067194,3.570453038564277,5.507721413366202,1012,754,0.05,0.8408488063660478,377.0,,,,
10,False,y_t+30min,0.9,split-CP,0.9920948616600792,8.09086507936508,8.337760710816049,1012,754,,,,0.9811507936507936,0.9990079365079364,,
10,False,y_t+30min,0.9,ACI,0.8853754940711462,4.425137686734013,6.139307496760144,1012,754,0.02,0.9018567639257294,377.0,0.8482142857142857,0.9186507936507936,,
10,False,y_t+30min,0.95,split-CP,0.9940711462450592,10.326412698412696,10.548621745404352,1012,754,,,,,,,
10,False,y_t+30min,0.95,ACI,0.9426877470355732,5.811896351643945,7.727395396772433,1012,754,0.01,0.9496021220159152,377.0,,,,
10,False,y_t+30min,0.9,CQR,0.9762845849802372,5.304784622294967,5.61921344302148,1012,754,,,,0.9632936507936508,0.9900793650793652,0.0,0.0
10,False,y_t+30min,0.9,ACQR,0.8883399209486166,3.789049204354396,5.221440028200716,1012,754,0.02,0.8992042440318302,377.0,0.8591269841269841,0.9166666666666666,0.0,0.0
10,False,y_t+30min,0.95,CQR,0.9960474308300395,8.489317414803754,8.60824574122305,1012,754,,,,,,0.0,0.0
10,False,y_t+30min,0.95,ACQR,0.9397233201581028,5.246431408777122,6.648472083425332,1012,754,0.01,0.9522546419098143,377.0,,,0.0,0.0
11,True,y_t+5min,0.8,split-CP,0.8387413962635202,2.411637438674796,4.106730689273216,1017,764,,,,,,,
11,True,y_t+5min,0.8,ACI,0.7915437561455261,2.2504679940766468,3.493934900817889,1017,764,0.1,0.7984293193717278,382.0,,,,
11,True,y_t+5min,0.85,split-CP,0.9006882989183874,3.133631771134107,4.72428227186491,1017,764,,,,,,,
11,True,y_t+5min,0.85,ACI,0.8436578171091446,2.266096925321482,4.168492877633855,1017,764,0.02,0.8534031413612565,382.0,,,,
11,True,y_t+5min,0.9,split-CP,0.9301868239921336,3.968938983055255,5.590938559282955,1017,764,,,,0.9047619047619048,0.9623015873015872,,
11,True,y_t+5min,0.9,ACI,0.8928220255653884,2.8468570192963014,5.084438518608381,1017,764,0.01,0.8979057591623036,382.0,0.8580853174603172,0.925595238095238,,
11,True,y_t+5min,0.95,split-CP,0.9557522123893806,4.914412273753595,6.962236061095574,1017,764,,,,,,,
11,True,y_t+5min,0.95,ACI,0.9429695181907572,3.850147495522249,5.530802464938279,1017,764,0.05,0.950261780104712,382.0,,,,
11,True,y_t+5min,0.9,CQR,0.895771878072763,2.61528531430628,4.53933684004073,1017,764,,,,0.871031746031746,0.9226190476190476,0.0,0.0
11,True,y_t+5min,0.9,ACQR,0.8967551622418879,2.700240966848733,4.459466182074903,1017,764,0.02,0.900523560209424,382.0,0.871031746031746,0.921626984126984,0.0,0.0
11,True,y_t+5min,0.95,CQR,0.9410029498525072,3.4452309372232093,5.5293054046209775,1017,764,,,,,,0.0,0.0
11,True,y_t+5min,0.95,ACQR,0.9469026548672568,3.583530505471736,5.360884763320994,1017,764,0.01,0.950261780104712,382.0,,,0.0,0.0
11,True,y_t+15min,0.8,split-CP,0.8561576354679803,4.485262568743975,8.446207267313056,1015,760,,,,,,,
11,True,y_t+15min,0.8,ACI,0.7881773399014779,4.03494502713579,7.430910935338153,1015,760,0.05,0.7973684210526316,380.0,,,,
11,True,y_t+15min,0.85,split-CP,0.8916256157635468,5.619001137696454,9.851727239120422,1015,760,,,,,,,
11,True,y_t+15min,0.85,ACI,0.8394088669950739,4.384537547828926,9.673799646734704,1015,760,0.01,0.8473684210526315,380.0,,,,
11,True,y_t+15min,0.9,split-CP,0.916256157635468,6.831176706544692,11.930219295227673,1015,760,,,,0.8809523809523809,0.953373015873016,,
11,True,y_t+15min,0.9,ACI,0.8945812807881773,6.156980171306525,11.45364010141473,1015,760,0.02,0.9026315789473685,380.0,0.8521825396825397,0.929563492063492,,
11,True,y_t+15min,0.95,split-CP,0.9448275862068966,9.500773490239006,15.64376600985221,1015,760,,,,,,,
11,True,y_t+15min,0.95,ACI,0.9458128078817734,8.966733599838403,16.039866995725482,1015,760,0.01,0.9473684210526316,380.0,,,,
11,True,y_t+15min,0.9,CQR,0.916256157635468,5.446614041686219,10.10833767057918,1015,760,,,,0.8819444444444444,0.9474206349206348,0.0,0.0
11,True,y_t+15min,0.9,ACQR,0.8935960591133005,5.787246173690973,10.548405215562184,1015,760,0.02,0.9,380.0,0.8581349206349206,0.9226190476190476,0.0,0.0
11,True,y_t+15min,0.95,CQR,0.9477832512315272,7.350571184527627,13.389300340935842,1015,760,,,,,,0.0,0.0
11,True,y_t+15min,0.95,ACQR,0.9428571428571428,7.632816245622464,13.723742022397184,1015,760,0.02,0.95,380.0,,,0.0,0.0
11,True,y_t+30min,0.8,split-CP,0.8142292490118577,6.522735339184592,14.373580700459131,1012,754,,,,,,,
11,True,y_t+30min,0.8,ACI,0.7855731225296443,6.277207915692973,14.523923973768918,1012,754,0.02,0.8037135278514589,377.0,,,,
11,True,y_t+30min,0.85,split-CP,0.8695652173913043,8.2983920963264,16.74471362375899,1012,754,,,,,,,
11,True,y_t+30min,0.85,ACI,0.8369565217391305,7.608374229610675,17.183334219995736,1012,754,0.01,0.8461538461538461,377.0,,,,
11,True,y_t+30min,0.9,split-CP,0.9071146245059288,10.13076440834409,20.535765496876472,1012,754,,,,0.8670634920634921,0.9503968253968254,,
11,True,y_t+30min,0.9,ACI,0.8853754940711462,10.440332146659031,21.93517210343431,1012,754,0.02,0.8938992042440318,377.0,0.8392857142857143,0.9246031746031746,,
11,True,y_t+30min,0.95,split-CP,0.9486166007905138,15.225229689300424,28.395700391490305,1012,754,,,,,,,
11,True,y_t+30min,0.95,ACI,0.9426877470355732,15.084561366522488,31.24702894709097,1012,754,0.005,0.93368700265252,377.0,,,,
11,True,y_t+30min,0.9,CQR,0.8952569169960475,7.925972384509349,18.344102572660912,1012,754,,,,0.8531746031746031,0.933531746031746,0.0,1.0
11,True,y_t+30min,0.9,ACQR,0.8942687747035574,8.970182507801445,19.741224466301063,1012,754,0.01,0.8806366047745358,377.0,0.8561507936507936,0.929563492063492,0.0,1.0
11,True,y_t+30min,0.95,CQR,0.9347826086956522,11.017662397830602,24.799095911182945,1012,754,,,,,,2.0,4.0
11,True,y_t+30min,0.95,ACQR,0.941699604743083,13.685187166315904,27.470001594971134,1012,754,0.01,0.9496021220159152,377.0,,,2.0,4.0
12,True,y_t+5min,0.8,split-CP,0.7590953785644051,4.379015873015874,9.887318046551576,1017,764,,,,,,,
12,True,y_t+5min,0.8,ACI,0.7925270403146509,4.890737412338197,7.760048611490847,1017,764,0.05,0.8010471204188482,382.0,,,,
12,True,y_t+5min,0.85,split-CP,0.8092428711897739,5.461473544973558,11.25743677466178,1017,764,,,,,,,
12,True,y_t+5min,0.85,ACI,0.8416912487708947,6.005384846725802,9.007102320955568,1017,764,0.05,0.8507853403141361,382.0,,,,
12,True,y_t+5min,0.9,split-CP,0.8574237954768928,6.591539682539691,13.423027104400756,1017,764,,,,0.814484126984127,0.9077380952380952,,
12,True,y_t+5min,0.9,ACI,0.8918387413962635,7.227282321315016,10.578354835966678,1017,764,0.05,0.8979057591623036,382.0,0.8670634920634921,0.9186507936507936,,
12,True,y_t+5min,0.95,split-CP,0.9134709931170109,8.76613227513235,17.539214246695007,1017,764,,,,,,,
12,True,y_t+5min,0.95,ACI,0.9429695181907572,10.711125638673575,14.734289642811028,1017,764,0.01,0.9476439790575916,382.0,,,,
12,True,y_t+5min,0.9,CQR,0.8780727630285152,5.239209579007165,9.846127239532974,1017,764,,,,0.8541666666666666,0.9136904761904762,0.0,0.0
12,True,y_t+5min,0.9,ACQR,0.8947885939036382,5.928190260121204,8.928500906227255,1017,764,0.02,0.900523560209424,382.0,0.8740079365079365,0.91765873015873,0.0,0.0
12,True,y_t+5min,0.95,CQR,0.935103244837758,7.549467877922682,12.481593669498723,1017,764,,,,,,6.0,2.0
12,True,y_t+5min,0.95,ACQR,0.9429695181907572,8.586519434457141,11.603999351138096,1017,764,0.05,0.9476439790575916,382.0,,,6.0,2.0
12,True,y_t+15min,0.8,split-CP,0.7556650246305419,9.476698412698452,22.978439893029787,1015,760,,,,,,,
12,True,y_t+15min,0.8,ACI,0.7842364532019704,11.355886446886446,18.94347618195524,1015,760,0.02,0.7973684210526316,380.0,,,,
12,True,y_t+15min,0.85,split-CP,0.7980295566502463,11.621623015873013,26.457024868110665,1015,760,,,,,,,
12,True,y_t+15min,0.85,ACI,0.8334975369458129,13.117246756363503,21.51446936012962,1015,760,0.02,0.8473684210526315,380.0,,,,
12,True,y_t+15min,0.9,split-CP,0.8334975369458129,13.80213888888892,32.05158695924581,1015,760,,,,0.7827380952380952,0.8988095238095238,,
12,True,y_t+15min,0.9,ACI,0.8827586206896552,16.244002180833217,25.09502828928051,1015,760,0.02,0.9026315789473685,380.0,0.8462301587301587,0.9226190476190476,,
12,True,y_t+15min,0.95,split-CP,0.8935960591133005,18.22948015873009,42.90874244142106,1015,760,,,,,,,
12,True,y_t+15min,0.95,ACI,0.9359605911330048,21.342621308631163,31.978881407955303,1015,760,0.02,0.95,380.0,,,,
12,True,y_t+15min,0.9,CQR,0.8729064039408867,11.440122955769128,21.79118684073218,1015,760,,,,0.8412698412698413,0.91765873015873,6.0,4.0
12,True,y_t+15min,0.9,ACQR,0.8926108374384236,12.788179656868364,21.900519701700308,1015,760,0.002,0.8973684210526316,380.0,0.8630952380952381,0.9355654761904756,6.0,4.0
12,True,y_t+15min,0.95,CQR,0.9270935960591132,15.38179809472648,28.97341521206961,1015,760,,,,,,0.0,0.0
12,True,y_t+15min,0.95,ACQR,0.9389162561576356,16.868311654227146,28.74090110428756,1015,760,0.002,0.95,380.0,,,0.0,0.0
12,True,y_t+30min,0.8,split-CP,0.7470355731225297,15.092047619047662,38.91801750621429,1012,754,,,,,,,
12,True,y_t+30min,0.8,ACI,0.7727272727272727,17.434347178252477,31.672927280061543,1012,754,0.02,0.7931034482758621,377.0,,,,
12,True,y_t+30min,0.85,split-CP,0.7776679841897233,17.21563888888886,45.60500251442498,1012,754,,,,,,,
12,True,y_t+30min,0.85,ACI,0.8241106719367589,20.37287243176692,36.46282539175875,1012,754,0.02,0.8461538461538461,377.0,,,,
12,True,y_t+30min,0.9,split-CP,0.8330039525691699,21.667550264550243,55.48581703424979,1012,754,,,,0.7738095238095238,0.9077380952380952,,
12,True,y_t+30min,0.9,ACI,0.8715415019762845,25.112665854578104,43.93313684475722,1012,754,0.02,0.8885941644562334,377.0,0.8253968253968254,0.9206349206349206,,
12,True,y_t+30min,0.95,split-CP,0.8853754940711462,27.88965079365073,77.94603705041736,1012,754,,,,,,,
12,True,y_t+30min,0.95,ACI,0.9268774703557312,35.92674220199765,58.77713781874717,1012,754,0.01,0.9416445623342176,377.0,,,,
12,True,y_t+30min,0.9,CQR,0.8784584980237155,18.851485405267653,38.43465554961738,1012,754,,,,0.8313492063492064,0.9275793650793652,0.0,0.0
12,True,y_t+30min,0.9,ACQR,0.8863636363636364,21.13906478853938,36.71350768189333,1012,754,0.01,0.8912466843501327,377.0,0.8422619047619048,0.9236111111111112,0.0,0.0
12,True,y_t+30min,0.95,CQR,0.9130434782608696,23.83282866795567,54.76758999242431,1012,754,,,,,,0.0,5.0
12,True,y_t+30min,0.95,ACQR,0.9387351778656128,31.198886411618783,48.89902452958634,1012,754,0.01,0.946949602122016,377.0,,,0.0,5.0
13,True,y_t+5min,0.8,split-CP,0.8082595870206489,6.694572751322767,12.039704291593182,1017,764,,,,,,,
13,True,y_t+5min,0.8,ACI,0.7925270403146509,5.807477610893787,8.206598755736424,1017,764,0.1,0.8115183246073299,382.0,,,,
13,True,y_t+5min,0.85,split-CP,0.8613569321533924,9.005555555555588,13.632136108789668,1017,764,,,,,,,
13,True,y_t+5min,0.85,ACI,0.8407079646017699,6.329168774058891,8.789925360541476,1017,764,0.1,0.8586387434554974,382.0,,,,
13,True,y_t+5min,0.9,split-CP,0.9006882989183874,10.968543650793665,15.525884412202748,1017,764,,,,0.8630952380952381,0.9404761904761904,,
13,True,y_t+5min,0.9,ACI,0.8859390363815143,7.301882128041666,10.104003205369237,1017,764,0.1,0.9083769633507852,382.0,0.8611111111111112,0.9057539682539684,,
13,True,y_t+5min,0.95,split-CP,0.9557522123893806,15.358785714285656,18.58584496626138,1017,764,,,,,,,
13,True,y_t+5min,0.95,ACI,0.935103244837758,8.82693262528833,12.738919833607875,1017,764,0.1,0.9476439790575916,382.0,,,,
13,True,y_t+5min,0.9,CQR,0.9065880039331368,6.843663394461822,10.755248204775096,1017,764,,,,0.8759920634920635,0.9365079365079364,47.0,0.0
13,True,y_t+5min,0.9,ACQR,0.887905604719764,7.11204028470195,9.766603573589776,1017,764,0.1,0.8979057591623036,382.0,0.873015873015873,0.9017857142857144,47.0,0.0
13,True,y_t+5min,0.95,CQR,0.9557522123893806,9.58265076182478,13.931532400031926,1017,764,,,,,,4.0,0.0
13,True,y_t+5min,0.95,ACQR,0.9449360865290068,8.881831391287324,12.41525085909178,1017,764,0.05,0.9528795811518324,382.0,,,4.0,0.0
13,True,y_t+15min,0.8,split-CP,0.8009852216748768,14.40735185185188,27.457678333890183,1015,760,,,,,,,
13,True,y_t+15min,0.8,ACI,0.7694581280788177,14.567313053002447,22.29954891680113,1015,760,0.1,0.8026315789473685,380.0,,,,
13,True,y_t+15min,0.85,split-CP,0.8541871921182266,19.181281746031686,30.98705931292753,1015,760,,,,,,,
13,True,y_t+15min,0.85,ACI,0.8216748768472907,15.317163629255248,24.28903449128867,1015,760,0.1,0.8526315789473684,380.0,,,,
13,True,y_t+15min,0.9,split-CP,0.9044334975369458,23.47727777777777,36.013641294483655,1015,760,,,,0.8690476190476191,0.941468253968254,,
13,True,y_t+15min,0.9,ACI,0.8689655172413793,17.048547622957223,28.61013127794482,1015,760,0.1,0.8921052631578947,380.0,0.8392857142857143,0.8918650793650794,,
13,True,y_t+15min,0.95,split-CP,0.9536945812807882,32.87126190476193,45.31423189080577,1015,760,,,,,,,
13,True,y_t+15min,0.95,ACI,0.9192118226600984,21.07985241519108,36.564043090416206,1015,760,0.1,0.9473684210526316,380.0,,,,
13,True,y_t+15min,0.9,CQR,0.90935960591133,17.333565809757573,28.781182979029523,1015,760,,,,0.8759920634920635,0.941468253968254,22.0,0.0
13,True,y_t+15min,0.9,ACQR,0.8788177339901477,19.48192251766788,28.67065344820596,1015,760,0.05,0.9078947368421052,380.0,0.8511904761904762,0.8998015873015873,22.0,0.0
13,True,y_t+15min,0.95,CQR,0.9428571428571428,22.85499284726783,39.42146362637894,1015,760,,,,,,1.0,0.0
13,True,y_t+15min,0.95,ACQR,0.929064039408867,26.2327103254038,37.10621674190367,1015,760,0.05,0.9421052631578948,380.0,,,1.0,0.0
13,True,y_t+30min,0.8,split-CP,0.7954545454545454,23.249658068783106,43.981214049973154,1012,754,,,,,,,
13,True,y_t+30min,0.8,ACI,0.7845849802371542,19.82981486534994,43.34855109756548,1012,754,0.005,0.8037135278514589,377.0,,,,
13,True,y_t+30min,0.85,split-CP,0.8468379446640316,30.5559603174604,49.73133333048154,1012,754,,,,,,,
13,True,y_t+30min,0.85,ACI,0.8389328063241107,25.29190775159613,50.16322838121664,1012,754,0.005,0.8461538461538461,377.0,,,,
13,True,y_t+30min,0.9,split-CP,0.8982213438735178,38.2051587301587,57.12498459948867,1012,754,,,,0.8511904761904762,0.935515873015873,,
13,True,y_t+30min,0.9,ACI,0.8715415019762845,30.5062312291258,47.09891224452843,1012,754,0.05,0.9018567639257294,377.0,0.8244047619047619,0.9077876984126976,,
13,True,y_t+30min,0.95,split-CP,0.958498023715415,52.85230720899472,70.49219963741973,1012,754,,,,,,,
13,True,y_t+30min,0.95,ACI,0.9377470355731226,45.86074330425364,78.92077404066042,1012,754,0.02,0.9496021220159152,377.0,,,,
13,True,y_t+30min,0.9,CQR,0.8883399209486166,29.44537320128132,50.95947491962682,1012,754,,,,0.8392857142857143,0.9275793650793652,3.0,0.0
13,True,y_t+30min,0.9,ACQR,0.8814229249011858,34.63197249629076,51.65496418031342,1012,754,0.02,0.9098143236074272,377.0,0.8313492063492064,0.9186507936507936,3.0,0.0
13,True,y_t+30min,0.95,CQR,0.9555335968379448,46.95365425930648,65.60732772831041,1012,754,,,,,,0.0,0.0
13,True,y_t+30min,0.95,ACQR,0.9476284584980236,43.737108545210205,70.76060123585873,1012,754,0.005,0.9522546419098143,377.0,,,0.0,0.0
14,True,y_t+5min,0.8,split-CP,0.7728613569321534,6.576999906353885,11.501957762056584,1017,764,,,,,,,
14,True,y_t+5min,0.8,ACI,0.7964601769911505,7.391548843391394,10.62560310975761,1017,764,0.05,0.7958115183246073,382.0,,,,
14,True,y_t+5min,0.85,split-CP,0.8505408062930186,8.13734200730441,12.79581580192208,1017,764,,,,,,,
14,True,y_t+5min,0.85,ACI,0.8466076696165191,8.257348655909988,11.68254642735326,1017,764,0.05,0.8455497382198953,382.0,,,,
14,True,y_t+5min,0.9,split-CP,0.8898721730580138,9.728765720840869,14.673495089491162,1017,764,,,,0.8591269841269841,0.9275793650793652,,
14,True,y_t+5min,0.9,ACI,0.8967551622418879,9.920592718399991,13.68459752391168,1017,764,0.02,0.8952879581151832,382.0,0.8690476190476191,0.9246031746031746,,
14,True,y_t+5min,0.95,split-CP,0.943952802359882,13.003167532893206,17.59995727325225,1017,764,,,,,,,
14,True,y_t+5min,0.95,ACI,0.9478859390363816,12.385565475776636,17.248640894476438,1017,764,0.02,0.9476439790575916,382.0,,,,
14,True,y_t+5min,0.9,CQR,0.9095378564405112,8.987196432701714,12.925957673164527,1017,764,,,,0.8849206349206349,0.9345238095238096,0.0,0.0
14,True,y_t+5min,0.9,ACQR,0.8967551622418879,8.782051705866362,12.481369723539194,1017,764,0.02,0.8952879581151832,382.0,0.8740079365079365,0.91765873015873,0.0,0.0
14,True,y_t+5min,0.95,CQR,0.9577187807276304,12.978536677043284,16.977878863326037,1017,764,,,,,,0.0,0.0
14,True,y_t+5min,0.95,ACQR,0.9478859390363816,12.147438890126589,16.07225304603682,1017,764,0.02,0.9450261780104712,382.0,,,0.0,0.0
14,True,y_t+15min,0.8,split-CP,0.7753694581280788,15.84894737078736,26.63392401679237,1015,760,,,,,,,
14,True,y_t+15min,0.8,ACI,0.7970443349753694,16.775775197257584,26.63724529111192,1015,760,0.02,0.7868421052631579,380.0,,,,
14,True,y_t+15min,0.85,split-CP,0.8354679802955665,18.736269634060527,29.385189348050844,1015,760,,,,,,,
14,True,y_t+15min,0.85,ACI,0.8472906403940886,20.079276365164663,29.60462874580112,1015,760,0.02,0.8394736842105263,380.0,,,,
14,True,y_t+15min,0.9,split-CP,0.8817733990147784,22.3779758887254,33.20723929454052,1015,760,,,,0.8482142857142857,0.9186507936507936,,
14,True,y_t+15min,0.9,ACI,0.8985221674876848,24.048351565621022,33.78540995031241,1015,760,0.02,0.881578947368421,380.0,0.8660714285714286,0.9275793650793652,,
14,True,y_t+15min,0.95,split-CP,0.955665024630542,30.58495076888996,39.50424391854269,1015,760,,,,,,,
14,True,y_t+15min,0.95,ACI,0.948768472906404,29.06474694155963,40.47098025285698,1015,760,0.01,0.936842105263158,380.0,,,,
14,True,y_t+15min,0.9,CQR,0.9182266009852216,22.13288314082114,31.752546154050908,1015,760,,,,0.8859126984126984,0.9444444444444444,0.0,0.0
14,True,y_t+15min,0.9,ACQR,0.896551724137931,21.871097503389624,32.11002522135074,1015,760,0.02,0.8894736842105263,380.0,0.8660714285714286,0.921626984126984,0.0,0.0
14,True,y_t+15min,0.95,CQR,0.9586206896551724,29.437270329150056,38.14090751387645,1015,760,,,,,,1.0,3.0
14,True,y_t+15min,0.95,ACQR,0.948768472906404,29.74241617932266,40.10749544515623,1015,760,0.01,0.9421052631578948,380.0,,,1.0,3.0
14,True,y_t+30min,0.8,split-CP,0.8112648221343873,29.23625261347958,43.72918459011345,1012,754,,,,,,,
14,True,y_t+30min,0.8,ACI,0.7934782608695652,29.17535605576449,44.27557354549521,1012,754,0.02,0.7718832891246684,377.0,,,,
14,True,y_t+30min,0.85,split-CP,0.8527667984189723,33.48654938162682,48.10318697605675,1012,754,,,,,,,
14,True,y_t+30min,0.85,ACI,0.8409090909090909,32.08421729026733,49.20937650884338,1012,754,0.01,0.8249336870026526,377.0,,,,
14,True,y_t+30min,0.9,split-CP,0.9021739130434784,39.81721942836751,54.0941273848617,1012,754,,,,0.8680555555555556,0.9384920634920636,,
14,True,y_t+30min,0.9,ACI,0.8952569169960475,39.154822270809454,56.29621286612395,1012,754,0.01,0.8673740053050398,377.0,0.8531746031746031,0.9345238095238096,,
14,True,y_t+30min,0.95,split-CP,0.958498023715415,53.037305949636085,64.14259591640334,1012,754,,,,,,,
14,True,y_t+30min,0.95,ACI,0.9456521739130436,50.69622992619114,67.96064219422246,1012,754,0.005,0.9230769230769232,377.0,,,,
14,True,y_t+30min,0.9,CQR,0.9100790513833992,40.33244174716038,56.56243996100275,1012,754,,,,0.8690476190476191,0.9444444444444444,0.0,0.0
14,True,y_t+30min,0.9,ACQR,0.8972332015810277,40.96650010218973,60.28476923424759,1012,754,0.01,0.8726790450928382,377.0,0.8511904761904762,0.935515873015873,0.0,0.0
14,True,y_t+30min,0.95,CQR,0.951581027667984,56.0029517990024,71.76654121190322,1012,754,,,,,,0.0,0.0
14,True,y_t+30min,0.95,ACQR,0.9466403162055336,56.17774832893867,79.42570167948374,1012,754,0.01,0.9230769230769232,377.0,,,0.0,0.0
15,True,y_t+5min,0.8,split-CP,0.8298918387413963,3.957276393896357,6.609568219891473,1017,764,,,,,,,
15,True,y_t+5min,0.8,ACI,0.7954768928220256,3.60338631349804,5.655921849814304,1017,764,0.05,0.8010471204188482,382.0,,,,
15,True,y_t+5min,0.85,split-CP,0.8643067846607669,4.739748952984442,7.454022653293874,1017,764,,,,,,,
15,True,y_t+5min,0.85,ACI,0.8446411012782694,4.217588163966482,6.297054449711037,1017,764,0.05,0.8507853403141361,382.0,,,,
15,True,y_t+5min,0.9,split-CP,0.9164208456243854,5.799847418618943,8.621218880108385,1017,764,,,,0.8819444444444444,0.953373015873016,,
15,True,y_t+5min,0.9,ACI,0.8918387413962635,5.006917072339147,7.0510171329362565,1017,764,0.05,0.900523560209424,382.0,0.8660714285714286,0.9126984126984128,,
15,True,y_t+5min,0.95,split-CP,0.937069813176008,7.062582428087597,10.822720532453811,1017,764,,,,,,,
15,True,y_t+5min,0.95,ACI,0.9419862340216324,6.027021123214707,8.521372826720787,1017,764,0.05,0.9476439790575916,382.0,,,,
15,True,y_t+5min,0.9,CQR,0.9016715830875124,4.399856152132699,6.639499530956236,1017,764,,,,0.876984126984127,0.9275793650793652,0.0,2.0
15,True,y_t+5min,0.9,ACQR,0.8938053097345132,4.361849865071023,6.442017301973672,1017,764,0.01,0.900523560209424,382.0,0.8650793650793651,0.9156746031746033,0.0,2.0
15,True,y_t+5min,0.95,CQR,0.9587020648967552,5.557418894233216,7.674894964643255,1017,764,,,,,,0.0,0.0
15,True,y_t+5min,0.95,ACQR,0.9469026548672568,5.406968828224765,7.731298152742855,1017,764,0.01,0.950261780104712,382.0,,,0.0,0.0
15,True,y_t+15min,0.8,split-CP,0.774384236453202,7.090731995294423,14.311756516203191,1015,760,,,,,,,
15,True,y_t+15min,0.8,ACI,0.7783251231527094,7.238247320413577,14.13627858216405,1015,760,0.005,0.8,380.0,,,,
15,True,y_t+15min,0.85,split-CP,0.825615763546798,8.71581697848311,16.124120520954143,1015,760,,,,,,,
15,True,y_t+15min,0.85,ACI,0.8305418719211822,8.98077550982588,13.625821416361113,1015,760,0.05,0.8473684210526315,380.0,,,,
15,True,y_t+15min,0.9,split-CP,0.8817733990147784,10.97495173686922,18.751106085257565,1015,760,,,,0.8313492063492064,0.9315476190476192,,
15,True,y_t+15min,0.9,ACI,0.8857142857142857,10.630631783537572,18.932148749512667,1015,760,0.002,0.8973684210526316,380.0,0.8333333333333334,0.9315476190476192,,
15,True,y_t+15min,0.95,split-CP,0.9310344827586208,14.3431575758715,23.695327786248583,1015,760,,,,,,,
15,True,y_t+15min,0.95,ACI,0.9438423645320198,14.957002789511163,21.132539398496043,1015,760,0.01,0.95,380.0,,,,
15,True,y_t+15min,0.9,CQR,0.8798029556650246,8.449225309219456,14.940634909775692,1015,760,,,,0.8392857142857143,0.91765873015873,1.0,0.0
15,True,y_t+15min,0.9,ACQR,0.8945812807881773,9.205214977104887,14.223993004836329,1015,760,0.01,0.9,380.0,0.8571428571428571,0.9226190476190476,1.0,0.0
15,True,y_t+15min,0.95,CQR,0.9221674876847292,10.475065992382032,16.77338565063196,1015,760,,,,,,3.0,10.0
15,True,y_t+15min,0.95,ACQR,0.9467980295566504,11.921684737644478,16.2823390386122,1015,760,0.01,0.9447368421052632,380.0,,,3.0,10.0
15,True,y_t+30min,0.8,split-CP,0.7766798418972332,11.249207756917002,23.81521916073453,1012,754,,,,,,,
15,True,y_t+30min,0.8,ACI,0.7816205533596838,13.499125647829963,21.94835124821362,1012,754,0.02,0.7984084880636605,377.0,,,,
15,True,y_t+30min,0.85,split-CP,0.825098814229249,13.746263846409237,27.101200831221064,1012,754,,,,,,,
15,True,y_t+30min,0.85,ACI,0.8300395256916996,15.663890233369331,24.031370320090808,1012,754,0.02,0.8514588859416445,377.0,,,,
15,True,y_t+30min,0.9,split-CP,0.8685770750988142,17.604406136938746,31.5741045935441,1012,754,,,,0.8115079365079365,0.9275793650793652,,
15,True,y_t+30min,0.9,ACI,0.8853754940711462,18.55818672709324,31.0145739505956,1012,754,0.005,0.8992042440318302,377.0,0.8234126984126984,0.9325396825396826,,
15,True,y_t+30min,0.95,split-CP,0.900197628458498,20.95184562694753,40.78935982168996,1012,754,,,,,,,
15,True,y_t+30min,0.95,ACI,0.9367588932806324,26.292807784427342,38.06685127314473,1012,754,0.005,0.946949602122016,377.0,,,,
15,True,y_t+30min,0.9,CQR,0.8735177865612648,14.566381325685995,23.97680261719653,1012,754,,,,0.8213789682539681,0.9236111111111112,0.0,0.0
15,True,y_t+30min,0.9,ACQR,0.8903162055335968,16.46244063248244,23.0076385027714,1012,754,0.01,0.8938992042440318,377.0,0.8392857142857143,0.929563492063492,0.0,0.0
15,True,y_t+30min,0.95,CQR,0.9011857707509882,16.887276991080075,33.19067697825127,1012,754,,,,,,0.0,0.0
15,True,y_t+30min,0.95,ACQR,0.9357707509881424,20.538671450419507,28.43828508984889,1012,754,0.01,0.9283819628647216,377.0,,,0.0,0.0
16,True,y_t+5min,0.8,split-CP,0.7826941986234022,2.116153597713333,3.78348117772282,1017,764,,,,,,,
16,True,y_t+5min,0.8,ACI,0.799410029498525,2.135349758057231,3.360755038799286,1017,764,0.05,0.7879581151832461,382.0,,,,
16,True,y_t+5min,0.85,split-CP,0.8505408062930186,2.6806485154608297,4.141554237317061,1017,764,,,,,,,
16,True,y_t+5min,0.85,ACI,0.8495575221238938,2.5312387981160107,3.7678736660947,1017,764,0.05,0.8403141361256544,382.0,,,,
16,True,y_t+5min,0.9,split-CP,0.912487708947886,3.4054669844249443,4.6419227285970175,1017,764,,,,0.8829365079365079,0.941468253968254,,
16,True,y_t+5min,0.9,ACI,0.9006882989183874,3.251033424685588,4.517006163025582,1017,764,0.02,0.8900523560209425,382.0,0.8720238095238095,0.9305555555555556,,
16,True,y_t+5min,0.95,split-CP,0.960668633235005,4.344704816933674,5.531351349686402,1017,764,,,,,,,
16,True,y_t+5min,0.95,ACI,0.9508357915437562,4.15414916950561,5.467379652922918,1017,764,0.02,0.9424083769633508,382.0,,,,
16,True,y_t+5min,0.9,CQR,0.9075712881022616,2.694984243733689,3.840746472976696,1017,764,,,,0.8869047619047619,0.9265873015873016,0.0,6.0
16,True,y_t+5min,0.9,ACQR,0.8987217305801377,2.5900286546414257,3.797778460133773,1017,764,0.02,0.8952879581151832,382.0,0.8759920634920635,0.9156746031746033,0.0,6.0
16,True,y_t+5min,0.95,CQR,0.9714847590953786,3.8161333324188167,4.493687519637933,1017,764,,,,,,0.0,0.0
16,True,y_t+5min,0.95,ACQR,0.9498525073746312,3.307914541940709,4.515485125183084,1017,764,0.02,0.9450261780104712,382.0,,,0.0,0.0
16,True,y_t+15min,0.8,split-CP,0.7458128078817734,4.029232082554371,7.86864214731173,1015,760,,,,,,,
16,True,y_t+15min,0.8,ACI,0.7970443349753694,4.478261619301151,7.011960105452839,1015,760,0.05,0.7789473684210526,380.0,,,,
16,True,y_t+15min,0.85,split-CP,0.8098522167487685,4.847520100251873,8.631652756077468,1015,760,,,,,,,
16,True,y_t+15min,0.85,ACI,0.8512315270935961,5.166049245978433,7.939155698730207,1015,760,0.02,0.8289473684210527,380.0,,,,
16,True,y_t+15min,0.9,split-CP,0.8886699507389163,6.422817995341643,9.533438131727788,1015,760,,,,0.8373015873015873,0.9315476190476192,,
16,True,y_t+15min,0.9,ACI,0.9014778325123152,6.434593017199914,9.243300034594125,1015,760,0.02,0.881578947368421,380.0,0.871031746031746,0.9315476190476192,,
16,True,y_t+15min,0.95,split-CP,0.9458128078817734,8.298470517336161,11.137844889725304,1015,760,,,,,,,
16,True,y_t+15min,0.95,ACI,0.948768472906404,8.455201138170349,10.971804372010036,1015,760,0.02,0.9394736842105263,380.0,,,,
16,True,y_t+15min,0.9,CQR,0.8935960591133005,5.1193213696438695,7.391212959713287,1015,760,,,,0.8660714285714286,0.9206349206349206,0.0,0.0
16,True,y_t+15min,0.9,ACQR,0.8955665024630541,5.445172670857475,7.41348799716236,1015,760,0.02,0.8894736842105263,380.0,0.873015873015873,0.9186507936507936,0.0,0.0
16,True,y_t+15min,0.95,CQR,0.9714285714285714,7.589303896631405,9.424906967244018,1015,760,,,,,,0.0,0.0
16,True,y_t+15min,0.95,ACQR,0.9477832512315272,7.244716667257386,9.720478192310978,1015,760,0.01,0.9394736842105263,380.0,,,0.0,0.0
16,True,y_t+30min,0.8,split-CP,0.7628458498023716,6.337231744038472,12.091537342744637,1012,754,,,,,,,
16,True,y_t+30min,0.8,ACI,0.7964426877470355,6.899744269350992,11.492920282253406,1012,754,0.02,0.7771883289124668,377.0,,,,
16,True,y_t+30min,0.85,split-CP,0.8033596837944664,7.2315124215433375,13.476212861918489,1012,754,,,,,,,
16,True,y_t+30min,0.85,ACI,0.8458498023715415,8.112570649365642,12.63613056149473,1012,754,0.02,0.8275862068965517,377.0,,,,
16,True,y_t+30min,0.9,split-CP,0.8537549407114624,8.828426356931109,15.114224597904752,1012,754,,,,0.7856646825396824,0.9087301587301588,,
16,True,y_t+30min,0.9,ACI,0.9051383399209486,10.703050149920411,14.305211634530998,1012,754,0.01,0.8779840848806366,377.0,0.8700396825396826,0.9424603174603174,,
16,True,y_t+30min,0.95,split-CP,0.9535573122529644,13.234917298960104,16.627166324322793,1012,754,,,,,,,
16,True,y_t+30min,0.95,ACI,0.951581027667984,12.978179288122034,16.378787411516715,1012,754,0.01,0.9416445623342176,377.0,,,,
16,True,y_t+30min,0.9,CQR,0.9377470355731226,8.283353178291783,10.61306789312836,1012,754,,,,0.9097222222222222,0.9593253968253967,1.0,0.0
16,True,y_t+30min,0.9,ACQR,0.9021739130434784,7.918777073026954,10.780246575745354,1012,754,0.01,0.8806366047745358,377.0,0.873015873015873,0.929563492063492,1.0,0.0
16,True,y_t+30min,0.95,CQR,0.9723320158102768,11.117620078304022,13.764209977854884,1012,754,,,,,,0.0,1.0
16,True,y_t+30min,0.95,ACQR,0.9476284584980236,10.708959832026029,14.498315818037652,1012,754,0.01,0.9416445623342176,377.0,,,0.0,1.0
17,True,y_t+5min,0.8,split-CP,0.8279252704031466,3.3984166575621773,5.219992537161661,1017,764,,,,,,,
17,True,y_t+5min,0.8,ACI,0.7954768928220256,2.894618581812412,4.571214186806493,1017,764,0.05,0.8010471204188482,382.0,,,,
17,True,y_t+5min,0.85,split-CP,0.8652900688298918,3.858485863989431,5.796652642826479,1017,764,,,,,,,
17,True,y_t+5min,0.85,ACI,0.8446411012782694,3.510745386273656,5.602336770295391,1017,764,0.02,0.8507853403141361,382.0,,,,
17,True,y_t+5min,0.9,split-CP,0.911504424778761,4.705081198982381,6.621638754922924,1017,764,,,,0.8819444444444444,0.941468253968254,,
17,True,y_t+5min,0.9,ACI,0.8967551622418879,4.174531340468411,6.382762261373865,1017,764,0.02,0.900523560209424,382.0,0.8630952380952381,0.9275793650793652,,
17,True,y_t+5min,0.95,split-CP,0.9577187807276304,6.38948666701666,7.96833195843815,1017,764,,,,,,,
17,True,y_t+5min,0.95,ACI,0.9478859390363816,5.701979234506889,7.867212938309914,1017,764,0.01,0.950261780104712,382.0,,,,
17,True,y_t+5min,0.9,CQR,0.9016715830875124,3.388103497818185,5.342846885412458,1017,764,,,,0.875,0.9285714285714286,0.0,0.0
17,True,y_t+5min,0.9,ACQR,0.895771878072763,3.404440875400269,5.260863468206032,1017,764,0.02,0.900523560209424,382.0,0.873015873015873,0.9196428571428572,0.0,0.0
17,True,y_t+5min,0.95,CQR,0.9459193706981318,4.556803628396692,6.633390528934457,1017,764,,,,,,0.0,0.0
17,True,y_t+5min,0.95,ACQR,0.9478859390363816,4.859160607423571,6.566512699051406,1017,764,0.01,0.950261780104712,382.0,,,0.0,0.0
17,True,y_t+15min,0.8,split-CP,0.8334975369458129,6.959165078180346,10.493884343908237,1015,760,,,,,,,
17,True,y_t+15min,0.8,ACI,0.7881773399014779,6.484615984202808,10.514577167108571,1015,760,0.005,0.8,380.0,,,,
17,True,y_t+15min,0.85,split-CP,0.8738916256157635,8.069058510687448,11.63551288870012,1015,760,,,,,,,
17,True,y_t+15min,0.85,ACI,0.8443349753694581,7.255526309956236,11.470849887430882,1015,760,0.02,0.8447368421052631,380.0,,,,
17,True,y_t+15min,0.9,split-CP,0.9142857142857144,9.65477737650964,13.23077037001495,1015,760,,,,0.8829365079365079,0.9464285714285714,,
17,True,y_t+15min,0.9,ACI,0.8896551724137931,8.717822646533362,13.35727011796359,1015,760,0.002,0.8973684210526316,380.0,0.8501984126984127,0.9265873015873016,,
17,True,y_t+15min,0.95,split-CP,0.9576354679802956,12.827836470913685,15.883776888460014,1015,760,,,,,,,
17,True,y_t+15min,0.95,ACI,0.9448275862068966,11.14821334569007,15.477272406862426,1015,760,0.02,0.9473684210526316,380.0,,,,
17,True,y_t+15min,0.9,CQR,0.8945812807881773,7.152567760586978,10.98557124143152,1015,760,,,,0.8650793650793651,0.9246031746031746,4.0,0.0
17,True,y_t+15min,0.9,ACQR,0.8935960591133005,7.796090577428123,10.984605659619614,1015,760,0.02,0.9078947368421052,380.0,0.8660714285714286,0.9196428571428572,4.0,0.0
17,True,y_t+15min,0.95,CQR,0.948768472906404,9.34577937993299,12.970998272648488,1015,760,,,,,,44.0,0.0
17,True,y_t+15min,0.95,ACQR,0.9438423645320198,9.14302534091402,13.215119191219753,1015,760,0.002,0.95,380.0,,,44.0,0.0
17,True,y_t+30min,0.8,split-CP,0.8359683794466403,10.945346484769347,16.337950530455533,1012,754,,,,,,,
17,True,y_t+30min,0.8,ACI,0.7895256916996047,9.65935188544121,16.110638964746894,1012,754,0.02,0.7984084880636605,377.0,,,,
17,True,y_t+30min,0.85,split-CP,0.8735177865612648,12.604458177851829,18.0960373875091,1012,754,,,,,,,
17,True,y_t+30min,0.85,ACI,0.841897233201581,11.128344799198995,18.167440898402496,1012,754,0.01,0.8488063660477454,377.0,,,,
17,True,y_t+30min,0.9,split-CP,0.9071146245059288,14.883142251287817,20.39880677697952,1012,754,,,,0.8740079365079365,0.945436507936508,,
17,True,y_t+30min,0.9,ACI,0.892292490118577,13.313284888011726,20.84815964489736,1012,754,0.002,0.9045092838196288,377.0,0.8521825396825397,0.933531746031746,,
17,True,y_t+30min,0.95,split-CP,0.9535573122529644,18.36603466939,24.105663472002984,1012,754,,,,,,,
17,True,y_t+30min,0.95,ACI,0.9456521739130436,17.893616285074536,25.4028702798263,1012,754,0.005,0.9496021220159152,377.0,,,,
17,True,y_t+30min,0.9,CQR,0.9021739130434784,10.957182092147606,16.0979358469577,1012,754,,,,0.8630952380952381,0.935515873015873,0.0,0.0
17,True,y_t+30min,0.9,ACQR,0.8913043478260869,11.86168281422411,16.289332525757676,1012,754,0.02,0.8992042440318302,377.0,0.8531746031746031,0.9226190476190476,0.0,0.0
17,True,y_t+30min,0.95,CQR,0.9614624505928854,14.56946964563409,18.6741607950388,1012,754,,,,,,1.0,0.0
17,True,y_t+30min,0.95,ACQR,0.941699604743083,14.201848768634832,20.5084312921123,1012,754,0.02,0.946949602122016,377.0,,,1.0,0.0
18,True,y_t+5min,0.8,split-CP,0.8485742379547689,3.3392857142857224,5.092364204270548,1017,764,,,,,,,
18,True,y_t+5min,0.8,ACI,0.7935103244837758,2.885047984409341,4.522372210540106,1017,764,0.1,0.7958115183246073,382.0,,,,
18,True,y_t+5min,0.85,split-CP,0.9026548672566372,4.292111111111112,5.8344376108007685,1017,764,,,,,,,
18,True,y_t+5min,0.85,ACI,0.8289085545722714,3.069924288656098,5.747574213479081,1017,764,0.002,0.8534031413612565,382.0,,,,
18,True,y_t+5min,0.9,split-CP,0.9341199606686332,5.26866305916306,6.782358016651036,1017,764,,,,0.9057539682539684,0.9593253968253967,,
18,True,y_t+5min,0.9,ACI,0.895771878072763,3.87030580776156,5.795318403872978,1017,764,0.05,0.900523560209424,382.0,0.8640873015873016,0.9196428571428572,,
18,True,y_t+5min,0.95,split-CP,0.975417895771878,7.215208994709002,8.508154058494767,1017,764,,,,,,,
18,True,y_t+5min,0.95,ACI,0.9488692232055064,5.383093671887674,7.639988887091639,1017,764,0.02,0.950261780104712,382.0,,,,
18,True,y_t+5min,0.9,CQR,0.91937069813176,3.5972284668842973,4.667979295804629,1017,764,,,,0.8938492063492064,0.941468253968254,0.0,0.0
18,True,y_t+5min,0.9,ACQR,0.8967551622418879,3.1866275818191023,4.675028624962343,1017,764,0.002,0.900523560209424,382.0,0.8700396825396826,0.9186507936507936,0.0,0.0
18,True,y_t+5min,0.95,CQR,0.9557522123893806,4.759736802215271,5.86461659747904,1017,764,,,,,,0.0,0.0
18,True,y_t+5min,0.95,ACQR,0.9488692232055064,4.576596721146889,5.925259570088483,1017,764,0.002,0.950261780104712,382.0,,,0.0,0.0
18,True,y_t+15min,0.8,split-CP,0.8453201970443349,7.178328042328047,10.08430637894308,1015,760,,,,,,,
18,True,y_t+15min,0.8,ACI,0.7842364532019704,5.58016668206816,9.818294948073271,1015,760,0.005,0.7973684210526316,380.0,,,,
18,True,y_t+15min,0.85,split-CP,0.8985221674876848,8.842460317460322,11.31622553235854,1015,760,,,,,,,
18,True,y_t+15min,0.85,ACI,0.8374384236453202,6.74583707637008,10.930646106542,1015,760,0.005,0.85,380.0,,,,
18,True,y_t+15min,0.9,split-CP,0.9497536945812808,11.278210317460308,13.137564345661632,1015,760,,,,0.9186507936507936,0.9742063492063492,,
18,True,y_t+15min,0.9,ACI,0.8935960591133005,8.20114427088146,12.532967304170016,1015,760,0.005,0.9026315789473685,380.0,0.8373015873015873,0.9345238095238096,,
18,True,y_t+15min,0.95,split-CP,0.9842364532019704,14.92531746031746,16.261302734120463,1015,760,,,,,,,
18,True,y_t+15min,0.95,ACI,0.9438423645320198,10.235443406620746,14.119840070894252,1015,760,0.02,0.95,380.0,,,,
18,True,y_t+15min,0.9,CQR,0.9320197044334976,7.473051444649143,9.395005164994188,1015,760,,,,0.8978174603174603,0.9603174603174603,0.0,0.0
18,True,y_t+15min,0.9,ACQR,0.8975369458128079,6.668352723946979,9.252341083277576,1015,760,0.01,0.9,380.0,0.8611111111111112,0.9226190476190476,0.0,0.0
18,True,y_t+15min,0.95,CQR,0.9783251231527094,10.882862835071496,12.32374033284753,1015,760,,,,,,0.0,0.0
18,True,y_t+15min,0.95,ACQR,0.948768472906404,8.797394230563597,11.72315416593074,1015,760,0.02,0.95,380.0,,,0.0,0.0
18,True,y_t+30min,0.8,split-CP,0.8567193675889329,10.61346825396825,15.178562920125596,1012,754,,,,,,,
18,True,y_t+30min,0.8,ACI,0.7776679841897233,8.886549909196003,14.14608820145502,1012,754,0.05,0.7931034482758621,377.0,,,,
18,True,y_t+30min,0.85,split-CP,0.908102766798419,13.610984126984135,17.298945355905506,1012,754,,,,,,,
18,True,y_t+30min,0.85,ACI,0.8438735177865613,10.111897804669049,16.21226846081852,1012,754,0.02,0.8514588859416445,377.0,,,,
18,True,y_t+30min,0.9,split-CP,0.9486166007905138,16.50694444444443,20.0651840088253,1012,754,,,,0.9166666666666666,0.9722222222222222,,
18,True,y_t+30min,0.9,ACI,0.892292490118577,12.136819979621093,19.76825032070096,1012,754,0.005,0.8992042440318302,377.0,0.8333333333333334,0.933531746031746,,
18,True,y_t+30min,0.95,split-CP,0.9782608695652174,22.733580808080795,25.322546604763986,1012,754,,,,,,,
18,True,y_t+30min,0.95,ACI,0.9466403162055336,16.401001259481006,25.396751744218296,1012,754,0.01,0.946949602122016,377.0,,,,
18,True,y_t+30min,0.9,CQR,0.9397233201581028,12.199762855955395,15.434789171835934,1012,754,,,,0.9027777777777778,0.9682539682539684,0.0,0.0
18,True,y_t+30min,0.9,ACQR,0.8952569169960475,10.708684129260376,15.424639062371712,1012,754,0.01,0.896551724137931,377.0,0.8472222222222222,0.929563492063492,0.0,0.0
18,True,y_t+30min,0.95,CQR,0.9772727272727272,18.25591358564417,19.946299958044843,1012,754,,,,,,0.0,0.0
18,True,y_t+30min,0.95,ACQR,0.9466403162055336,14.012186172080993,18.816083265335724,1012,754,0.01,0.9416445623342176,377.0,,,0.0,0.0
19,True,y_t+5min,0.8,split-CP,0.8298918387413963,4.272620420445031,6.439412795192172,1017,764,,,,,,,
19,True,y_t+5min,0.8,ACI,0.7984267453294002,3.940667532834077,5.9481827952583854,1017,764,0.1,0.7984293193717278,382.0,,,,
19,True,y_t+5min,0.85,split-CP,0.872173058013766,5.009246125392139,7.126781146909463,1017,764,,,,,,,
19,True,y_t+5min,0.85,ACI,0.8407079646017699,4.539649685918984,7.110696500461373,1017,764,0.005,0.8481675392670157,382.0,,,,
19,True,y_t+5min,0.9,split-CP,0.9183874139626352,6.121938306071915,8.067200628694115,1017,764,,,,0.8928571428571429,0.9434523809523808,,
19,True,y_t+5min,0.9,ACI,0.8938053097345132,5.566475660169613,8.121015013529025,1017,764,0.002,0.900523560209424,382.0,0.8630952380952381,0.9246031746031746,,
19,True,y_t+5min,0.95,split-CP,0.967551622418879,8.18892065927808,9.67648310302538,1017,764,,,,,,,
19,True,y_t+5min,0.95,ACI,0.943952802359882,7.333627457087142,9.679480010338905,1017,764,0.002,0.950261780104712,382.0,,,,
19,True,y_t+5min,0.9,CQR,0.9242871189773844,4.978776677938506,6.924007625417569,1017,764,,,,0.9107142857142856,0.9404761904761904,0.0,0.0
19,True,y_t+5min,0.9,ACQR,0.8977384464110127,4.4758288569167215,6.952673743351446,1017,764,0.01,0.900523560209424,382.0,0.8829365079365079,0.9146825396825397,0.0,0.0
19,True,y_t+5min,0.95,CQR,0.952802359882006,6.721002181934472,8.978060179972266,1017,764,,,,,,0.0,0.0
19,True,y_t+5min,0.95,ACQR,0.9478859390363816,6.832823416618713,9.193728855637076,1017,764,0.01,0.9528795811518324,382.0,,,0.0,0.0
19,True,y_t+15min,0.8,split-CP,0.8374384236453202,8.571872132952793,12.649278301724731,1015,760,,,,,,,
19,True,y_t+15min,0.8,ACI,0.7862068965517242,7.37861219632402,12.652426668159428,1015,760,0.005,0.8052631578947368,380.0,,,,
19,True,y_t+15min,0.85,split-CP,0.8788177339901477,10.341232030367006,13.995189511188196,1015,760,,,,,,,
19,True,y_t+15min,0.85,ACI,0.8384236453201971,8.770154023166215,13.999875895103193,1015,760,0.005,0.85,380.0,,,,
19,True,y_t+15min,0.9,split-CP,0.9251231527093596,12.274668114110852,15.77329140306419,1015,760,,,,0.9027777777777778,0.9523809523809524,,
19,True,y_t+15min,0.9,ACI,0.8886699507389163,10.974649743150485,15.454308641540909,1015,760,0.05,0.9026315789473685,380.0,0.8611111111111112,0.91765873015873,,
19,True,y_t+15min,0.95,split-CP,0.9645320197044336,16.002584025571217,18.85795690756971,1015,760,,,,,,,
19,True,y_t+15min,0.95,ACI,0.9477832512315272,14.088618274523323,19.249536030549454,1015,760,0.02,0.95,380.0,,,,
19,True,y_t+15min,0.9,CQR,0.9083743842364532,9.83719074504612,14.184902688855829,1015,760,,,,0.8869047619047619,0.9345238095238096,0.0,0.0
19,True,y_t+15min,0.9,ACQR,0.8866995073891626,10.83391264571376,15.125639217581474,1015,760,0.05,0.8947368421052632,380.0,0.8740079365079365,0.9067460317460316,0.0,0.0
19,True,y_t+15min,0.95,CQR,0.9655172413793104,13.69147601912823,17.605561948699894,1015,760,,,,,,0.0,0.0
19,True,y_t+15min,0.95,ACQR,0.9448275862068966,13.408640751264638,18.24577949363439,1015,760,0.02,0.9552631578947368,380.0,,,0.0,0.0
19,True,y_t+30min,0.8,split-CP,0.8221343873517787,11.82523544056141,17.189146471176336,1012,754,,,,,,,
19,True,y_t+30min,0.8,ACI,0.782608695652174,11.618606071921429,17.113739802660817,1012,754,0.05,0.7984084880636605,377.0,,,,
19,True,y_t+30min,0.85,split-CP,0.8784584980237155,14.39717328366636,18.82742982063657,1012,754,,,,,,,
19,True,y_t+30min,0.85,ACI,0.8320158102766798,12.320094038322248,18.98085373259655,1012,754,0.002,0.8514588859416445,377.0,,,,
19,True,y_t+30min,0.9,split-CP,0.9397233201581028,18.233915889950065,21.253094298642708,1012,754,,,,0.9215773809523808,0.9692460317460316,,
19,True,y_t+30min,0.9,ACI,0.8863636363636364,14.923396188948644,21.227265975971942,1012,754,0.002,0.8992042440318302,377.0,0.8521825396825397,0.9305555555555556,,
19,True,y_t+30min,0.95,split-CP,0.9733201581027668,22.92607824672723,24.79214485222318,1012,754,,,,,,,
19,True,y_t+30min,0.95,ACI,0.9446640316205532,19.224826588605787,25.016093419955453,1012,754,0.005,0.9522546419098143,377.0,,,,
19,True,y_t+30min,0.9,CQR,0.9090909090909092,14.039994459005108,19.13089678632596,1012,754,,,,0.8888888888888888,0.941468253968254,0.0,0.0
19,True,y_t+30min,0.9,ACQR,0.8685770750988142,14.885558602944151,21.277741557779468,1012,754,0.05,0.896551724137931,377.0,0.8511904761904762,0.8978174603174603,0.0,0.0
19,True,y_t+30min,0.95,CQR,0.9535573122529644,18.360658370219085,24.32573692682043,1012,754,,,,,,0.0,2.0
19,True,y_t+30min,0.95,ACQR,0.9387351778656128,19.089356250239923,26.08199641917256,1012,754,0.02,0.9549071618037136,377.0,,,0.0,2.0
20,True,y_t+5min,0.8,split-CP,0.8623402163225172,3.4529235581100157,5.076467627709885,1017,764,,,,,,,
20,True,y_t+5min,0.8,ACI,0.7925270403146509,2.653328193261453,4.119280481986603,1017,764,0.1,0.8010471204188482,382.0,,,,
20,True,y_t+5min,0.85,split-CP,0.9016715830875124,4.243427368986491,5.800017471286196,1017,764,,,,,,,
20,True,y_t+5min,0.85,ACI,0.839724680432645,3.073433060352554,4.640648881847301,1017,764,0.1,0.8481675392670157,382.0,,,,
20,True,y_t+5min,0.9,split-CP,0.9331366764995084,5.391794797958516,6.762182583904316,1017,764,,,,0.9067460317460316,0.9613095238095238,,
20,True,y_t+5min,0.9,ACI,0.8938053097345132,3.719797600010973,6.071089174982488,1017,764,0.01,0.900523560209424,382.0,0.8482142857142857,0.9296130952380944,,
20,True,y_t+5min,0.95,split-CP,0.967551622418879,7.021556064105966,8.242379811719289,1017,764,,,,,,,
20,True,y_t+5min,0.95,ACI,0.9410029498525072,5.54712254994814,8.174929253969198,1017,764,0.002,0.950261780104712,382.0,,,,
20,True,y_t+5min,0.9,CQR,0.9233038348082596,3.4841777351608227,4.897364510424329,1017,764,,,,0.8998015873015873,0.9464285714285714,0.0,0.0
20,True,y_t+5min,0.9,ACQR,0.895771878072763,3.2681965542930445,4.778137716528564,1017,764,0.02,0.900523560209424,382.0,0.8740079365079365,0.9146825396825397,0.0,0.0
20,True,y_t+5min,0.95,CQR,0.9488692232055064,4.567825844733555,6.291430278300002,1017,764,,,,,,12.0,0.0
20,True,y_t+5min,0.95,ACQR,0.9478859390363816,4.178845157964929,6.17963601335745,1017,764,0.02,0.950261780104712,382.0,,,12.0,0.0
20,True,y_t+15min,0.8,split-CP,0.8768472906403941,7.417865751166368,9.83553670213658,1015,760,,,,,,,
20,True,y_t+15min,0.8,ACI,0.7763546798029557,4.550290253907741,9.22145847289,1015,760,0.005,0.8,380.0,,,,
20,True,y_t+15min,0.85,split-CP,0.916256157635468,8.879878473925269,11.094791009240105,1015,760,,,,,,,
20,True,y_t+15min,0.85,ACI,0.8403940886699507,5.72616277625859,9.912490922660623,1015,760,0.01,0.85,380.0,,,,
20,True,y_t+15min,0.9,split-CP,0.9438423645320198,10.962037711030073,12.758789982750327,1015,760,,,,0.91765873015873,0.9702380952380952,,
20,True,y_t+15min,0.9,ACI,0.8916256157635468,7.279670863851528,11.533431114730003,1015,760,0.01,0.9026315789473685,380.0,0.8462301587301587,0.9265873015873016,,
20,True,y_t+15min,0.95,split-CP,0.9783251231527094,14.130776147306442,15.0916867214978,1015,760,,,,,,,
20,True,y_t+15min,0.95,ACI,0.9448275862068966,10.046794344626363,12.951715671429463,1015,760,0.02,0.9526315789473684,380.0,,,,
20,True,y_t+15min,0.9,CQR,0.9399014778325124,7.860854644611132,9.730607089320497,1015,760,,,,0.9166666666666666,0.9603174603174603,0.0,0.0
20,True,y_t+15min,0.9,ACQR,0.896551724137931,6.187809306648972,9.39361249182604,1015,760,0.02,0.9,380.0,0.8670634920634921,0.9196428571428572,0.0,0.0
20,True,y_t+15min,0.95,CQR,0.9822660098522168,11.283233807582658,12.545540707856905,1015,760,,,,,,0.0,0.0
20,True,y_t+15min,0.95,ACQR,0.9448275862068966,8.455516772860078,12.100358616607254,1015,760,0.005,0.95,380.0,,,0.0,0.0
20,True,y_t+30min,0.8,split-CP,0.908102766798419,11.075709380261154,13.020485126710602,1012,754,,,,,,,
20,True,y_t+30min,0.8,ACI,0.7727272727272727,6.733617093046234,12.479845646264517,1012,754,0.002,0.8010610079575596,377.0,,,,
20,True,y_t+30min,0.85,split-CP,0.9466403162055336,13.30773734887065,14.871889636960852,1012,754,,,,,,,
20,True,y_t+30min,0.85,ACI,0.8270750988142292,8.410569501007389,13.960966579000342,1012,754,0.002,0.8514588859416445,377.0,,,,
20,True,y_t+30min,0.9,split-CP,0.9634387351778656,15.622837777980584,16.81892947751485,1012,754,,,,0.9434523809523808,0.9821428571428572,,
20,True,y_t+30min,0.9,ACI,0.8843873517786561,10.008205458598995,15.152095064340555,1012,754,0.005,0.9018567639257294,377.0,0.8283730158730159,0.929563492063492,,
20,True,y_t+30min,0.95,split-CP,0.9930830039525692,21.229698747928506,21.72971689001187,1012,754,,,,,,,
20,True,y_t+30min,0.95,ACI,0.941699604743083,13.241706507537634,18.863839535463686,1012,754,0.005,0.9522546419098143,377.0,,,,
20,True,y_t+30min,0.9,CQR,0.9634387351778656,12.368808245195645,13.889000507958482,1012,754,,,,0.9444444444444444,0.98015873015873,0.0,2.0
20,True,y_t+30min,0.9,ACQR,0.8992094861660079,8.516458265837011,12.882166390653309,1012,754,0.002,0.9045092838196288,377.0,0.8630952380952381,0.9285714285714286,0.0,2.0
20,True,y_t+30min,0.95,CQR,0.9881422924901184,16.75460948468379,17.421928923161357,1012,754,,,,,,0.0,0.0
20,True,y_t+30min,0.95,ACQR,0.9476284584980236,12.100102636597782,15.498609927943871,1012,754,0.01,0.9522546419098143,377.0,,,0.0,0.0
21,True,y_t+5min,0.8,split-CP,0.799410029498525,3.0140376951611008,5.124210662330132,1017,764,,,,,,,
21,True,y_t+5min,0.8,ACI,0.7964601769911505,3.0612268198724686,4.599625940190222,1017,764,0.05,0.8010471204188482,382.0,,,,
21,True,y_t+5min,0.85,split-CP,0.8613569321533924,3.763122511224531,5.7266989496567495,1017,764,,,,,,,
21,True,y_t+5min,0.85,ACI,0.8456243854473943,3.4505248399266346,5.048008947282915,1017,764,0.05,0.8507853403141361,382.0,,,,
21,True,y_t+5min,0.9,split-CP,0.9075712881022616,4.463051960585393,6.602133119602638,1017,764,,,,0.873015873015873,0.9375,,
21,True,y_t+5min,0.9,ACI,0.8977384464110127,4.117424885531817,6.163646435204695,1017,764,0.02,0.900523560209424,382.0,0.8630952380952381,0.9246031746031746,,
21,True,y_t+5min,0.95,split-CP,0.951819075712881,5.500664482891383,8.322662777397042,1017,764,,,,,,,
21,True,y_t+5min,0.95,ACI,0.9508357915437562,5.502654654188086,8.293358021617115,1017,764,0.005,0.950261780104712,382.0,,,,
21,True,y_t+5min,0.9,CQR,0.9164208456243854,3.926624644598485,5.950061502551742,1017,764,,,,0.8859126984126984,0.941468253968254,0.0,0.0
21,True,y_t+5min,0.9,ACQR,0.8987217305801377,3.602063811843048,5.942336649478301,1017,764,0.002,0.8979057591623036,382.0,0.8670634920634921,0.925595238095238,0.0,0.0
21,True,y_t+5min,0.95,CQR,0.960668633235005,5.171904086660619,7.631496616575174,1017,764,,,,,,0.0,0.0
21,True,y_t+5min,0.95,ACQR,0.9488692232055064,5.591410753810846,7.575380815693923,1017,764,0.02,0.9476439790575916,382.0,,,0.0,0.0
21,True,y_t+15min,0.8,split-CP,0.8118226600985222,6.556521205723675,11.189696036958848,1015,760,,,,,,,
21,True,y_t+15min,0.8,ACI,0.7881773399014779,6.435044083101719,10.57432470008554,1015,760,0.05,0.7973684210526316,380.0,,,,
21,True,y_t+15min,0.85,split-CP,0.8827586206896552,8.204116385174759,12.731307207306468,1015,760,,,,,,,
21,True,y_t+15min,0.85,ACI,0.8413793103448276,7.310171208567021,12.738351290724117,1015,760,0.002,0.85,380.0,,,,
21,True,y_t+15min,0.9,split-CP,0.916256157635468,9.505537966220968,14.97662806377166,1015,760,,,,0.875,0.9494543650793644,,
21,True,y_t+15min,0.9,ACI,0.8975369458128079,9.108068288799323,14.983040284145703,1015,760,0.01,0.9,380.0,0.8551587301587301,0.9315476190476192,,
21,True,y_t+15min,0.95,split-CP,0.9576354679802956,12.130989381499726,19.79720422285249,1015,760,,,,,,,
21,True,y_t+15min,0.95,ACI,0.9458128078817734,12.31938524406628,18.52026377841279,1015,760,0.01,0.95,380.0,,,,
21,True,y_t+15min,0.9,CQR,0.9113300492610836,7.807026538071263,13.07759345879264,1015,760,,,,0.8779265873015871,0.9384920634920636,0.0,0.0
21,True,y_t+15min,0.9,ACQR,0.8995073891625616,7.800936003878806,13.279569769424535,1015,760,0.005,0.8947368421052632,380.0,0.8630952380952381,0.9285714285714286,0.0,0.0
21,True,y_t+15min,0.95,CQR,0.9389162561576356,9.548087447020494,17.738107921735377,1015,760,,,,,,0.0,0.0
21,True,y_t+15min,0.95,ACQR,0.954679802955665,11.489637874381334,18.192006907366117,1015,760,0.002,0.95,380.0,,,0.0,0.0
21,True,y_t+30min,0.8,split-CP,0.8488142292490118,10.415295959120252,17.711509634459137,1012,754,,,,,,,
21,True,y_t+30min,0.8,ACI,0.7984189723320159,9.042978879974552,17.770261832501273,1012,754,0.002,0.8010610079575596,377.0,,,,
21,True,y_t+30min,0.85,split-CP,0.8853754940711462,11.906811298152324,20.334586655200564,1012,754,,,,,,,
21,True,y_t+30min,0.85,ACI,0.8488142292490118,10.910146903001491,20.464249709639027,1012,754,0.005,0.8514588859416445,377.0,,,,
21,True,y_t+30min,0.9,split-CP,0.9179841897233202,14.6134211330638,24.55107343015517,1012,754,,,,0.8650793650793651,0.9583333333333334,,
21,True,y_t+30min,0.9,ACI,0.8982213438735178,14.168775844347566,25.11042784932267,1012,754,0.01,0.9018567639257294,377.0,0.8492063492063492,0.9365079365079364,,
21,True,y_t+30min,0.95,split-CP,0.949604743083004,18.076156869549536,33.272147587131826,1012,754,,,,,,,
21,True,y_t+30min,0.95,ACI,0.9456521739130436,19.98683362165772,31.335200947114014,1012,754,0.01,0.9496021220159152,377.0,,,,
21,True,y_t+30min,0.9,CQR,0.9288537549407114,12.481166321151202,21.113876740140068,1012,754,,,,0.8849206349206349,0.9623015873015872,0.0,0.0
21,True,y_t+30min,0.9,ACQR,0.9011857707509882,12.172237916026218,21.21854370510028,1012,754,0.005,0.8992042440318302,377.0,0.8551587301587301,0.9365079365079364,0.0,0.0
21,True,y_t+30min,0.95,CQR,0.9535573122529644,15.607424302149818,28.914120060100945,1012,754,,,,,,0.0,0.0
21,True,y_t+30min,0.95,ACQR,0.9486166007905138,16.34239762223519,26.137875108475395,1012,754,0.01,0.9442970822281168,377.0,,,0.0,0.0
22,True,y_t+5min,0.8,split-CP,0.8475909537856441,4.728090271599732,9.022953130889832,1017,764,,,,,,,
22,True,y_t+5min,0.8,ACI,0.7925270403146509,4.978953794216452,7.909674419370459,1017,764,0.1,0.8010471204188482,382.0,,,,
22,True,y_t+5min,0.85,split-CP,0.8918387413962635,5.839930177069181,10.58009419492248,1017,764,,,,,,,
22,True,y_t+5min,0.85,ACI,0.8416912487708947,5.594598306069543,8.930334433872208,1017,764,0.1,0.8481675392670157,382.0,,,,
22,True,y_t+5min,0.9,split-CP,0.91937069813176,7.063377298231664,13.013593137147106,1017,764,,,,0.871031746031746,0.95734126984127,,
22,True,y_t+5min,0.9,ACI,0.8977384464110127,5.753495686307756,9.59212713588808,1017,764,0.05,0.900523560209424,382.0,0.871031746031746,0.91765873015873,,
22,True,y_t+5min,0.95,split-CP,0.952802359882006,9.445555766909646,18.36887398207151,1017,764,,,,,,,
22,True,y_t+5min,0.95,ACI,0.9478859390363816,7.7950839309184925,13.859558304281748,1017,764,0.05,0.9450261780104712,382.0,,,,
22,True,y_t+5min,0.9,CQR,0.9242871189773844,4.708514697200733,7.469056325613827,1017,764,,,,0.8938492063492064,0.9484126984126984,0.0,0.0
22,True,y_t+5min,0.9,ACQR,0.8977384464110127,4.447505012664535,7.28957821522702,1017,764,0.01,0.900523560209424,382.0,0.8680555555555556,0.921626984126984,0.0,0.0
22,True,y_t+5min,0.95,CQR,0.9616519174041298,7.561936035565805,10.720055950120532,1017,764,,,,,,0.0,12.0
22,True,y_t+5min,0.95,ACQR,0.9478859390363816,7.1450979691443095,10.637463493606669,1017,764,0.01,0.950261780104712,382.0,,,0.0,12.0
22,True,y_t+15min,0.8,split-CP,0.8394088669950739,10.559798307672096,18.0201989496774,1015,760,,,,,,,
22,True,y_t+15min,0.8,ACI,0.7921182266009852,8.292836639929128,16.76971901398638,1015,760,0.01,0.8,380.0,,,,
22,True,y_t+15min,0.85,split-CP,0.8788177339901477,12.897173114146366,20.620112508875604,1015,760,,,,,,,
22,True,y_t+15min,0.85,ACI,0.8403940886699507,10.481557413499656,17.360460065126443,1015,760,0.05,0.85,380.0,,,,
22,True,y_t+15min,0.9,split-CP,0.92807881773399,15.664133283041528,24.674141746754437,1015,760,,,,0.8888888888888888,0.9603174603174603,,
22,True,y_t+15min,0.9,ACI,0.8975369458128079,12.49259126332981,22.82128986713433,1015,760,0.01,0.9078947368421052,380.0,0.8472222222222222,0.9365079365079364,,
22,True,y_t+15min,0.95,split-CP,0.9684729064039408,23.100477677964246,34.005776476410816,1015,760,,,,,,,
22,True,y_t+15min,0.95,ACI,0.9507389162561576,21.619989946734524,35.01032434158614,1015,760,0.005,0.95,380.0,,,,
22,True,y_t+15min,0.9,CQR,0.9152709359605912,9.910070953383386,16.12235613853005,1015,760,,,,0.878968253968254,0.9464285714285714,0.0,0.0
22,True,y_t+15min,0.9,ACQR,0.896551724137931,9.653206379570044,15.976296479239782,1015,760,0.01,0.8947368421052632,380.0,0.8611111111111112,0.925595238095238,0.0,0.0
22,True,y_t+15min,0.95,CQR,0.9635467980295568,15.05051172382327,22.102731432317537,1015,760,,,,,,0.0,0.0
22,True,y_t+15min,0.95,ACQR,0.948768472906404,13.835092013844266,22.24018019101944,1015,760,0.002,0.9473684210526316,380.0,,,0.0,0.0
22,True,y_t+30min,0.8,split-CP,0.900197628458498,21.22083328039715,26.63617239054863,1012,754,,,,,,,
22,True,y_t+30min,0.8,ACI,0.7855731225296443,13.541241327819296,22.27122665398472,1012,754,0.05,0.7957559681697612,377.0,,,,
22,True,y_t+30min,0.85,split-CP,0.9258893280632412,23.60898358389804,29.40576579643368,1012,754,,,,,,,
22,True,y_t+30min,0.85,ACI,0.8320158102766798,15.96870779617816,25.288678307388835,1012,754,0.05,0.8408488063660478,377.0,,,,
22,True,y_t+30min,0.9,split-CP,0.9624505928853756,27.70714304797457,34.15683382871155,1012,754,,,,0.9375,0.9821428571428572,,
22,True,y_t+30min,0.9,ACI,0.8932806324110671,18.938835986625318,30.43509384237785,1012,754,0.02,0.9151193633952256,377.0,0.8452380952380952,0.9285714285714286,,
22,True,y_t+30min,0.95,split-CP,0.9851778656126482,36.954017870867055,45.54471806640421,1012,754,,,,,,,
22,True,y_t+30min,0.95,ACI,0.9436758893280632,24.866374837305862,39.84183770283295,1012,754,0.02,0.9575596816976129,377.0,,,,
22,True,y_t+30min,0.9,CQR,0.9278656126482212,16.963717277646168,24.362382234468484,1012,754,,,,0.8928571428571429,0.9563492063492064,0.0,8.0
22,True,y_t+30min,0.9,ACQR,0.8962450592885376,14.326744902144588,24.659992830295508,1012,754,0.005,0.896551724137931,377.0,0.8501984126984127,0.9325396825396826,0.0,8.0
22,True,y_t+30min,0.95,CQR,0.9486166007905138,21.16869006476797,33.599075212613336,1012,754,,,,,,0.0,0.0
22,True,y_t+30min,0.95,ACQR,0.9466403162055336,22.788903733011143,35.36817877452919,1012,754,0.002,0.946949602122016,377.0,,,0.0,0.0
23,True,y_t+5min,0.8,split-CP,0.856440511307768,3.0947936507936635,5.163409476726347,1017,764,,,,,,,
23,True,y_t+5min,0.8,ACI,0.7797443461160275,2.218175095289648,4.825473502525371,1017,764,0.005,0.7984293193717278,382.0,,,,
23,True,y_t+5min,0.85,split-CP,0.8987217305801377,3.894357142857162,6.00671396402256,1017,764,,,,,,,
23,True,y_t+5min,0.85,ACI,0.8416912487708947,3.468969441807692,5.643594771441213,1017,764,0.1,0.8507853403141361,382.0,,,,
23,True,y_t+5min,0.9,split-CP,0.9262536873156342,4.759476190476193,7.159641315056264,1017,764,,,,0.8938492063492064,0.9563492063492064,,
23,True,y_t+5min,0.9,ACI,0.895771878072763,3.583544543151229,6.426763290062206,1017,764,0.01,0.900523560209424,382.0,0.8591269841269841,0.9236111111111112,,
23,True,y_t+5min,0.95,split-CP,0.9547689282202556,6.292227513227517,9.323874748326071,1017,764,,,,,,,
23,True,y_t+5min,0.95,ACI,0.9498525073746312,5.55562278601438,9.00132385012744,1017,764,0.02,0.950261780104712,382.0,,,,
23,True,y_t+5min,0.9,CQR,0.8908554572271387,2.871242617510525,4.526594651314264,1017,764,,,,0.8591269841269841,0.9186507936507936,2.0,3.0
23,True,y_t+5min,0.9,ACQR,0.895771878072763,2.983767918716163,4.387104424341558,1017,764,0.01,0.900523560209424,382.0,0.8680555555555556,0.91765873015873,2.0,3.0
23,True,y_t+5min,0.95,CQR,0.9508357915437562,4.734426202308336,6.424650787477128,1017,764,,,,,,15.0,8.0
23,True,y_t+5min,0.95,ACQR,0.9469026548672568,4.57499136659201,6.423085955703374,1017,764,0.005,0.950261780104712,382.0,,,15.0,8.0
23,True,y_t+15min,0.8,split-CP,0.8620689655172413,5.991833333333346,9.156840864663527,1015,760,,,,,,,
23,True,y_t+15min,0.8,ACI,0.7911330049261084,5.350275297289828,8.372014736786657,1015,760,0.05,0.8026315789473685,380.0,,,,
23,True,y_t+15min,0.85,split-CP,0.8906403940886699,7.084183862433861,10.405236606624536,1015,760,,,,,,,
23,True,y_t+15min,0.85,ACI,0.8453201970443349,6.107128162295649,9.487623669646656,1015,760,0.02,0.85,380.0,,,,
23,True,y_t+15min,0.9,split-CP,0.9241379310344828,8.766785714285703,12.193985311714371,1015,760,,,,0.8859126984126984,0.9543650793650794,,
23,True,y_t+15min,0.9,ACI,0.896551724137931,7.175144210323521,11.132639950762607,1015,760,0.02,0.9,380.0,0.8621031746031746,0.921626984126984,,
23,True,y_t+15min,0.95,split-CP,0.9684729064039408,12.27607142857144,15.588350001303205,1015,760,,,,,,,
23,True,y_t+15min,0.95,ACI,0.9458128078817734,9.723002350204071,14.973130348460144,1015,760,0.02,0.9447368421052632,380.0,,,,
23,True,y_t+15min,0.9,CQR,0.9004926108374385,6.100965070511003,8.966517318456138,1015,760,,,,0.8630952380952381,0.935515873015873,0.0,9.0
23,True,y_t+15min,0.9,ACQR,0.896551724137931,6.202724964359633,8.876042218827683,1015,760,0.02,0.9026315789473685,380.0,0.8680555555555556,0.9206349206349206,0.0,9.0
23,True,y_t+15min,0.95,CQR,0.954679802955665,9.143028317006944,11.465240537860527,1015,760,,,,,,2.0,0.0
23,True,y_t+15min,0.95,ACQR,0.9477832512315272,8.638254583330436,11.509590952061988,1015,760,0.01,0.9447368421052632,380.0,,,2.0,0.0
23,True,y_t+30min,0.8,split-CP,0.8290513833992095,7.070611111111106,11.971415501954093,1012,754,,,,,,,
23,True,y_t+30min,0.8,ACI,0.7845849802371542,7.308316096939365,11.512178604813244,1012,754,0.05,0.7984084880636605,377.0,,,,
23,True,y_t+30min,0.85,split-CP,0.8794466403162056,9.307996031746027,13.722306471960788,1012,754,,,,,,,
23,True,y_t+30min,0.85,ACI,0.8478260869565217,7.946878391100175,12.748936328144,1012,754,0.02,0.8355437665782494,377.0,,,,
23,True,y_t+30min,0.9,split-CP,0.9219367588932806,11.347476190476158,15.96704244995598,1012,754,,,,0.8799603174603174,0.9553571428571428,,
23,True,y_t+30min,0.9,ACI,0.8932806324110671,9.661952175104409,15.10058001051691,1012,754,0.02,0.883289124668435,377.0,0.8521825396825397,0.9246031746031746,,
23,True,y_t+30min,0.95,split-CP,0.9644268774703556,15.842785714285723,20.16826974716105,1012,754,,,,,,,
23,True,y_t+30min,0.95,ACI,0.941699604743083,12.183813999886413,18.970692389449987,1012,754,0.02,0.9310344827586208,377.0,,,,
23,True,y_t+30min,0.9,CQR,0.9071146245059288,8.828445548332178,12.25110754674205,1012,754,,,,0.8700396825396826,0.9404761904761904,0.0,15.0
23,True,y_t+30min,0.9,ACQR,0.8962450592885376,9.047619528557377,12.764029609888182,1012,754,0.02,0.8779840848806366,377.0,0.8601190476190477,0.9236111111111112,0.0,15.0
23,True,y_t+30min,0.95,CQR,0.9733201581027668,13.351219290215743,15.8841511989719,1012,754,,,,,,0.0,6.0
23,True,y_t+30min,0.95,ACQR,0.9466403162055336,11.782908808725663,15.441816565308898,1012,754,0.01,0.93368700265252,377.0,,,0.0,6.0
24,True,y_t+5min,0.8,split-CP,0.831858407079646,2.1164695767195956,3.753967840364598,1017,764,,,,,,,
24,True,y_t+5min,0.8,ACI,0.7964601769911505,2.044653330017882,3.711487197559714,1017,764,0.1,0.8036649214659686,382.0,,,,
24,True,y_t+5min,0.85,split-CP,0.8770894788593904,2.587944444444446,4.322745767282477,1017,764,,,,,,,
24,True,y_t+5min,0.85,ACI,0.8426745329400197,2.42510593751818,4.223789055630993,1017,764,0.1,0.8507853403141361,382.0,,,,
24,True,y_t+5min,0.9,split-CP,0.9134709931170109,3.2456785714285554,5.166165934406099,1017,764,,,,0.8779761904761905,0.9454365079365079,,
24,True,y_t+5min,0.9,ACI,0.887905604719764,2.9858794967278253,5.154911541197431,1017,764,0.1,0.900523560209424,382.0,0.871031746031746,0.9007936507936508,,
24,True,y_t+5min,0.95,split-CP,0.9626352015732547,4.356793650793648,6.887587665766617,1017,764,,,,,,,
24,True,y_t+5min,0.95,ACI,0.9400196656833825,3.919183249950457,6.825462377793004,1017,764,0.05,0.9528795811518325,382.0,,,,
24,True,y_t+5min,0.9,CQR,0.9075712881022615,2.453392633912422,4.586426965267117,1017,764,,,,0.876984126984127,0.933531746031746,0.0,0.0
24,True,y_t+5min,0.9,ACQR,0.8987217305801377,2.313534571499724,4.465480811044368,1017,764,0.02,0.900523560209424,382.0,0.8740079365079365,0.9176587301587301,0.0,0.0
24,True,y_t+5min,0.95,CQR,0.9508357915437562,3.494940555637328,6.453447112958755,1017,764,,,,,,0.0,0.0
24,True,y_t+5min,0.95,ACQR,0.9478859390363815,3.614485785395498,6.467194201936824,1017,764,0.02,0.9502617801047121,382.0,,,0.0,0.0
24,True,y_t+15min,0.8,split-CP,0.8285714285714286,4.9917182539682585,8.653558305314464,1015,760,,,,,,,
24,True,y_t+15min,0.8,ACI,0.7645320197044335,3.8644385078796404,8.440411440347647,1015,760,0.002,0.8,380.0,,,,
24,True,y_t+15min,0.85,split-CP,0.8689655172413793,5.848706349206366,9.87748509135455,1015,760,,,,,,,
24,True,y_t+15min,0.85,ACI,0.8374384236453202,5.072037474320973,9.630387243022135,1015,760,0.005,0.85,380.0,,,,
24,True,y_t+15min,0.9,split-CP,0.9024630541871921,7.002718253968254,11.77019856256679,1015,760,,,,0.8521825396825397,0.9464285714285714,,
24,True,y_t+15min,0.9,ACI,0.8955665024630541,6.527751440750456,10.94894676485711,1015,760,0.02,0.9,380.0,0.8621031746031746,0.9226190476190477,,
24,True,y_t+15min,0.95,split-CP,0.9497536945812808,9.828833333333336,15.443676062762265,1015,760,,,,,,,
24,True,y_t+15min,0.95,ACI,0.9428571428571428,8.210310811374358,14.833026817316963,1015,760,0.02,0.9447368421052632,380.0,,,,
24,True,y_t+15min,0.9,CQR,0.8857142857142857,5.212180379015468,10.264456918950396,1015,760,,,,0.8323412698412699,0.9325396825396826,0.0,0.0
24,True,y_t+15min,0.9,ACQR,0.8945812807881773,5.335282816162874,9.432529172065626,1015,760,0.02,0.9026315789473685,380.0,0.8650793650793651,0.9186507936507936,0.0,0.0
24,True,y_t+15min,0.95,CQR,0.9389162561576355,7.120040796822328,13.644802117435646,1015,760,,,,,,0.0,0.0
24,True,y_t+15min,0.95,ACQR,0.9369458128078818,6.61060174064689,13.084340972711114,1015,760,0.002,0.95,380.0,,,0.0,0.0
24,True,y_t+30min,0.8,split-CP,0.8300395256916996,7.534996031746033,12.689931522574557,1012,754,,,,,,,
24,True,y_t+30min,0.8,ACI,0.791501976284585,6.972078415544989,12.501624348516819,1012,754,0.01,0.8090185676392573,377.0,,,,
24,True,y_t+30min,0.85,split-CP,0.8764822134387352,9.232615079365075,14.482609617716006,1012,754,,,,,,,
24,True,y_t+30min,0.85,ACI,0.8428853754940712,7.986915346580285,14.295878347347635,1012,754,0.01,0.8541114058355438,377.0,,,,
24,True,y_t+30min,0.9,split-CP,0.9071146245059288,11.427408730158731,16.946667287623814,1012,754,,,,0.8611111111111112,0.9474206349206349,,
24,True,y_t+30min,0.9,ACI,0.8814229249011858,8.940439914433709,16.939758899927924,1012,754,0.002,0.8992042440318302,377.0,0.8204365079365079,0.9285714285714286,,
24,True,y_t+30min,0.95,split-CP,0.9407114624505929,13.908132275132289,21.29618796048044,1012,754,,,,,,,
24,True,y_t+30min,0.95,ACI,0.9456521739130435,13.418788324603845,22.883454105165768,1012,754,0.01,0.9496021220159151,377.0,,,,
24,True,y_t+30min,0.9,CQR,0.8774703557312253,8.109222102004608,16.366525068739712,1012,754,,,,0.8194444444444444,0.9246031746031746,0.0,0.0
24,True,y_t+30min,0.9,ACQR,0.8903162055335968,9.10309878021492,16.19587561565974,1012,754,0.005,0.8992042440318302,377.0,0.8373015873015873,0.9295634920634921,0.0,0.0
24,True,y_t+30min,0.95,CQR,0.924901185770751,10.83963309571983,21.913185372770492,1012,754,,,,,,0.0,0.0
24,True,y_t+30min,0.95,ACQR,0.9357707509881423,11.825629321406671,21.293896379028695,1012,754,0.002,0.9389920424403183,377.0,,,0.0,0.0
