arm,fold,facility_id,dynamic,low_info,partition,cell,method,PICP,MPIW,n_cell,cramers_v,degenerate
A_folds,F1,1,False,True,day_of_week,Mon,split-CP,1.0,0.0,142,0.4764097121063032,True
A_folds,F1,1,False,True,day_of_week,Tue,split-CP,1.0,0.0,285,0.4764097121063032,True
A_folds,F1,1,False,True,day_of_week,Wed,split-CP,1.0,0.0,36,0.4764097121063032,True
A_folds,F1,1,False,True,day_of_week,Mon,Mondrian-split-CP,1.0,0.0,142,0.4764097121063032,True
A_folds,F1,1,False,True,day_of_week,Tue,Mondrian-split-CP,1.0,0.0,285,0.4764097121063032,True
A_folds,F1,1,False,True,day_of_week,Wed,Mondrian-split-CP,1.0,0.0,36,0.4764097121063032,True
A_folds,F1,1,False,True,day_of_week,Mon,ACI,1.0,0.0,142,0.4764097121063032,True
A_folds,F1,1,False,True,day_of_week,Tue,ACI,1.0,0.0,285,0.4764097121063032,True
A_folds,F1,1,False,True,day_of_week,Wed,ACI,1.0,0.0,36,0.4764097121063032,True
A_folds,F1,1,False,True,day_of_week,Mon,ToD-ACI,1.0,0.0,142,0.4764097121063032,True
A_folds,F1,1,False,True,day_of_week,Tue,ToD-ACI,1.0,0.0,285,0.4764097121063032,True
A_folds,F1,1,False,True,day_of_week,Wed,ToD-ACI,1.0,0.0,36,0.4764097121063032,True
A_folds,F1,1,False,True,occupancy_tercile,low,split-CP,1.0,0.0,463,,True
A_folds,F1,1,False,True,occupancy_tercile,low,Mondrian-split-CP,1.0,0.0,463,,True
A_folds,F1,1,False,True,occupancy_tercile,low,ACI,1.0,0.0,463,,True
A_folds,F1,1,False,True,occupancy_tercile,low,ToD-ACI,1.0,0.0,463,,True
A_folds,F1,1,False,True,random_5,r0,split-CP,1.0,0.0,99,0.0982555974931848,True
A_folds,F1,1,False,True,random_5,r3,split-CP,1.0,0.0,97,0.0982555974931848,True
A_folds,F1,1,False,True,random_5,r2,split-CP,1.0,0.0,102,0.0982555974931848,True
A_folds,F1,1,False,True,random_5,r4,split-CP,1.0,0.0,84,0.0982555974931848,True
A_folds,F1,1,False,True,random_5,r1,split-CP,1.0,0.0,81,0.0982555974931848,True
A_folds,F1,1,False,True,random_5,r0,Mondrian-split-CP,1.0,0.0,99,0.0982555974931848,True
A_folds,F1,1,False,True,random_5,r3,Mondrian-split-CP,1.0,0.0,97,0.0982555974931848,True
A_folds,F1,1,False,True,random_5,r2,Mondrian-split-CP,1.0,0.0,102,0.0982555974931848,True
A_folds,F1,1,False,True,random_5,r4,Mondrian-split-CP,1.0,0.0,84,0.0982555974931848,True
A_folds,F1,1,False,True,random_5,r1,Mondrian-split-CP,1.0,0.0,81,0.0982555974931848,True
A_folds,F1,1,False,True,random_5,r0,ACI,1.0,0.0,99,0.0982555974931848,True
A_folds,F1,1,False,True,random_5,r3,ACI,1.0,0.0,97,0.0982555974931848,True
A_folds,F1,1,False,True,random_5,r2,ACI,1.0,0.0,102,0.0982555974931848,True
A_folds,F1,1,False,True,random_5,r4,ACI,1.0,0.0,84,0.0982555974931848,True
A_folds,F1,1,False,True,random_5,r1,ACI,1.0,0.0,81,0.0982555974931848,True
A_folds,F1,1,False,True,random_5,r0,ToD-ACI,1.0,0.0,99,0.0982555974931848,True
A_folds,F1,1,False,True,random_5,r3,ToD-ACI,1.0,0.0,97,0.0982555974931848,True
A_folds,F1,1,False,True,random_5,r2,ToD-ACI,1.0,0.0,102,0.0982555974931848,True
A_folds,F1,1,False,True,random_5,r4,ToD-ACI,1.0,0.0,84,0.0982555974931848,True
A_folds,F1,1,False,True,random_5,r1,ToD-ACI,1.0,0.0,81,0.0982555974931848,True
A_folds,F1,1,False,True,time_of_day,midday,split-CP,1.0,0.0,121,1.0,True
A_folds,F1,1,False,True,time_of_day,pm_rush,split-CP,1.0,0.0,96,1.0,True
A_folds,F1,1,False,True,time_of_day,evening,split-CP,1.0,0.0,93,1.0,True
A_folds,F1,1,False,True,time_of_day,night,split-CP,1.0,0.0,105,1.0,True
A_folds,F1,1,False,True,time_of_day,am_rush,split-CP,1.0,0.0,48,1.0,True
A_folds,F1,1,False,True,time_of_day,midday,Mondrian-split-CP,1.0,0.0,121,1.0,True
A_folds,F1,1,False,True,time_of_day,pm_rush,Mondrian-split-CP,1.0,0.0,96,1.0,True
A_folds,F1,1,False,True,time_of_day,evening,Mondrian-split-CP,1.0,0.0,93,1.0,True
A_folds,F1,1,False,True,time_of_day,night,Mondrian-split-CP,1.0,0.0,105,1.0,True
A_folds,F1,1,False,True,time_of_day,am_rush,Mondrian-split-CP,1.0,0.0,48,1.0,True
A_folds,F1,1,False,True,time_of_day,midday,ACI,1.0,0.0,121,1.0,True
A_folds,F1,1,False,True,time_of_day,pm_rush,ACI,1.0,0.0,96,1.0,True
A_folds,F1,1,False,True,time_of_day,evening,ACI,1.0,0.0,93,1.0,True
A_folds,F1,1,False,True,time_of_day,night,ACI,1.0,0.0,105,1.0,True
A_folds,F1,1,False,True,time_of_day,am_rush,ACI,1.0,0.0,48,1.0,True
A_folds,F1,1,False,True,time_of_day,midday,ToD-ACI,1.0,0.0,121,1.0,True
A_folds,F1,1,False,True,time_of_day,pm_rush,ToD-ACI,1.0,0.0,96,1.0,True
A_folds,F1,1,False,True,time_of_day,evening,ToD-ACI,1.0,0.0,93,1.0,True
A_folds,F1,1,False,True,time_of_day,night,ToD-ACI,1.0,0.0,105,1.0,True
A_folds,F1,1,False,True,time_of_day,am_rush,ToD-ACI,1.0,0.0,48,1.0,True
A_folds,F1,2,True,False,day_of_week,Mon,split-CP,0.8591549295774648,19.29726984126989,142,0.4764097121063032,False
A_folds,F1,2,True,False,day_of_week,Tue,split-CP,0.8421052631578947,19.29726984126989,285,0.4764097121063032,False
A_folds,F1,2,True,False,day_of_week,Wed,split-CP,1.0,19.29726984126989,36,0.4764097121063032,False
A_folds,F1,2,True,False,day_of_week,Mon,Mondrian-split-CP,0.9366197183098592,21.894509501453182,142,0.4764097121063032,False
A_folds,F1,2,True,False,day_of_week,Tue,Mondrian-split-CP,0.9017543859649124,20.38846390977444,285,0.4764097121063032,False
A_folds,F1,2,True,False,day_of_week,Wed,Mondrian-split-CP,1.0,14.1573253968254,36,0.4764097121063032,False
A_folds,F1,2,True,False,day_of_week,Mon,ACI,0.9225352112676056,19.82215893085788,142,0.4764097121063032,False
A_folds,F1,2,True,False,day_of_week,Tue,ACI,0.8771929824561403,20.315847772208294,285,0.4764097121063032,False
A_folds,F1,2,True,False,day_of_week,Wed,ACI,1.0,15.07197648442092,36,0.4764097121063032,False
A_folds,F1,2,True,False,day_of_week,Mon,ToD-ACI,0.9154929577464788,20.80934664298925,142,0.4764097121063032,False
A_folds,F1,2,True,False,day_of_week,Tue,ToD-ACI,0.8912280701754386,22.160750593233924,285,0.4764097121063032,False
A_folds,F1,2,True,False,day_of_week,Wed,ToD-ACI,1.0,5.99994058641973,36,0.4764097121063032,False
A_folds,F1,2,True,False,occupancy_tercile,low,split-CP,0.7676348547717843,19.29726984126989,241,0.680143160067593,False
A_folds,F1,2,True,False,occupancy_tercile,mid,split-CP,0.9629629629629628,19.2972698412699,135,0.680143160067593,False
A_folds,F1,2,True,False,occupancy_tercile,high,split-CP,0.9540229885057472,19.297269841269905,87,0.680143160067593,False
A_folds,F1,2,True,False,occupancy_tercile,low,Mondrian-split-CP,0.8838174273858921,23.509417358229605,241,0.680143160067593,False
A_folds,F1,2,True,False,occupancy_tercile,mid,Mondrian-split-CP,0.9555555555555556,17.788836243386267,135,0.680143160067593,False
A_folds,F1,2,True,False,occupancy_tercile,high,Mondrian-split-CP,0.9655172413793104,15.656710363072431,87,0.680143160067593,False
A_folds,F1,2,True,False,occupancy_tercile,low,ACI,0.8879668049792531,25.1231393085169,241,0.680143160067593,False
A_folds,F1,2,True,False,occupancy_tercile,mid,ACI,0.925925925925926,16.78170202732795,135,0.680143160067593,False
A_folds,F1,2,True,False,occupancy_tercile,high,ACI,0.896551724137931,9.50744815699413,87,0.680143160067593,False
A_folds,F1,2,True,False,occupancy_tercile,low,ToD-ACI,0.8838174273858921,23.9319340799818,241,0.680143160067593,False
A_folds,F1,2,True,False,occupancy_tercile,mid,ToD-ACI,0.9333333333333332,16.808278120713293,135,0.680143160067593,False
A_folds,F1,2,True,False,occupancy_tercile,high,ToD-ACI,0.9310344827586208,16.666957976038436,87,0.680143160067593,False
A_folds,F1,2,True,False,random_5,r0,split-CP,0.898989898989899,19.29726984126989,99,0.0982555974931848,False
A_folds,F1,2,True,False,random_5,r3,split-CP,0.8247422680412371,19.29726984126989,97,0.0982555974931848,False
A_folds,F1,2,True,False,random_5,r2,split-CP,0.8823529411764706,19.2972698412699,102,0.0982555974931848,False
A_folds,F1,2,True,False,random_5,r4,split-CP,0.8809523809523809,19.2972698412699,84,0.0982555974931848,False
A_folds,F1,2,True,False,random_5,r1,split-CP,0.8024691358024691,19.29726984126989,81,0.0982555974931848,False
A_folds,F1,2,True,False,random_5,r0,Mondrian-split-CP,0.9696969696969696,20.21425404842072,99,0.0982555974931848,False
A_folds,F1,2,True,False,random_5,r3,Mondrian-split-CP,0.8865979381443299,20.477991858942893,97,0.0982555974931848,False
A_folds,F1,2,True,False,random_5,r2,Mondrian-split-CP,0.9411764705882352,20.83812986305633,102,0.0982555974931848,False
A_folds,F1,2,True,False,random_5,r4,Mondrian-split-CP,0.9166666666666666,20.116248204837504,84,0.0982555974931848,False
A_folds,F1,2,True,False,random_5,r1,Mondrian-split-CP,0.8765432098765432,20.08105952380953,81,0.0982555974931848,False
A_folds,F1,2,True,False,random_5,r0,ACI,0.9393939393939394,19.89267163457567,99,0.0982555974931848,False
A_folds,F1,2,True,False,random_5,r3,ACI,0.865979381443299,18.028082945309745,97,0.0982555974931848,False
A_folds,F1,2,True,False,random_5,r2,ACI,0.9117647058823528,20.764853685076723,102,0.0982555974931848,False
A_folds,F1,2,True,False,random_5,r4,ACI,0.9047619047619048,20.63754394282966,84,0.0982555974931848,False
A_folds,F1,2,True,False,random_5,r1,ACI,0.8765432098765432,19.47761768033064,81,0.0982555974931848,False
A_folds,F1,2,True,False,random_5,r0,ToD-ACI,0.9595959595959596,20.70011952376093,99,0.0982555974931848,False
A_folds,F1,2,True,False,random_5,r3,ToD-ACI,0.865979381443299,19.61453501633914,97,0.0982555974931848,False
A_folds,F1,2,True,False,random_5,r2,ToD-ACI,0.9117647058823528,22.302579506550096,102,0.0982555974931848,False
A_folds,F1,2,True,False,random_5,r4,ToD-ACI,0.9404761904761904,19.93724958341922,84,0.0982555974931848,False
A_folds,F1,2,True,False,random_5,r1,ToD-ACI,0.8518518518518519,19.570681473761724,81,0.0982555974931848,False
A_folds,F1,2,True,False,time_of_day,midday,split-CP,0.6859504132231405,19.29726984126989,121,1.0,False
A_folds,F1,2,True,False,time_of_day,pm_rush,split-CP,0.84375,19.29726984126989,96,1.0,False
A_folds,F1,2,True,False,time_of_day,evening,split-CP,0.935483870967742,19.2972698412699,93,1.0,False
A_folds,F1,2,True,False,time_of_day,night,split-CP,0.9809523809523808,19.29726984126989,105,1.0,False
A_folds,F1,2,True,False,time_of_day,am_rush,split-CP,0.9166666666666666,19.29726984126989,48,1.0,False
A_folds,F1,2,True,False,time_of_day,midday,Mondrian-split-CP,0.9008264462809916,27.170730158730155,121,1.0,False
A_folds,F1,2,True,False,time_of_day,pm_rush,Mondrian-split-CP,0.8541666666666666,19.55777380952384,96,1.0,False
A_folds,F1,2,True,False,time_of_day,evening,Mondrian-split-CP,0.9247311827956988,18.64180952380957,93,1.0,False
A_folds,F1,2,True,False,time_of_day,night,Mondrian-split-CP,0.9714285714285714,14.1573253968254,105,1.0,False
A_folds,F1,2,True,False,time_of_day,am_rush,Mondrian-split-CP,0.9791666666666666,21.74967063492056,48,1.0,False
A_folds,F1,2,True,False,time_of_day,midday,ACI,0.8677685950413223,26.13835531624788,121,1.0,False
A_folds,F1,2,True,False,time_of_day,pm_rush,ACI,0.9375,23.29320559764309,96,1.0,False
A_folds,F1,2,True,False,time_of_day,evening,ACI,0.913978494623656,20.206257225351305,93,1.0,False
A_folds,F1,2,True,False,time_of_day,night,ACI,0.961904761904762,11.89294804965757,105,1.0,False
A_folds,F1,2,True,False,time_of_day,am_rush,ACI,0.75,12.92758622685185,48,1.0,False
A_folds,F1,2,True,False,time_of_day,midday,ToD-ACI,0.9008264462809916,29.16693821926467,121,1.0,False
A_folds,F1,2,True,False,time_of_day,pm_rush,ToD-ACI,0.875,19.47150447931698,96,1.0,False
A_folds,F1,2,True,False,time_of_day,evening,ToD-ACI,0.9032258064516128,19.73633114297093,93,1.0,False
A_folds,F1,2,True,False,time_of_day,night,ToD-ACI,0.961904761904762,12.604736054421764,105,1.0,False
A_folds,F1,2,True,False,time_of_day,am_rush,ToD-ACI,0.875,19.360395144400343,48,1.0,False
A_folds,F1,3,True,False,day_of_week,Mon,split-CP,0.8380281690140845,16.155006427453632,142,0.4764097121063032,False
A_folds,F1,3,True,False,day_of_week,Tue,split-CP,0.8807017543859649,16.57822367408422,285,0.4764097121063032,False
A_folds,F1,3,True,False,day_of_week,Wed,split-CP,1.0,17.641535714285737,36,0.4764097121063032,False
A_folds,F1,3,True,False,day_of_week,Mon,Mondrian-split-CP,0.8732394366197183,21.210875666033253,142,0.4764097121063032,False
A_folds,F1,3,True,False,day_of_week,Tue,Mondrian-split-CP,0.8807017543859649,16.580326051239222,285,0.4764097121063032,False
A_folds,F1,3,True,False,day_of_week,Wed,Mondrian-split-CP,1.0,9.792170634920636,36,0.4764097121063032,False
A_folds,F1,3,True,False,day_of_week,Mon,ACI,0.9014084507042254,21.014584808937805,142,0.4764097121063032,False
A_folds,F1,3,True,False,day_of_week,Tue,ACI,0.8947368421052632,16.385630185522725,285,0.4764097121063032,False
A_folds,F1,3,True,False,day_of_week,Wed,ACI,1.0,10.053617497728608,36,0.4764097121063032,False
A_folds,F1,3,True,False,day_of_week,Mon,ToD-ACI,0.8943661971830986,21.312190565531235,142,0.4764097121063032,False
A_folds,F1,3,True,False,day_of_week,Tue,ToD-ACI,0.8947368421052632,15.875531071154317,285,0.4764097121063032,False
A_folds,F1,3,True,False,day_of_week,Wed,ToD-ACI,1.0,6.993529381112712,36,0.4764097121063032,False
A_folds,F1,3,True,False,occupancy_tercile,low,split-CP,0.7671232876712328,14.12008989108306,146,0.8066195923499866,False
A_folds,F1,3,True,False,occupancy_tercile,mid,split-CP,0.8368794326241135,17.641535714285737,141,0.8066195923499866,False
A_folds,F1,3,True,False,occupancy_tercile,high,split-CP,1.0,17.641535714285737,176,0.8066195923499866,False
A_folds,F1,3,True,False,occupancy_tercile,low,Mondrian-split-CP,0.7808219178082192,14.949692999383926,146,0.8066195923499866,False
A_folds,F1,3,True,False,occupancy_tercile,mid,Mondrian-split-CP,0.8936170212765957,23.78569678036701,141,0.8066195923499866,False
A_folds,F1,3,True,False,occupancy_tercile,high,Mondrian-split-CP,0.9715909090909092,14.508051068722956,176,0.8066195923499866,False
A_folds,F1,3,True,False,occupancy_tercile,low,ACI,0.8698630136986302,18.913001229681026,146,0.8066195923499866,False
A_folds,F1,3,True,False,occupancy_tercile,mid,ACI,0.8794326241134752,22.980652652837048,141,0.8066195923499866,False
A_folds,F1,3,True,False,occupancy_tercile,high,ACI,0.9545454545454546,11.445089045897282,176,0.8066195923499866,False
A_folds,F1,3,True,False,occupancy_tercile,low,ToD-ACI,0.8698630136986302,20.522831136709563,146,0.8066195923499866,False
A_folds,F1,3,True,False,occupancy_tercile,mid,ToD-ACI,0.8865248226950354,21.56559961741699,141,0.8066195923499866,False
A_folds,F1,3,True,False,occupancy_tercile,high,ToD-ACI,0.9431818181818182,10.031486257324326,176,0.8066195923499866,False
A_folds,F1,3,True,False,random_5,r0,split-CP,0.8787878787878788,16.587800805675826,99,0.0982555974931848,False
A_folds,F1,3,True,False,random_5,r3,split-CP,0.8144329896907216,16.822840619622855,97,0.0982555974931848,False
A_folds,F1,3,True,False,random_5,r2,split-CP,0.9215686274509804,15.93884180153545,102,0.0982555974931848,False
A_folds,F1,3,True,False,random_5,r4,split-CP,0.8928571428571429,16.608011889014886,84,0.0982555974931848,False
A_folds,F1,3,True,False,random_5,r1,split-CP,0.8765432098765432,16.77848473120389,81,0.0982555974931848,False
A_folds,F1,3,True,False,random_5,r0,Mondrian-split-CP,0.9292929292929292,17.460195199347993,99,0.0982555974931848,False
A_folds,F1,3,True,False,random_5,r3,Mondrian-split-CP,0.7628865979381443,17.610133400152744,97,0.0982555974931848,False
A_folds,F1,3,True,False,random_5,r2,Mondrian-split-CP,0.931372549019608,16.62485912050007,102,0.0982555974931848,False
A_folds,F1,3,True,False,random_5,r4,Mondrian-split-CP,0.9285714285714286,17.912054862685824,84,0.0982555974931848,False
A_folds,F1,3,True,False,random_5,r1,Mondrian-split-CP,0.8888888888888888,17.935369243582212,81,0.0982555974931848,False
A_folds,F1,3,True,False,random_5,r0,ACI,0.9090909090909092,17.08168115437686,99,0.0982555974931848,False
A_folds,F1,3,True,False,random_5,r3,ACI,0.8247422680412371,17.739973139594277,97,0.0982555974931848,False
A_folds,F1,3,True,False,random_5,r2,ACI,0.9509803921568628,15.733147880532684,102,0.0982555974931848,False
A_folds,F1,3,True,False,random_5,r4,ACI,0.9523809523809524,18.266228981996832,84,0.0982555974931848,False
A_folds,F1,3,True,False,random_5,r1,ACI,0.8888888888888888,18.08515714241177,81,0.0982555974931848,False
A_folds,F1,3,True,False,random_5,r0,ToD-ACI,0.8787878787878788,16.51760449006661,99,0.0982555974931848,False
A_folds,F1,3,True,False,random_5,r3,ToD-ACI,0.8350515463917526,17.770822562269732,97,0.0982555974931848,False
A_folds,F1,3,True,False,random_5,r2,ToD-ACI,0.9607843137254902,15.67219199759028,102,0.0982555974931848,False
A_folds,F1,3,True,False,random_5,r4,ToD-ACI,0.9404761904761904,17.472092322029823,84,0.0982555974931848,False
A_folds,F1,3,True,False,random_5,r1,ToD-ACI,0.9012345679012346,17.004845696827175,81,0.0982555974931848,False
A_folds,F1,3,True,False,time_of_day,midday,split-CP,0.768595041322314,13.392518440008123,121,1.0,False
A_folds,F1,3,True,False,time_of_day,pm_rush,split-CP,0.8125,17.641535714285737,96,1.0,False
A_folds,F1,3,True,False,time_of_day,evening,split-CP,0.956989247311828,17.641535714285737,93,1.0,False
A_folds,F1,3,True,False,time_of_day,night,split-CP,1.0,17.641535714285737,105,1.0,False
A_folds,F1,3,True,False,time_of_day,am_rush,split-CP,0.8541666666666666,17.641535714285737,48,1.0,False
A_folds,F1,3,True,False,time_of_day,midday,Mondrian-split-CP,0.768595041322314,13.235587000962004,121,1.0,False
A_folds,F1,3,True,False,time_of_day,pm_rush,Mondrian-split-CP,0.9270833333333334,24.572468253968253,96,1.0,False
A_folds,F1,3,True,False,time_of_day,evening,Mondrian-split-CP,1.0,26.369214285714328,93,1.0,False
A_folds,F1,3,True,False,time_of_day,night,Mondrian-split-CP,0.9523809523809524,9.792170634920636,105,1.0,False
A_folds,F1,3,True,False,time_of_day,am_rush,Mondrian-split-CP,0.75,13.518283068783091,48,1.0,False
A_folds,F1,3,True,False,time_of_day,midday,ACI,0.8677685950413223,17.170939515183317,121,1.0,False
A_folds,F1,3,True,False,time_of_day,pm_rush,ACI,0.8958333333333334,25.298797247023813,96,1.0,False
A_folds,F1,3,True,False,time_of_day,evening,ACI,0.978494623655914,18.271064936357945,93,1.0,False
A_folds,F1,3,True,False,time_of_day,night,ACI,0.961904761904762,10.573582480130092,105,1.0,False
A_folds,F1,3,True,False,time_of_day,am_rush,ACI,0.75,14.58546789822831,48,1.0,False
A_folds,F1,3,True,False,time_of_day,midday,ToD-ACI,0.859504132231405,18.49655192121928,121,1.0,False
A_folds,F1,3,True,False,time_of_day,pm_rush,ToD-ACI,0.9166666666666666,25.285297508818346,96,1.0,False
A_folds,F1,3,True,False,time_of_day,evening,ToD-ACI,0.913978494623656,16.059258135631797,93,1.0,False
A_folds,F1,3,True,False,time_of_day,night,ToD-ACI,0.9428571428571428,7.899466923200255,105,1.0,False
A_folds,F1,3,True,False,time_of_day,am_rush,ToD-ACI,0.875,16.962460342512422,48,1.0,False
A_folds,F1,4,True,False,day_of_week,Mon,split-CP,0.9577464788732394,28.146736488798133,142,0.4764097121063032,False
A_folds,F1,4,True,False,day_of_week,Tue,split-CP,0.8596491228070176,27.456487177117904,285,0.4764097121063032,False
A_folds,F1,4,True,False,day_of_week,Wed,split-CP,1.0,30.71803968253971,36,0.4764097121063032,False
A_folds,F1,4,True,False,day_of_week,Mon,Mondrian-split-CP,0.971830985915493,30.904802020879487,142,0.4764097121063032,False
A_folds,F1,4,True,False,day_of_week,Tue,Mondrian-split-CP,0.8491228070175438,28.480782976802267,285,0.4764097121063032,False
A_folds,F1,4,True,False,day_of_week,Wed,Mondrian-split-CP,0.6944444444444444,15.216238095238054,36,0.4764097121063032,False
A_folds,F1,4,True,False,day_of_week,Mon,ACI,0.9577464788732394,27.06050382895014,142,0.4764097121063032,False
A_folds,F1,4,True,False,day_of_week,Tue,ACI,0.8315789473684211,25.596568893403543,285,0.4764097121063032,False
A_folds,F1,4,True,False,day_of_week,Wed,ACI,1.0,33.531731768745644,36,0.4764097121063032,False
A_folds,F1,4,True,False,day_of_week,Mon,ToD-ACI,0.9366197183098592,26.91669411418003,142,0.4764097121063032,False
A_folds,F1,4,True,False,day_of_week,Tue,ToD-ACI,0.8526315789473684,30.432793316624903,285,0.4764097121063032,False
A_folds,F1,4,True,False,day_of_week,Wed,ToD-ACI,0.8888888888888888,17.82388403880073,36,0.4764097121063032,False
A_folds,F1,4,True,False,occupancy_tercile,low,split-CP,0.8316831683168316,24.30879454612129,202,0.7826929390861769,False
A_folds,F1,4,True,False,occupancy_tercile,mid,split-CP,0.9469026548672568,30.71803968253971,113,0.7826929390861769,False
A_folds,F1,4,True,False,occupancy_tercile,high,split-CP,0.9594594594594594,30.71803968253971,148,0.7826929390861769,False
A_folds,F1,4,True,False,occupancy_tercile,low,Mondrian-split-CP,0.8514851485148515,27.139044218707586,202,0.7826929390861769,False
A_folds,F1,4,True,False,occupancy_tercile,mid,Mondrian-split-CP,0.9646017699115044,36.011034098890306,113,0.7826929390861769,False
A_folds,F1,4,True,False,occupancy_tercile,high,Mondrian-split-CP,0.8378378378378378,23.661863658301137,148,0.7826929390861769,False
A_folds,F1,4,True,False,occupancy_tercile,low,ACI,0.7920792079207921,22.20840848013373,202,0.7826929390861769,False
A_folds,F1,4,True,False,occupancy_tercile,mid,ACI,0.9469026548672568,31.474752036802933,113,0.7826929390861769,False
A_folds,F1,4,True,False,occupancy_tercile,high,ACI,0.9594594594594594,29.06763870851371,148,0.7826929390861769,False
A_folds,F1,4,True,False,occupancy_tercile,low,ToD-ACI,0.8465346534653465,26.372859569290256,202,0.7826929390861769,False
A_folds,F1,4,True,False,occupancy_tercile,mid,ToD-ACI,0.9646017699115044,37.88792344430397,113,0.7826929390861769,False
A_folds,F1,4,True,False,occupancy_tercile,high,ToD-ACI,0.8648648648648649,23.841375017875045,148,0.7826929390861769,False
A_folds,F1,4,True,False,random_5,r0,split-CP,0.8888888888888888,28.259542712478343,99,0.0982555974931848,False
A_folds,F1,4,True,False,random_5,r3,split-CP,0.9072164948453608,28.253619013527544,97,0.0982555974931848,False
A_folds,F1,4,True,False,random_5,r2,split-CP,0.9607843137254902,26.86690971161194,102,0.0982555974931848,False
A_folds,F1,4,True,False,random_5,r4,split-CP,0.8452380952380952,28.67139089091026,84,0.0982555974931848,False
A_folds,F1,4,True,False,random_5,r1,split-CP,0.8888888888888888,27.66256119988838,81,0.0982555974931848,False
A_folds,F1,4,True,False,random_5,r0,Mondrian-split-CP,0.8585858585858586,29.24003154257825,99,0.0982555974931848,False
A_folds,F1,4,True,False,random_5,r3,Mondrian-split-CP,0.865979381443299,29.74482367179404,97,0.0982555974931848,False
A_folds,F1,4,True,False,random_5,r2,Mondrian-split-CP,0.9509803921568628,27.31431723573268,102,0.0982555974931848,False
A_folds,F1,4,True,False,random_5,r4,Mondrian-split-CP,0.8095238095238095,27.4817515453572,84,0.0982555974931848,False
A_folds,F1,4,True,False,random_5,r1,Mondrian-split-CP,0.8765432098765432,26.89816172898889,81,0.0982555974931848,False
A_folds,F1,4,True,False,random_5,r0,ACI,0.8585858585858586,27.46758707080425,99,0.0982555974931848,False
A_folds,F1,4,True,False,random_5,r3,ACI,0.8969072164948454,26.741705131209,97,0.0982555974931848,False
A_folds,F1,4,True,False,random_5,r2,ACI,0.9509803921568628,25.39822845577625,102,0.0982555974931848,False
A_folds,F1,4,True,False,random_5,r4,ACI,0.8452380952380952,27.699312972411203,84,0.0982555974931848,False
A_folds,F1,4,True,False,random_5,r1,ACI,0.8518518518518519,26.100714964162503,81,0.0982555974931848,False
A_folds,F1,4,True,False,random_5,r0,ToD-ACI,0.8585858585858586,29.91045058752509,99,0.0982555974931848,False
A_folds,F1,4,True,False,random_5,r3,ToD-ACI,0.8969072164948454,29.51551498663613,97,0.0982555974931848,False
A_folds,F1,4,True,False,random_5,r2,ToD-ACI,0.9509803921568628,27.12949122940423,102,0.0982555974931848,False
A_folds,F1,4,True,False,random_5,r4,ToD-ACI,0.8214285714285714,27.93239553342382,84,0.0982555974931848,False
A_folds,F1,4,True,False,random_5,r1,ToD-ACI,0.8641975308641975,27.154414725592204,81,0.0982555974931848,False
A_folds,F1,4,True,False,time_of_day,midday,split-CP,0.9586776859504132,20.67673655633472,121,1.0,False
A_folds,F1,4,True,False,time_of_day,pm_rush,split-CP,0.7604166666666666,29.88814552331352,96,1.0,False
A_folds,F1,4,True,False,time_of_day,evening,split-CP,0.8709677419354839,30.71803968253971,93,1.0,False
A_folds,F1,4,True,False,time_of_day,night,split-CP,0.9428571428571428,30.71803968253971,105,1.0,False
A_folds,F1,4,True,False,time_of_day,am_rush,split-CP,1.0,30.71803968253971,48,1.0,False
A_folds,F1,4,True,False,time_of_day,midday,Mondrian-split-CP,0.9669421487603306,22.733344519079026,121,1.0,False
A_folds,F1,4,True,False,time_of_day,pm_rush,Mondrian-split-CP,0.8125,33.18226069912919,96,1.0,False
A_folds,F1,4,True,False,time_of_day,evening,Mondrian-split-CP,0.8709677419354839,33.51265476190479,93,1.0,False
A_folds,F1,4,True,False,time_of_day,night,Mondrian-split-CP,0.7714285714285715,15.216238095238056,105,1.0,False
A_folds,F1,4,True,False,time_of_day,am_rush,Mondrian-split-CP,1.0,50.05574999999999,48,1.0,False
A_folds,F1,4,True,False,time_of_day,midday,ACI,0.9173553719008264,18.036704986206026,121,1.0,False
A_folds,F1,4,True,False,time_of_day,pm_rush,ACI,0.7291666666666666,28.19166794119269,96,1.0,False
A_folds,F1,4,True,False,time_of_day,evening,ACI,0.8709677419354839,33.20565039540309,93,1.0,False
A_folds,F1,4,True,False,time_of_day,night,ACI,0.9428571428571428,29.50947024210357,105,1.0,False
A_folds,F1,4,True,False,time_of_day,am_rush,ACI,1.0,26.44364029431217,48,1.0,False
A_folds,F1,4,True,False,time_of_day,midday,ToD-ACI,0.9421487603305784,20.14915855226805,121,1.0,False
A_folds,F1,4,True,False,time_of_day,pm_rush,ToD-ACI,0.8125,34.14767811422758,96,1.0,False
A_folds,F1,4,True,False,time_of_day,evening,ToD-ACI,0.8602150537634409,36.004919568185706,93,1.0,False
A_folds,F1,4,True,False,time_of_day,night,ToD-ACI,0.8380952380952381,16.8118021793903,105,1.0,False
A_folds,F1,4,True,False,time_of_day,am_rush,ToD-ACI,1.0,48.06780109126985,48,1.0,False
A_folds,F1,5,True,False,day_of_week,Mon,split-CP,0.9014084507042254,32.39987445887447,142,0.4764097121063032,False
A_folds,F1,5,True,False,day_of_week,Tue,split-CP,0.9473684210526316,32.39987445887448,285,0.4764097121063032,False
A_folds,F1,5,True,False,day_of_week,Wed,split-CP,0.7777777777777778,32.399874458874464,36,0.4764097121063032,False
A_folds,F1,5,True,False,day_of_week,Mon,Mondrian-split-CP,0.8943661971830986,32.00687729152694,142,0.4764097121063032,False
A_folds,F1,5,True,False,day_of_week,Tue,Mondrian-split-CP,0.936842105263158,29.73406315789476,285,0.4764097121063032,False
A_folds,F1,5,True,False,day_of_week,Wed,Mondrian-split-CP,0.8611111111111112,33.09587301587307,36,0.4764097121063032,False
A_folds,F1,5,True,False,day_of_week,Mon,ACI,0.9014084507042254,34.58286770115644,142,0.4764097121063032,False
A_folds,F1,5,True,False,day_of_week,Tue,ACI,0.8807017543859649,25.571022882754026,285,0.4764097121063032,False
A_folds,F1,5,True,False,day_of_week,Wed,ACI,0.8333333333333334,62.08858046737216,36,0.4764097121063032,False
A_folds,F1,5,True,False,day_of_week,Mon,ToD-ACI,0.908450704225352,40.07688682092556,142,0.4764097121063032,False
A_folds,F1,5,True,False,day_of_week,Tue,ToD-ACI,0.9087719298245616,28.185952636220183,285,0.4764097121063032,False
A_folds,F1,5,True,False,day_of_week,Wed,ToD-ACI,0.6666666666666666,28.31786468521192,36,0.4764097121063032,False
A_folds,F1,5,True,False,occupancy_tercile,low,split-CP,0.8524590163934426,32.39987445887447,183,0.6805792404044303,False
A_folds,F1,5,True,False,occupancy_tercile,mid,split-CP,0.9553571428571428,32.39987445887448,224,0.6805792404044303,False
A_folds,F1,5,True,False,occupancy_tercile,high,split-CP,1.0,32.39987445887448,56,0.6805792404044303,False
A_folds,F1,5,True,False,occupancy_tercile,low,Mondrian-split-CP,0.819672131147541,28.278177226992813,183,0.6805792404044303,False
A_folds,F1,5,True,False,occupancy_tercile,mid,Mondrian-split-CP,0.9776785714285714,33.365525368480746,224,0.6805792404044303,False
A_folds,F1,5,True,False,occupancy_tercile,high,Mondrian-split-CP,1.0,27.89021230158735,56,0.6805792404044303,False
A_folds,F1,5,True,False,occupancy_tercile,low,ACI,0.8469945355191257,40.47691343732669,183,0.6805792404044303,False
A_folds,F1,5,True,False,occupancy_tercile,mid,ACI,0.8839285714285714,28.190937738889748,224,0.6805792404044303,False
A_folds,F1,5,True,False,occupancy_tercile,high,ACI,1.0,12.708078918436057,56,0.6805792404044303,False
A_folds,F1,5,True,False,occupancy_tercile,low,ToD-ACI,0.8797814207650273,41.17746085957152,183,0.6805792404044303,False
A_folds,F1,5,True,False,occupancy_tercile,mid,ToD-ACI,0.8705357142857143,28.226783654465585,224,0.6805792404044303,False
A_folds,F1,5,True,False,occupancy_tercile,high,ToD-ACI,1.0,15.805047904641672,56,0.6805792404044303,False
A_folds,F1,5,True,False,random_5,r0,split-CP,0.9292929292929292,32.39987445887448,99,0.0982555974931848,False
A_folds,F1,5,True,False,random_5,r3,split-CP,0.9175257731958762,32.39987445887448,97,0.0982555974931848,False
A_folds,F1,5,True,False,random_5,r2,split-CP,0.8921568627450981,32.39987445887447,102,0.0982555974931848,False
A_folds,F1,5,True,False,random_5,r4,split-CP,0.9404761904761904,32.39987445887447,84,0.0982555974931848,False
A_folds,F1,5,True,False,random_5,r1,split-CP,0.925925925925926,32.39987445887448,81,0.0982555974931848,False
A_folds,F1,5,True,False,random_5,r0,Mondrian-split-CP,0.9292929292929292,30.57929453262789,99,0.0982555974931848,False
A_folds,F1,5,True,False,random_5,r3,Mondrian-split-CP,0.8969072164948454,30.067526673212264,97,0.0982555974931848,False
A_folds,F1,5,True,False,random_5,r2,Mondrian-split-CP,0.8921568627450981,30.580999494242164,102,0.0982555974931848,False
A_folds,F1,5,True,False,random_5,r4,Mondrian-split-CP,0.9523809523809524,31.3754703325775,84,0.0982555974931848,False
A_folds,F1,5,True,False,random_5,r1,Mondrian-split-CP,0.925925925925926,31.01153458749757,81,0.0982555974931848,False
A_folds,F1,5,True,False,random_5,r0,ACI,0.9292929292929292,31.68803277058706,99,0.0982555974931848,False
A_folds,F1,5,True,False,random_5,r3,ACI,0.865979381443299,26.814585031711328,97,0.0982555974931848,False
A_folds,F1,5,True,False,random_5,r2,ACI,0.8725490196078431,31.95079292870346,102,0.0982555974931848,False
A_folds,F1,5,True,False,random_5,r4,ACI,0.8690476190476191,35.80100430323645,84,0.0982555974931848,False
A_folds,F1,5,True,False,random_5,r1,ACI,0.8765432098765432,29.991387647046608,81,0.0982555974931848,False
A_folds,F1,5,True,False,random_5,r0,ToD-ACI,0.898989898989899,30.17221490822123,99,0.0982555974931848,False
A_folds,F1,5,True,False,random_5,r3,ToD-ACI,0.8556701030927835,27.453208907930566,97,0.0982555974931848,False
A_folds,F1,5,True,False,random_5,r2,ToD-ACI,0.8725490196078431,36.35160199980666,102,0.0982555974931848,False
A_folds,F1,5,True,False,random_5,r4,ToD-ACI,0.9285714285714286,35.04361884147598,84,0.0982555974931848,False
A_folds,F1,5,True,False,random_5,r1,ToD-ACI,0.9012345679012346,30.14592138165904,81,0.0982555974931848,False
A_folds,F1,5,True,False,time_of_day,midday,split-CP,0.8429752066115702,32.39987445887448,121,1.0,False
A_folds,F1,5,True,False,time_of_day,pm_rush,split-CP,0.9166666666666666,32.39987445887448,96,1.0,False
A_folds,F1,5,True,False,time_of_day,evening,split-CP,0.978494623655914,32.39987445887447,93,1.0,False
A_folds,F1,5,True,False,time_of_day,night,split-CP,0.923809523809524,32.39987445887448,105,1.0,False
A_folds,F1,5,True,False,time_of_day,am_rush,split-CP,1.0,32.39987445887448,48,1.0,False
A_folds,F1,5,True,False,time_of_day,midday,Mondrian-split-CP,0.8181818181818182,29.59453968253968,121,1.0,False
A_folds,F1,5,True,False,time_of_day,pm_rush,Mondrian-split-CP,0.8958333333333334,29.22471031746033,96,1.0,False
A_folds,F1,5,True,False,time_of_day,evening,Mondrian-split-CP,1.0,37.60128968253968,93,1.0,False
A_folds,F1,5,True,False,time_of_day,night,Mondrian-split-CP,0.9523809523809524,33.09587301587305,105,1.0,False
A_folds,F1,5,True,False,time_of_day,am_rush,Mondrian-split-CP,0.9791666666666666,17.752873015873092,48,1.0,False
A_folds,F1,5,True,False,time_of_day,midday,ACI,0.8677685950413223,39.11960594085285,121,1.0,False
A_folds,F1,5,True,False,time_of_day,pm_rush,ACI,0.8854166666666666,42.4551949429814,96,1.0,False
A_folds,F1,5,True,False,time_of_day,evening,ACI,0.8817204301075269,15.728789763999442,93,1.0,False
A_folds,F1,5,True,False,time_of_day,night,ACI,0.9142857142857144,34.693863012208254,105,1.0,False
A_folds,F1,5,True,False,time_of_day,am_rush,ACI,0.8541666666666666,10.81028196398509,48,1.0,False
A_folds,F1,5,True,False,time_of_day,midday,ToD-ACI,0.9090909090909092,44.14852310988675,121,1.0,False
A_folds,F1,5,True,False,time_of_day,pm_rush,ToD-ACI,0.90625,41.34956690917108,96,1.0,False
A_folds,F1,5,True,False,time_of_day,evening,ToD-ACI,0.8602150537634409,24.53983870967743,93,1.0,False
A_folds,F1,5,True,False,time_of_day,night,ToD-ACI,0.8761904761904762,23.615560635836832,105,1.0,False
A_folds,F1,5,True,False,time_of_day,am_rush,ToD-ACI,0.8958333333333334,13.95810358796298,48,1.0,False
A_folds,F1,6,True,False,day_of_week,Mon,split-CP,0.908450704225352,11.996899470899466,142,0.4764097121063032,False
A_folds,F1,6,True,False,day_of_week,Tue,split-CP,0.9649122807017544,11.996899470899466,285,0.4764097121063032,False
A_folds,F1,6,True,False,day_of_week,Wed,split-CP,1.0,11.996899470899464,36,0.4764097121063032,False
A_folds,F1,6,True,False,day_of_week,Mon,Mondrian-split-CP,0.8943661971830986,14.200835457187567,142,0.4764097121063032,False
A_folds,F1,6,True,False,day_of_week,Tue,Mondrian-split-CP,0.968421052631579,12.45912008050429,285,0.4764097121063032,False
A_folds,F1,6,True,False,day_of_week,Wed,Mondrian-split-CP,1.0,11.988857383357384,36,0.4764097121063032,False
A_folds,F1,6,True,False,day_of_week,Mon,ACI,0.9154929577464788,13.657613703263351,142,0.4764097121063032,False
A_folds,F1,6,True,False,day_of_week,Tue,ACI,0.8982456140350877,9.086407280828334,285,0.4764097121063032,False
A_folds,F1,6,True,False,day_of_week,Wed,ACI,1.0,9.471237921543478,36,0.4764097121063032,False
A_folds,F1,6,True,False,day_of_week,Mon,ToD-ACI,0.908450704225352,14.382189664925582,142,0.4764097121063032,False
A_folds,F1,6,True,False,day_of_week,Tue,ToD-ACI,0.9473684210526316,10.255733049796206,285,0.4764097121063032,False
A_folds,F1,6,True,False,day_of_week,Wed,ToD-ACI,1.0,5.964012636283467,36,0.4764097121063032,False
A_folds,F1,6,True,False,occupancy_tercile,low,split-CP,0.8943661971830986,11.996899470899466,142,0.7141726331677555,False
A_folds,F1,6,True,False,occupancy_tercile,mid,split-CP,0.9526627218934912,11.996899470899466,169,0.7141726331677555,False
A_folds,F1,6,True,False,occupancy_tercile,high,split-CP,1.0,11.996899470899464,152,0.7141726331677555,False
A_folds,F1,6,True,False,occupancy_tercile,low,Mondrian-split-CP,0.852112676056338,10.86925608279305,142,0.7141726331677555,False
A_folds,F1,6,True,False,occupancy_tercile,mid,Mondrian-split-CP,0.9822485207100592,13.898066661970509,169,0.7141726331677555,False
A_folds,F1,6,True,False,occupancy_tercile,high,Mondrian-split-CP,1.0,13.860257197602593,152,0.7141726331677555,False
A_folds,F1,6,True,False,occupancy_tercile,low,ACI,0.8098591549295775,10.0825922496257,142,0.7141726331677555,False
A_folds,F1,6,True,False,occupancy_tercile,mid,ACI,0.9171597633136096,11.29605778053855,169,0.7141726331677555,False
A_folds,F1,6,True,False,occupancy_tercile,high,ACI,1.0,10.06059159024455,152,0.7141726331677555,False
A_folds,F1,6,True,False,occupancy_tercile,low,ToD-ACI,0.8802816901408451,12.35519876667412,142,0.7141726331677555,False
A_folds,F1,6,True,False,occupancy_tercile,mid,ToD-ACI,0.9349112426035504,12.297117430290507,169,0.7141726331677555,False
A_folds,F1,6,True,False,occupancy_tercile,high,ToD-ACI,1.0,8.863212078491681,152,0.7141726331677555,False
A_folds,F1,6,True,False,random_5,r0,split-CP,0.9494949494949496,11.996899470899466,99,0.0982555974931848,False
A_folds,F1,6,True,False,random_5,r3,split-CP,0.9690721649484536,11.996899470899464,97,0.0982555974931848,False
A_folds,F1,6,True,False,random_5,r2,split-CP,0.9803921568627452,11.996899470899466,102,0.0982555974931848,False
A_folds,F1,6,True,False,random_5,r4,split-CP,0.9047619047619048,11.996899470899466,84,0.0982555974931848,False
A_folds,F1,6,True,False,random_5,r1,split-CP,0.9382716049382716,11.996899470899464,81,0.0982555974931848,False
A_folds,F1,6,True,False,random_5,r0,Mondrian-split-CP,0.9494949494949496,13.09274633905189,99,0.0982555974931848,False
A_folds,F1,6,True,False,random_5,r3,Mondrian-split-CP,0.9587628865979382,12.81465603878748,97,0.0982555974931848,False
A_folds,F1,6,True,False,random_5,r2,Mondrian-split-CP,0.9705882352941176,12.716719226579515,102,0.0982555974931848,False
A_folds,F1,6,True,False,random_5,r4,Mondrian-split-CP,0.8809523809523809,13.15460534483153,84,0.0982555974931848,False
A_folds,F1,6,True,False,random_5,r1,Mondrian-split-CP,0.9753086419753086,13.057666546416543,81,0.0982555974931848,False
A_folds,F1,6,True,False,random_5,r0,ACI,0.9191919191919192,10.377180803951006,99,0.0982555974931848,False
A_folds,F1,6,True,False,random_5,r3,ACI,0.9381443298969072,10.66520591531416,97,0.0982555974931848,False
A_folds,F1,6,True,False,random_5,r2,ACI,0.931372549019608,10.376061345245166,102,0.0982555974931848,False
A_folds,F1,6,True,False,random_5,r4,ACI,0.8809523809523809,10.773395664410543,84,0.0982555974931848,False
A_folds,F1,6,True,False,random_5,r1,ACI,0.8765432098765432,10.429412588554566,81,0.0982555974931848,False
A_folds,F1,6,True,False,random_5,r0,ToD-ACI,0.9595959595959596,10.901028602523551,99,0.0982555974931848,False
A_folds,F1,6,True,False,random_5,r3,ToD-ACI,0.9278350515463918,11.344665622846032,97,0.0982555974931848,False
A_folds,F1,6,True,False,random_5,r2,ToD-ACI,0.9509803921568628,11.283627963811789,102,0.0982555974931848,False
A_folds,F1,6,True,False,random_5,r4,ToD-ACI,0.9285714285714286,11.200414413408462,84,0.0982555974931848,False
A_folds,F1,6,True,False,random_5,r1,ToD-ACI,0.925925925925926,11.21555612859934,81,0.0982555974931848,False
A_folds,F1,6,True,False,time_of_day,midday,split-CP,0.9090909090909092,11.996899470899464,121,1.0,False
A_folds,F1,6,True,False,time_of_day,pm_rush,split-CP,0.8854166666666666,11.996899470899464,96,1.0,False
A_folds,F1,6,True,False,time_of_day,evening,split-CP,0.989247311827957,11.996899470899468,93,1.0,False
A_folds,F1,6,True,False,time_of_day,night,split-CP,1.0,11.996899470899464,105,1.0,False
A_folds,F1,6,True,False,time_of_day,am_rush,split-CP,1.0,11.996899470899464,48,1.0,False
A_folds,F1,6,True,False,time_of_day,midday,Mondrian-split-CP,0.8347107438016529,9.917369047619047,121,1.0,False
A_folds,F1,6,True,False,time_of_day,pm_rush,Mondrian-split-CP,0.9583333333333334,14.06797354497354,96,1.0,False
A_folds,F1,6,True,False,time_of_day,evening,Mondrian-split-CP,1.0,19.006773809523807,93,1.0,False
A_folds,F1,6,True,False,time_of_day,night,Mondrian-split-CP,1.0,11.98885738335738,105,1.0,False
A_folds,F1,6,True,False,time_of_day,am_rush,Mondrian-split-CP,1.0,8.791242063492064,48,1.0,False
A_folds,F1,6,True,False,time_of_day,midday,ACI,0.8181818181818182,10.164919436394644,121,1.0,False
A_folds,F1,6,True,False,time_of_day,pm_rush,ACI,0.8333333333333334,11.851142873426726,96,1.0,False
A_folds,F1,6,True,False,time_of_day,evening,ACI,1.0,12.6710237978867,93,1.0,False
A_folds,F1,6,True,False,time_of_day,night,ACI,1.0,9.425975998075996,105,1.0,False
A_folds,F1,6,True,False,time_of_day,am_rush,ACI,0.9375,6.9619609462682375,48,1.0,False
A_folds,F1,6,True,False,time_of_day,midday,ToD-ACI,0.8842975206611571,12.656687131050766,121,1.0,False
A_folds,F1,6,True,False,time_of_day,pm_rush,ToD-ACI,0.875,12.647256806657843,96,1.0,False
A_folds,F1,6,True,False,time_of_day,evening,ToD-ACI,1.0,13.224065567347829,93,1.0,False
A_folds,F1,6,True,False,time_of_day,night,ToD-ACI,0.9809523809523808,7.649251181886894,105,1.0,False
A_folds,F1,6,True,False,time_of_day,am_rush,ToD-ACI,1.0,8.359459132495589,48,1.0,False
A_folds,F1,7,True,False,day_of_week,Mon,split-CP,0.8943661971830986,55.219801587301625,142,0.4764097121063032,False
A_folds,F1,7,True,False,day_of_week,Tue,split-CP,0.950877192982456,55.219801587301625,285,0.4764097121063032,False
A_folds,F1,7,True,False,day_of_week,Wed,split-CP,1.0,55.21980158730162,36,0.4764097121063032,False
A_folds,F1,7,True,False,day_of_week,Mon,Mondrian-split-CP,0.9225352112676056,66.55594912996494,142,0.4764097121063032,False
A_folds,F1,7,True,False,day_of_week,Tue,Mondrian-split-CP,0.9473684210526316,55.04793302701195,285,0.4764097121063032,False
A_folds,F1,7,True,False,day_of_week,Wed,Mondrian-split-CP,0.9722222222222222,29.544944444444468,36,0.4764097121063032,False
A_folds,F1,7,True,False,day_of_week,Mon,ACI,0.8661971830985915,59.73215029656051,142,0.4764097121063032,False
A_folds,F1,7,True,False,day_of_week,Tue,ACI,0.8947368421052632,48.310469098672606,285,0.4764097121063032,False
A_folds,F1,7,True,False,day_of_week,Wed,ACI,1.0,51.81833377759071,36,0.4764097121063032,False
A_folds,F1,7,True,False,day_of_week,Mon,ToD-ACI,0.908450704225352,66.8605055890901,142,0.4764097121063032,False
A_folds,F1,7,True,False,day_of_week,Tue,ToD-ACI,0.8947368421052632,40.235692389644136,285,0.4764097121063032,False
A_folds,F1,7,True,False,day_of_week,Wed,ToD-ACI,1.0,33.11464304085832,36,0.4764097121063032,False
A_folds,F1,7,True,False,occupancy_tercile,low,split-CP,0.8392857142857143,55.21980158730162,168,0.5037700363410046,False
A_folds,F1,7,True,False,occupancy_tercile,mid,split-CP,0.9834710743801652,55.21980158730162,121,0.5037700363410046,False
A_folds,F1,7,True,False,occupancy_tercile,high,split-CP,1.0,55.219801587301625,174,0.5037700363410046,False
A_folds,F1,7,True,False,occupancy_tercile,low,Mondrian-split-CP,0.875,66.87263064531365,168,0.5037700363410046,False
A_folds,F1,7,True,False,occupancy_tercile,mid,Mondrian-split-CP,0.950413223140496,61.08978409637496,121,0.5037700363410046,False
A_folds,F1,7,True,False,occupancy_tercile,high,Mondrian-split-CP,1.0,43.5445854314906,174,0.5037700363410046,False
A_folds,F1,7,True,False,occupancy_tercile,low,ACI,0.7916666666666666,55.595191781763205,168,0.5037700363410046,False
A_folds,F1,7,True,False,occupancy_tercile,mid,ACI,0.8842975206611571,54.55034506219216,121,0.5037700363410046,False
A_folds,F1,7,True,False,occupancy_tercile,high,ACI,1.0,46.98462689290274,174,0.5037700363410046,False
A_folds,F1,7,True,False,occupancy_tercile,low,ToD-ACI,0.8214285714285714,59.33201450588653,168,0.5037700363410046,False
A_folds,F1,7,True,False,occupancy_tercile,mid,ToD-ACI,0.9338842975206612,48.396181949363765,121,0.5037700363410046,False
A_folds,F1,7,True,False,occupancy_tercile,high,ToD-ACI,0.971264367816092,36.37801621441564,174,0.5037700363410046,False
A_folds,F1,7,True,False,random_5,r0,split-CP,0.9595959595959596,55.219801587301625,99,0.0982555974931848,False
A_folds,F1,7,True,False,random_5,r3,split-CP,0.9484536082474226,55.21980158730162,97,0.0982555974931848,False
A_folds,F1,7,True,False,random_5,r2,split-CP,0.931372549019608,55.21980158730163,102,0.0982555974931848,False
A_folds,F1,7,True,False,random_5,r4,split-CP,0.9047619047619048,55.21980158730163,84,0.0982555974931848,False
A_folds,F1,7,True,False,random_5,r1,split-CP,0.9382716049382716,55.21980158730162,81,0.0982555974931848,False
A_folds,F1,7,True,False,random_5,r0,Mondrian-split-CP,0.9494949494949496,56.13458334669444,99,0.0982555974931848,False
A_folds,F1,7,True,False,random_5,r3,Mondrian-split-CP,0.9484536082474226,56.4244135711558,97,0.0982555974931848,False
A_folds,F1,7,True,False,random_5,r2,Mondrian-split-CP,0.9509803921568628,57.75668972403775,102,0.0982555974931848,False
A_folds,F1,7,True,False,random_5,r4,Mondrian-split-CP,0.9166666666666666,56.49979769778282,84,0.0982555974931848,False
A_folds,F1,7,True,False,random_5,r1,Mondrian-split-CP,0.9382716049382716,55.99464769090076,81,0.0982555974931848,False
A_folds,F1,7,True,False,random_5,r0,ACI,0.9191919191919192,50.78104847780352,99,0.0982555974931848,False
A_folds,F1,7,True,False,random_5,r3,ACI,0.865979381443299,50.934908476021874,97,0.0982555974931848,False
A_folds,F1,7,True,False,random_5,r2,ACI,0.8725490196078431,51.97281038678096,102,0.0982555974931848,False
A_folds,F1,7,True,False,random_5,r4,ACI,0.8928571428571429,55.76267115600448,84,0.0982555974931848,False
A_folds,F1,7,True,False,random_5,r1,ACI,0.925925925925926,51.39022337276349,81,0.0982555974931848,False
A_folds,F1,7,True,False,random_5,r0,ToD-ACI,0.9494949494949496,46.340570039014494,99,0.0982555974931848,False
A_folds,F1,7,True,False,random_5,r3,ToD-ACI,0.8865979381443299,49.14434069586388,97,0.0982555974931848,False
A_folds,F1,7,True,False,random_5,r2,ToD-ACI,0.8823529411764706,46.98782416131434,102,0.0982555974931848,False
A_folds,F1,7,True,False,random_5,r4,ToD-ACI,0.9047619047619048,50.00163839357291,84,0.0982555974931848,False
A_folds,F1,7,True,False,random_5,r1,ToD-ACI,0.9135802469135802,46.98614942339326,81,0.0982555974931848,False
A_folds,F1,7,True,False,time_of_day,midday,split-CP,0.9008264462809916,55.21980158730162,121,1.0,False
A_folds,F1,7,True,False,time_of_day,pm_rush,split-CP,0.9166666666666666,55.21980158730162,96,1.0,False
A_folds,F1,7,True,False,time_of_day,evening,split-CP,0.9247311827956988,55.21980158730163,93,1.0,False
A_folds,F1,7,True,False,time_of_day,night,split-CP,0.9809523809523808,55.21980158730162,105,1.0,False
A_folds,F1,7,True,False,time_of_day,am_rush,split-CP,1.0,55.21980158730162,48,1.0,False
A_folds,F1,7,True,False,time_of_day,midday,Mondrian-split-CP,0.9586776859504132,75.65623280423273,121,1.0,False
A_folds,F1,7,True,False,time_of_day,pm_rush,Mondrian-split-CP,0.9270833333333334,57.88183333333336,96,1.0,False
A_folds,F1,7,True,False,time_of_day,evening,Mondrian-split-CP,0.935483870967742,65.89914153439146,93,1.0,False
A_folds,F1,7,True,False,time_of_day,night,Mondrian-split-CP,0.923809523809524,29.544944444444468,105,1.0,False
A_folds,F1,7,True,False,time_of_day,am_rush,Mondrian-split-CP,0.9791666666666666,47.1109206349206,48,1.0,False
A_folds,F1,7,True,False,time_of_day,midday,ACI,0.8677685950413223,55.94083519969471,121,1.0,False
A_folds,F1,7,True,False,time_of_day,pm_rush,ACI,0.9166666666666666,56.32344807950536,96,1.0,False
A_folds,F1,7,True,False,time_of_day,evening,ACI,0.8387096774193549,53.240948730779365,93,1.0,False
A_folds,F1,7,True,False,time_of_day,night,ACI,0.9333333333333332,44.02503204952014,105,1.0,False
A_folds,F1,7,True,False,time_of_day,am_rush,ACI,0.9375,49.29125790143498,48,1.0,False
A_folds,F1,7,True,False,time_of_day,midday,ToD-ACI,0.8842975206611571,58.94583375967466,121,1.0,False
A_folds,F1,7,True,False,time_of_day,pm_rush,ToD-ACI,0.9270833333333334,53.09723806768077,96,1.0,False
A_folds,F1,7,True,False,time_of_day,evening,ToD-ACI,0.8924731182795699,58.60880076753195,93,1.0,False
A_folds,F1,7,True,False,time_of_day,night,ToD-ACI,0.9142857142857144,26.644074337479097,105,1.0,False
A_folds,F1,7,True,False,time_of_day,am_rush,ToD-ACI,0.9375,34.905505373677244,48,1.0,False
A_folds,F1,8,True,False,day_of_week,Mon,split-CP,0.8873239436619719,20.35265571035641,142,0.4764097121063032,False
A_folds,F1,8,True,False,day_of_week,Tue,split-CP,0.9333333333333332,18.997674910550785,285,0.4764097121063032,False
A_folds,F1,8,True,False,day_of_week,Wed,split-CP,0.0,22.2008253968254,36,0.4764097121063032,False
A_folds,F1,8,True,False,day_of_week,Mon,Mondrian-split-CP,0.852112676056338,19.66584857757657,142,0.4764097121063032,False
A_folds,F1,8,True,False,day_of_week,Tue,Mondrian-split-CP,0.9403508771929824,22.416553395061733,285,0.4764097121063032,False
A_folds,F1,8,True,False,day_of_week,Wed,Mondrian-split-CP,0.0,42.06635064935065,36,0.4764097121063032,False
A_folds,F1,8,True,False,day_of_week,Mon,ACI,0.908450704225352,23.67830119479504,142,0.4764097121063032,False
A_folds,F1,8,True,False,day_of_week,Tue,ACI,0.9052631578947368,17.490540048564174,285,0.4764097121063032,False
A_folds,F1,8,True,False,day_of_week,Wed,ACI,0.5555555555555556,71.8169355526161,36,0.4764097121063032,False
A_folds,F1,8,True,False,day_of_week,Mon,ToD-ACI,0.8873239436619719,21.559571185954105,142,0.4764097121063032,False
A_folds,F1,8,True,False,day_of_week,Tue,ToD-ACI,0.936842105263158,19.71425925187548,285,0.4764097121063032,False
A_folds,F1,8,True,False,day_of_week,Wed,ToD-ACI,0.6666666666666666,76.78556327160494,36,0.4764097121063032,False
A_folds,F1,8,True,False,occupancy_tercile,high,split-CP,0.9401709401709402,22.200825396825383,117,0.4257240733267063,False
A_folds,F1,8,True,False,occupancy_tercile,mid,split-CP,0.8818897637795275,21.683887764976344,127,0.4257240733267063,False
A_folds,F1,8,True,False,occupancy_tercile,low,split-CP,0.776255707762557,17.13376190448736,219,0.4257240733267063,False
A_folds,F1,8,True,False,occupancy_tercile,high,Mondrian-split-CP,0.9316239316239316,27.61057474418586,117,0.4257240733267063,False
A_folds,F1,8,True,False,occupancy_tercile,mid,Mondrian-split-CP,0.8740157480314961,23.757974185045057,127,0.4257240733267063,False
A_folds,F1,8,True,False,occupancy_tercile,low,Mondrian-split-CP,0.771689497716895,20.31030535349143,219,0.4257240733267063,False
A_folds,F1,8,True,False,occupancy_tercile,high,ACI,0.9145299145299144,20.431041650222205,117,0.4257240733267063,False
A_folds,F1,8,True,False,occupancy_tercile,mid,ACI,0.8661417322834646,22.24086160300038,127,0.4257240733267063,False
A_folds,F1,8,True,False,occupancy_tercile,low,ACI,0.867579908675799,26.107356469127016,219,0.4257240733267063,False
A_folds,F1,8,True,False,occupancy_tercile,high,ToD-ACI,0.9145299145299144,25.1638864879976,117,0.4257240733267063,False
A_folds,F1,8,True,False,occupancy_tercile,mid,ToD-ACI,0.8976377952755905,22.201095586536542,127,0.4257240733267063,False
A_folds,F1,8,True,False,occupancy_tercile,low,ToD-ACI,0.8949771689497716,25.938764449232483,219,0.4257240733267063,False
A_folds,F1,8,True,False,random_5,r0,split-CP,0.8181818181818182,19.75678263940512,99,0.0982555974931848,False
A_folds,F1,8,True,False,random_5,r3,split-CP,0.865979381443299,20.336668629718886,97,0.0982555974931848,False
A_folds,F1,8,True,False,random_5,r2,split-CP,0.8431372549019608,19.36589191577304,102,0.0982555974931848,False
A_folds,F1,8,True,False,random_5,r4,split-CP,0.8214285714285714,19.35453421616963,84,0.0982555974931848,False
A_folds,F1,8,True,False,random_5,r1,split-CP,0.8888888888888888,19.43165415694273,81,0.0982555974931848,False
A_folds,F1,8,True,False,random_5,r0,Mondrian-split-CP,0.8080808080808081,22.746409753499403,99,0.0982555974931848,False
A_folds,F1,8,True,False,random_5,r3,Mondrian-split-CP,0.8350515463917526,23.13838213938601,97,0.0982555974931848,False
A_folds,F1,8,True,False,random_5,r2,Mondrian-split-CP,0.8529411764705882,22.54459698349037,102,0.0982555974931848,False
A_folds,F1,8,True,False,random_5,r4,Mondrian-split-CP,0.8095238095238095,23.58199152809272,84,0.0982555974931848,False
A_folds,F1,8,True,False,random_5,r1,Mondrian-split-CP,0.9012345679012346,23.690160804844453,81,0.0982555974931848,False
A_folds,F1,8,True,False,random_5,r0,ACI,0.8686868686868687,23.86598412030356,99,0.0982555974931848,False
A_folds,F1,8,True,False,random_5,r3,ACI,0.8969072164948454,23.42800895863396,97,0.0982555974931848,False
A_folds,F1,8,True,False,random_5,r2,ACI,0.8725490196078431,23.97713042009733,102,0.0982555974931848,False
A_folds,F1,8,True,False,random_5,r4,ACI,0.8571428571428571,24.303968259694447,84,0.0982555974931848,False
A_folds,F1,8,True,False,random_5,r1,ACI,0.9012345679012346,22.34669666461796,81,0.0982555974931848,False
A_folds,F1,8,True,False,random_5,r0,ToD-ACI,0.8787878787878788,24.607701179665828,99,0.0982555974931848,False
A_folds,F1,8,True,False,random_5,r3,ToD-ACI,0.8865979381443299,23.115928324729868,97,0.0982555974931848,False
A_folds,F1,8,True,False,random_5,r2,ToD-ACI,0.9215686274509804,25.39225086591876,102,0.0982555974931848,False
A_folds,F1,8,True,False,random_5,r4,ToD-ACI,0.8809523809523809,26.23501382590073,84,0.0982555974931848,False
A_folds,F1,8,True,False,random_5,r1,ToD-ACI,0.9382716049382716,24.34746986398375,81,0.0982555974931848,False
A_folds,F1,8,True,False,time_of_day,midday,split-CP,0.9338842975206612,18.235268933928023,121,1.0,False
A_folds,F1,8,True,False,time_of_day,pm_rush,split-CP,0.8333333333333334,20.34744910852072,96,1.0,False
A_folds,F1,8,True,False,time_of_day,evening,split-CP,0.967741935483871,17.289902768080182,93,1.0,False
A_folds,F1,8,True,False,time_of_day,night,split-CP,0.6190476190476191,21.622475280010995,105,1.0,False
A_folds,F1,8,True,False,time_of_day,am_rush,split-CP,0.9166666666666666,22.19793036265432,48,1.0,False
A_folds,F1,8,True,False,time_of_day,midday,Mondrian-split-CP,0.950413223140496,20.98692158052385,121,1.0,False
A_folds,F1,8,True,False,time_of_day,pm_rush,Mondrian-split-CP,0.8645833333333334,21.95976202876985,96,1.0,False
A_folds,F1,8,True,False,time_of_day,evening,Mondrian-split-CP,0.8817204301075269,11.601139251578768,93,1.0,False
A_folds,F1,8,True,False,time_of_day,night,Mondrian-split-CP,0.6190476190476191,38.36627513571086,105,1.0,False
A_folds,F1,8,True,False,time_of_day,am_rush,Mondrian-split-CP,0.9166666666666666,19.598694444444444,48,1.0,False
A_folds,F1,8,True,False,time_of_day,midday,ACI,0.9173553719008264,19.07507387183524,121,1.0,False
A_folds,F1,8,True,False,time_of_day,pm_rush,ACI,0.8333333333333334,22.213134824184305,96,1.0,False
A_folds,F1,8,True,False,time_of_day,evening,ACI,0.989247311827957,19.52917610888713,93,1.0,False
A_folds,F1,8,True,False,time_of_day,night,ACI,0.8095238095238095,36.85535545935546,105,1.0,False
A_folds,F1,8,True,False,time_of_day,am_rush,ACI,0.8125,16.79087042548501,48,1.0,False
A_folds,F1,8,True,False,time_of_day,midday,ToD-ACI,0.9338842975206612,19.439375726966635,121,1.0,False
A_folds,F1,8,True,False,time_of_day,pm_rush,ToD-ACI,0.8958333333333334,24.68745627342372,96,1.0,False
A_folds,F1,8,True,False,time_of_day,evening,ToD-ACI,0.946236559139785,13.380086867135253,93,1.0,False
A_folds,F1,8,True,False,time_of_day,night,ToD-ACI,0.8476190476190476,44.03932993369065,105,1.0,False
A_folds,F1,8,True,False,time_of_day,am_rush,ToD-ACI,0.8541666666666666,17.784693459896587,48,1.0,False
A_folds,F1,9,True,False,day_of_week,Mon,split-CP,0.9014084507042254,5.476365079365223,142,0.4764097121063032,False
A_folds,F1,9,True,False,day_of_week,Tue,split-CP,0.8912280701754386,5.476365079365223,285,0.4764097121063032,False
A_folds,F1,9,True,False,day_of_week,Wed,split-CP,1.0,5.476365079365223,36,0.4764097121063032,False
A_folds,F1,9,True,False,day_of_week,Mon,Mondrian-split-CP,0.9366197183098592,8.598640053282567,142,0.4764097121063032,False
A_folds,F1,9,True,False,day_of_week,Tue,Mondrian-split-CP,0.9192982456140352,6.591378279030797,285,0.4764097121063032,False
A_folds,F1,9,True,False,day_of_week,Wed,Mondrian-split-CP,0.8611111111111112,0.9915079365077872,36,0.4764097121063032,False
A_folds,F1,9,True,False,day_of_week,Mon,ACI,0.9154929577464788,5.6639329309189055,142,0.4764097121063032,False
A_folds,F1,9,True,False,day_of_week,Tue,ACI,0.8912280701754386,5.6544797355341165,285,0.4764097121063032,False
A_folds,F1,9,True,False,day_of_week,Wed,ACI,1.0,5.671597947063232,36,0.4764097121063032,False
A_folds,F1,9,True,False,day_of_week,Mon,ToD-ACI,0.9366197183098592,8.557080930871427,142,0.4764097121063032,False
A_folds,F1,9,True,False,day_of_week,Tue,ToD-ACI,0.9228070175438596,5.175499439676613,285,0.4764097121063032,False
A_folds,F1,9,True,False,day_of_week,Wed,ToD-ACI,0.8611111111111112,0.9601119929452958,36,0.4764097121063032,False
A_folds,F1,9,True,False,occupancy_tercile,low,split-CP,0.8410041841004184,5.476365079365223,239,0.6754693084706171,False
A_folds,F1,9,True,False,occupancy_tercile,mid,split-CP,0.9263157894736842,5.476365079365223,95,0.6754693084706171,False
A_folds,F1,9,True,False,occupancy_tercile,high,split-CP,1.0,5.476365079365223,129,0.6754693084706171,False
A_folds,F1,9,True,False,occupancy_tercile,low,Mondrian-split-CP,0.9079497907949792,10.071219620995713,239,0.6754693084706171,False
A_folds,F1,9,True,False,occupancy_tercile,mid,Mondrian-split-CP,0.9157894736842104,5.062320064048847,95,0.6754693084706171,False
A_folds,F1,9,True,False,occupancy_tercile,high,Mondrian-split-CP,0.9457364341085271,1.917070444198191,129,0.6754693084706171,False
A_folds,F1,9,True,False,occupancy_tercile,low,ACI,0.8577405857740585,6.064357448262283,239,0.6754693084706171,False
A_folds,F1,9,True,False,occupancy_tercile,mid,ACI,0.9052631578947368,5.411824403179688,95,0.6754693084706171,False
A_folds,F1,9,True,False,occupancy_tercile,high,ACI,1.0,5.08897657732735,129,0.6754693084706171,False
A_folds,F1,9,True,False,occupancy_tercile,low,ToD-ACI,0.9205020920502092,8.134727948442368,239,0.6754693084706171,False
A_folds,F1,9,True,False,occupancy_tercile,mid,ToD-ACI,0.8947368421052632,5.368718208399763,95,0.6754693084706171,False
A_folds,F1,9,True,False,occupancy_tercile,high,ToD-ACI,0.9457364341085271,2.0965787190845324,129,0.6754693084706171,False
A_folds,F1,9,True,False,random_5,r0,split-CP,0.9090909090909092,5.476365079365223,99,0.0982555974931848,False
A_folds,F1,9,True,False,random_5,r3,split-CP,0.8556701030927835,5.476365079365223,97,0.0982555974931848,False
A_folds,F1,9,True,False,random_5,r2,split-CP,0.931372549019608,5.476365079365223,102,0.0982555974931848,False
A_folds,F1,9,True,False,random_5,r4,split-CP,0.9166666666666666,5.476365079365223,84,0.0982555974931848,False
A_folds,F1,9,True,False,random_5,r1,split-CP,0.9012345679012346,5.476365079365223,81,0.0982555974931848,False
A_folds,F1,9,True,False,random_5,r0,Mondrian-split-CP,0.8787878787878788,6.404511116455441,99,0.0982555974931848,False
A_folds,F1,9,True,False,random_5,r3,Mondrian-split-CP,0.9072164948453608,6.690305760104614,97,0.0982555974931848,False
A_folds,F1,9,True,False,random_5,r2,Mondrian-split-CP,0.9509803921568628,7.209600503164126,102,0.0982555974931848,False
A_folds,F1,9,True,False,random_5,r4,Mondrian-split-CP,0.9285714285714286,6.826221734063893,84,0.0982555974931848,False
A_folds,F1,9,True,False,random_5,r1,Mondrian-split-CP,0.9382716049382716,6.709331439022691,81,0.0982555974931848,False
A_folds,F1,9,True,False,random_5,r0,ACI,0.9090909090909092,5.74059992906458,99,0.0982555974931848,False
A_folds,F1,9,True,False,random_5,r3,ACI,0.8350515463917526,5.402031719998231,97,0.0982555974931848,False
A_folds,F1,9,True,False,random_5,r2,ACI,0.931372549019608,5.537058188090071,102,0.0982555974931848,False
A_folds,F1,9,True,False,random_5,r4,ACI,0.9404761904761904,5.931729222497108,84,0.0982555974931848,False
A_folds,F1,9,True,False,random_5,r1,ACI,0.925925925925926,5.736062558269359,81,0.0982555974931848,False
A_folds,F1,9,True,False,random_5,r0,ToD-ACI,0.8888888888888888,5.672104418402401,99,0.0982555974931848,False
A_folds,F1,9,True,False,random_5,r3,ToD-ACI,0.8762886597938144,5.915277570749203,97,0.0982555974931848,False
A_folds,F1,9,True,False,random_5,r2,ToD-ACI,0.9607843137254902,6.263916552311132,102,0.0982555974931848,False
A_folds,F1,9,True,False,random_5,r4,ToD-ACI,0.9285714285714286,5.895292495533552,84,0.0982555974931848,False
A_folds,F1,9,True,False,random_5,r1,ToD-ACI,0.9629629629629628,5.620278327068442,81,0.0982555974931848,False
A_folds,F1,9,True,False,time_of_day,midday,split-CP,0.8347107438016529,5.476365079365223,121,1.0,False
A_folds,F1,9,True,False,time_of_day,pm_rush,split-CP,0.84375,5.476365079365223,96,1.0,False
A_folds,F1,9,True,False,time_of_day,evening,split-CP,0.9247311827956988,5.476365079365223,93,1.0,False
A_folds,F1,9,True,False,time_of_day,night,split-CP,1.0,5.476365079365223,105,1.0,False
A_folds,F1,9,True,False,time_of_day,am_rush,split-CP,0.9375,5.476365079365223,48,1.0,False
A_folds,F1,9,True,False,time_of_day,midday,Mondrian-split-CP,1.0,14.07998677248679,121,1.0,False
A_folds,F1,9,True,False,time_of_day,pm_rush,Mondrian-split-CP,0.9270833333333334,7.142333333333227,96,1.0,False
A_folds,F1,9,True,False,time_of_day,evening,Mondrian-split-CP,0.8064516129032258,4.183456349206153,93,1.0,False
A_folds,F1,9,True,False,time_of_day,night,Mondrian-split-CP,0.9142857142857144,0.9915079365077872,105,1.0,False
A_folds,F1,9,True,False,time_of_day,am_rush,Mondrian-split-CP,0.9375,5.265246031745846,48,1.0,False
A_folds,F1,9,True,False,time_of_day,midday,ACI,0.859504132231405,5.634195667815543,121,1.0,False
A_folds,F1,9,True,False,time_of_day,pm_rush,ACI,0.8645833333333334,6.219683057008605,96,1.0,False
A_folds,F1,9,True,False,time_of_day,evening,ACI,0.946236559139785,6.722367680905341,93,1.0,False
A_folds,F1,9,True,False,time_of_day,night,ACI,1.0,5.034628395061732,105,1.0,False
A_folds,F1,9,True,False,time_of_day,am_rush,ACI,0.8333333333333334,3.902902121412476,48,1.0,False
A_folds,F1,9,True,False,time_of_day,midday,ToD-ACI,0.9669421487603306,9.759568689651298,121,1.0,False
A_folds,F1,9,True,False,time_of_day,pm_rush,ToD-ACI,0.8958333333333334,6.917862033028707,96,1.0,False
A_folds,F1,9,True,False,time_of_day,evening,ToD-ACI,0.9032258064516128,5.928819935142529,93,1.0,False
A_folds,F1,9,True,False,time_of_day,night,ToD-ACI,0.9142857142857144,0.9131928193499464,105,1.0,False
A_folds,F1,9,True,False,time_of_day,am_rush,ToD-ACI,0.9166666666666666,4.841641617063449,48,1.0,False
A_folds,F1,10,False,False,day_of_week,Mon,split-CP,0.8661971830985915,2.805301587301585,142,0.4764097121063032,False
A_folds,F1,10,False,False,day_of_week,Tue,split-CP,0.7263157894736842,2.805301587301585,285,0.4764097121063032,False
A_folds,F1,10,False,False,day_of_week,Wed,split-CP,0.0277777777777777,2.805301587301585,36,0.4764097121063032,False
A_folds,F1,10,False,False,day_of_week,Mon,Mondrian-split-CP,0.7746478873239436,2.660256483344512,142,0.4764097121063032,False
A_folds,F1,10,False,False,day_of_week,Tue,Mondrian-split-CP,0.7684210526315789,2.730189264828736,285,0.4764097121063032,False
A_folds,F1,10,False,False,day_of_week,Wed,Mondrian-split-CP,0.0277777777777777,1.5227817460317397,36,0.4764097121063032,False
A_folds,F1,10,False,False,day_of_week,Mon,ACI,0.908450704225352,4.061845182204337,142,0.4764097121063032,False
A_folds,F1,10,False,False,day_of_week,Tue,ACI,0.8526315789473684,4.8487255778334735,285,0.4764097121063032,False
A_folds,F1,10,False,False,day_of_week,Wed,ACI,0.8055555555555556,6.229500440917111,36,0.4764097121063032,False
A_folds,F1,10,False,False,day_of_week,Mon,ToD-ACI,0.8873239436619719,6.155822881734853,142,0.4764097121063032,False
A_folds,F1,10,False,False,day_of_week,Tue,ToD-ACI,0.8666666666666667,4.6921732989882114,285,0.4764097121063032,False
A_folds,F1,10,False,False,day_of_week,Wed,ToD-ACI,0.6666666666666666,4.297845127865959,36,0.4764097121063032,False
A_folds,F1,10,False,False,occupancy_tercile,low,split-CP,0.7118226600985221,2.8053015873015856,406,0.3003206265990319,False
A_folds,F1,10,False,False,occupancy_tercile,mid,split-CP,0.7735849056603774,2.805301587301585,53,0.3003206265990319,False
A_folds,F1,10,False,False,occupancy_tercile,high,split-CP,0.25,2.805301587301585,4,0.3003206265990319,False
A_folds,F1,10,False,False,occupancy_tercile,low,Mondrian-split-CP,0.7364532019704434,2.636859576589254,406,0.3003206265990319,False
A_folds,F1,10,False,False,occupancy_tercile,mid,Mondrian-split-CP,0.5660377358490566,2.345101377657983,53,0.3003206265990319,False
A_folds,F1,10,False,False,occupancy_tercile,high,Mondrian-split-CP,0.25,3.9562857142857126,4,0.3003206265990319,False
A_folds,F1,10,False,False,occupancy_tercile,low,ACI,0.8645320197044335,4.315101662887377,406,0.3003206265990319,False
A_folds,F1,10,False,False,occupancy_tercile,mid,ACI,0.8867924528301887,6.330601826894279,53,0.3003206265990319,False
A_folds,F1,10,False,False,occupancy_tercile,high,ACI,0.75,23.86941236772487,4,0.3003206265990319,False
A_folds,F1,10,False,False,occupancy_tercile,low,ToD-ACI,0.8497536945812808,4.283323481116585,406,0.3003206265990319,False
A_folds,F1,10,False,False,occupancy_tercile,mid,ToD-ACI,0.9056603773584906,10.96262378955775,53,0.3003206265990319,False
A_folds,F1,10,False,False,occupancy_tercile,high,ToD-ACI,1.0,11.517567460317466,4,0.3003206265990319,False
A_folds,F1,10,False,False,random_5,r0,split-CP,0.7171717171717171,2.805301587301585,99,0.0982555974931848,False
A_folds,F1,10,False,False,random_5,r3,split-CP,0.7731958762886598,2.805301587301585,97,0.0982555974931848,False
A_folds,F1,10,False,False,random_5,r2,split-CP,0.6764705882352942,2.805301587301585,102,0.0982555974931848,False
A_folds,F1,10,False,False,random_5,r4,split-CP,0.7142857142857143,2.805301587301585,84,0.0982555974931848,False
A_folds,F1,10,False,False,random_5,r1,split-CP,0.691358024691358,2.805301587301585,81,0.0982555974931848,False
A_folds,F1,10,False,False,random_5,r0,Mondrian-split-CP,0.7070707070707071,2.579232724066056,99,0.0982555974931848,False
A_folds,F1,10,False,False,random_5,r3,Mondrian-split-CP,0.7319587628865979,2.6821489117983948,97,0.0982555974931848,False
A_folds,F1,10,False,False,random_5,r2,Mondrian-split-CP,0.7352941176470589,2.750526766262058,102,0.0982555974931848,False
A_folds,F1,10,False,False,random_5,r4,Mondrian-split-CP,0.6785714285714286,2.50297793839758,84,0.0982555974931848,False
A_folds,F1,10,False,False,random_5,r1,Mondrian-split-CP,0.7037037037037037,2.523014109347441,81,0.0982555974931848,False
A_folds,F1,10,False,False,random_5,r0,ACI,0.8888888888888888,4.963179747207525,99,0.0982555974931848,False
A_folds,F1,10,False,False,random_5,r3,ACI,0.865979381443299,4.282517086674304,97,0.0982555974931848,False
A_folds,F1,10,False,False,random_5,r2,ACI,0.8725490196078431,4.429940385413424,102,0.0982555974931848,False
A_folds,F1,10,False,False,random_5,r4,ACI,0.8333333333333334,4.615392967372135,84,0.0982555974931848,False
A_folds,F1,10,False,False,random_5,r1,ACI,0.8641975308641975,5.390431363903586,81,0.0982555974931848,False
A_folds,F1,10,False,False,random_5,r0,ToD-ACI,0.8686868686868687,5.093122000427557,99,0.0982555974931848,False
A_folds,F1,10,False,False,random_5,r3,ToD-ACI,0.8762886597938144,5.586516663939345,97,0.0982555974931848,False
A_folds,F1,10,False,False,random_5,r2,ToD-ACI,0.8529411764705882,5.282685626102293,102,0.0982555974931848,False
A_folds,F1,10,False,False,random_5,r4,ToD-ACI,0.8333333333333334,4.7915932697152925,84,0.0982555974931848,False
A_folds,F1,10,False,False,random_5,r1,ToD-ACI,0.8518518518518519,4.675058037755569,81,0.0982555974931848,False
A_folds,F1,10,False,False,time_of_day,midday,split-CP,0.7024793388429752,2.805301587301585,121,1.0,False
A_folds,F1,10,False,False,time_of_day,pm_rush,split-CP,0.71875,2.805301587301585,96,1.0,False
A_folds,F1,10,False,False,time_of_day,evening,split-CP,0.8709677419354839,2.805301587301585,93,1.0,False
A_folds,F1,10,False,False,time_of_day,night,split-CP,0.6666666666666666,2.805301587301585,105,1.0,False
A_folds,F1,10,False,False,time_of_day,am_rush,split-CP,0.5416666666666666,2.805301587301585,48,1.0,False
A_folds,F1,10,False,False,time_of_day,midday,Mondrian-split-CP,0.9008264462809916,4.421158730158723,121,1.0,False
A_folds,F1,10,False,False,time_of_day,pm_rush,Mondrian-split-CP,0.625,2.204404761904769,96,1.0,False
A_folds,F1,10,False,False,time_of_day,evening,Mondrian-split-CP,0.7096774193548387,1.22907142857143,93,1.0,False
A_folds,F1,10,False,False,time_of_day,night,Mondrian-split-CP,0.638095238095238,1.5227817460317397,105,1.0,False
A_folds,F1,10,False,False,time_of_day,am_rush,Mondrian-split-CP,0.5833333333333334,3.9562857142857126,48,1.0,False
A_folds,F1,10,False,False,time_of_day,midday,ACI,0.8842975206611571,5.547547356683721,121,1.0,False
A_folds,F1,10,False,False,time_of_day,pm_rush,ACI,0.84375,5.467227788800706,96,1.0,False
A_folds,F1,10,False,False,time_of_day,evening,ACI,0.946236559139785,3.1016208824031413,93,1.0,False
A_folds,F1,10,False,False,time_of_day,night,ACI,0.9047619047619048,2.9654155328798195,105,1.0,False
A_folds,F1,10,False,False,time_of_day,am_rush,ACI,0.625,8.062590636022927,48,1.0,False
A_folds,F1,10,False,False,time_of_day,midday,ToD-ACI,0.8842975206611571,5.070350507236871,121,1.0,False
A_folds,F1,10,False,False,time_of_day,pm_rush,ToD-ACI,0.8020833333333334,5.67850921792328,96,1.0,False
A_folds,F1,10,False,False,time_of_day,evening,ToD-ACI,0.8817204301075269,7.024201854696478,93,1.0,False
A_folds,F1,10,False,False,time_of_day,night,ToD-ACI,0.8571428571428571,2.291863605442176,105,1.0,False
A_folds,F1,10,False,False,time_of_day,am_rush,ToD-ACI,0.8541666666666666,6.532769097222224,48,1.0,False
A_folds,F1,11,True,False,day_of_week,Mon,split-CP,0.8380281690140845,6.36329038075253,142,0.4764097121063032,False
A_folds,F1,11,True,False,day_of_week,Tue,split-CP,0.9263157894736842,6.365091039256392,285,0.4764097121063032,False
A_folds,F1,11,True,False,day_of_week,Wed,split-CP,1.0,7.110273809523814,36,0.4764097121063032,False
A_folds,F1,11,True,False,day_of_week,Mon,Mondrian-split-CP,0.8802816901408451,7.514113318378282,142,0.4764097121063032,False
A_folds,F1,11,True,False,day_of_week,Tue,Mondrian-split-CP,0.9473684210526316,6.300248973865644,285,0.4764097121063032,False
A_folds,F1,11,True,False,day_of_week,Wed,Mondrian-split-CP,0.9166666666666666,2.2775714285714344,36,0.4764097121063032,False
A_folds,F1,11,True,False,day_of_week,Mon,ACI,0.8732394366197183,9.389419728810571,142,0.4764097121063032,False
A_folds,F1,11,True,False,day_of_week,Tue,ACI,0.8701754385964913,5.894644344025046,285,0.4764097121063032,False
A_folds,F1,11,True,False,day_of_week,Wed,ACI,1.0,3.4989017690128787,36,0.4764097121063032,False
A_folds,F1,11,True,False,day_of_week,Mon,ToD-ACI,0.8873239436619719,8.945236493455683,142,0.4764097121063032,False
A_folds,F1,11,True,False,day_of_week,Tue,ToD-ACI,0.8842105263157894,6.168323927242348,285,0.4764097121063032,False
A_folds,F1,11,True,False,day_of_week,Wed,ToD-ACI,0.9166666666666666,3.0516055629041734,36,0.4764097121063032,False
A_folds,F1,11,True,False,occupancy_tercile,low,split-CP,0.8494623655913979,5.39818382881555,186,0.7485336056141341,False
A_folds,F1,11,True,False,occupancy_tercile,mid,split-CP,0.8613861386138614,7.110273809523813,101,0.7485336056141341,False
A_folds,F1,11,True,False,occupancy_tercile,high,split-CP,0.9886363636363636,7.11027380952381,176,0.7485336056141341,False
A_folds,F1,11,True,False,occupancy_tercile,low,Mondrian-split-CP,0.9032258064516128,6.826688787193492,186,0.7485336056141341,False
A_folds,F1,11,True,False,occupancy_tercile,mid,Mondrian-split-CP,0.8811881188118812,8.459166716671666,101,0.7485336056141341,False
A_folds,F1,11,True,False,occupancy_tercile,high,Mondrian-split-CP,0.9715909090909092,4.661520837432774,176,0.7485336056141341,False
A_folds,F1,11,True,False,occupancy_tercile,low,ACI,0.8602150537634409,7.422032863840659,186,0.7485336056141341,False
A_folds,F1,11,True,False,occupancy_tercile,mid,ACI,0.8811881188118812,10.262923918582334,101,0.7485336056141341,False
A_folds,F1,11,True,False,occupancy_tercile,high,ACI,0.9034090909090908,4.103285652110936,176,0.7485336056141341,False
A_folds,F1,11,True,False,occupancy_tercile,low,ToD-ACI,0.8763440860215054,6.8976843172508495,186,0.7485336056141341,False
A_folds,F1,11,True,False,occupancy_tercile,mid,ToD-ACI,0.8811881188118812,11.264213895199044,101,0.7485336056141341,False
A_folds,F1,11,True,False,occupancy_tercile,high,ToD-ACI,0.9034090909090908,4.076129631679347,176,0.7485336056141341,False
A_folds,F1,11,True,False,random_5,r0,split-CP,0.9090909090909092,6.561642422906313,99,0.0982555974931848,False
A_folds,F1,11,True,False,random_5,r3,split-CP,0.8969072164948454,6.462399007254678,97,0.0982555974931848,False
A_folds,F1,11,True,False,random_5,r2,split-CP,0.9215686274509804,6.186184609870886,102,0.0982555974931848,False
A_folds,F1,11,True,False,random_5,r4,split-CP,0.9285714285714286,6.455883209218032,84,0.0982555974931848,False
A_folds,F1,11,True,False,random_5,r1,split-CP,0.8641975308641975,6.46750264253351,81,0.0982555974931848,False
A_folds,F1,11,True,False,random_5,r0,Mondrian-split-CP,0.9090909090909092,6.417303793101775,99,0.0982555974931848,False
A_folds,F1,11,True,False,random_5,r3,Mondrian-split-CP,0.9175257731958762,6.546836322230655,97,0.0982555974931848,False
A_folds,F1,11,True,False,random_5,r2,Mondrian-split-CP,0.9509803921568628,6.090306575323737,102,0.0982555974931848,False
A_folds,F1,11,True,False,random_5,r4,Mondrian-split-CP,0.9404761904761904,6.333871551398339,84,0.0982555974931848,False
A_folds,F1,11,True,False,random_5,r1,Mondrian-split-CP,0.9012345679012346,6.431542474272414,81,0.0982555974931848,False
A_folds,F1,11,True,False,random_5,r0,ACI,0.8484848484848485,6.655076745084321,99,0.0982555974931848,False
A_folds,F1,11,True,False,random_5,r3,ACI,0.8969072164948454,6.863874108041633,97,0.0982555974931848,False
A_folds,F1,11,True,False,random_5,r2,ACI,0.9019607843137256,7.059307876264984,102,0.0982555974931848,False
A_folds,F1,11,True,False,random_5,r4,ACI,0.9285714285714286,7.302765972508531,84,0.0982555974931848,False
A_folds,F1,11,True,False,random_5,r1,ACI,0.8271604938271605,5.9395255791305175,81,0.0982555974931848,False
A_folds,F1,11,True,False,random_5,r0,ToD-ACI,0.8686868686868687,6.458130372386684,99,0.0982555974931848,False
A_folds,F1,11,True,False,random_5,r3,ToD-ACI,0.9381443298969072,8.118959022602063,97,0.0982555974931848,False
A_folds,F1,11,True,False,random_5,r2,ToD-ACI,0.8823529411764706,6.298994845160287,102,0.0982555974931848,False
A_folds,F1,11,True,False,random_5,r4,ToD-ACI,0.9047619047619048,6.448992414221581,84,0.0982555974931848,False
A_folds,F1,11,True,False,random_5,r1,ToD-ACI,0.8395061728395061,6.505517685675091,81,0.0982555974931848,False
A_folds,F1,11,True,False,time_of_day,midday,split-CP,0.9338842975206612,4.562086757977255,121,1.0,False
A_folds,F1,11,True,False,time_of_day,pm_rush,split-CP,0.7291666666666666,7.103809027777779,96,1.0,False
A_folds,F1,11,True,False,time_of_day,evening,split-CP,0.935483870967742,7.110273809523814,93,1.0,False
A_folds,F1,11,True,False,time_of_day,night,split-CP,1.0,7.11027380952381,105,1.0,False
A_folds,F1,11,True,False,time_of_day,am_rush,split-CP,0.9166666666666666,6.912409556878306,48,1.0,False
A_folds,F1,11,True,False,time_of_day,midday,Mondrian-split-CP,0.9338842975206612,5.01241259754173,121,1.0,False
A_folds,F1,11,True,False,time_of_day,pm_rush,Mondrian-split-CP,0.8645833333333334,10.528408792162695,96,1.0,False
A_folds,F1,11,True,False,time_of_day,evening,Mondrian-split-CP,0.913978494623656,6.599619047619044,93,1.0,False
A_folds,F1,11,True,False,time_of_day,night,Mondrian-split-CP,0.9714285714285714,2.2775714285714344,105,1.0,False
A_folds,F1,11,True,False,time_of_day,am_rush,Mondrian-split-CP,0.9375,9.883935008567832,48,1.0,False
A_folds,F1,11,True,False,time_of_day,midday,ACI,0.8677685950413223,3.534334812111671,121,1.0,False
A_folds,F1,11,True,False,time_of_day,pm_rush,ACI,0.84375,13.505785848314494,96,1.0,False
A_folds,F1,11,True,False,time_of_day,evening,ACI,0.9032258064516128,7.052057134323263,93,1.0,False
A_folds,F1,11,True,False,time_of_day,night,ACI,0.9523809523809524,2.382242255892256,105,1.0,False
A_folds,F1,11,True,False,time_of_day,am_rush,ACI,0.7916666666666666,10.60510414913019,48,1.0,False
A_folds,F1,11,True,False,time_of_day,midday,ToD-ACI,0.8760330578512396,4.109802381846803,121,1.0,False
A_folds,F1,11,True,False,time_of_day,pm_rush,ToD-ACI,0.8854166666666666,11.66467615327381,96,1.0,False
A_folds,F1,11,True,False,time_of_day,evening,ToD-ACI,0.8924731182795699,8.69339381267876,93,1.0,False
A_folds,F1,11,True,False,time_of_day,night,ToD-ACI,0.9047619047619048,2.056536112828969,105,1.0,False
A_folds,F1,11,True,False,time_of_day,am_rush,ToD-ACI,0.875,10.344516380321068,48,1.0,False
A_folds,F1,12,True,False,day_of_week,Mon,split-CP,0.8802816901408451,14.466087301587322,142,0.4764097121063032,False
A_folds,F1,12,True,False,day_of_week,Tue,split-CP,0.936842105263158,14.466087301587322,285,0.4764097121063032,False
A_folds,F1,12,True,False,day_of_week,Wed,split-CP,1.0,14.466087301587322,36,0.4764097121063032,False
A_folds,F1,12,True,False,day_of_week,Mon,Mondrian-split-CP,0.9366197183098592,20.5558388572174,142,0.4764097121063032,False
A_folds,F1,12,True,False,day_of_week,Tue,Mondrian-split-CP,0.9473684210526316,15.087793302701224,285,0.4764097121063032,False
A_folds,F1,12,True,False,day_of_week,Wed,Mondrian-split-CP,0.9444444444444444,5.119392857142884,36,0.4764097121063032,False
A_folds,F1,12,True,False,day_of_week,Mon,ACI,0.8943661971830986,22.56531858321648,142,0.4764097121063032,False
A_folds,F1,12,True,False,day_of_week,Tue,ACI,0.8982456140350877,12.752131215243498,285,0.4764097121063032,False
A_folds,F1,12,True,False,day_of_week,Wed,ACI,1.0,7.436934146357759,36,0.4764097121063032,False
A_folds,F1,12,True,False,day_of_week,Mon,ToD-ACI,0.9295774647887324,26.946323460967825,142,0.4764097121063032,False
A_folds,F1,12,True,False,day_of_week,Tue,ToD-ACI,0.9052631578947368,11.660838472865665,285,0.4764097121063032,False
A_folds,F1,12,True,False,day_of_week,Wed,ToD-ACI,0.8333333333333334,2.765351410934746,36,0.4764097121063032,False
A_folds,F1,12,True,False,occupancy_tercile,high,split-CP,1.0,14.466087301587322,170,0.7123090751809886,False
A_folds,F1,12,True,False,occupancy_tercile,mid,split-CP,0.976878612716763,14.466087301587322,173,0.7123090751809886,False
A_folds,F1,12,True,False,occupancy_tercile,low,split-CP,0.7416666666666667,14.466087301587322,120,0.7123090751809886,False
A_folds,F1,12,True,False,occupancy_tercile,high,Mondrian-split-CP,0.9588235294117649,8.684507959850635,170,0.7123090751809886,False
A_folds,F1,12,True,False,occupancy_tercile,mid,Mondrian-split-CP,0.9710982658959536,20.71784314310185,173,0.7123090751809886,False
A_folds,F1,12,True,False,occupancy_tercile,low,Mondrian-split-CP,0.8833333333333333,19.52245945767197,120,0.7123090751809886,False
A_folds,F1,12,True,False,occupancy_tercile,high,ACI,0.9352941176470588,7.962040800865803,170,0.7123090751809886,False
A_folds,F1,12,True,False,occupancy_tercile,mid,ACI,0.8959537572254336,12.934937907842537,173,0.7123090751809886,False
A_folds,F1,12,True,False,occupancy_tercile,low,ACI,0.875,29.2922589185506,120,0.7123090751809886,False
A_folds,F1,12,True,False,occupancy_tercile,high,ToD-ACI,0.923529411764706,6.195691692838754,170,0.7123090751809886,False
A_folds,F1,12,True,False,occupancy_tercile,mid,ToD-ACI,0.9132947976878611,21.351444563304387,173,0.7123090751809886,False
A_folds,F1,12,True,False,occupancy_tercile,low,ToD-ACI,0.875,20.85168374819625,120,0.7123090751809886,False
A_folds,F1,12,True,False,random_5,r0,split-CP,0.9090909090909092,14.466087301587322,99,0.0982555974931848,False
A_folds,F1,12,True,False,random_5,r3,split-CP,0.9484536082474226,14.466087301587322,97,0.0982555974931848,False
A_folds,F1,12,True,False,random_5,r2,split-CP,0.9509803921568628,14.466087301587322,102,0.0982555974931848,False
A_folds,F1,12,True,False,random_5,r4,split-CP,0.8928571428571429,14.466087301587322,84,0.0982555974931848,False
A_folds,F1,12,True,False,random_5,r1,split-CP,0.9135802469135802,14.466087301587322,81,0.0982555974931848,False
A_folds,F1,12,True,False,random_5,r0,Mondrian-split-CP,0.898989898989899,15.30991881780774,99,0.0982555974931848,False
A_folds,F1,12,True,False,random_5,r3,Mondrian-split-CP,0.9278350515463918,15.628387579774206,97,0.0982555974931848,False
A_folds,F1,12,True,False,random_5,r2,Mondrian-split-CP,0.9901960784313726,16.29418287685448,102,0.0982555974931848,False
A_folds,F1,12,True,False,random_5,r4,Mondrian-split-CP,0.9642857142857144,16.561570326278684,84,0.0982555974931848,False
A_folds,F1,12,True,False,random_5,r1,Mondrian-split-CP,0.9382716049382716,16.276965837089318,81,0.0982555974931848,False
A_folds,F1,12,True,False,random_5,r0,ACI,0.8787878787878788,13.345142984680864,99,0.0982555974931848,False
A_folds,F1,12,True,False,random_5,r3,ACI,0.9175257731958762,14.11467969954826,97,0.0982555974931848,False
A_folds,F1,12,True,False,random_5,r2,ACI,0.9411764705882352,12.937061105923854,102,0.0982555974931848,False
A_folds,F1,12,True,False,random_5,r4,ACI,0.8690476190476191,14.382560829382257,84,0.0982555974931848,False
A_folds,F1,12,True,False,random_5,r1,ACI,0.9135802469135802,23.313010316272667,81,0.0982555974931848,False
A_folds,F1,12,True,False,random_5,r0,ToD-ACI,0.8686868686868687,12.63626841405882,99,0.0982555974931848,False
A_folds,F1,12,True,False,random_5,r3,ToD-ACI,0.8865979381443299,18.32014697292017,97,0.0982555974931848,False
A_folds,F1,12,True,False,random_5,r2,ToD-ACI,0.9509803921568628,17.283116535334674,102,0.0982555974931848,False
A_folds,F1,12,True,False,random_5,r4,ToD-ACI,0.9166666666666666,16.297154661696336,84,0.0982555974931848,False
A_folds,F1,12,True,False,random_5,r1,ToD-ACI,0.9135802469135802,13.44920789464308,81,0.0982555974931848,False
A_folds,F1,12,True,False,time_of_day,midday,split-CP,1.0,14.466087301587322,121,1.0,False
A_folds,F1,12,True,False,time_of_day,pm_rush,split-CP,0.7708333333333334,14.466087301587322,96,1.0,False
A_folds,F1,12,True,False,time_of_day,evening,split-CP,0.8602150537634409,14.466087301587322,93,1.0,False
A_folds,F1,12,True,False,time_of_day,night,split-CP,1.0,14.466087301587322,105,1.0,False
A_folds,F1,12,True,False,time_of_day,am_rush,split-CP,1.0,14.466087301587322,48,1.0,False
A_folds,F1,12,True,False,time_of_day,midday,Mondrian-split-CP,1.0,24.05405026455031,121,1.0,False
A_folds,F1,12,True,False,time_of_day,pm_rush,Mondrian-split-CP,0.90625,21.106944444444423,96,1.0,False
A_folds,F1,12,True,False,time_of_day,evening,Mondrian-split-CP,0.9032258064516128,16.158829365079434,93,1.0,False
A_folds,F1,12,True,False,time_of_day,night,Mondrian-split-CP,0.9714285714285714,5.119392857142884,105,1.0,False
A_folds,F1,12,True,False,time_of_day,am_rush,Mondrian-split-CP,0.8958333333333334,8.87779629629631,48,1.0,False
A_folds,F1,12,True,False,time_of_day,midday,ACI,0.9008264462809916,11.452500850695069,121,1.0,False
A_folds,F1,12,True,False,time_of_day,pm_rush,ACI,0.8229166666666666,29.103715988005053,96,1.0,False
A_folds,F1,12,True,False,time_of_day,evening,ACI,0.956989247311828,19.48384470925332,93,1.0,False
A_folds,F1,12,True,False,time_of_day,night,ACI,1.0,7.773990775097919,105,1.0,False
A_folds,F1,12,True,False,time_of_day,am_rush,ACI,0.7708333333333334,6.2163820271164,48,1.0,False
A_folds,F1,12,True,False,time_of_day,midday,ToD-ACI,0.9173553719008264,12.51645453452272,121,1.0,False
A_folds,F1,12,True,False,time_of_day,pm_rush,ToD-ACI,0.8958333333333334,20.792583818091632,96,1.0,False
A_folds,F1,12,True,False,time_of_day,evening,ToD-ACI,0.9032258064516128,32.944534661773915,93,1.0,False
A_folds,F1,12,True,False,time_of_day,night,ToD-ACI,0.923809523809524,2.5655105694129525,105,1.0,False
A_folds,F1,12,True,False,time_of_day,am_rush,ToD-ACI,0.875,8.447295176467046,48,1.0,False
A_folds,F1,13,True,False,day_of_week,Mon,split-CP,0.943661971830986,20.058134920634984,142,0.4764097121063032,False
A_folds,F1,13,True,False,day_of_week,Tue,split-CP,0.8315789473684211,20.058134920634984,285,0.4764097121063032,False
A_folds,F1,13,True,False,day_of_week,Wed,split-CP,1.0,20.058134920634984,36,0.4764097121063032,False
A_folds,F1,13,True,False,day_of_week,Mon,Mondrian-split-CP,0.8802816901408451,22.644209320739154,142,0.4764097121063032,False
A_folds,F1,13,True,False,day_of_week,Tue,Mondrian-split-CP,0.8771929824561403,19.515430606820026,285,0.4764097121063032,False
A_folds,F1,13,True,False,day_of_week,Wed,Mondrian-split-CP,0.9722222222222222,1.6299393939393667,36,0.4764097121063032,False
A_folds,F1,13,True,False,day_of_week,Mon,ACI,0.9295774647887324,17.358746003800572,142,0.4764097121063032,False
A_folds,F1,13,True,False,day_of_week,Tue,ACI,0.8280701754385965,15.634036436208357,285,0.4764097121063032,False
A_folds,F1,13,True,False,day_of_week,Wed,ACI,0.9722222222222222,2.338357376676817,36,0.4764097121063032,False
A_folds,F1,13,True,False,day_of_week,Mon,ToD-ACI,0.9154929577464788,16.84217877974918,142,0.4764097121063032,False
A_folds,F1,13,True,False,day_of_week,Tue,ToD-ACI,0.8421052631578947,16.73208206332329,285,0.4764097121063032,False
A_folds,F1,13,True,False,day_of_week,Wed,ToD-ACI,0.9166666666666666,1.842500801667477,36,0.4764097121063032,False
A_folds,F1,13,True,False,occupancy_tercile,low,split-CP,0.7185929648241206,20.058134920634984,199,0.7405527545942491,False
A_folds,F1,13,True,False,occupancy_tercile,mid,split-CP,1.0,20.058134920634984,68,0.7405527545942491,False
A_folds,F1,13,True,False,occupancy_tercile,high,split-CP,1.0,20.058134920634984,196,0.7405527545942491,False
A_folds,F1,13,True,False,occupancy_tercile,low,Mondrian-split-CP,0.8391959798994975,37.27390080029765,199,0.7405527545942491,False
A_folds,F1,13,True,False,occupancy_tercile,mid,Mondrian-split-CP,0.8529411764705882,12.131304213351932,68,0.7405527545942491,False
A_folds,F1,13,True,False,occupancy_tercile,high,Mondrian-split-CP,0.9438775510204082,3.028664892363867,196,0.7405527545942491,False
A_folds,F1,13,True,False,occupancy_tercile,low,ACI,0.8040201005025126,27.669804751269563,199,0.7405527545942491,False
A_folds,F1,13,True,False,occupancy_tercile,mid,ACI,0.9558823529411764,15.186692561115334,68,0.7405527545942491,False
A_folds,F1,13,True,False,occupancy_tercile,high,ACI,0.9081632653061223,2.376719095719088,196,0.7405527545942491,False
A_folds,F1,13,True,False,occupancy_tercile,low,ToD-ACI,0.8190954773869347,28.2039193012924,199,0.7405527545942491,False
A_folds,F1,13,True,False,occupancy_tercile,mid,ToD-ACI,0.8823529411764706,15.471934935843011,68,0.7405527545942491,False
A_folds,F1,13,True,False,occupancy_tercile,high,ToD-ACI,0.9183673469387756,2.8667922808012127,196,0.7405527545942491,False
A_folds,F1,13,True,False,random_5,r0,split-CP,0.9090909090909092,20.058134920634984,99,0.0982555974931848,False
A_folds,F1,13,True,False,random_5,r3,split-CP,0.8556701030927835,20.058134920634984,97,0.0982555974931848,False
A_folds,F1,13,True,False,random_5,r2,split-CP,0.8431372549019608,20.058134920634984,102,0.0982555974931848,False
A_folds,F1,13,True,False,random_5,r4,split-CP,0.9166666666666666,20.058134920634984,84,0.0982555974931848,False
A_folds,F1,13,True,False,random_5,r1,split-CP,0.8765432098765432,20.058134920634984,81,0.0982555974931848,False
A_folds,F1,13,True,False,random_5,r0,Mondrian-split-CP,0.898989898989899,17.95553141200358,99,0.0982555974931848,False
A_folds,F1,13,True,False,random_5,r3,Mondrian-split-CP,0.9072164948453608,19.195572637271034,97,0.0982555974931848,False
A_folds,F1,13,True,False,random_5,r2,Mondrian-split-CP,0.9019607843137256,21.32809647006944,102,0.0982555974931848,False
A_folds,F1,13,True,False,random_5,r4,Mondrian-split-CP,0.8452380952380952,18.4303532504752,84,0.0982555974931848,False
A_folds,F1,13,True,False,random_5,r1,Mondrian-split-CP,0.8641975308641975,18.18357526024494,81,0.0982555974931848,False
A_folds,F1,13,True,False,random_5,r0,ACI,0.8585858585858586,13.615617823254189,99,0.0982555974931848,False
A_folds,F1,13,True,False,random_5,r3,ACI,0.8556701030927835,14.989491324635637,97,0.0982555974931848,False
A_folds,F1,13,True,False,random_5,r2,ACI,0.8627450980392157,15.461812495873763,102,0.0982555974931848,False
A_folds,F1,13,True,False,random_5,r4,ACI,0.9166666666666666,15.13947919816074,84,0.0982555974931848,False
A_folds,F1,13,True,False,random_5,r1,ACI,0.8641975308641975,16.716978175345442,81,0.0982555974931848,False
A_folds,F1,13,True,False,random_5,r0,ToD-ACI,0.8686868686868687,15.050568948260857,99,0.0982555974931848,False
A_folds,F1,13,True,False,random_5,r3,ToD-ACI,0.8556701030927835,15.183618570337636,97,0.0982555974931848,False
A_folds,F1,13,True,False,random_5,r2,ToD-ACI,0.8921568627450981,17.137996324118877,102,0.0982555974931848,False
A_folds,F1,13,True,False,random_5,r4,ToD-ACI,0.8809523809523809,15.730781588561342,84,0.0982555974931848,False
A_folds,F1,13,True,False,random_5,r1,ToD-ACI,0.8518518518518519,14.74424935718145,81,0.0982555974931848,False
A_folds,F1,13,True,False,time_of_day,midday,split-CP,0.7107438016528925,20.058134920634984,121,1.0,False
A_folds,F1,13,True,False,time_of_day,pm_rush,split-CP,0.8229166666666666,20.058134920634984,96,1.0,False
A_folds,F1,13,True,False,time_of_day,evening,split-CP,1.0,20.058134920634984,93,1.0,False
A_folds,F1,13,True,False,time_of_day,night,split-CP,1.0,20.058134920634984,105,1.0,False
A_folds,F1,13,True,False,time_of_day,am_rush,split-CP,0.9166666666666666,20.058134920634984,48,1.0,False
A_folds,F1,13,True,False,time_of_day,midday,Mondrian-split-CP,0.975206611570248,51.23606481481466,121,1.0,False
A_folds,F1,13,True,False,time_of_day,pm_rush,Mondrian-split-CP,0.6770833333333334,12.322801587301456,96,1.0,False
A_folds,F1,13,True,False,time_of_day,evening,Mondrian-split-CP,0.9032258064516128,2.520357142857165,93,1.0,False
A_folds,F1,13,True,False,time_of_day,night,Mondrian-split-CP,0.9333333333333332,1.6299393939393667,105,1.0,False
A_folds,F1,13,True,False,time_of_day,am_rush,Mondrian-split-CP,0.9375,21.832575396825444,48,1.0,False
A_folds,F1,13,True,False,time_of_day,midday,ACI,0.768595041322314,28.998842384887823,121,1.0,False
A_folds,F1,13,True,False,time_of_day,pm_rush,ACI,0.9270833333333334,21.818723944554662,96,1.0,False
A_folds,F1,13,True,False,time_of_day,evening,ACI,0.967741935483871,4.01171764237355,93,1.0,False
A_folds,F1,13,True,False,time_of_day,night,ACI,0.8952380952380953,1.6511630225153913,105,1.0,False
A_folds,F1,13,True,False,time_of_day,am_rush,ACI,0.7708333333333334,17.810497855539527,48,1.0,False
A_folds,F1,13,True,False,time_of_day,midday,ToD-ACI,0.8264462809917356,32.26897192706282,121,1.0,False
A_folds,F1,13,True,False,time_of_day,pm_rush,ToD-ACI,0.8958333333333334,20.990453904120542,96,1.0,False
A_folds,F1,13,True,False,time_of_day,evening,ToD-ACI,0.8817204301075269,2.7356989195591344,93,1.0,False
A_folds,F1,13,True,False,time_of_day,night,ToD-ACI,0.8952380952380953,1.4627081174557437,105,1.0,False
A_folds,F1,13,True,False,time_of_day,am_rush,ToD-ACI,0.8541666666666666,18.72769320436509,48,1.0,False
A_folds,F1,14,True,False,day_of_week,Mon,split-CP,0.9577464788732394,21.360063492063546,142,0.4764097121063032,False
A_folds,F1,14,True,False,day_of_week,Tue,split-CP,0.9649122807017544,21.360063492063546,285,0.4764097121063032,False
A_folds,F1,14,True,False,day_of_week,Wed,split-CP,0.9444444444444444,21.360063492063546,36,0.4764097121063032,False
A_folds,F1,14,True,False,day_of_week,Mon,Mondrian-split-CP,0.9577464788732394,21.37761600156496,142,0.4764097121063032,False
A_folds,F1,14,True,False,day_of_week,Tue,Mondrian-split-CP,0.9438596491228072,19.93293798384851,285,0.4764097121063032,False
A_folds,F1,14,True,False,day_of_week,Wed,Mondrian-split-CP,1.0,23.49429894179896,36,0.4764097121063032,False
A_folds,F1,14,True,False,day_of_week,Mon,ACI,0.9366197183098592,19.18404936098069,142,0.4764097121063032,False
A_folds,F1,14,True,False,day_of_week,Tue,ACI,0.9052631578947368,16.459497575166868,285,0.4764097121063032,False
A_folds,F1,14,True,False,day_of_week,Wed,ACI,0.8333333333333334,18.34840156525572,36,0.4764097121063032,False
A_folds,F1,14,True,False,day_of_week,Mon,ToD-ACI,0.9577464788732394,20.717636066398416,142,0.4764097121063032,False
A_folds,F1,14,True,False,day_of_week,Tue,ToD-ACI,0.9228070175438596,18.0670490485473,285,0.4764097121063032,False
A_folds,F1,14,True,False,day_of_week,Wed,ToD-ACI,0.8611111111111112,19.67837066431512,36,0.4764097121063032,False
A_folds,F1,14,True,False,occupancy_tercile,mid,split-CP,0.9481481481481482,21.360063492063546,135,0.6663095971427577,False
A_folds,F1,14,True,False,occupancy_tercile,low,split-CP,0.9657534246575342,21.360063492063546,146,0.6663095971427577,False
A_folds,F1,14,True,False,occupancy_tercile,high,split-CP,0.967032967032967,21.360063492063546,182,0.6663095971427577,False
A_folds,F1,14,True,False,occupancy_tercile,mid,Mondrian-split-CP,0.9407407407407408,21.72397855183227,135,0.6663095971427577,False
A_folds,F1,14,True,False,occupancy_tercile,low,Mondrian-split-CP,0.9726027397260274,20.2540562803508,146,0.6663095971427577,False
A_folds,F1,14,True,False,occupancy_tercile,high,Mondrian-split-CP,0.945054945054945,20.17842987964417,182,0.6663095971427577,False
A_folds,F1,14,True,False,occupancy_tercile,mid,ACI,0.9111111111111112,17.484598858069223,135,0.6663095971427577,False
A_folds,F1,14,True,False,occupancy_tercile,low,ACI,0.9041095890410958,16.670627700685912,146,0.6663095971427577,False
A_folds,F1,14,True,False,occupancy_tercile,high,ACI,0.912087912087912,18.029130683469965,182,0.6663095971427577,False
A_folds,F1,14,True,False,occupancy_tercile,mid,ToD-ACI,0.9333333333333332,20.98598986870468,135,0.6663095971427577,False
A_folds,F1,14,True,False,occupancy_tercile,low,ToD-ACI,0.9383561643835616,18.440702299412937,146,0.6663095971427577,False
A_folds,F1,14,True,False,occupancy_tercile,high,ToD-ACI,0.9175824175824177,17.988920198848774,182,0.6663095971427577,False
A_folds,F1,14,True,False,random_5,r0,split-CP,0.9292929292929292,21.360063492063546,99,0.0982555974931848,False
A_folds,F1,14,True,False,random_5,r3,split-CP,0.979381443298969,21.360063492063546,97,0.0982555974931848,False
A_folds,F1,14,True,False,random_5,r2,split-CP,0.9705882352941176,21.360063492063546,102,0.0982555974931848,False
A_folds,F1,14,True,False,random_5,r4,split-CP,0.9642857142857144,21.360063492063546,84,0.0982555974931848,False
A_folds,F1,14,True,False,random_5,r1,split-CP,0.9629629629629628,21.360063492063546,81,0.0982555974931848,False
A_folds,F1,14,True,False,random_5,r0,Mondrian-split-CP,0.9393939393939394,20.867305087916204,99,0.0982555974931848,False
A_folds,F1,14,True,False,random_5,r3,Mondrian-split-CP,0.9381443298969072,20.2480308460154,97,0.0982555974931848,False
A_folds,F1,14,True,False,random_5,r2,Mondrian-split-CP,0.9607843137254902,20.566582892416225,102,0.0982555974931848,False
A_folds,F1,14,True,False,random_5,r4,Mondrian-split-CP,0.9642857142857144,20.95040291950115,84,0.0982555974931848,False
A_folds,F1,14,True,False,random_5,r1,Mondrian-split-CP,0.9629629629629628,20.676000783852643,81,0.0982555974931848,False
A_folds,F1,14,True,False,random_5,r0,ACI,0.8484848484848485,17.314242432744948,99,0.0982555974931848,False
A_folds,F1,14,True,False,random_5,r3,ACI,0.9484536082474226,17.756615502100036,97,0.0982555974931848,False
A_folds,F1,14,True,False,random_5,r2,ACI,0.9509803921568628,17.776989804676063,102,0.0982555974931848,False
A_folds,F1,14,True,False,random_5,r4,ACI,0.9047619047619048,17.2023282513342,84,0.0982555974931848,False
A_folds,F1,14,True,False,random_5,r1,ACI,0.8888888888888888,17.047951071562178,81,0.0982555974931848,False
A_folds,F1,14,True,False,random_5,r0,ToD-ACI,0.8686868686868687,18.877590548340542,99,0.0982555974931848,False
A_folds,F1,14,True,False,random_5,r3,ToD-ACI,0.9381443298969072,18.69423199967273,97,0.0982555974931848,False
A_folds,F1,14,True,False,random_5,r2,ToD-ACI,0.9509803921568628,19.109740299823645,102,0.0982555974931848,False
A_folds,F1,14,True,False,random_5,r4,ToD-ACI,0.9523809523809524,19.418150636180403,84,0.0982555974931848,False
A_folds,F1,14,True,False,random_5,r1,ToD-ACI,0.9382716049382716,18.974006319811885,81,0.0982555974931848,False
A_folds,F1,14,True,False,time_of_day,midday,split-CP,0.9917355371900828,21.360063492063546,121,1.0,False
A_folds,F1,14,True,False,time_of_day,pm_rush,split-CP,0.96875,21.360063492063546,96,1.0,False
A_folds,F1,14,True,False,time_of_day,evening,split-CP,0.8817204301075269,21.360063492063546,93,1.0,False
A_folds,F1,14,True,False,time_of_day,night,split-CP,0.9809523809523808,21.360063492063546,105,1.0,False
A_folds,F1,14,True,False,time_of_day,am_rush,split-CP,0.9791666666666666,21.360063492063546,48,1.0,False
A_folds,F1,14,True,False,time_of_day,midday,Mondrian-split-CP,0.975206611570248,18.320246031746024,121,1.0,False
A_folds,F1,14,True,False,time_of_day,pm_rush,Mondrian-split-CP,0.9375,16.944230158730193,96,1.0,False
A_folds,F1,14,True,False,time_of_day,evening,Mondrian-split-CP,0.967741935483871,29.43569708994709,93,1.0,False
A_folds,F1,14,True,False,time_of_day,night,Mondrian-split-CP,1.0,23.494298941798952,105,1.0,False
A_folds,F1,14,True,False,time_of_day,am_rush,Mondrian-split-CP,0.7916666666666666,10.71846825396824,48,1.0,False
A_folds,F1,14,True,False,time_of_day,midday,ACI,0.9669421487603306,17.536708006869162,121,1.0,False
A_folds,F1,14,True,False,time_of_day,pm_rush,ACI,0.90625,16.6389794071669,96,1.0,False
A_folds,F1,14,True,False,time_of_day,evening,ACI,0.8064516129032258,17.414261128954667,93,1.0,False
A_folds,F1,14,True,False,time_of_day,night,ACI,0.9428571428571428,18.377641307634164,105,1.0,False
A_folds,F1,14,True,False,time_of_day,am_rush,ACI,0.8958333333333334,16.81608250661375,48,1.0,False
A_folds,F1,14,True,False,time_of_day,midday,ToD-ACI,0.9669421487603306,17.812888593729518,121,1.0,False
A_folds,F1,14,True,False,time_of_day,pm_rush,ToD-ACI,0.9375,17.87928707837302,96,1.0,False
A_folds,F1,14,True,False,time_of_day,evening,ToD-ACI,0.9247311827956988,24.593289070945,93,1.0,False
A_folds,F1,14,True,False,time_of_day,night,ToD-ACI,0.9523809523809524,20.61961209372639,105,1.0,False
A_folds,F1,14,True,False,time_of_day,am_rush,ToD-ACI,0.7708333333333334,9.904758570326274,48,1.0,False
A_folds,F1,15,True,False,day_of_week,Mon,split-CP,0.823943661971831,8.622265873015863,142,0.4764097121063032,False
A_folds,F1,15,True,False,day_of_week,Tue,split-CP,0.8947368421052632,8.622265873015863,285,0.4764097121063032,False
A_folds,F1,15,True,False,day_of_week,Wed,split-CP,1.0,8.622265873015863,36,0.4764097121063032,False
A_folds,F1,15,True,False,day_of_week,Mon,Mondrian-split-CP,0.8802816901408451,9.880877088287306,142,0.4764097121063032,False
A_folds,F1,15,True,False,day_of_week,Tue,Mondrian-split-CP,0.8491228070175438,8.252665451507559,285,0.4764097121063032,False
A_folds,F1,15,True,False,day_of_week,Wed,Mondrian-split-CP,0.9722222222222222,3.5692380952380915,36,0.4764097121063032,False
A_folds,F1,15,True,False,day_of_week,Mon,ACI,0.8873239436619719,11.21442124209906,142,0.4764097121063032,False
A_folds,F1,15,True,False,day_of_week,Tue,ACI,0.8912280701754386,8.96627682168384,285,0.4764097121063032,False
A_folds,F1,15,True,False,day_of_week,Wed,ACI,0.9722222222222222,4.018891654641653,36,0.4764097121063032,False
A_folds,F1,15,True,False,day_of_week,Mon,ToD-ACI,0.8943661971830986,12.175281780751847,142,0.4764097121063032,False
A_folds,F1,15,True,False,day_of_week,Tue,ToD-ACI,0.8807017543859649,8.292619100360328,285,0.4764097121063032,False
A_folds,F1,15,True,False,day_of_week,Wed,ToD-ACI,0.9444444444444444,3.642177395649614,36,0.4764097121063032,False
A_folds,F1,15,True,False,occupancy_tercile,low,split-CP,0.7074829931972789,8.622265873015863,147,0.7685538688521357,False
A_folds,F1,15,True,False,occupancy_tercile,mid,split-CP,0.9021739130434784,8.622265873015863,92,0.7685538688521357,False
A_folds,F1,15,True,False,occupancy_tercile,high,split-CP,0.9866071428571428,8.622265873015863,224,0.7685538688521357,False
A_folds,F1,15,True,False,occupancy_tercile,low,Mondrian-split-CP,0.8163265306122449,11.824277748328772,147,0.7685538688521357,False
A_folds,F1,15,True,False,occupancy_tercile,mid,Mondrian-split-CP,0.9347826086956522,9.195550348202527,92,0.7685538688521357,False
A_folds,F1,15,True,False,occupancy_tercile,high,Mondrian-split-CP,0.875,5.801014779491342,224,0.7685538688521357,False
A_folds,F1,15,True,False,occupancy_tercile,low,ACI,0.8435374149659864,14.329352027727875,147,0.7685538688521357,False
A_folds,F1,15,True,False,occupancy_tercile,mid,ACI,0.8804347826086957,9.03047901504695,92,0.7685538688521357,False
A_folds,F1,15,True,False,occupancy_tercile,high,ACI,0.9375,6.050437467253316,224,0.7685538688521357,False
A_folds,F1,15,True,False,occupancy_tercile,low,ToD-ACI,0.8435374149659864,14.584074600884124,147,0.7685538688521357,False
A_folds,F1,15,True,False,occupancy_tercile,mid,ToD-ACI,0.9130434782608696,8.922401249817005,92,0.7685538688521357,False
A_folds,F1,15,True,False,occupancy_tercile,high,ToD-ACI,0.9107142857142856,5.619129291962996,224,0.7685538688521357,False
A_folds,F1,15,True,False,random_5,r0,split-CP,0.8585858585858586,8.622265873015863,99,0.0982555974931848,False
A_folds,F1,15,True,False,random_5,r3,split-CP,0.8969072164948454,8.622265873015863,97,0.0982555974931848,False
A_folds,F1,15,True,False,random_5,r2,split-CP,0.8725490196078431,8.622265873015863,102,0.0982555974931848,False
A_folds,F1,15,True,False,random_5,r4,split-CP,0.8809523809523809,8.622265873015863,84,0.0982555974931848,False
A_folds,F1,15,True,False,random_5,r1,split-CP,0.9012345679012346,8.622265873015863,81,0.0982555974931848,False
A_folds,F1,15,True,False,random_5,r0,Mondrian-split-CP,0.8585858585858586,8.189395899835297,99,0.0982555974931848,False
A_folds,F1,15,True,False,random_5,r3,Mondrian-split-CP,0.9072164948453608,8.390553316671877,97,0.0982555974931848,False
A_folds,F1,15,True,False,random_5,r2,Mondrian-split-CP,0.8823529411764706,8.607404493110378,102,0.0982555974931848,False
A_folds,F1,15,True,False,random_5,r4,Mondrian-split-CP,0.8333333333333334,8.3927826522023,84,0.0982555974931848,False
A_folds,F1,15,True,False,random_5,r1,Mondrian-split-CP,0.8518518518518519,8.345727219282779,81,0.0982555974931848,False
A_folds,F1,15,True,False,random_5,r0,ACI,0.8787878787878788,9.094589242594292,99,0.0982555974931848,False
A_folds,F1,15,True,False,random_5,r3,ACI,0.8865979381443299,9.12823699315194,97,0.0982555974931848,False
A_folds,F1,15,True,False,random_5,r2,ACI,0.9117647058823528,9.39623463392091,102,0.0982555974931848,False
A_folds,F1,15,True,False,random_5,r4,ACI,0.8809523809523809,9.525193657092466,84,0.0982555974931848,False
A_folds,F1,15,True,False,random_5,r1,ACI,0.925925925925926,9.236806011318356,81,0.0982555974931848,False
A_folds,F1,15,True,False,random_5,r0,ToD-ACI,0.8585858585858586,8.727796964352518,99,0.0982555974931848,False
A_folds,F1,15,True,False,random_5,r3,ToD-ACI,0.9072164948453608,9.24544666845182,97,0.0982555974931848,False
A_folds,F1,15,True,False,random_5,r2,ToD-ACI,0.8823529411764706,9.731236792528458,102,0.0982555974931848,False
A_folds,F1,15,True,False,random_5,r4,ToD-ACI,0.8809523809523809,9.095337971552258,84,0.0982555974931848,False
A_folds,F1,15,True,False,random_5,r1,ToD-ACI,0.925925925925926,8.715433011775604,81,0.0982555974931848,False
A_folds,F1,15,True,False,time_of_day,midday,split-CP,0.6942148760330579,8.622265873015861,121,1.0,False
A_folds,F1,15,True,False,time_of_day,pm_rush,split-CP,0.8854166666666666,8.622265873015863,96,1.0,False
A_folds,F1,15,True,False,time_of_day,evening,split-CP,0.935483870967742,8.622265873015863,93,1.0,False
A_folds,F1,15,True,False,time_of_day,night,split-CP,1.0,8.622265873015863,105,1.0,False
A_folds,F1,15,True,False,time_of_day,am_rush,split-CP,0.9791666666666666,8.622265873015863,48,1.0,False
A_folds,F1,15,True,False,time_of_day,midday,Mondrian-split-CP,0.8264462809917356,12.428119047619049,121,1.0,False
A_folds,F1,15,True,False,time_of_day,pm_rush,Mondrian-split-CP,0.9166666666666666,9.60800072150073,96,1.0,False
A_folds,F1,15,True,False,time_of_day,evening,Mondrian-split-CP,0.935483870967742,7.398281746031758,93,1.0,False
A_folds,F1,15,True,False,time_of_day,night,Mondrian-split-CP,0.7714285714285715,3.569238095238092,105,1.0,False
A_folds,F1,15,True,False,time_of_day,am_rush,Mondrian-split-CP,0.9583333333333334,8.22096031746031,48,1.0,False
A_folds,F1,15,True,False,time_of_day,midday,ACI,0.8264462809917356,14.050703425438964,121,1.0,False
A_folds,F1,15,True,False,time_of_day,pm_rush,ACI,0.9270833333333334,10.565827160493829,96,1.0,False
A_folds,F1,15,True,False,time_of_day,evening,ACI,0.946236559139785,8.434262446533953,93,1.0,False
A_folds,F1,15,True,False,time_of_day,night,ACI,0.9428571428571428,4.329814787329071,105,1.0,False
A_folds,F1,15,True,False,time_of_day,am_rush,ACI,0.8125,7.063444334215167,48,1.0,False
A_folds,F1,15,True,False,time_of_day,midday,ToD-ACI,0.8760330578512396,15.606515217106129,121,1.0,False
A_folds,F1,15,True,False,time_of_day,pm_rush,ToD-ACI,0.8854166666666666,9.541812049062043,96,1.0,False
A_folds,F1,15,True,False,time_of_day,evening,ToD-ACI,0.9032258064516128,7.127790248878961,93,1.0,False
A_folds,F1,15,True,False,time_of_day,night,ToD-ACI,0.9047619047619048,3.656006538170822,105,1.0,False
A_folds,F1,15,True,False,time_of_day,am_rush,ToD-ACI,0.875,7.754945105820103,48,1.0,False
A_folds,F1,16,True,False,day_of_week,Mon,split-CP,0.9225352112676056,5.49502019990312,142,0.4764097121063032,False
A_folds,F1,16,True,False,day_of_week,Tue,split-CP,0.8807017543859649,6.253578285992758,285,0.4764097121063032,False
A_folds,F1,16,True,False,day_of_week,Wed,split-CP,1.0,6.973923280423277,36,0.4764097121063032,False
A_folds,F1,16,True,False,day_of_week,Mon,Mondrian-split-CP,0.971830985915493,6.740141608912737,142,0.4764097121063032,False
A_folds,F1,16,True,False,day_of_week,Tue,Mondrian-split-CP,0.8105263157894737,6.313217369813422,285,0.4764097121063032,False
A_folds,F1,16,True,False,day_of_week,Wed,Mondrian-split-CP,1.0,4.423085978835978,36,0.4764097121063032,False
A_folds,F1,16,True,False,day_of_week,Mon,ACI,0.9225352112676056,5.54785269487294,142,0.4764097121063032,False
A_folds,F1,16,True,False,day_of_week,Tue,ACI,0.8701754385964913,6.359969402040454,285,0.4764097121063032,False
A_folds,F1,16,True,False,day_of_week,Wed,ACI,1.0,7.74716997354497,36,0.4764097121063032,False
A_folds,F1,16,True,False,day_of_week,Mon,ToD-ACI,0.971830985915493,6.760550217974515,142,0.4764097121063032,False
A_folds,F1,16,True,False,day_of_week,Tue,ToD-ACI,0.8456140350877193,6.492495696100521,285,0.4764097121063032,False
A_folds,F1,16,True,False,day_of_week,Wed,ToD-ACI,1.0,6.200216650633321,36,0.4764097121063032,False
A_folds,F1,16,True,False,occupancy_tercile,mid,split-CP,0.7777777777777778,6.578735323175907,162,0.6854433915867421,False
A_folds,F1,16,True,False,occupancy_tercile,low,split-CP,0.9743589743589745,3.971512068692623,117,0.6854433915867421,False
A_folds,F1,16,True,False,occupancy_tercile,high,split-CP,0.967391304347826,6.973923280423279,184,0.6854433915867421,False
A_folds,F1,16,True,False,occupancy_tercile,mid,Mondrian-split-CP,0.8827160493827161,8.2333361911294,162,0.6854433915867421,False
A_folds,F1,16,True,False,occupancy_tercile,low,Mondrian-split-CP,0.9743589743589745,4.750764341111562,117,0.6854433915867421,False
A_folds,F1,16,True,False,occupancy_tercile,high,Mondrian-split-CP,0.8043478260869565,5.575860126236485,184,0.6854433915867421,False
A_folds,F1,16,True,False,occupancy_tercile,mid,ACI,0.7777777777777778,6.791808840165321,162,0.6854433915867421,False
A_folds,F1,16,True,False,occupancy_tercile,low,ACI,0.9572649572649572,3.834498284123285,117,0.6854433915867421,False
A_folds,F1,16,True,False,occupancy_tercile,high,ACI,0.9619565217391304,7.230299727999456,184,0.6854433915867421,False
A_folds,F1,16,True,False,occupancy_tercile,mid,ToD-ACI,0.8888888888888888,8.241645404663924,162,0.6854433915867421,False
A_folds,F1,16,True,False,occupancy_tercile,low,ToD-ACI,0.9658119658119658,4.321902992583548,117,0.6854433915867421,False
A_folds,F1,16,True,False,occupancy_tercile,high,ToD-ACI,0.8586956521739131,6.482380424326078,184,0.6854433915867421,False
A_folds,F1,16,True,False,random_5,r0,split-CP,0.898989898989899,6.235689120036341,99,0.0982555974931848,False
A_folds,F1,16,True,False,random_5,r3,split-CP,0.9072164948453608,6.206179416898488,97,0.0982555974931848,False
A_folds,F1,16,True,False,random_5,r2,split-CP,0.9411764705882352,5.979578729640002,102,0.0982555974931848,False
A_folds,F1,16,True,False,random_5,r4,split-CP,0.8928571428571429,6.013468167359533,84,0.0982555974931848,False
A_folds,F1,16,True,False,random_5,r1,split-CP,0.8641975308641975,5.91657944673068,81,0.0982555974931848,False
A_folds,F1,16,True,False,random_5,r0,Mondrian-split-CP,0.8383838383838383,6.324777590722034,99,0.0982555974931848,False
A_folds,F1,16,True,False,random_5,r3,Mondrian-split-CP,0.9072164948453608,6.36526433889707,97,0.0982555974931848,False
A_folds,F1,16,True,False,random_5,r2,Mondrian-split-CP,0.9019607843137256,6.127567966075318,102,0.0982555974931848,False
A_folds,F1,16,True,False,random_5,r4,Mondrian-split-CP,0.8452380952380952,6.429923863063742,84,0.0982555974931848,False
A_folds,F1,16,True,False,random_5,r1,Mondrian-split-CP,0.8765432098765432,6.257888823567835,81,0.0982555974931848,False
A_folds,F1,16,True,False,random_5,r0,ACI,0.9090909090909092,6.465403107554622,99,0.0982555974931848,False
A_folds,F1,16,True,False,random_5,r3,ACI,0.8865979381443299,6.293364518404466,97,0.0982555974931848,False
A_folds,F1,16,True,False,random_5,r2,ACI,0.9215686274509804,6.0764360917767775,102,0.0982555974931848,False
A_folds,F1,16,True,False,random_5,r4,ACI,0.8928571428571429,6.203143887858173,84,0.0982555974931848,False
A_folds,F1,16,True,False,random_5,r1,ACI,0.8641975308641975,6.023366017612931,81,0.0982555974931848,False
A_folds,F1,16,True,False,random_5,r0,ToD-ACI,0.8888888888888888,6.599687905995988,99,0.0982555974931848,False
A_folds,F1,16,True,False,random_5,r3,ToD-ACI,0.9072164948453608,6.682259773111578,97,0.0982555974931848,False
A_folds,F1,16,True,False,random_5,r2,ToD-ACI,0.9117647058823528,6.4185721565562295,102,0.0982555974931848,False
A_folds,F1,16,True,False,random_5,r4,ToD-ACI,0.8571428571428571,6.623393712493417,84,0.0982555974931848,False
A_folds,F1,16,True,False,random_5,r1,ToD-ACI,0.9135802469135802,6.431598410620016,81,0.0982555974931848,False
A_folds,F1,16,True,False,time_of_day,midday,split-CP,0.9917355371900828,4.428746430757794,121,1.0,False
A_folds,F1,16,True,False,time_of_day,pm_rush,split-CP,0.7083333333333334,5.977808635085977,96,1.0,False
A_folds,F1,16,True,False,time_of_day,evening,split-CP,0.9247311827956988,6.848018376287191,93,1.0,False
A_folds,F1,16,True,False,time_of_day,night,split-CP,0.9809523809523808,6.973923280423279,105,1.0,False
A_folds,F1,16,True,False,time_of_day,am_rush,split-CP,0.8541666666666666,6.973923280423279,48,1.0,False
A_folds,F1,16,True,False,time_of_day,midday,Mondrian-split-CP,0.9917355371900828,4.902950713848442,121,1.0,False
A_folds,F1,16,True,False,time_of_day,pm_rush,Mondrian-split-CP,0.8958333333333334,8.88300992063492,96,1.0,False
A_folds,F1,16,True,False,time_of_day,evening,Mondrian-split-CP,0.9247311827956988,7.607606189907266,93,1.0,False
A_folds,F1,16,True,False,time_of_day,night,Mondrian-split-CP,0.7047619047619048,4.423085978835978,105,1.0,False
A_folds,F1,16,True,False,time_of_day,am_rush,Mondrian-split-CP,0.8125,6.200849206349204,48,1.0,False
A_folds,F1,16,True,False,time_of_day,midday,ACI,0.975206611570248,4.241881737981945,121,1.0,False
A_folds,F1,16,True,False,time_of_day,pm_rush,ACI,0.7083333333333334,6.077581922899632,96,1.0,False
A_folds,F1,16,True,False,time_of_day,evening,ACI,0.9247311827956988,7.598586291744894,93,1.0,False
A_folds,F1,16,True,False,time_of_day,night,ACI,0.9809523809523808,7.152674382143428,105,1.0,False
A_folds,F1,16,True,False,time_of_day,am_rush,ACI,0.8333333333333334,6.76811648228315,48,1.0,False
A_folds,F1,16,True,False,time_of_day,midday,ToD-ACI,0.9669421487603306,4.298822253924527,121,1.0,False
A_folds,F1,16,True,False,time_of_day,pm_rush,ToD-ACI,0.9166666666666666,9.150686383928573,96,1.0,False
A_folds,F1,16,True,False,time_of_day,evening,ToD-ACI,0.9247311827956988,7.346827928542979,93,1.0,False
A_folds,F1,16,True,False,time_of_day,night,ToD-ACI,0.8,6.01717444627683,105,1.0,False
A_folds,F1,16,True,False,time_of_day,am_rush,ToD-ACI,0.8333333333333334,6.664281332671957,48,1.0,False
A_folds,F1,17,True,False,day_of_week,Mon,split-CP,0.8802816901408451,10.890753968253977,142,0.4764097121063032,False
A_folds,F1,17,True,False,day_of_week,Tue,split-CP,0.8842105263157894,10.890753968253977,285,0.4764097121063032,False
A_folds,F1,17,True,False,day_of_week,Wed,split-CP,1.0,10.890753968253977,36,0.4764097121063032,False
A_folds,F1,17,True,False,day_of_week,Mon,Mondrian-split-CP,0.9366197183098592,14.405048988374697,142,0.4764097121063032,False
A_folds,F1,17,True,False,day_of_week,Tue,Mondrian-split-CP,0.950877192982456,10.880494012809804,285,0.4764097121063032,False
A_folds,F1,17,True,False,day_of_week,Wed,Mondrian-split-CP,0.9166666666666666,3.35422222222222,36,0.4764097121063032,False
A_folds,F1,17,True,False,day_of_week,Mon,ACI,0.8943661971830986,13.078164630882942,142,0.4764097121063032,False
A_folds,F1,17,True,False,day_of_week,Tue,ACI,0.887719298245614,9.979616785229066,285,0.4764097121063032,False
A_folds,F1,17,True,False,day_of_week,Wed,ACI,0.9722222222222222,4.766924125514404,36,0.4764097121063032,False
A_folds,F1,17,True,False,day_of_week,Mon,ToD-ACI,0.9225352112676056,13.185432615897405,142,0.4764097121063032,False
A_folds,F1,17,True,False,day_of_week,Tue,ToD-ACI,0.8982456140350877,8.909498572609976,285,0.4764097121063032,False
A_folds,F1,17,True,False,day_of_week,Wed,ToD-ACI,0.75,2.502651675485009,36,0.4764097121063032,False
A_folds,F1,17,True,False,occupancy_tercile,mid,split-CP,0.8571428571428571,10.890753968253971,189,0.6812297641787031,False
A_folds,F1,17,True,False,occupancy_tercile,low,split-CP,0.8113207547169812,10.890753968253977,106,0.6812297641787031,False
A_folds,F1,17,True,False,occupancy_tercile,high,split-CP,0.9821428571428572,10.890753968253977,168,0.6812297641787031,False
A_folds,F1,17,True,False,occupancy_tercile,mid,Mondrian-split-CP,0.9576719576719576,14.164016376921142,189,0.6812297641787031,False
A_folds,F1,17,True,False,occupancy_tercile,low,Mondrian-split-CP,0.8867924528301887,15.08991907507238,106,0.6812297641787031,False
A_folds,F1,17,True,False,occupancy_tercile,high,Mondrian-split-CP,0.9642857142857144,5.8969001952632905,168,0.6812297641787031,False
A_folds,F1,17,True,False,occupancy_tercile,mid,ACI,0.8941798941798942,13.100564563498429,189,0.6812297641787031,False
A_folds,F1,17,True,False,occupancy_tercile,low,ACI,0.8867924528301887,14.545223575603297,106,0.6812297641787031,False
A_folds,F1,17,True,False,occupancy_tercile,high,ACI,0.9047619047619048,5.089875168922788,168,0.6812297641787031,False
A_folds,F1,17,True,False,occupancy_tercile,mid,ToD-ACI,0.8994708994708994,12.488864564643666,189,0.6812297641787031,False
A_folds,F1,17,True,False,occupancy_tercile,low,ToD-ACI,0.8962264150943396,14.264271161752296,106,0.6812297641787031,False
A_folds,F1,17,True,False,occupancy_tercile,high,ToD-ACI,0.8869047619047619,3.745391899436543,168,0.6812297641787031,False
A_folds,F1,17,True,False,random_5,r0,split-CP,0.898989898989899,10.890753968253971,99,0.0982555974931848,False
A_folds,F1,17,True,False,random_5,r3,split-CP,0.865979381443299,10.890753968253971,97,0.0982555974931848,False
A_folds,F1,17,True,False,random_5,r2,split-CP,0.9019607843137256,10.89075396825397,102,0.0982555974931848,False
A_folds,F1,17,True,False,random_5,r4,split-CP,0.8928571428571429,10.890753968253977,84,0.0982555974931848,False
A_folds,F1,17,True,False,random_5,r1,split-CP,0.9012345679012346,10.890753968253977,81,0.0982555974931848,False
A_folds,F1,17,True,False,random_5,r0,Mondrian-split-CP,0.9595959595959596,11.029603775853776,99,0.0982555974931848,False
A_folds,F1,17,True,False,random_5,r3,Mondrian-split-CP,0.9175257731958762,11.272020454917364,97,0.0982555974931848,False
A_folds,F1,17,True,False,random_5,r2,Mondrian-split-CP,0.9509803921568628,11.498588987446832,102,0.0982555974931848,False
A_folds,F1,17,True,False,random_5,r4,Mondrian-split-CP,0.9285714285714286,11.62501996724616,84,0.0982555974931848,False
A_folds,F1,17,True,False,random_5,r1,Mondrian-split-CP,0.9629629629629628,11.512780717225162,81,0.0982555974931848,False
A_folds,F1,17,True,False,random_5,r0,ACI,0.9191919191919192,10.513466416206317,99,0.0982555974931848,False
A_folds,F1,17,True,False,random_5,r3,ACI,0.865979381443299,10.323717434531869,97,0.0982555974931848,False
A_folds,F1,17,True,False,random_5,r2,ACI,0.8725490196078431,10.299464363523184,102,0.0982555974931848,False
A_folds,F1,17,True,False,random_5,r4,ACI,0.8809523809523809,10.749237070248975,84,0.0982555974931848,False
A_folds,F1,17,True,False,random_5,r1,ACI,0.9506172839506172,10.829436846418329,81,0.0982555974931848,False
A_folds,F1,17,True,False,random_5,r0,ToD-ACI,0.8585858585858586,9.742215400760855,99,0.0982555974931848,False
A_folds,F1,17,True,False,random_5,r3,ToD-ACI,0.9072164948453608,9.831487413407515,97,0.0982555974931848,False
A_folds,F1,17,True,False,random_5,r2,ToD-ACI,0.931372549019608,10.093930533156025,102,0.0982555974931848,False
A_folds,F1,17,True,False,random_5,r4,ToD-ACI,0.8690476190476191,9.52771002399276,84,0.0982555974931848,False
A_folds,F1,17,True,False,random_5,r1,ToD-ACI,0.9012345679012346,9.30360277525401,81,0.0982555974931848,False
A_folds,F1,17,True,False,time_of_day,midday,split-CP,0.8099173553719008,10.890753968253977,121,1.0,False
A_folds,F1,17,True,False,time_of_day,pm_rush,split-CP,0.8229166666666666,10.890753968253977,96,1.0,False
A_folds,F1,17,True,False,time_of_day,evening,split-CP,1.0,10.890753968253977,93,1.0,False
A_folds,F1,17,True,False,time_of_day,night,split-CP,1.0,10.890753968253977,105,1.0,False
A_folds,F1,17,True,False,time_of_day,am_rush,split-CP,0.7916666666666666,10.890753968253977,48,1.0,False
A_folds,F1,17,True,False,time_of_day,midday,Mondrian-split-CP,0.9090909090909092,15.535607142857144,121,1.0,False
A_folds,F1,17,True,False,time_of_day,pm_rush,Mondrian-split-CP,0.9791666666666666,15.6074417989418,96,1.0,False
A_folds,F1,17,True,False,time_of_day,evening,Mondrian-split-CP,1.0,11.891444444444446,93,1.0,False
A_folds,F1,17,True,False,time_of_day,night,Mondrian-split-CP,0.9714285714285714,3.35422222222222,105,1.0,False
A_folds,F1,17,True,False,time_of_day,am_rush,Mondrian-split-CP,0.7916666666666666,8.978941798941804,48,1.0,False
A_folds,F1,17,True,False,time_of_day,midday,ACI,0.8760330578512396,14.87494009457026,121,1.0,False
A_folds,F1,17,True,False,time_of_day,pm_rush,ACI,0.875,13.530814262415824,96,1.0,False
A_folds,F1,17,True,False,time_of_day,evening,ACI,0.967741935483871,9.66649397585688,93,1.0,False
A_folds,F1,17,True,False,time_of_day,night,ACI,0.9904761904761904,5.0907297063606585,105,1.0,False
A_folds,F1,17,True,False,time_of_day,am_rush,ACI,0.6458333333333334,7.095061465347924,48,1.0,False
A_folds,F1,17,True,False,time_of_day,midday,ToD-ACI,0.8925619834710744,15.115988597108432,121,1.0,False
A_folds,F1,17,True,False,time_of_day,pm_rush,ToD-ACI,0.90625,12.867252487674364,96,1.0,False
A_folds,F1,17,True,False,time_of_day,evening,ToD-ACI,0.9247311827956988,8.41910770919642,93,1.0,False
A_folds,F1,17,True,False,time_of_day,night,ToD-ACI,0.9047619047619048,1.8145885785290548,105,1.0,False
A_folds,F1,17,True,False,time_of_day,am_rush,ToD-ACI,0.7916666666666666,9.663214754188717,48,1.0,False
A_folds,F1,18,True,False,day_of_week,Mon,split-CP,0.8098591549295775,8.230785714285703,142,0.4764097121063032,False
A_folds,F1,18,True,False,day_of_week,Tue,split-CP,0.8385964912280702,8.230785714285702,285,0.4764097121063032,False
A_folds,F1,18,True,False,day_of_week,Wed,split-CP,1.0,8.230785714285705,36,0.4764097121063032,False
A_folds,F1,18,True,False,day_of_week,Mon,Mondrian-split-CP,0.8591549295774648,8.321320254862501,142,0.4764097121063032,False
A_folds,F1,18,True,False,day_of_week,Tue,Mondrian-split-CP,0.8666666666666667,7.584234656084651,285,0.4764097121063032,False
A_folds,F1,18,True,False,day_of_week,Wed,Mondrian-split-CP,1.0,2.5363214285714264,36,0.4764097121063032,False
A_folds,F1,18,True,False,day_of_week,Mon,ACI,0.9295774647887324,10.852857794070822,142,0.4764097121063032,False
A_folds,F1,18,True,False,day_of_week,Tue,ACI,0.8771929824561403,10.769379997974733,285,0.4764097121063032,False
A_folds,F1,18,True,False,day_of_week,Wed,ACI,1.0,3.210309938004382,36,0.4764097121063032,False
A_folds,F1,18,True,False,day_of_week,Mon,ToD-ACI,0.8873239436619719,8.499061220013681,142,0.4764097121063032,False
A_folds,F1,18,True,False,day_of_week,Tue,ToD-ACI,0.8666666666666667,9.381187262347789,285,0.4764097121063032,False
A_folds,F1,18,True,False,day_of_week,Wed,ToD-ACI,0.9444444444444444,3.598466233098177,36,0.4764097121063032,False
A_folds,F1,18,True,False,occupancy_tercile,low,split-CP,0.7207207207207207,8.230785714285702,222,0.6615677134180075,False
A_folds,F1,18,True,False,occupancy_tercile,mid,split-CP,0.917910447761194,8.230785714285703,134,0.6615677134180075,False
A_folds,F1,18,True,False,occupancy_tercile,high,split-CP,1.0,8.230785714285702,107,0.6615677134180075,False
A_folds,F1,18,True,False,occupancy_tercile,low,Mondrian-split-CP,0.8288288288288288,10.451230802230798,222,0.6615677134180075,False
A_folds,F1,18,True,False,occupancy_tercile,mid,Mondrian-split-CP,0.8656716417910447,4.724091467266837,134,0.6615677134180075,False
A_folds,F1,18,True,False,occupancy_tercile,high,Mondrian-split-CP,0.9813084112149532,4.497574111160552,107,0.6615677134180075,False
A_folds,F1,18,True,False,occupancy_tercile,low,ACI,0.8783783783783784,14.56747481084981,222,0.6615677134180075,False
A_folds,F1,18,True,False,occupancy_tercile,mid,ACI,0.8656716417910447,5.675245290502754,134,0.6615677134180075,False
A_folds,F1,18,True,False,occupancy_tercile,high,ACI,1.0,6.836336327224177,107,0.6615677134180075,False
A_folds,F1,18,True,False,occupancy_tercile,low,ToD-ACI,0.8693693693693694,13.231366927533596,222,0.6615677134180075,False
A_folds,F1,18,True,False,occupancy_tercile,mid,ToD-ACI,0.8507462686567164,4.599938610518834,134,0.6615677134180075,False
A_folds,F1,18,True,False,occupancy_tercile,high,ToD-ACI,0.9345794392523364,4.264435660566501,107,0.6615677134180075,False
A_folds,F1,18,True,False,random_5,r0,split-CP,0.7878787878787878,8.230785714285702,99,0.0982555974931848,False
A_folds,F1,18,True,False,random_5,r3,split-CP,0.8556701030927835,8.230785714285702,97,0.0982555974931848,False
A_folds,F1,18,True,False,random_5,r2,split-CP,0.7647058823529411,8.230785714285703,102,0.0982555974931848,False
A_folds,F1,18,True,False,random_5,r4,split-CP,0.9166666666666666,8.230785714285703,84,0.0982555974931848,False
A_folds,F1,18,True,False,random_5,r1,split-CP,0.9135802469135802,8.230785714285702,81,0.0982555974931848,False
A_folds,F1,18,True,False,random_5,r0,Mondrian-split-CP,0.8585858585858586,7.312342766287206,99,0.0982555974931848,False
A_folds,F1,18,True,False,random_5,r3,Mondrian-split-CP,0.865979381443299,7.5959570446735345,97,0.0982555974931848,False
A_folds,F1,18,True,False,random_5,r2,Mondrian-split-CP,0.8333333333333334,7.7578352526195635,102,0.0982555974931848,False
A_folds,F1,18,True,False,random_5,r4,Mondrian-split-CP,0.9404761904761904,7.148297571806498,84,0.0982555974931848,False
A_folds,F1,18,True,False,random_5,r1,Mondrian-split-CP,0.8888888888888888,7.184641550721794,81,0.0982555974931848,False
A_folds,F1,18,True,False,random_5,r0,ACI,0.8686868686868687,10.169874271818715,99,0.0982555974931848,False
A_folds,F1,18,True,False,random_5,r3,ACI,0.8865979381443299,11.50382158849169,97,0.0982555974931848,False
A_folds,F1,18,True,False,random_5,r2,ACI,0.8725490196078431,10.361758379782888,102,0.0982555974931848,False
A_folds,F1,18,True,False,random_5,r4,ACI,0.9523809523809524,8.974850032353007,84,0.0982555974931848,False
A_folds,F1,18,True,False,random_5,r1,ACI,0.9506172839506172,9.783645179009376,81,0.0982555974931848,False
A_folds,F1,18,True,False,random_5,r0,ToD-ACI,0.8686868686868687,8.595817409302258,99,0.0982555974931848,False
A_folds,F1,18,True,False,random_5,r3,ToD-ACI,0.8969072164948454,9.606289254845956,97,0.0982555974931848,False
A_folds,F1,18,True,False,random_5,r2,ToD-ACI,0.8431372549019608,8.697761521612012,102,0.0982555974931848,False
A_folds,F1,18,True,False,random_5,r4,ToD-ACI,0.9285714285714286,8.212426318170365,84,0.0982555974931848,False
A_folds,F1,18,True,False,random_5,r1,ToD-ACI,0.8641975308641975,8.027634323838026,81,0.0982555974931848,False
A_folds,F1,18,True,False,time_of_day,midday,split-CP,0.743801652892562,8.230785714285702,121,1.0,False
A_folds,F1,18,True,False,time_of_day,pm_rush,split-CP,0.78125,8.230785714285702,96,1.0,False
A_folds,F1,18,True,False,time_of_day,evening,split-CP,1.0,8.230785714285703,93,1.0,False
A_folds,F1,18,True,False,time_of_day,night,split-CP,1.0,8.230785714285702,105,1.0,False
A_folds,F1,18,True,False,time_of_day,am_rush,split-CP,0.5625,8.230785714285702,48,1.0,False
A_folds,F1,18,True,False,time_of_day,midday,Mondrian-split-CP,0.9338842975206612,12.366761904761905,121,1.0,False
A_folds,F1,18,True,False,time_of_day,pm_rush,Mondrian-split-CP,0.75,7.376571428571424,96,1.0,False
A_folds,F1,18,True,False,time_of_day,evening,Mondrian-split-CP,0.978494623655914,4.924015873015859,93,1.0,False
A_folds,F1,18,True,False,time_of_day,night,Mondrian-split-CP,0.9142857142857144,2.536321428571427,105,1.0,False
A_folds,F1,18,True,False,time_of_day,am_rush,Mondrian-split-CP,0.6875,10.534701058201051,48,1.0,False
A_folds,F1,18,True,False,time_of_day,midday,ACI,0.8842975206611571,12.60187855234756,121,1.0,False
A_folds,F1,18,True,False,time_of_day,pm_rush,ACI,0.90625,13.28897012786596,96,1.0,False
A_folds,F1,18,True,False,time_of_day,evening,ACI,1.0,7.379045340760392,93,1.0,False
A_folds,F1,18,True,False,time_of_day,night,ACI,0.9142857142857144,2.5031542740328465,105,1.0,False
A_folds,F1,18,True,False,time_of_day,am_rush,ACI,0.7291666666666666,20.33957107032628,48,1.0,False
A_folds,F1,18,True,False,time_of_day,midday,ToD-ACI,0.9008264462809916,12.358942601934336,121,1.0,False
A_folds,F1,18,True,False,time_of_day,pm_rush,ToD-ACI,0.875,10.959704064454064,96,1.0,False
A_folds,F1,18,True,False,time_of_day,evening,ToD-ACI,0.8924731182795699,3.661811870626386,93,1.0,False
A_folds,F1,18,True,False,time_of_day,night,ToD-ACI,0.8857142857142857,2.242376026706979,105,1.0,False
A_folds,F1,18,True,False,time_of_day,am_rush,ToD-ACI,0.7916666666666666,18.468504491843035,48,1.0,False
A_folds,F1,19,True,False,day_of_week,Mon,split-CP,0.7605633802816901,10.9706031885759,142,0.4764097121063032,False
A_folds,F1,19,True,False,day_of_week,Tue,split-CP,0.8421052631578947,10.886549953587672,285,0.4764097121063032,False
A_folds,F1,19,True,False,day_of_week,Wed,split-CP,1.0,11.299507936507936,36,0.4764097121063032,False
A_folds,F1,19,True,False,day_of_week,Mon,Mondrian-split-CP,0.795774647887324,12.196065289887477,142,0.4764097121063032,False
A_folds,F1,19,True,False,day_of_week,Tue,Mondrian-split-CP,0.8701754385964913,11.554398619509143,285,0.4764097121063032,False
A_folds,F1,19,True,False,day_of_week,Wed,Mondrian-split-CP,0.6944444444444444,7.37726262626262,36,0.4764097121063032,False
A_folds,F1,19,True,False,day_of_week,Mon,ACI,0.908450704225352,15.226213008463892,142,0.4764097121063032,False
A_folds,F1,19,True,False,day_of_week,Tue,ACI,0.8842105263157894,13.941143991599697,285,0.4764097121063032,False
A_folds,F1,19,True,False,day_of_week,Wed,ACI,1.0,13.554461987857817,36,0.4764097121063032,False
A_folds,F1,19,True,False,day_of_week,Mon,ToD-ACI,0.8661971830985915,16.442445953498773,142,0.4764097121063032,False
A_folds,F1,19,True,False,day_of_week,Tue,ToD-ACI,0.8947368421052632,13.258827745061955,285,0.4764097121063032,False
A_folds,F1,19,True,False,day_of_week,Wed,ToD-ACI,0.6944444444444444,6.589365516941907,36,0.4764097121063032,False
A_folds,F1,19,True,False,occupancy_tercile,low,split-CP,0.7795275590551181,10.652273687143271,254,0.7918828363784729,False
A_folds,F1,19,True,False,occupancy_tercile,mid,split-CP,0.7441860465116279,11.299507936507936,86,0.7918828363784729,False
A_folds,F1,19,True,False,occupancy_tercile,high,split-CP,0.991869918699187,11.299507936507942,123,0.7918828363784729,False
A_folds,F1,19,True,False,occupancy_tercile,low,Mondrian-split-CP,0.84251968503937,12.534733493649831,254,0.7918828363784729,False
A_folds,F1,19,True,False,occupancy_tercile,mid,Mondrian-split-CP,0.7441860465116279,12.385488111802076,86,0.7918828363784729,False
A_folds,F1,19,True,False,occupancy_tercile,high,Mondrian-split-CP,0.8780487804878049,8.467089815183305,123,0.7918828363784729,False
A_folds,F1,19,True,False,occupancy_tercile,low,ACI,0.9015748031496064,15.909858712372491,254,0.7918828363784729,False
A_folds,F1,19,True,False,occupancy_tercile,mid,ACI,0.7790697674418605,15.12981904615626,86,0.7918828363784729,False
A_folds,F1,19,True,False,occupancy_tercile,high,ACI,0.983739837398374,10.41496232080175,123,0.7918828363784729,False
A_folds,F1,19,True,False,occupancy_tercile,low,ToD-ACI,0.8858267716535433,14.59422226388368,254,0.7918828363784729,False
A_folds,F1,19,True,False,occupancy_tercile,mid,ToD-ACI,0.813953488372093,19.216137289282635,86,0.7918828363784729,False
A_folds,F1,19,True,False,occupancy_tercile,high,ToD-ACI,0.8780487804878049,8.059269345078286,123,0.7918828363784729,False
A_folds,F1,19,True,False,random_5,r0,split-CP,0.8585858585858586,10.92469681604404,99,0.0982555974931848,False
A_folds,F1,19,True,False,random_5,r3,split-CP,0.7835051546391752,11.078723885888836,97,0.0982555974931848,False
A_folds,F1,19,True,False,random_5,r2,split-CP,0.8431372549019608,10.82850136165578,102,0.0982555974931848,False
A_folds,F1,19,True,False,random_5,r4,split-CP,0.8571428571428571,10.92836253621819,84,0.0982555974931848,False
A_folds,F1,19,True,False,random_5,r1,split-CP,0.8024691358024691,10.970418291527858,81,0.0982555974931848,False
A_folds,F1,19,True,False,random_5,r0,Mondrian-split-CP,0.8282828282828283,11.498035229688009,99,0.0982555974931848,False
A_folds,F1,19,True,False,random_5,r3,Mondrian-split-CP,0.8041237113402062,11.868493486229314,97,0.0982555974931848,False
A_folds,F1,19,True,False,random_5,r2,Mondrian-split-CP,0.8431372549019608,11.50438702895688,102,0.0982555974931848,False
A_folds,F1,19,True,False,random_5,r4,Mondrian-split-CP,0.8452380952380952,11.011119517497496,84,0.0982555974931848,False
A_folds,F1,19,True,False,random_5,r1,Mondrian-split-CP,0.8518518518518519,11.141919258553518,81,0.0982555974931848,False
A_folds,F1,19,True,False,random_5,r0,ACI,0.9191919191919192,15.568144561480418,99,0.0982555974931848,False
A_folds,F1,19,True,False,random_5,r3,ACI,0.8762886597938144,13.82580306077084,97,0.0982555974931848,False
A_folds,F1,19,True,False,random_5,r2,ACI,0.8921568627450981,13.671863153866829,102,0.0982555974931848,False
A_folds,F1,19,True,False,random_5,r4,ACI,0.9166666666666666,14.31153646309599,84,0.0982555974931848,False
A_folds,F1,19,True,False,random_5,r1,ACI,0.9012345679012346,14.126674114751276,81,0.0982555974931848,False
A_folds,F1,19,True,False,random_5,r0,ToD-ACI,0.8484848484848485,13.589522879804443,99,0.0982555974931848,False
A_folds,F1,19,True,False,random_5,r3,ToD-ACI,0.8144329896907216,13.573239933367509,97,0.0982555974931848,False
A_folds,F1,19,True,False,random_5,r2,ToD-ACI,0.8725490196078431,14.483387092301312,102,0.0982555974931848,False
A_folds,F1,19,True,False,random_5,r4,ToD-ACI,0.9047619047619048,13.14020715087382,84,0.0982555974931848,False
A_folds,F1,19,True,False,random_5,r1,ToD-ACI,0.925925925925926,13.676055168197143,81,0.0982555974931848,False
A_folds,F1,19,True,False,time_of_day,midday,split-CP,0.8512396694214877,10.193917393633305,121,1.0,False
A_folds,F1,19,True,False,time_of_day,pm_rush,split-CP,0.6875,10.98053873181217,96,1.0,False
A_folds,F1,19,True,False,time_of_day,evening,split-CP,0.8172043010752689,11.299507936507938,93,1.0,False
A_folds,F1,19,True,False,time_of_day,night,split-CP,1.0,11.299507936507942,105,1.0,False
A_folds,F1,19,True,False,time_of_day,am_rush,split-CP,0.7083333333333334,11.299507936507936,48,1.0,False
A_folds,F1,19,True,False,time_of_day,midday,Mondrian-split-CP,0.950413223140496,13.69710883182474,121,1.0,False
A_folds,F1,19,True,False,time_of_day,pm_rush,Mondrian-split-CP,0.6979166666666666,11.219944279100533,96,1.0,False
A_folds,F1,19,True,False,time_of_day,evening,Mondrian-split-CP,0.8064516129032258,10.929166666666674,93,1.0,False
A_folds,F1,19,True,False,time_of_day,night,Mondrian-split-CP,0.8666666666666667,7.3772626262626195,105,1.0,False
A_folds,F1,19,True,False,time_of_day,am_rush,Mondrian-split-CP,0.7916666666666666,15.93617577224088,48,1.0,False
A_folds,F1,19,True,False,time_of_day,midday,ACI,0.9008264462809916,11.515683645899554,121,1.0,False
A_folds,F1,19,True,False,time_of_day,pm_rush,ACI,0.8645833333333334,17.298142012405034,96,1.0,False
A_folds,F1,19,True,False,time_of_day,evening,ACI,0.967741935483871,18.54914311972377,93,1.0,False
A_folds,F1,19,True,False,time_of_day,night,ACI,0.9809523809523808,10.6572205205729,105,1.0,False
A_folds,F1,19,True,False,time_of_day,am_rush,ACI,0.6666666666666666,15.108564525655671,48,1.0,False
A_folds,F1,19,True,False,time_of_day,midday,ToD-ACI,0.8925619834710744,11.718210639949277,121,1.0,False
A_folds,F1,19,True,False,time_of_day,pm_rush,ToD-ACI,0.875,16.57462216848545,96,1.0,False
A_folds,F1,19,True,False,time_of_day,evening,ToD-ACI,0.8709677419354839,19.568210032997666,93,1.0,False
A_folds,F1,19,True,False,time_of_day,night,ToD-ACI,0.8571428571428571,6.855445465997846,105,1.0,False
A_folds,F1,19,True,False,time_of_day,am_rush,ToD-ACI,0.8333333333333334,16.70995559879935,48,1.0,False
A_folds,F1,20,True,False,day_of_week,Mon,split-CP,0.8380281690140845,9.364002433371272,142,0.4764097121063032,False
A_folds,F1,20,True,False,day_of_week,Tue,split-CP,0.8315789473684211,9.063895540408256,285,0.4764097121063032,False
A_folds,F1,20,True,False,day_of_week,Wed,split-CP,1.0,9.577712481962475,36,0.4764097121063032,False
A_folds,F1,20,True,False,day_of_week,Mon,Mondrian-split-CP,0.9014084507042254,10.72830322338069,142,0.4764097121063032,False
A_folds,F1,20,True,False,day_of_week,Tue,Mondrian-split-CP,0.8666666666666667,8.590424668151861,285,0.4764097121063032,False
A_folds,F1,20,True,False,day_of_week,Wed,Mondrian-split-CP,1.0,2.285158730158728,36,0.4764097121063032,False
A_folds,F1,20,True,False,day_of_week,Mon,ACI,0.9295774647887324,11.651640118912123,142,0.4764097121063032,False
A_folds,F1,20,True,False,day_of_week,Tue,ACI,0.8912280701754386,9.104414809962618,285,0.4764097121063032,False
A_folds,F1,20,True,False,day_of_week,Wed,ACI,0.9166666666666666,2.190049823633158,36,0.4764097121063032,False
A_folds,F1,20,True,False,day_of_week,Mon,ToD-ACI,0.9225352112676056,10.338767300350929,142,0.4764097121063032,False
A_folds,F1,20,True,False,day_of_week,Tue,ToD-ACI,0.9052631578947368,8.215969065129151,285,0.4764097121063032,False
A_folds,F1,20,True,False,day_of_week,Wed,ToD-ACI,0.8611111111111112,1.6455797325102866,36,0.4764097121063032,False
A_folds,F1,20,True,False,occupancy_tercile,low,split-CP,0.6915887850467289,8.751615962135821,214,0.6930039820114586,False
A_folds,F1,20,True,False,occupancy_tercile,mid,split-CP,0.967741935483871,9.577712481962482,62,0.6930039820114586,False
A_folds,F1,20,True,False,occupancy_tercile,high,split-CP,0.983957219251337,9.57771248196248,187,0.6930039820114586,False
A_folds,F1,20,True,False,occupancy_tercile,low,Mondrian-split-CP,0.8411214953271028,12.423189256269865,214,0.6930039820114586,False
A_folds,F1,20,True,False,occupancy_tercile,mid,Mondrian-split-CP,0.8870967741935484,7.995229902713776,62,0.6930039820114586,False
A_folds,F1,20,True,False,occupancy_tercile,high,Mondrian-split-CP,0.9411764705882352,4.811171377641967,187,0.6930039820114586,False
A_folds,F1,20,True,False,occupancy_tercile,low,ACI,0.8878504672897196,14.802509307022158,214,0.6930039820114586,False
A_folds,F1,20,True,False,occupancy_tercile,mid,ACI,0.967741935483871,8.231206186286832,62,0.6930039820114586,False
A_folds,F1,20,True,False,occupancy_tercile,high,ACI,0.9037433155080212,3.4762627600167706,187,0.6930039820114586,False
A_folds,F1,20,True,False,occupancy_tercile,low,ToD-ACI,0.8925233644859814,12.484437885193728,214,0.6930039820114586,False
A_folds,F1,20,True,False,occupancy_tercile,mid,ToD-ACI,0.9032258064516128,7.359294744681842,62,0.6930039820114586,False
A_folds,F1,20,True,False,occupancy_tercile,high,ToD-ACI,0.9251336898395722,3.9623049678089775,187,0.6930039820114586,False
A_folds,F1,20,True,False,random_5,r0,split-CP,0.8686868686868687,9.166975097293278,99,0.0982555974931848,False
A_folds,F1,20,True,False,random_5,r3,split-CP,0.7938144329896907,9.313899050643894,97,0.0982555974931848,False
A_folds,F1,20,True,False,random_5,r2,split-CP,0.803921568627451,9.014384501527884,102,0.0982555974931848,False
A_folds,F1,20,True,False,random_5,r4,split-CP,0.9047619047619048,9.222766129263151,84,0.0982555974931848,False
A_folds,F1,20,True,False,random_5,r1,split-CP,0.8765432098765432,9.29059144873188,81,0.0982555974931848,False
A_folds,F1,20,True,False,random_5,r0,Mondrian-split-CP,0.8787878787878788,8.563604748786567,99,0.0982555974931848,False
A_folds,F1,20,True,False,random_5,r3,Mondrian-split-CP,0.8556701030927835,8.968941346454232,97,0.0982555974931848,False
A_folds,F1,20,True,False,random_5,r2,Mondrian-split-CP,0.8333333333333334,8.922327692187986,102,0.0982555974931848,False
A_folds,F1,20,True,False,random_5,r4,Mondrian-split-CP,0.9523809523809524,8.572325223607962,84,0.0982555974931848,False
A_folds,F1,20,True,False,random_5,r1,Mondrian-split-CP,0.9382716049382716,8.716282448233065,81,0.0982555974931848,False
A_folds,F1,20,True,False,random_5,r0,ACI,0.9494949494949496,9.608820295912468,99,0.0982555974931848,False
A_folds,F1,20,True,False,random_5,r3,ACI,0.8762886597938144,10.233203523328523,97,0.0982555974931848,False
A_folds,F1,20,True,False,random_5,r2,ACI,0.8529411764705882,8.828128433612504,102,0.0982555974931848,False
A_folds,F1,20,True,False,random_5,r4,ACI,0.9285714285714286,9.091830094453607,84,0.0982555974931848,False
A_folds,F1,20,True,False,random_5,r1,ACI,0.925925925925926,8.889581878455335,81,0.0982555974931848,False
A_folds,F1,20,True,False,random_5,r0,ToD-ACI,0.9090909090909092,8.295310439653873,99,0.0982555974931848,False
A_folds,F1,20,True,False,random_5,r3,ToD-ACI,0.9278350515463918,9.295881710452589,97,0.0982555974931848,False
A_folds,F1,20,True,False,random_5,r2,ToD-ACI,0.8627450980392157,8.208617726046645,102,0.0982555974931848,False
A_folds,F1,20,True,False,random_5,r4,ToD-ACI,0.9523809523809524,7.946523415132046,84,0.0982555974931848,False
A_folds,F1,20,True,False,random_5,r1,ToD-ACI,0.8888888888888888,7.9157256322781,81,0.0982555974931848,False
A_folds,F1,20,True,False,time_of_day,midday,split-CP,0.6694214876033058,8.501011305002004,121,1.0,False
A_folds,F1,20,True,False,time_of_day,pm_rush,split-CP,0.8645833333333334,9.57771248196248,96,1.0,False
A_folds,F1,20,True,False,time_of_day,evening,split-CP,1.0,9.577712481962482,93,1.0,False
A_folds,F1,20,True,False,time_of_day,night,split-CP,1.0,9.57771248196248,105,1.0,False
A_folds,F1,20,True,False,time_of_day,am_rush,split-CP,0.625,8.608883047989815,48,1.0,False
A_folds,F1,20,True,False,time_of_day,midday,Mondrian-split-CP,0.9669421487603306,15.498189215054918,121,1.0,False
A_folds,F1,20,True,False,time_of_day,pm_rush,Mondrian-split-CP,0.7708333333333334,8.484269841269835,96,1.0,False
A_folds,F1,20,True,False,time_of_day,evening,Mondrian-split-CP,0.989247311827957,7.358904761904769,93,1.0,False
A_folds,F1,20,True,False,time_of_day,night,Mondrian-split-CP,0.923809523809524,2.2851587301587286,105,1.0,False
A_folds,F1,20,True,False,time_of_day,am_rush,Mondrian-split-CP,0.6458333333333334,9.163858190035276,48,1.0,False
A_folds,F1,20,True,False,time_of_day,midday,ACI,0.8429752066115702,15.682767742358651,121,1.0,False
A_folds,F1,20,True,False,time_of_day,pm_rush,ACI,0.96875,12.028473503637567,96,1.0,False
A_folds,F1,20,True,False,time_of_day,evening,ACI,1.0,5.332122205154463,93,1.0,False
A_folds,F1,20,True,False,time_of_day,night,ACI,0.9142857142857144,2.631611904761905,105,1.0,False
A_folds,F1,20,True,False,time_of_day,am_rush,ACI,0.7291666666666666,10.491207148368607,48,1.0,False
A_folds,F1,20,True,False,time_of_day,midday,ToD-ACI,0.9090909090909092,13.040393217893218,121,1.0,False
A_folds,F1,20,True,False,time_of_day,pm_rush,ToD-ACI,0.8958333333333334,10.68183803310887,96,1.0,False
A_folds,F1,20,True,False,time_of_day,evening,ToD-ACI,0.946236559139785,4.752710031704654,93,1.0,False
A_folds,F1,20,True,False,time_of_day,night,ToD-ACI,0.8952380952380953,2.3825587049634667,105,1.0,False
A_folds,F1,20,True,False,time_of_day,am_rush,ToD-ACI,0.875,11.945464230599644,48,1.0,False
A_folds,F1,21,True,False,day_of_week,Mon,split-CP,0.9014084507042254,9.93355555555556,142,0.4764097121063032,False
A_folds,F1,21,True,False,day_of_week,Tue,split-CP,0.9157894736842104,9.933555555555555,285,0.4764097121063032,False
A_folds,F1,21,True,False,day_of_week,Wed,split-CP,1.0,9.93355555555556,36,0.4764097121063032,False
A_folds,F1,21,True,False,day_of_week,Mon,Mondrian-split-CP,0.9225352112676056,13.198076514643422,142,0.4764097121063032,False
A_folds,F1,21,True,False,day_of_week,Tue,Mondrian-split-CP,0.9157894736842104,10.957226942355891,285,0.4764097121063032,False
A_folds,F1,21,True,False,day_of_week,Wed,Mondrian-split-CP,1.0,8.3676626984127,36,0.4764097121063032,False
A_folds,F1,21,True,False,day_of_week,Mon,ACI,0.9295774647887324,10.834429677390943,142,0.4764097121063032,False
A_folds,F1,21,True,False,day_of_week,Tue,ACI,0.887719298245614,9.249201071702826,285,0.4764097121063032,False
A_folds,F1,21,True,False,day_of_week,Wed,ACI,1.0,5.412251386216664,36,0.4764097121063032,False
A_folds,F1,21,True,False,day_of_week,Mon,ToD-ACI,0.9225352112676056,12.413085524934116,142,0.4764097121063032,False
A_folds,F1,21,True,False,day_of_week,Tue,ToD-ACI,0.8807017543859649,9.02606953115111,285,0.4764097121063032,False
A_folds,F1,21,True,False,day_of_week,Wed,ToD-ACI,1.0,4.144728311554701,36,0.4764097121063032,False
A_folds,F1,21,True,False,occupancy_tercile,low,split-CP,0.869198312236287,9.933555555555555,237,0.6863552497218077,False
A_folds,F1,21,True,False,occupancy_tercile,mid,split-CP,0.9556962025316456,9.93355555555556,158,0.6863552497218077,False
A_folds,F1,21,True,False,occupancy_tercile,high,split-CP,1.0,9.93355555555556,68,0.6863552497218077,False
A_folds,F1,21,True,False,occupancy_tercile,low,Mondrian-split-CP,0.8945147679324894,11.683078360458111,237,0.6863552497218077,False
A_folds,F1,21,True,False,occupancy_tercile,mid,Mondrian-split-CP,0.9367088607594936,12.618229982921438,158,0.6863552497218077,False
A_folds,F1,21,True,False,occupancy_tercile,high,Mondrian-split-CP,1.0,7.876507236227826,68,0.6863552497218077,False
A_folds,F1,21,True,False,occupancy_tercile,low,ACI,0.8987341772151899,12.153354962118671,237,0.6863552497218077,False
A_folds,F1,21,True,False,occupancy_tercile,mid,ACI,0.9113924050632912,7.103566640637842,158,0.6863552497218077,False
A_folds,F1,21,True,False,occupancy_tercile,high,ACI,0.9411764705882352,5.391819327731092,68,0.6863552497218077,False
A_folds,F1,21,True,False,occupancy_tercile,low,ToD-ACI,0.8987341772151899,11.999420982986384,237,0.6863552497218077,False
A_folds,F1,21,True,False,occupancy_tercile,mid,ToD-ACI,0.8734177215189873,7.335093043150007,158,0.6863552497218077,False
A_folds,F1,21,True,False,occupancy_tercile,high,ToD-ACI,0.9852941176470588,7.080745681605976,68,0.6863552497218077,False
A_folds,F1,21,True,False,random_5,r0,split-CP,0.898989898989899,9.933555555555555,99,0.0982555974931848,False
A_folds,F1,21,True,False,random_5,r3,split-CP,0.9381443298969072,9.933555555555555,97,0.0982555974931848,False
A_folds,F1,21,True,False,random_5,r2,split-CP,0.9411764705882352,9.93355555555556,102,0.0982555974931848,False
A_folds,F1,21,True,False,random_5,r4,split-CP,0.8809523809523809,9.93355555555556,84,0.0982555974931848,False
A_folds,F1,21,True,False,random_5,r1,split-CP,0.925925925925926,9.933555555555555,81,0.0982555974931848,False
A_folds,F1,21,True,False,random_5,r0,Mondrian-split-CP,0.8686868686868687,11.688306717973385,99,0.0982555974931848,False
A_folds,F1,21,True,False,random_5,r3,Mondrian-split-CP,0.9278350515463918,11.37138950253641,97,0.0982555974931848,False
A_folds,F1,21,True,False,random_5,r2,Mondrian-split-CP,0.9509803921568628,11.50901100995954,102,0.0982555974931848,False
A_folds,F1,21,True,False,random_5,r4,Mondrian-split-CP,0.9285714285714286,11.366168839758126,84,0.0982555974931848,False
A_folds,F1,21,True,False,random_5,r1,Mondrian-split-CP,0.9506172839506172,11.226270968058008,81,0.0982555974931848,False
A_folds,F1,21,True,False,random_5,r0,ACI,0.8585858585858586,8.969708229480958,99,0.0982555974931848,False
A_folds,F1,21,True,False,random_5,r3,ACI,0.9381443298969072,9.620776786644056,97,0.0982555974931848,False
A_folds,F1,21,True,False,random_5,r2,ACI,0.931372549019608,9.562568569094305,102,0.0982555974931848,False
A_folds,F1,21,True,False,random_5,r4,ACI,0.9047619047619048,9.471860608637394,84,0.0982555974931848,False
A_folds,F1,21,True,False,random_5,r1,ACI,0.9135802469135802,9.594044707807052,81,0.0982555974931848,False
A_folds,F1,21,True,False,random_5,r0,ToD-ACI,0.8383838383838383,9.155302056155596,99,0.0982555974931848,False
A_folds,F1,21,True,False,random_5,r3,ToD-ACI,0.9175257731958762,10.095765879214332,97,0.0982555974931848,False
A_folds,F1,21,True,False,random_5,r2,ToD-ACI,0.9411764705882352,10.220706294975905,102,0.0982555974931848,False
A_folds,F1,21,True,False,random_5,r4,ToD-ACI,0.9166666666666666,9.40262086998099,84,0.0982555974931848,False
A_folds,F1,21,True,False,random_5,r1,ToD-ACI,0.9012345679012346,9.460515939821494,81,0.0982555974931848,False
A_folds,F1,21,True,False,time_of_day,midday,split-CP,0.8099173553719008,9.933555555555555,121,1.0,False
A_folds,F1,21,True,False,time_of_day,pm_rush,split-CP,0.8854166666666666,9.933555555555555,96,1.0,False
A_folds,F1,21,True,False,time_of_day,evening,split-CP,1.0,9.93355555555556,93,1.0,False
A_folds,F1,21,True,False,time_of_day,night,split-CP,0.9809523809523808,9.933555555555555,105,1.0,False
A_folds,F1,21,True,False,time_of_day,am_rush,split-CP,0.9583333333333334,9.933555555555555,48,1.0,False
A_folds,F1,21,True,False,time_of_day,midday,Mondrian-split-CP,0.8925619834710744,11.59136507936509,121,1.0,False
A_folds,F1,21,True,False,time_of_day,pm_rush,Mondrian-split-CP,0.8645833333333334,9.554396825396822,96,1.0,False
A_folds,F1,21,True,False,time_of_day,evening,Mondrian-split-CP,1.0,18.834198412698417,93,1.0,False
A_folds,F1,21,True,False,time_of_day,night,Mondrian-split-CP,0.961904761904762,8.367662698412701,105,1.0,False
A_folds,F1,21,True,False,time_of_day,am_rush,Mondrian-split-CP,0.8958333333333334,7.254376984126978,48,1.0,False
A_folds,F1,21,True,False,time_of_day,midday,ACI,0.8925619834710744,14.087025216748357,121,1.0,False
A_folds,F1,21,True,False,time_of_day,pm_rush,ACI,0.8645833333333334,10.292417077521243,96,1.0,False
A_folds,F1,21,True,False,time_of_day,evening,ACI,1.0,9.558225612499804,93,1.0,False
A_folds,F1,21,True,False,time_of_day,night,ACI,0.923809523809524,5.363863614604092,105,1.0,False
A_folds,F1,21,True,False,time_of_day,am_rush,ACI,0.8333333333333334,4.679783695085779,48,1.0,False
A_folds,F1,21,True,False,time_of_day,midday,ToD-ACI,0.8925619834710744,14.49923758641114,121,1.0,False
A_folds,F1,21,True,False,time_of_day,pm_rush,ToD-ACI,0.875,9.535400246262224,96,1.0,False
A_folds,F1,21,True,False,time_of_day,evening,ToD-ACI,0.913978494623656,9.418126785003128,93,1.0,False
A_folds,F1,21,True,False,time_of_day,night,ToD-ACI,0.9523809523809524,6.231023465952038,105,1.0,False
A_folds,F1,21,True,False,time_of_day,am_rush,ToD-ACI,0.8541666666666666,5.923932366822992,48,1.0,False
A_folds,F1,22,True,False,day_of_week,Mon,split-CP,0.943661971830986,25.30980158730159,142,0.4764097121063032,False
A_folds,F1,22,True,False,day_of_week,Tue,split-CP,0.9403508771929824,25.309801587301592,285,0.4764097121063032,False
A_folds,F1,22,True,False,day_of_week,Wed,split-CP,1.0,25.309801587301585,36,0.4764097121063032,False
A_folds,F1,22,True,False,day_of_week,Mon,Mondrian-split-CP,0.9647887323943662,26.316380919777927,142,0.4764097121063032,False
A_folds,F1,22,True,False,day_of_week,Tue,Mondrian-split-CP,0.743859649122807,20.980867752715124,285,0.4764097121063032,False
A_folds,F1,22,True,False,day_of_week,Wed,Mondrian-split-CP,0.8888888888888888,3.828452380952399,36,0.4764097121063032,False
A_folds,F1,22,True,False,day_of_week,Mon,ACI,0.9366197183098592,26.666374249707,142,0.4764097121063032,False
A_folds,F1,22,True,False,day_of_week,Tue,ACI,0.8947368421052632,20.86266307772799,285,0.4764097121063032,False
A_folds,F1,22,True,False,day_of_week,Wed,ACI,0.8888888888888888,5.47447209195126,36,0.4764097121063032,False
A_folds,F1,22,True,False,day_of_week,Mon,ToD-ACI,0.9366197183098592,30.19929939316032,142,0.4764097121063032,False
A_folds,F1,22,True,False,day_of_week,Tue,ToD-ACI,0.8736842105263158,21.889975942803137,285,0.4764097121063032,False
A_folds,F1,22,True,False,day_of_week,Wed,ToD-ACI,1.0,8.084443709582604,36,0.4764097121063032,False
A_folds,F1,22,True,False,occupancy_tercile,low,split-CP,0.8962655601659751,25.30980158730159,241,0.8291171036336595,False
A_folds,F1,22,True,False,occupancy_tercile,mid,split-CP,1.0,25.30980158730159,222,0.8291171036336595,False
A_folds,F1,22,True,False,occupancy_tercile,low,Mondrian-split-CP,0.8423236514522822,32.55241924905048,241,0.8291171036336595,False
A_folds,F1,22,True,False,occupancy_tercile,mid,Mondrian-split-CP,0.8018018018018018,9.050291201916211,222,0.8291171036336595,False
A_folds,F1,22,True,False,occupancy_tercile,low,ACI,0.8796680497925311,31.22979775526456,241,0.8291171036336595,False
A_folds,F1,22,True,False,occupancy_tercile,mid,ACI,0.9369369369369368,10.82515250856918,222,0.8291171036336595,False
A_folds,F1,22,True,False,occupancy_tercile,low,ToD-ACI,0.8796680497925311,36.06800802382649,241,0.8291171036336595,False
A_folds,F1,22,True,False,occupancy_tercile,mid,ToD-ACI,0.927927927927928,9.57474638437139,222,0.8291171036336595,False
A_folds,F1,22,True,False,random_5,r0,split-CP,0.9797979797979798,25.309801587301592,99,0.0982555974931848,False
A_folds,F1,22,True,False,random_5,r3,split-CP,0.9381443298969072,25.309801587301592,97,0.0982555974931848,False
A_folds,F1,22,True,False,random_5,r2,split-CP,0.9411764705882352,25.30980158730159,102,0.0982555974931848,False
A_folds,F1,22,True,False,random_5,r4,split-CP,0.9404761904761904,25.30980158730159,84,0.0982555974931848,False
A_folds,F1,22,True,False,random_5,r1,split-CP,0.925925925925926,25.309801587301592,81,0.0982555974931848,False
A_folds,F1,22,True,False,random_5,r0,Mondrian-split-CP,0.8484848484848485,20.24768570626905,99,0.0982555974931848,False
A_folds,F1,22,True,False,random_5,r3,Mondrian-split-CP,0.8350515463917526,20.97441659848361,97,0.0982555974931848,False
A_folds,F1,22,True,False,random_5,r2,Mondrian-split-CP,0.8529411764705882,23.36482975412388,102,0.0982555974931848,False
A_folds,F1,22,True,False,random_5,r4,Mondrian-split-CP,0.7976190476190477,21.036584065570683,84,0.0982555974931848,False
A_folds,F1,22,True,False,random_5,r1,Mondrian-split-CP,0.7654320987654321,20.555218449931417,81,0.0982555974931848,False
A_folds,F1,22,True,False,random_5,r0,ACI,0.9292929292929292,21.126567451814925,99,0.0982555974931848,False
A_folds,F1,22,True,False,random_5,r3,ACI,0.8969072164948454,24.00862131749503,97,0.0982555974931848,False
A_folds,F1,22,True,False,random_5,r2,ACI,0.8627450980392157,19.738865036923865,102,0.0982555974931848,False
A_folds,F1,22,True,False,random_5,r4,ACI,0.9285714285714286,20.55330432442337,84,0.0982555974931848,False
A_folds,F1,22,True,False,random_5,r1,ACI,0.925925925925926,21.84391201699535,81,0.0982555974931848,False
A_folds,F1,22,True,False,random_5,r0,ToD-ACI,0.9191919191919192,21.51282903955379,99,0.0982555974931848,False
A_folds,F1,22,True,False,random_5,r3,ToD-ACI,0.9484536082474226,26.04474921775437,97,0.0982555974931848,False
A_folds,F1,22,True,False,random_5,r2,ToD-ACI,0.8823529411764706,21.62654563727848,102,0.0982555974931848,False
A_folds,F1,22,True,False,random_5,r4,ToD-ACI,0.9166666666666666,22.69767935591745,84,0.0982555974931848,False
A_folds,F1,22,True,False,random_5,r1,ToD-ACI,0.8395061728395061,25.30074273006372,81,0.0982555974931848,False
A_folds,F1,22,True,False,time_of_day,midday,split-CP,0.859504132231405,25.309801587301592,121,1.0,False
A_folds,F1,22,True,False,time_of_day,pm_rush,split-CP,0.9270833333333334,25.309801587301592,96,1.0,False
A_folds,F1,22,True,False,time_of_day,evening,split-CP,1.0,25.30980158730159,93,1.0,False
A_folds,F1,22,True,False,time_of_day,night,split-CP,1.0,25.309801587301592,105,1.0,False
A_folds,F1,22,True,False,time_of_day,am_rush,split-CP,0.9791666666666666,25.309801587301592,48,1.0,False
A_folds,F1,22,True,False,time_of_day,midday,Mondrian-split-CP,0.950413223140496,51.772571390310034,121,1.0,False
A_folds,F1,22,True,False,time_of_day,pm_rush,Mondrian-split-CP,0.84375,13.597507936507952,96,1.0,False
A_folds,F1,22,True,False,time_of_day,evening,Mondrian-split-CP,1.0,12.476984126984116,93,1.0,False
A_folds,F1,22,True,False,time_of_day,night,Mondrian-split-CP,0.4761904761904761,3.828452380952399,105,1.0,False
A_folds,F1,22,True,False,time_of_day,am_rush,Mondrian-split-CP,0.875,15.043932539682544,48,1.0,False
A_folds,F1,22,True,False,time_of_day,midday,ACI,0.8512396694214877,29.723358367222005,121,1.0,False
A_folds,F1,22,True,False,time_of_day,pm_rush,ACI,0.9479166666666666,34.051187441127546,96,1.0,False
A_folds,F1,22,True,False,time_of_day,evening,ACI,1.0,10.16859717890632,93,1.0,False
A_folds,F1,22,True,False,time_of_day,night,ACI,0.8476190476190476,8.369307460088415,105,1.0,False
A_folds,F1,22,True,False,time_of_day,am_rush,ACI,0.9166666666666666,25.826415378988298,48,1.0,False
A_folds,F1,22,True,False,time_of_day,midday,ToD-ACI,0.8842975206611571,37.04943354541082,121,1.0,False
A_folds,F1,22,True,False,time_of_day,pm_rush,ToD-ACI,0.8958333333333334,39.45673772697211,96,1.0,False
A_folds,F1,22,True,False,time_of_day,evening,ToD-ACI,0.9247311827956988,6.44859926324174,93,1.0,False
A_folds,F1,22,True,False,time_of_day,night,ToD-ACI,0.9142857142857144,10.21715309672691,105,1.0,False
A_folds,F1,22,True,False,time_of_day,am_rush,ToD-ACI,0.8958333333333334,18.22155299272487,48,1.0,False
A_folds,F1,23,True,False,day_of_week,Mon,split-CP,0.8732394366197183,7.724426231176238,142,0.4764097121063032,False
A_folds,F1,23,True,False,day_of_week,Tue,split-CP,0.8596491228070176,7.72442623117624,285,0.4764097121063032,False
A_folds,F1,23,True,False,day_of_week,Wed,split-CP,1.0,7.724426231176259,36,0.4764097121063032,False
A_folds,F1,23,True,False,day_of_week,Mon,Mondrian-split-CP,0.8732394366197183,6.013622884744351,142,0.4764097121063032,False
A_folds,F1,23,True,False,day_of_week,Tue,Mondrian-split-CP,0.8035087719298246,6.118111853351316,285,0.4764097121063032,False
A_folds,F1,23,True,False,day_of_week,Wed,Mondrian-split-CP,0.9722222222222222,2.4768928571428432,36,0.4764097121063032,False
A_folds,F1,23,True,False,day_of_week,Mon,ACI,0.8873239436619719,8.55395462303737,142,0.4764097121063032,False
A_folds,F1,23,True,False,day_of_week,Tue,ACI,0.8771929824561403,8.402107026112288,285,0.4764097121063032,False
A_folds,F1,23,True,False,day_of_week,Wed,ACI,1.0,7.999670284191124,36,0.4764097121063032,False
A_folds,F1,23,True,False,day_of_week,Mon,ToD-ACI,0.852112676056338,5.86140524270982,142,0.4764097121063032,False
A_folds,F1,23,True,False,day_of_week,Tue,ToD-ACI,0.856140350877193,7.230402589807849,285,0.4764097121063032,False
A_folds,F1,23,True,False,day_of_week,Wed,ToD-ACI,0.9722222222222222,2.590962081128753,36,0.4764097121063032,False
A_folds,F1,23,True,False,occupancy_tercile,low,split-CP,0.7365853658536585,7.724426231176239,205,0.726468546539108,False
A_folds,F1,23,True,False,occupancy_tercile,mid,split-CP,0.9506172839506172,7.724426231176238,81,0.726468546539108,False
A_folds,F1,23,True,False,occupancy_tercile,high,split-CP,1.0,7.724426231176241,177,0.726468546539108,False
A_folds,F1,23,True,False,occupancy_tercile,low,Mondrian-split-CP,0.7951219512195122,8.826676221745725,205,0.726468546539108,False
A_folds,F1,23,True,False,occupancy_tercile,mid,Mondrian-split-CP,0.8148148148148148,5.978531335262818,81,0.726468546539108,False
A_folds,F1,23,True,False,occupancy_tercile,high,Mondrian-split-CP,0.8983050847457628,2.220535633230529,177,0.726468546539108,False
A_folds,F1,23,True,False,occupancy_tercile,low,ACI,0.7658536585365854,8.49532882456297,205,0.726468546539108,False
A_folds,F1,23,True,False,occupancy_tercile,mid,ACI,0.9629629629629628,8.376025060673209,81,0.726468546539108,False
A_folds,F1,23,True,False,occupancy_tercile,high,ACI,1.0,8.346043786408194,177,0.726468546539108,False
A_folds,F1,23,True,False,occupancy_tercile,low,ToD-ACI,0.8585365853658536,10.217998836078102,205,0.726468546539108,False
A_folds,F1,23,True,False,occupancy_tercile,mid,ToD-ACI,0.8271604938271605,6.041858351296615,81,0.726468546539108,False
A_folds,F1,23,True,False,occupancy_tercile,high,ToD-ACI,0.8870056497175142,2.272195647625023,177,0.726468546539108,False
A_folds,F1,23,True,False,random_5,r0,split-CP,0.8686868686868687,7.724426231176246,99,0.0982555974931848,False
A_folds,F1,23,True,False,random_5,r3,split-CP,0.8556701030927835,7.724426231176237,97,0.0982555974931848,False
A_folds,F1,23,True,False,random_5,r2,split-CP,0.8627450980392157,7.724426231176237,102,0.0982555974931848,False
A_folds,F1,23,True,False,random_5,r4,split-CP,0.9047619047619048,7.72442623117624,84,0.0982555974931848,False
A_folds,F1,23,True,False,random_5,r1,split-CP,0.8888888888888888,7.72442623117624,81,0.0982555974931848,False
A_folds,F1,23,True,False,random_5,r0,Mondrian-split-CP,0.8484848484848485,5.667979307729294,99,0.0982555974931848,False
A_folds,F1,23,True,False,random_5,r3,Mondrian-split-CP,0.8350515463917526,6.022641900482095,97,0.0982555974931848,False
A_folds,F1,23,True,False,random_5,r2,Mondrian-split-CP,0.8235294117647058,5.967069393569382,102,0.0982555974931848,False
A_folds,F1,23,True,False,random_5,r4,Mondrian-split-CP,0.8214285714285714,5.596982342723403,84,0.0982555974931848,False
A_folds,F1,23,True,False,random_5,r1,Mondrian-split-CP,0.8641975308641975,5.711736542606903,81,0.0982555974931848,False
A_folds,F1,23,True,False,random_5,r0,ACI,0.8888888888888888,8.407661499648876,99,0.0982555974931848,False
A_folds,F1,23,True,False,random_5,r3,ACI,0.865979381443299,8.324489103203023,97,0.0982555974931848,False
A_folds,F1,23,True,False,random_5,r2,ACI,0.8725490196078431,8.285485220026887,102,0.0982555974931848,False
A_folds,F1,23,True,False,random_5,r4,ACI,0.9047619047619048,8.593388236983477,84,0.0982555974931848,False
A_folds,F1,23,True,False,random_5,r1,ACI,0.925925925925926,8.524100658258064,81,0.0982555974931848,False
A_folds,F1,23,True,False,random_5,r0,ToD-ACI,0.8888888888888888,6.352883049049716,99,0.0982555974931848,False
A_folds,F1,23,True,False,random_5,r3,ToD-ACI,0.865979381443299,6.561782883115354,97,0.0982555974931848,False
A_folds,F1,23,True,False,random_5,r2,ToD-ACI,0.8235294117647058,6.605002190619837,102,0.0982555974931848,False
A_folds,F1,23,True,False,random_5,r4,ToD-ACI,0.8333333333333334,6.250000719518573,84,0.0982555974931848,False
A_folds,F1,23,True,False,random_5,r1,ToD-ACI,0.9135802469135802,6.445929284935458,81,0.0982555974931848,False
A_folds,F1,23,True,False,time_of_day,midday,split-CP,0.7024793388429752,7.724426231176238,121,1.0,False
A_folds,F1,23,True,False,time_of_day,pm_rush,split-CP,0.90625,7.724426231176238,96,1.0,False
A_folds,F1,23,True,False,time_of_day,evening,split-CP,1.0,7.724426231176241,93,1.0,False
A_folds,F1,23,True,False,time_of_day,night,split-CP,1.0,7.724426231176241,105,1.0,False
A_folds,F1,23,True,False,time_of_day,am_rush,split-CP,0.7291666666666666,7.724426231176241,48,1.0,False
A_folds,F1,23,True,False,time_of_day,midday,Mondrian-split-CP,0.7603305785123967,8.715607142857124,121,1.0,False
A_folds,F1,23,True,False,time_of_day,pm_rush,Mondrian-split-CP,0.8958333333333334,7.427702075702086,96,1.0,False
A_folds,F1,23,True,False,time_of_day,evening,Mondrian-split-CP,0.8494623655913979,1.563111111111084,93,1.0,False
A_folds,F1,23,True,False,time_of_day,night,Mondrian-split-CP,0.8476190476190476,2.4768928571428432,105,1.0,False
A_folds,F1,23,True,False,time_of_day,am_rush,Mondrian-split-CP,0.875,10.701531746031746,48,1.0,False
A_folds,F1,23,True,False,time_of_day,midday,ACI,0.7355371900826446,8.517037881310605,121,1.0,False
A_folds,F1,23,True,False,time_of_day,pm_rush,ACI,0.9479166666666666,9.418029561584255,96,1.0,False
A_folds,F1,23,True,False,time_of_day,evening,ACI,1.0,8.643208055982244,93,1.0,False
A_folds,F1,23,True,False,time_of_day,night,ACI,1.0,7.713202516531088,105,1.0,False
A_folds,F1,23,True,False,time_of_day,am_rush,ACI,0.7083333333333334,7.267774044820921,48,1.0,False
A_folds,F1,23,True,False,time_of_day,midday,ToD-ACI,0.859504132231405,11.026107596948508,121,1.0,False
A_folds,F1,23,True,False,time_of_day,pm_rush,ToD-ACI,0.8541666666666666,7.250671641822673,96,1.0,False
A_folds,F1,23,True,False,time_of_day,evening,ToD-ACI,0.8172043010752689,1.699164319849804,93,1.0,False
A_folds,F1,23,True,False,time_of_day,night,ToD-ACI,0.8857142857142857,2.5801255102040783,105,1.0,False
A_folds,F1,23,True,False,time_of_day,am_rush,ToD-ACI,0.9375,10.981249173280426,48,1.0,False
A_folds,F1,24,True,False,day_of_week,Mon,split-CP,0.8450704225352113,6.618194444444441,142,0.4764097121063032,False
A_folds,F1,24,True,False,day_of_week,Tue,split-CP,0.8175438596491228,6.618194444444441,285,0.4764097121063032,False
A_folds,F1,24,True,False,day_of_week,Wed,split-CP,0.9166666666666666,6.618194444444441,36,0.4764097121063032,False
A_folds,F1,24,True,False,day_of_week,Mon,Mondrian-split-CP,0.6197183098591549,6.301556889315687,142,0.4764097121063032,False
A_folds,F1,24,True,False,day_of_week,Tue,Mondrian-split-CP,0.6421052631578947,6.053751535404162,285,0.4764097121063032,False
A_folds,F1,24,True,False,day_of_week,Wed,Mondrian-split-CP,0.1388888888888889,3.5318783068782977,36,0.4764097121063032,False
A_folds,F1,24,True,False,day_of_week,Mon,ACI,0.8943661971830986,8.91523527952225,142,0.4764097121063032,False
A_folds,F1,24,True,False,day_of_week,Tue,ACI,0.8842105263157894,8.454103504130698,285,0.4764097121063032,False
A_folds,F1,24,True,False,day_of_week,Wed,ACI,0.8055555555555556,9.213836309523812,36,0.4764097121063032,False
A_folds,F1,24,True,False,day_of_week,Mon,ToD-ACI,0.8873239436619719,8.331525722516922,142,0.4764097121063032,False
A_folds,F1,24,True,False,day_of_week,Tue,ToD-ACI,0.8807017543859649,8.70603264136773,285,0.4764097121063032,False
A_folds,F1,24,True,False,day_of_week,Wed,ToD-ACI,0.7777777777777778,12.08931000146972,36,0.4764097121063032,False
A_folds,F1,24,True,False,occupancy_tercile,low,split-CP,0.7046979865771812,6.618194444444441,149,0.881374956856706,False
A_folds,F1,24,True,False,occupancy_tercile,mid,split-CP,0.8949044585987261,6.618194444444441,314,0.881374956856706,False
A_folds,F1,24,True,False,occupancy_tercile,low,Mondrian-split-CP,0.8187919463087249,8.907377889634597,149,0.881374956856706,False
A_folds,F1,24,True,False,occupancy_tercile,mid,Mondrian-split-CP,0.4904458598726114,4.522575093519356,314,0.881374956856706,False
A_folds,F1,24,True,False,occupancy_tercile,low,ACI,0.8456375838926175,10.694995471654869,149,0.881374956856706,False
A_folds,F1,24,True,False,occupancy_tercile,mid,ACI,0.8980891719745223,7.686390733234681,314,0.881374956856706,False
A_folds,F1,24,True,False,occupancy_tercile,low,ToD-ACI,0.8456375838926175,9.652192609217776,149,0.881374956856706,False
A_folds,F1,24,True,False,occupancy_tercile,mid,ToD-ACI,0.8885350318471338,8.475587314225054,314,0.881374956856706,False
A_folds,F1,24,True,False,random_5,r0,split-CP,0.8484848484848485,6.618194444444443,99,0.0982555974931848,False
A_folds,F1,24,True,False,random_5,r3,split-CP,0.845360824742268,6.618194444444442,97,0.0982555974931848,False
A_folds,F1,24,True,False,random_5,r2,split-CP,0.8333333333333334,6.618194444444445,102,0.0982555974931848,False
A_folds,F1,24,True,False,random_5,r4,split-CP,0.8214285714285714,6.618194444444444,84,0.0982555974931848,False
A_folds,F1,24,True,False,random_5,r1,split-CP,0.8148148148148148,6.618194444444442,81,0.0982555974931848,False
A_folds,F1,24,True,False,random_5,r0,Mondrian-split-CP,0.5454545454545454,5.751195201169944,99,0.0982555974931848,False
A_folds,F1,24,True,False,random_5,r3,Mondrian-split-CP,0.5773195876288659,5.989511935754199,97,0.0982555974931848,False
A_folds,F1,24,True,False,random_5,r2,Mondrian-split-CP,0.6274509803921569,6.142968868187,102,0.0982555974931848,False
A_folds,F1,24,True,False,random_5,r4,Mondrian-split-CP,0.5952380952380952,5.8738421201814,84,0.0982555974931848,False
A_folds,F1,24,True,False,random_5,r1,Mondrian-split-CP,0.6419753086419753,5.888288143041224,81,0.0982555974931848,False
A_folds,F1,24,True,False,random_5,r0,ACI,0.8686868686868687,8.609592716486656,99,0.0982555974931848,False
A_folds,F1,24,True,False,random_5,r3,ACI,0.8969072164948454,8.468743163098832,97,0.0982555974931848,False
A_folds,F1,24,True,False,random_5,r2,ACI,0.8725490196078431,8.783205908289242,102,0.0982555974931848,False
A_folds,F1,24,True,False,random_5,r4,ACI,0.8928571428571429,9.160524701378868,84,0.0982555974931848,False
A_folds,F1,24,True,False,random_5,r1,ACI,0.8765432098765432,8.24558237281694,81,0.0982555974931848,False
A_folds,F1,24,True,False,random_5,r0,ToD-ACI,0.8787878787878788,8.941256203205699,99,0.0982555974931848,False
A_folds,F1,24,True,False,random_5,r3,ToD-ACI,0.8865979381443299,8.002283311762694,97,0.0982555974931848,False
A_folds,F1,24,True,False,random_5,r2,ToD-ACI,0.8823529411764706,8.408007974233465,102,0.0982555974931848,False
A_folds,F1,24,True,False,random_5,r4,ToD-ACI,0.8571428571428571,9.822498992189468,84,0.0982555974931848,False
A_folds,F1,24,True,False,random_5,r1,ToD-ACI,0.8641975308641975,9.325907918099276,81,0.0982555974931848,False
A_folds,F1,24,True,False,time_of_day,midday,split-CP,0.8181818181818182,6.618194444444442,121,1.0,False
A_folds,F1,24,True,False,time_of_day,pm_rush,split-CP,0.75,6.618194444444441,96,1.0,False
A_folds,F1,24,True,False,time_of_day,evening,split-CP,0.8709677419354839,6.618194444444444,93,1.0,False
A_folds,F1,24,True,False,time_of_day,night,split-CP,0.9523809523809524,6.618194444444442,105,1.0,False
A_folds,F1,24,True,False,time_of_day,am_rush,split-CP,0.7083333333333334,6.618194444444441,48,1.0,False
A_folds,F1,24,True,False,time_of_day,midday,Mondrian-split-CP,0.9586776859504132,9.396129148629145,121,1.0,False
A_folds,F1,24,True,False,time_of_day,pm_rush,Mondrian-split-CP,0.7291666666666666,6.438464285714275,96,1.0,False
A_folds,F1,24,True,False,time_of_day,evening,Mondrian-split-CP,0.1397849462365591,2.7858769841269857,93,1.0,False
A_folds,F1,24,True,False,time_of_day,night,Mondrian-split-CP,0.4095238095238095,3.5318783068782977,105,1.0,False
A_folds,F1,24,True,False,time_of_day,am_rush,Mondrian-split-CP,0.7083333333333334,7.548539682539683,48,1.0,False
A_folds,F1,24,True,False,time_of_day,midday,ACI,0.8842975206611571,9.529666210511254,121,1.0,False
A_folds,F1,24,True,False,time_of_day,pm_rush,ACI,0.875,10.783121123186223,96,1.0,False
A_folds,F1,24,True,False,time_of_day,evening,ACI,0.935483870967742,7.695249984483855,93,1.0,False
A_folds,F1,24,True,False,time_of_day,night,ACI,0.9047619047619048,7.016446816234914,105,1.0,False
A_folds,F1,24,True,False,time_of_day,am_rush,ACI,0.7291666666666666,7.633887749017954,48,1.0,False
A_folds,F1,24,True,False,time_of_day,midday,ToD-ACI,0.8925619834710744,8.412670812811308,121,1.0,False
A_folds,F1,24,True,False,time_of_day,pm_rush,ToD-ACI,0.90625,11.013013516865078,96,1.0,False
A_folds,F1,24,True,False,time_of_day,evening,ToD-ACI,0.8817204301075269,6.794774975820681,93,1.0,False
A_folds,F1,24,True,False,time_of_day,night,ToD-ACI,0.8571428571428571,8.596084353741496,105,1.0,False
A_folds,F1,24,True,False,time_of_day,am_rush,ToD-ACI,0.7916666666666666,10.204702491181662,48,1.0,False
A_folds,F2,1,False,True,day_of_week,Thu,split-CP,1.0,0.0,154,0.2921167497751032,True
A_folds,F2,1,False,True,day_of_week,Fri,split-CP,1.0,0.0,285,0.2921167497751032,True
A_folds,F2,1,False,True,day_of_week,Sat,split-CP,1.0,0.0,250,0.2921167497751032,True
A_folds,F2,1,False,True,day_of_week,Thu,Mondrian-split-CP,1.0,0.0,154,0.2921167497751032,True
A_folds,F2,1,False,True,day_of_week,Fri,Mondrian-split-CP,1.0,0.0,285,0.2921167497751032,True
A_folds,F2,1,False,True,day_of_week,Sat,Mondrian-split-CP,1.0,0.0,250,0.2921167497751032,True
A_folds,F2,1,False,True,day_of_week,Thu,ACI,1.0,0.0,154,0.2921167497751032,True
A_folds,F2,1,False,True,day_of_week,Fri,ACI,1.0,0.0,285,0.2921167497751032,True
A_folds,F2,1,False,True,day_of_week,Sat,ACI,1.0,0.0,250,0.2921167497751032,True
A_folds,F2,1,False,True,day_of_week,Thu,ToD-ACI,1.0,0.0,154,0.2921167497751032,True
A_folds,F2,1,False,True,day_of_week,Fri,ToD-ACI,1.0,0.0,285,0.2921167497751032,True
A_folds,F2,1,False,True,day_of_week,Sat,ToD-ACI,1.0,0.0,250,0.2921167497751032,True
A_folds,F2,1,False,True,occupancy_tercile,low,split-CP,1.0,0.0,689,,True
A_folds,F2,1,False,True,occupancy_tercile,low,Mondrian-split-CP,1.0,0.0,689,,True
A_folds,F2,1,False,True,occupancy_tercile,low,ACI,1.0,0.0,689,,True
A_folds,F2,1,False,True,occupancy_tercile,low,ToD-ACI,1.0,0.0,689,,True
A_folds,F2,1,False,True,random_5,r0,split-CP,1.0,0.0,142,0.0696871502838824,True
A_folds,F2,1,False,True,random_5,r3,split-CP,1.0,0.0,139,0.0696871502838824,True
A_folds,F2,1,False,True,random_5,r2,split-CP,1.0,0.0,150,0.0696871502838824,True
A_folds,F2,1,False,True,random_5,r4,split-CP,1.0,0.0,138,0.0696871502838824,True
A_folds,F2,1,False,True,random_5,r1,split-CP,1.0,0.0,120,0.0696871502838824,True
A_folds,F2,1,False,True,random_5,r0,Mondrian-split-CP,1.0,0.0,142,0.0696871502838824,True
A_folds,F2,1,False,True,random_5,r3,Mondrian-split-CP,1.0,0.0,139,0.0696871502838824,True
A_folds,F2,1,False,True,random_5,r2,Mondrian-split-CP,1.0,0.0,150,0.0696871502838824,True
A_folds,F2,1,False,True,random_5,r4,Mondrian-split-CP,1.0,0.0,138,0.0696871502838824,True
A_folds,F2,1,False,True,random_5,r1,Mondrian-split-CP,1.0,0.0,120,0.0696871502838824,True
A_folds,F2,1,False,True,random_5,r0,ACI,1.0,0.0,142,0.0696871502838824,True
A_folds,F2,1,False,True,random_5,r3,ACI,1.0,0.0,139,0.0696871502838824,True
A_folds,F2,1,False,True,random_5,r2,ACI,1.0,0.0,150,0.0696871502838824,True
A_folds,F2,1,False,True,random_5,r4,ACI,1.0,0.0,138,0.0696871502838824,True
A_folds,F2,1,False,True,random_5,r1,ACI,1.0,0.0,120,0.0696871502838824,True
A_folds,F2,1,False,True,random_5,r0,ToD-ACI,1.0,0.0,142,0.0696871502838824,True
A_folds,F2,1,False,True,random_5,r3,ToD-ACI,1.0,0.0,139,0.0696871502838824,True
A_folds,F2,1,False,True,random_5,r2,ToD-ACI,1.0,0.0,150,0.0696871502838824,True
A_folds,F2,1,False,True,random_5,r4,ToD-ACI,1.0,0.0,138,0.0696871502838824,True
A_folds,F2,1,False,True,random_5,r1,ToD-ACI,1.0,0.0,120,0.0696871502838824,True
A_folds,F2,1,False,True,time_of_day,midday,split-CP,1.0,0.0,202,1.0,True
A_folds,F2,1,False,True,time_of_day,pm_rush,split-CP,1.0,0.0,136,1.0,True
A_folds,F2,1,False,True,time_of_day,evening,split-CP,1.0,0.0,114,1.0,True
A_folds,F2,1,False,True,time_of_day,night,split-CP,1.0,0.0,141,1.0,True
A_folds,F2,1,False,True,time_of_day,am_rush,split-CP,1.0,0.0,96,1.0,True
A_folds,F2,1,False,True,time_of_day,midday,Mondrian-split-CP,1.0,0.0,202,1.0,True
A_folds,F2,1,False,True,time_of_day,pm_rush,Mondrian-split-CP,1.0,0.0,136,1.0,True
A_folds,F2,1,False,True,time_of_day,evening,Mondrian-split-CP,1.0,0.0,114,1.0,True
A_folds,F2,1,False,True,time_of_day,night,Mondrian-split-CP,1.0,0.0,141,1.0,True
A_folds,F2,1,False,True,time_of_day,am_rush,Mondrian-split-CP,1.0,0.0,96,1.0,True
A_folds,F2,1,False,True,time_of_day,midday,ACI,1.0,0.0,202,1.0,True
A_folds,F2,1,False,True,time_of_day,pm_rush,ACI,1.0,0.0,136,1.0,True
A_folds,F2,1,False,True,time_of_day,evening,ACI,1.0,0.0,114,1.0,True
A_folds,F2,1,False,True,time_of_day,night,ACI,1.0,0.0,141,1.0,True
A_folds,F2,1,False,True,time_of_day,am_rush,ACI,1.0,0.0,96,1.0,True
A_folds,F2,1,False,True,time_of_day,midday,ToD-ACI,1.0,0.0,202,1.0,True
A_folds,F2,1,False,True,time_of_day,pm_rush,ToD-ACI,1.0,0.0,136,1.0,True
A_folds,F2,1,False,True,time_of_day,evening,ToD-ACI,1.0,0.0,114,1.0,True
A_folds,F2,1,False,True,time_of_day,night,ToD-ACI,1.0,0.0,141,1.0,True
A_folds,F2,1,False,True,time_of_day,am_rush,ToD-ACI,1.0,0.0,96,1.0,True
A_folds,F2,2,True,False,day_of_week,Thu,split-CP,0.8766233766233766,21.890972222222217,154,0.2921167497751032,False
A_folds,F2,2,True,False,day_of_week,Fri,split-CP,0.9087719298245616,21.890972222222217,285,0.2921167497751032,False
A_folds,F2,2,True,False,day_of_week,Sat,split-CP,0.944,21.89097222222222,250,0.2921167497751032,False
A_folds,F2,2,True,False,day_of_week,Thu,Mondrian-split-CP,0.9155844155844156,22.07283228973408,154,0.2921167497751032,False
A_folds,F2,2,True,False,day_of_week,Fri,Mondrian-split-CP,0.7894736842105263,17.782211946532996,285,0.2921167497751032,False
A_folds,F2,2,True,False,day_of_week,Sat,Mondrian-split-CP,0.9,18.31224203174603,250,0.2921167497751032,False
A_folds,F2,2,True,False,day_of_week,Thu,ACI,0.8896103896103896,25.125361231361232,154,0.2921167497751032,False
A_folds,F2,2,True,False,day_of_week,Fri,ACI,0.8947368421052632,22.96269231158705,285,0.2921167497751032,False
A_folds,F2,2,True,False,day_of_week,Sat,ACI,0.9,15.60216621115921,250,0.2921167497751032,False
A_folds,F2,2,True,False,day_of_week,Thu,ToD-ACI,0.8961038961038961,25.565032016984947,154,0.2921167497751032,False
A_folds,F2,2,True,False,day_of_week,Fri,ToD-ACI,0.8807017543859649,20.663370292735213,285,0.2921167497751032,False
A_folds,F2,2,True,False,day_of_week,Sat,ToD-ACI,0.912,17.988826438672433,250,0.2921167497751032,False
A_folds,F2,2,True,False,occupancy_tercile,low,split-CP,0.8868501529051988,21.890972222222217,327,0.6927459576406576,False
A_folds,F2,2,True,False,occupancy_tercile,mid,split-CP,0.8895027624309392,21.890972222222217,181,0.6927459576406576,False
A_folds,F2,2,True,False,occupancy_tercile,high,split-CP,0.988950276243094,21.890972222222217,181,0.6927459576406576,False
A_folds,F2,2,True,False,occupancy_tercile,low,Mondrian-split-CP,0.9327217125382264,25.32036961191203,327,0.6927459576406576,False
A_folds,F2,2,True,False,occupancy_tercile,mid,Mondrian-split-CP,0.8342541436464088,17.445966456195755,181,0.6927459576406576,False
A_folds,F2,2,True,False,occupancy_tercile,high,Mondrian-split-CP,0.7458563535911602,8.882465710777865,181,0.6927459576406576,False
A_folds,F2,2,True,False,occupancy_tercile,low,ACI,0.9051987767584098,25.65658483480502,327,0.6927459576406576,False
A_folds,F2,2,True,False,occupancy_tercile,mid,ACI,0.861878453038674,20.7750336275143,181,0.6927459576406576,False
A_folds,F2,2,True,False,occupancy_tercile,high,ACI,0.9116022099447514,11.957072727405595,181,0.6927459576406576,False
A_folds,F2,2,True,False,occupancy_tercile,low,ToD-ACI,0.9051987767584098,24.404103608165546,327,0.6927459576406576,False
A_folds,F2,2,True,False,occupancy_tercile,mid,ToD-ACI,0.8674033149171271,23.920348373899493,181,0.6927459576406576,False
A_folds,F2,2,True,False,occupancy_tercile,high,ToD-ACI,0.9060773480662984,11.12462507274799,181,0.6927459576406576,False
A_folds,F2,2,True,False,random_5,r0,split-CP,0.8943661971830986,21.890972222222217,142,0.0696871502838824,False
A_folds,F2,2,True,False,random_5,r3,split-CP,0.9496402877697842,21.890972222222217,139,0.0696871502838824,False
A_folds,F2,2,True,False,random_5,r2,split-CP,0.9,21.890972222222217,150,0.0696871502838824,False
A_folds,F2,2,True,False,random_5,r4,split-CP,0.927536231884058,21.890972222222217,138,0.0696871502838824,False
A_folds,F2,2,True,False,random_5,r1,split-CP,0.9,21.890972222222217,120,0.0696871502838824,False
A_folds,F2,2,True,False,random_5,r0,Mondrian-split-CP,0.852112676056338,18.83993796109993,142,0.0696871502838824,False
A_folds,F2,2,True,False,random_5,r3,Mondrian-split-CP,0.8561151079136691,18.426469567203377,139,0.0696871502838824,False
A_folds,F2,2,True,False,random_5,r2,Mondrian-split-CP,0.8866666666666667,18.65026384920635,150,0.0696871502838824,False
A_folds,F2,2,True,False,random_5,r4,Mondrian-split-CP,0.8840579710144928,19.606367092247524,138,0.0696871502838824,False
A_folds,F2,2,True,False,random_5,r1,Mondrian-split-CP,0.8,19.211986574074068,120,0.0696871502838824,False
A_folds,F2,2,True,False,random_5,r0,ACI,0.852112676056338,20.29394468833201,142,0.0696871502838824,False
A_folds,F2,2,True,False,random_5,r3,ACI,0.9136690647482014,21.270398711333968,139,0.0696871502838824,False
A_folds,F2,2,True,False,random_5,r2,ACI,0.9,21.228968772647107,150,0.0696871502838824,False
A_folds,F2,2,True,False,random_5,r4,ACI,0.9057971014492754,20.54960265961897,138,0.0696871502838824,False
A_folds,F2,2,True,False,random_5,r1,ACI,0.9083333333333332,20.46415368065577,120,0.0696871502838824,False
A_folds,F2,2,True,False,random_5,r0,ToD-ACI,0.9014084507042254,20.960751365092914,142,0.0696871502838824,False
A_folds,F2,2,True,False,random_5,r3,ToD-ACI,0.8776978417266187,20.64077377405435,139,0.0696871502838824,False
A_folds,F2,2,True,False,random_5,r2,ToD-ACI,0.9066666666666666,20.299168105659778,150,0.0696871502838824,False
A_folds,F2,2,True,False,random_5,r4,ToD-ACI,0.8985507246376812,21.456878098619047,138,0.0696871502838824,False
A_folds,F2,2,True,False,random_5,r1,ToD-ACI,0.8916666666666667,20.598861931818185,120,0.0696871502838824,False
A_folds,F2,2,True,False,time_of_day,midday,split-CP,0.8960396039603961,21.89097222222222,202,1.0,False
A_folds,F2,2,True,False,time_of_day,pm_rush,split-CP,0.9191176470588236,21.890972222222217,136,1.0,False
A_folds,F2,2,True,False,time_of_day,evening,split-CP,0.9298245614035088,21.89097222222222,114,1.0,False
A_folds,F2,2,True,False,time_of_day,night,split-CP,0.9858156028368794,21.890972222222217,141,1.0,False
A_folds,F2,2,True,False,time_of_day,am_rush,split-CP,0.8229166666666666,21.890972222222217,96,1.0,False
A_folds,F2,2,True,False,time_of_day,midday,Mondrian-split-CP,0.9752475247524752,29.14160198609146,202,1.0,False
A_folds,F2,2,True,False,time_of_day,pm_rush,Mondrian-split-CP,0.9338235294117648,23.553126984126948,136,1.0,False
A_folds,F2,2,True,False,time_of_day,evening,Mondrian-split-CP,0.8596491228070176,12.059515873015926,114,1.0,False
A_folds,F2,2,True,False,time_of_day,night,Mondrian-split-CP,0.6382978723404256,4.005499999999984,141,1.0,False
A_folds,F2,2,True,False,time_of_day,am_rush,Mondrian-split-CP,0.8229166666666666,20.998103174603205,96,1.0,False
A_folds,F2,2,True,False,time_of_day,midday,ACI,0.900990099009901,25.532816812038348,202,1.0,False
A_folds,F2,2,True,False,time_of_day,pm_rush,ACI,0.8897058823529411,21.25156179264636,136,1.0,False
A_folds,F2,2,True,False,time_of_day,evening,ACI,0.9298245614035088,23.2023580837616,114,1.0,False
A_folds,F2,2,True,False,time_of_day,night,ACI,0.9574468085106383,12.921378518382062,141,1.0,False
A_folds,F2,2,True,False,time_of_day,am_rush,ACI,0.7604166666666666,18.74364477863957,96,1.0,False
A_folds,F2,2,True,False,time_of_day,midday,ToD-ACI,0.900990099009901,24.13169614044737,202,1.0,False
A_folds,F2,2,True,False,time_of_day,pm_rush,ToD-ACI,0.9117647058823528,23.14479261805733,136,1.0,False
A_folds,F2,2,True,False,time_of_day,evening,ToD-ACI,0.8947368421052632,24.06457713728768,114,1.0,False
A_folds,F2,2,True,False,time_of_day,night,ToD-ACI,0.8936170212765957,7.615772288914122,141,1.0,False
A_folds,F2,2,True,False,time_of_day,am_rush,ToD-ACI,0.8645833333333334,25.87293719686949,96,1.0,False
A_folds,F2,3,True,False,day_of_week,Thu,split-CP,0.8636363636363636,15.65291029262945,154,0.2921167497751032,False
A_folds,F2,3,True,False,day_of_week,Fri,split-CP,0.9052631578947368,17.17415183666236,285,0.2921167497751032,False
A_folds,F2,3,True,False,day_of_week,Sat,split-CP,0.856,18.1196326031746,250,0.2921167497751032,False
A_folds,F2,3,True,False,day_of_week,Thu,Mondrian-split-CP,0.8701298701298701,16.859760722953094,154,0.2921167497751032,False
A_folds,F2,3,True,False,day_of_week,Fri,Mondrian-split-CP,0.9192982456140352,15.713299100655671,285,0.2921167497751032,False
A_folds,F2,3,True,False,day_of_week,Sat,Mondrian-split-CP,0.86,17.01938896825396,250,0.2921167497751032,False
A_folds,F2,3,True,False,day_of_week,Thu,ACI,0.8571428571428571,15.25034025864708,154,0.2921167497751032,False
A_folds,F2,3,True,False,day_of_week,Fri,ACI,0.9157894736842104,18.067549229766342,285,0.2921167497751032,False
A_folds,F2,3,True,False,day_of_week,Sat,ACI,0.844,18.223939119047625,250,0.2921167497751032,False
A_folds,F2,3,True,False,day_of_week,Thu,ToD-ACI,0.8766233766233766,19.210363261167647,154,0.2921167497751032,False
A_folds,F2,3,True,False,day_of_week,Fri,ToD-ACI,0.9228070175438596,16.647797279815695,285,0.2921167497751032,False
A_folds,F2,3,True,False,day_of_week,Sat,ToD-ACI,0.872,17.846757525252528,250,0.2921167497751032,False
A_folds,F2,3,True,False,occupancy_tercile,low,split-CP,0.8184713375796179,15.705329738467483,314,0.7996198877581691,False
A_folds,F2,3,True,False,occupancy_tercile,mid,split-CP,0.869281045751634,18.409642857142856,153,0.7996198877581691,False
A_folds,F2,3,True,False,occupancy_tercile,high,split-CP,0.9684684684684683,18.40964285714284,222,0.7996198877581691,False
A_folds,F2,3,True,False,occupancy_tercile,low,Mondrian-split-CP,0.8503184713375797,18.530254227902315,314,0.7996198877581691,False
A_folds,F2,3,True,False,occupancy_tercile,mid,Mondrian-split-CP,0.8758169934640523,18.17923091088288,153,0.7996198877581691,False
A_folds,F2,3,True,False,occupancy_tercile,high,Mondrian-split-CP,0.945945945945946,12.295578739453717,222,0.7996198877581691,False
A_folds,F2,3,True,False,occupancy_tercile,low,ACI,0.802547770700637,15.394492798779428,314,0.7996198877581691,False
A_folds,F2,3,True,False,occupancy_tercile,mid,ACI,0.8954248366013072,20.54056223218805,153,0.7996198877581691,False
A_folds,F2,3,True,False,occupancy_tercile,high,ACI,0.9684684684684683,18.36581959340294,222,0.7996198877581691,False
A_folds,F2,3,True,False,occupancy_tercile,low,ToD-ACI,0.8535031847133758,18.35893065378535,314,0.7996198877581691,False
A_folds,F2,3,True,False,occupancy_tercile,mid,ToD-ACI,0.9084967320261438,24.608880380210447,153,0.7996198877581691,False
A_folds,F2,3,True,False,occupancy_tercile,high,ToD-ACI,0.9414414414414416,11.868669481169482,222,0.7996198877581691,False
A_folds,F2,3,True,False,random_5,r0,split-CP,0.8732394366197183,17.469215116879727,142,0.0696871502838824,False
A_folds,F2,3,True,False,random_5,r3,split-CP,0.8705035971223022,17.051211049342346,139,0.0696871502838824,False
A_folds,F2,3,True,False,random_5,r2,split-CP,0.86,17.158357057078724,150,0.0696871502838824,False
A_folds,F2,3,True,False,random_5,r4,split-CP,0.8913043478260869,17.07415772589595,138,0.0696871502838824,False
A_folds,F2,3,True,False,random_5,r1,split-CP,0.9,17.119628350970014,120,0.0696871502838824,False
A_folds,F2,3,True,False,random_5,r0,Mondrian-split-CP,0.8873239436619719,16.822103698368654,142,0.0696871502838824,False
A_folds,F2,3,True,False,random_5,r3,Mondrian-split-CP,0.8848920863309353,15.97812042184433,139,0.0696871502838824,False
A_folds,F2,3,True,False,random_5,r2,Mondrian-split-CP,0.8733333333333333,16.234385985650142,150,0.0696871502838824,False
A_folds,F2,3,True,False,random_5,r4,Mondrian-split-CP,0.8913043478260869,16.73439607993321,138,0.0696871502838824,False
A_folds,F2,3,True,False,random_5,r1,Mondrian-split-CP,0.9,16.461155136684294,120,0.0696871502838824,False
A_folds,F2,3,True,False,random_5,r0,ACI,0.8661971830985915,17.8252105935275,142,0.0696871502838824,False
A_folds,F2,3,True,False,random_5,r3,ACI,0.8776978417266187,17.562649874040165,139,0.0696871502838824,False
A_folds,F2,3,True,False,random_5,r2,ACI,0.8533333333333334,17.633298006253014,150,0.0696871502838824,False
A_folds,F2,3,True,False,random_5,r4,ACI,0.8913043478260869,17.233245799959573,138,0.0696871502838824,False
A_folds,F2,3,True,False,random_5,r1,ACI,0.9,17.151815433100857,120,0.0696871502838824,False
A_folds,F2,3,True,False,random_5,r0,ToD-ACI,0.8873239436619719,18.41008022037952,142,0.0696871502838824,False
A_folds,F2,3,True,False,random_5,r3,ToD-ACI,0.8920863309352518,17.406168685830554,139,0.0696871502838824,False
A_folds,F2,3,True,False,random_5,r2,ToD-ACI,0.9066666666666666,17.292564667308,150,0.0696871502838824,False
A_folds,F2,3,True,False,random_5,r4,ToD-ACI,0.8985507246376812,17.97188201851155,138,0.0696871502838824,False
A_folds,F2,3,True,False,random_5,r1,ToD-ACI,0.8833333333333333,17.141785758377424,120,0.0696871502838824,False
A_folds,F2,3,True,False,time_of_day,midday,split-CP,0.9108910891089108,14.630586219336228,202,1.0,False
A_folds,F2,3,True,False,time_of_day,pm_rush,split-CP,0.6911764705882353,17.778871692237512,136,1.0,False
A_folds,F2,3,True,False,time_of_day,evening,split-CP,0.8859649122807017,18.409642857142853,114,1.0,False
A_folds,F2,3,True,False,time_of_day,night,split-CP,0.9787234042553192,18.409642857142845,141,1.0,False
A_folds,F2,3,True,False,time_of_day,am_rush,split-CP,0.9166666666666666,18.409642857142845,96,1.0,False
A_folds,F2,3,True,False,time_of_day,midday,Mondrian-split-CP,0.9405940594059404,17.954184207706486,202,1.0,False
A_folds,F2,3,True,False,time_of_day,pm_rush,Mondrian-split-CP,0.7426470588235294,20.598183112638985,136,1.0,False
A_folds,F2,3,True,False,time_of_day,evening,Mondrian-split-CP,0.868421052631579,16.472146825396834,114,1.0,False
A_folds,F2,3,True,False,time_of_day,night,Mondrian-split-CP,0.9432624113475178,9.000420634920602,141,1.0,False
A_folds,F2,3,True,False,time_of_day,am_rush,Mondrian-split-CP,0.9166666666666666,18.276650793650788,96,1.0,False
A_folds,F2,3,True,False,time_of_day,midday,ACI,0.8811881188118812,13.62094038630054,202,1.0,False
A_folds,F2,3,True,False,time_of_day,pm_rush,ACI,0.7132352941176471,18.924122347423825,136,1.0,False
A_folds,F2,3,True,False,time_of_day,evening,ACI,0.9035087719298246,20.6759612921192,114,1.0,False
A_folds,F2,3,True,False,time_of_day,night,ACI,0.9787234042553192,18.81262862583963,141,1.0,False
A_folds,F2,3,True,False,time_of_day,am_rush,ACI,0.9166666666666666,17.90664467968375,96,1.0,False
A_folds,F2,3,True,False,time_of_day,midday,ToD-ACI,0.905940594059406,14.70059138443606,202,1.0,False
A_folds,F2,3,True,False,time_of_day,pm_rush,ToD-ACI,0.8014705882352942,25.86913946803469,136,1.0,False
A_folds,F2,3,True,False,time_of_day,evening,ToD-ACI,0.912280701754386,25.00320456338659,114,1.0,False
A_folds,F2,3,True,False,time_of_day,night,ToD-ACI,0.9361702127659576,7.193311090472434,141,1.0,False
A_folds,F2,3,True,False,time_of_day,am_rush,ToD-ACI,0.9166666666666666,18.87878059363477,96,1.0,False
A_folds,F2,4,True,False,day_of_week,Thu,split-CP,0.8701298701298701,22.916871401085693,154,0.2921167497751032,False
A_folds,F2,4,True,False,day_of_week,Fri,split-CP,0.9017543859649124,24.439557061635576,285,0.2921167497751032,False
A_folds,F2,4,True,False,day_of_week,Sat,split-CP,0.92,26.53307407407408,250,0.2921167497751032,False
A_folds,F2,4,True,False,day_of_week,Thu,Mondrian-split-CP,0.9285714285714286,29.912461674568814,154,0.2921167497751032,False
A_folds,F2,4,True,False,day_of_week,Fri,Mondrian-split-CP,0.9228070175438596,23.80901190244129,285,0.2921167497751032,False
A_folds,F2,4,True,False,day_of_week,Sat,Mondrian-split-CP,0.904,24.60330461904762,250,0.2921167497751032,False
A_folds,F2,4,True,False,day_of_week,Thu,ACI,0.8961038961038961,25.89322907647908,154,0.2921167497751032,False
A_folds,F2,4,True,False,day_of_week,Fri,ACI,0.887719298245614,23.2120931702151,285,0.2921167497751032,False
A_folds,F2,4,True,False,day_of_week,Sat,ACI,0.896,24.76065156565656,250,0.2921167497751032,False
A_folds,F2,4,True,False,day_of_week,Thu,ToD-ACI,0.9090909090909092,24.92612013065098,154,0.2921167497751032,False
A_folds,F2,4,True,False,day_of_week,Fri,ToD-ACI,0.887719298245614,26.42320897508925,285,0.2921167497751032,False
A_folds,F2,4,True,False,day_of_week,Sat,ToD-ACI,0.896,25.4741596031746,250,0.2921167497751032,False
A_folds,F2,4,True,False,occupancy_tercile,low,split-CP,0.8675078864353313,22.894122780114508,317,0.7566006881351433,False
A_folds,F2,4,True,False,occupancy_tercile,mid,split-CP,0.9005524861878453,26.53307407407408,181,0.7566006881351433,False
A_folds,F2,4,True,False,occupancy_tercile,high,split-CP,0.9581151832460733,26.533074074074083,191,0.7566006881351433,False
A_folds,F2,4,True,False,occupancy_tercile,low,Mondrian-split-CP,0.9211356466876972,30.334698598384325,317,0.7566006881351433,False
A_folds,F2,4,True,False,occupancy_tercile,mid,Mondrian-split-CP,0.9060773480662984,26.724185550586096,181,0.7566006881351433,False
A_folds,F2,4,True,False,occupancy_tercile,high,Mondrian-split-CP,0.9214659685863874,16.17663143715894,191,0.7566006881351433,False
A_folds,F2,4,True,False,occupancy_tercile,low,ACI,0.8832807570977917,26.28206523360388,317,0.7566006881351433,False
A_folds,F2,4,True,False,occupancy_tercile,mid,ACI,0.8895027624309392,29.1830347283676,181,0.7566006881351433,False
A_folds,F2,4,True,False,occupancy_tercile,high,ACI,0.9109947643979056,16.64723956971863,191,0.7566006881351433,False
A_folds,F2,4,True,False,occupancy_tercile,low,ToD-ACI,0.8769716088328076,26.53836344460832,317,0.7566006881351433,False
A_folds,F2,4,True,False,occupancy_tercile,mid,ToD-ACI,0.9171270718232044,28.163105982210947,181,0.7566006881351433,False
A_folds,F2,4,True,False,occupancy_tercile,high,ToD-ACI,0.9057591623036648,22.133997717766057,191,0.7566006881351433,False
A_folds,F2,4,True,False,random_5,r0,split-CP,0.8943661971830986,24.975286575937112,142,0.0696871502838824,False
A_folds,F2,4,True,False,random_5,r3,split-CP,0.9064748201438848,24.879722455369045,139,0.0696871502838824,False
A_folds,F2,4,True,False,random_5,r2,split-CP,0.9333333333333332,24.68378824514992,150,0.0696871502838824,False
A_folds,F2,4,True,False,random_5,r4,split-CP,0.8985507246376812,24.93423028812975,138,0.0696871502838824,False
A_folds,F2,4,True,False,random_5,r1,split-CP,0.8666666666666667,24.8289695436508,120,0.0696871502838824,False
A_folds,F2,4,True,False,random_5,r0,Mondrian-split-CP,0.908450704225352,25.67785724998137,142,0.0696871502838824,False
A_folds,F2,4,True,False,random_5,r3,Mondrian-split-CP,0.9280575539568344,25.355467640173583,139,0.0696871502838824,False
A_folds,F2,4,True,False,random_5,r2,Mondrian-split-CP,0.9533333333333334,23.98553407848325,150,0.0696871502838824,False
A_folds,F2,4,True,False,random_5,r4,Mondrian-split-CP,0.9347826086956522,26.66638357871329,138,0.0696871502838824,False
A_folds,F2,4,True,False,random_5,r1,Mondrian-split-CP,0.85,25.7871405643739,120,0.0696871502838824,False
A_folds,F2,4,True,False,random_5,r0,ACI,0.8661971830985915,24.52138616293721,142,0.0696871502838824,False
A_folds,F2,4,True,False,random_5,r3,ACI,0.8992805755395683,24.23177304736297,139,0.0696871502838824,False
A_folds,F2,4,True,False,random_5,r2,ACI,0.9066666666666666,23.09070936467853,150,0.0696871502838824,False
A_folds,F2,4,True,False,random_5,r4,ACI,0.9202898550724636,25.74203887520825,138,0.0696871502838824,False
A_folds,F2,4,True,False,random_5,r1,ACI,0.8666666666666667,24.39088053751804,120,0.0696871502838824,False
A_folds,F2,4,True,False,random_5,r0,ToD-ACI,0.8661971830985915,24.591797052093707,142,0.0696871502838824,False
A_folds,F2,4,True,False,random_5,r3,ToD-ACI,0.9136690647482014,25.875544695412508,139,0.0696871502838824,False
A_folds,F2,4,True,False,random_5,r2,ToD-ACI,0.94,25.12650301827802,150,0.0696871502838824,False
A_folds,F2,4,True,False,random_5,r4,ToD-ACI,0.9057971014492754,26.49500863317439,138,0.0696871502838824,False
A_folds,F2,4,True,False,random_5,r1,ToD-ACI,0.8416666666666667,26.864620171957675,120,0.0696871502838824,False
A_folds,F2,4,True,False,time_of_day,midday,split-CP,0.9455445544554456,20.822442588008805,202,1.0,False
A_folds,F2,4,True,False,time_of_day,pm_rush,split-CP,0.7426470588235294,26.53307407407408,136,1.0,False
A_folds,F2,4,True,False,time_of_day,evening,split-CP,0.9210526315789472,26.533074074074083,114,1.0,False
A_folds,F2,4,True,False,time_of_day,night,split-CP,0.9716312056737588,26.533074074074083,141,1.0,False
A_folds,F2,4,True,False,time_of_day,am_rush,split-CP,0.90625,26.53307407407408,96,1.0,False
A_folds,F2,4,True,False,time_of_day,midday,Mondrian-split-CP,0.9108910891089108,16.981431626198336,202,1.0,False
A_folds,F2,4,True,False,time_of_day,pm_rush,Mondrian-split-CP,0.9411764705882352,52.27721031746032,136,1.0,False
A_folds,F2,4,True,False,time_of_day,evening,Mondrian-split-CP,0.9385964912280702,26.90986772486772,114,1.0,False
A_folds,F2,4,True,False,time_of_day,night,Mondrian-split-CP,0.900709219858156,11.406726190476206,141,1.0,False
A_folds,F2,4,True,False,time_of_day,am_rush,Mondrian-split-CP,0.8958333333333334,24.238443121693127,96,1.0,False
A_folds,F2,4,True,False,time_of_day,midday,ACI,0.8811881188118812,17.482237529110048,202,1.0,False
A_folds,F2,4,True,False,time_of_day,pm_rush,ACI,0.8602941176470589,39.20666028810514,136,1.0,False
A_folds,F2,4,True,False,time_of_day,evening,ACI,0.9298245614035088,31.23851984654397,114,1.0,False
A_folds,F2,4,True,False,time_of_day,night,ACI,0.9361702127659576,16.41620112557524,141,1.0,False
A_folds,F2,4,True,False,time_of_day,am_rush,ACI,0.8541666666666666,21.39347209821428,96,1.0,False
A_folds,F2,4,True,False,time_of_day,midday,ToD-ACI,0.8762376237623762,17.738837364391202,202,1.0,False
A_folds,F2,4,True,False,time_of_day,pm_rush,ToD-ACI,0.9044117647058824,42.45560934537957,136,1.0,False
A_folds,F2,4,True,False,time_of_day,evening,ToD-ACI,0.912280701754386,27.53240113014016,114,1.0,False
A_folds,F2,4,True,False,time_of_day,night,ToD-ACI,0.8723404255319149,20.98334759278023,141,1.0,False
A_folds,F2,4,True,False,time_of_day,am_rush,ToD-ACI,0.9375,23.783575008517705,96,1.0,False
A_folds,F2,5,True,False,day_of_week,Thu,split-CP,0.961038961038961,15.629107142857151,154,0.2921167497751032,False
A_folds,F2,5,True,False,day_of_week,Fri,split-CP,0.8947368421052632,15.629107142857157,285,0.2921167497751032,False
A_folds,F2,5,True,False,day_of_week,Sat,split-CP,0.936,15.629107142857151,250,0.2921167497751032,False
A_folds,F2,5,True,False,day_of_week,Thu,Mondrian-split-CP,0.961038961038961,17.363704634470885,154,0.2921167497751032,False
A_folds,F2,5,True,False,day_of_week,Fri,Mondrian-split-CP,0.9157894736842104,15.21315272777905,285,0.2921167497751032,False
A_folds,F2,5,True,False,day_of_week,Sat,Mondrian-split-CP,0.96,15.720554723424735,250,0.2921167497751032,False
A_folds,F2,5,True,False,day_of_week,Thu,ACI,0.9415584415584416,13.570321416077912,154,0.2921167497751032,False
A_folds,F2,5,True,False,day_of_week,Fri,ACI,0.8701754385964913,13.65940330455769,285,0.2921167497751032,False
A_folds,F2,5,True,False,day_of_week,Sat,ACI,0.924,13.962718835978835,250,0.2921167497751032,False
A_folds,F2,5,True,False,day_of_week,Thu,ToD-ACI,0.9545454545454546,15.454463255779809,154,0.2921167497751032,False
A_folds,F2,5,True,False,day_of_week,Fri,ToD-ACI,0.8596491228070176,13.274829898821116,285,0.2921167497751032,False
A_folds,F2,5,True,False,day_of_week,Sat,ToD-ACI,0.948,14.288282946127936,250,0.2921167497751032,False
A_folds,F2,5,True,False,occupancy_tercile,low,split-CP,0.8465608465608465,15.629107142857157,189,0.5425275330627102,False
A_folds,F2,5,True,False,occupancy_tercile,mid,split-CP,0.9318181818181818,15.629107142857151,308,0.5425275330627102,False
A_folds,F2,5,True,False,occupancy_tercile,high,split-CP,0.9895833333333334,15.629107142857151,192,0.5425275330627102,False
A_folds,F2,5,True,False,occupancy_tercile,low,Mondrian-split-CP,0.9470899470899472,20.90427644166534,189,0.5425275330627102,False
A_folds,F2,5,True,False,occupancy_tercile,mid,Mondrian-split-CP,0.9123376623376624,16.28965069799731,308,0.5425275330627102,False
A_folds,F2,5,True,False,occupancy_tercile,high,Mondrian-split-CP,0.984375,10.269672185019836,192,0.5425275330627102,False
A_folds,F2,5,True,False,occupancy_tercile,low,ACI,0.798941798941799,13.559565070584917,189,0.5425275330627102,False
A_folds,F2,5,True,False,occupancy_tercile,mid,ACI,0.922077922077922,13.811541567889783,308,0.5425275330627102,False
A_folds,F2,5,True,False,occupancy_tercile,high,ACI,0.984375,13.837117435515871,192,0.5425275330627102,False
A_folds,F2,5,True,False,occupancy_tercile,low,ToD-ACI,0.8624338624338624,16.961963704187244,189,0.5425275330627102,False
A_folds,F2,5,True,False,occupancy_tercile,mid,ToD-ACI,0.905844155844156,15.409534048743454,308,0.5425275330627102,False
A_folds,F2,5,True,False,occupancy_tercile,high,ToD-ACI,0.9739583333333334,9.288734229071457,192,0.5425275330627102,False
A_folds,F2,5,True,False,random_5,r0,split-CP,0.9154929577464788,15.629107142857157,142,0.0696871502838824,False
A_folds,F2,5,True,False,random_5,r3,split-CP,0.9280575539568344,15.629107142857151,139,0.0696871502838824,False
A_folds,F2,5,True,False,random_5,r2,split-CP,0.9533333333333334,15.629107142857157,150,0.0696871502838824,False
A_folds,F2,5,True,False,random_5,r4,split-CP,0.8768115942028986,15.629107142857151,138,0.0696871502838824,False
A_folds,F2,5,True,False,random_5,r1,split-CP,0.95,15.629107142857151,120,0.0696871502838824,False
A_folds,F2,5,True,False,random_5,r0,Mondrian-split-CP,0.908450704225352,15.599213078132104,142,0.0696871502838824,False
A_folds,F2,5,True,False,random_5,r3,Mondrian-split-CP,0.9640287769784172,15.714603433270712,139,0.0696871502838824,False
A_folds,F2,5,True,False,random_5,r2,Mondrian-split-CP,0.96,15.616618173801516,150,0.0696871502838824,False
A_folds,F2,5,True,False,random_5,r4,Mondrian-split-CP,0.927536231884058,16.271331062523103,138,0.0696871502838824,False
A_folds,F2,5,True,False,random_5,r1,Mondrian-split-CP,0.95,16.271193124699387,120,0.0696871502838824,False
A_folds,F2,5,True,False,random_5,r0,ACI,0.8943661971830986,13.785204653849016,142,0.0696871502838824,False
A_folds,F2,5,True,False,random_5,r3,ACI,0.8920863309352518,13.77736383793398,139,0.0696871502838824,False
A_folds,F2,5,True,False,random_5,r2,ACI,0.9133333333333332,13.51133965608466,150,0.0696871502838824,False
A_folds,F2,5,True,False,random_5,r4,ACI,0.8913043478260869,13.950924315619968,138,0.0696871502838824,False
A_folds,F2,5,True,False,random_5,r1,ACI,0.9416666666666668,13.741316754850097,120,0.0696871502838824,False
A_folds,F2,5,True,False,random_5,r0,ToD-ACI,0.8802816901408451,14.163918014822936,142,0.0696871502838824,False
A_folds,F2,5,True,False,random_5,r3,ToD-ACI,0.935251798561151,14.01801563251563,139,0.0696871502838824,False
A_folds,F2,5,True,False,random_5,r2,ToD-ACI,0.9333333333333332,13.735961696328358,150,0.0696871502838824,False
A_folds,F2,5,True,False,random_5,r4,ToD-ACI,0.8913043478260869,14.595857859129588,138,0.0696871502838824,False
A_folds,F2,5,True,False,random_5,r1,ToD-ACI,0.925,14.174845242103563,120,0.0696871502838824,False
A_folds,F2,5,True,False,time_of_day,midday,split-CP,0.8861386138613861,15.629107142857151,202,1.0,False
A_folds,F2,5,True,False,time_of_day,pm_rush,split-CP,0.8382352941176471,15.629107142857151,136,1.0,False
A_folds,F2,5,True,False,time_of_day,evening,split-CP,1.0,15.629107142857151,114,1.0,False
A_folds,F2,5,True,False,time_of_day,night,split-CP,0.9858156028368794,15.629107142857157,141,1.0,False
A_folds,F2,5,True,False,time_of_day,am_rush,split-CP,0.9479166666666666,15.629107142857151,96,1.0,False
A_folds,F2,5,True,False,time_of_day,midday,Mondrian-split-CP,0.9554455445544554,21.98435642135643,202,1.0,False
A_folds,F2,5,True,False,time_of_day,pm_rush,Mondrian-split-CP,0.9411764705882352,20.00922486772492,136,1.0,False
A_folds,F2,5,True,False,time_of_day,evening,Mondrian-split-CP,0.8859649122807017,9.134896825396824,114,1.0,False
A_folds,F2,5,True,False,time_of_day,night,Mondrian-split-CP,0.9645390070921984,8.76617460317459,141,1.0,False
A_folds,F2,5,True,False,time_of_day,am_rush,Mondrian-split-CP,0.9479166666666666,15.629107142857151,96,1.0,False
A_folds,F2,5,True,False,time_of_day,midday,ACI,0.8465346534653465,13.904440165445124,202,1.0,False
A_folds,F2,5,True,False,time_of_day,pm_rush,ACI,0.8529411764705882,15.320004143323986,136,1.0,False
A_folds,F2,5,True,False,time_of_day,evening,ACI,1.0,14.466209656084652,114,1.0,False
A_folds,F2,5,True,False,time_of_day,night,ACI,0.9645390070921984,12.845255441104744,141,1.0,False
A_folds,F2,5,True,False,time_of_day,am_rush,ACI,0.90625,11.675966187169305,96,1.0,False
A_folds,F2,5,True,False,time_of_day,midday,ToD-ACI,0.8910891089108911,18.224012955462207,202,1.0,False
A_folds,F2,5,True,False,time_of_day,pm_rush,ToD-ACI,0.9117647058823528,18.836312850140047,136,1.0,False
A_folds,F2,5,True,False,time_of_day,evening,ToD-ACI,0.8947368421052632,9.877555694792504,114,1.0,False
A_folds,F2,5,True,False,time_of_day,night,ToD-ACI,0.950354609929078,6.562878682126905,141,1.0,False
A_folds,F2,5,True,False,time_of_day,am_rush,ToD-ACI,0.9270833333333334,15.010293657056678,96,1.0,False
A_folds,F2,6,True,False,day_of_week,Thu,split-CP,0.9285714285714286,10.230316618566617,154,0.2921167497751032,False
A_folds,F2,6,True,False,day_of_week,Fri,split-CP,0.9333333333333332,10.230316618566617,285,0.2921167497751032,False
A_folds,F2,6,True,False,day_of_week,Sat,split-CP,0.904,10.199843962000964,250,0.2921167497751032,False
A_folds,F2,6,True,False,day_of_week,Thu,Mondrian-split-CP,0.9415584415584416,11.210682075860651,154,0.2921167497751032,False
A_folds,F2,6,True,False,day_of_week,Fri,Mondrian-split-CP,0.9298245614035088,9.183734530771376,285,0.2921167497751032,False
A_folds,F2,6,True,False,day_of_week,Sat,Mondrian-split-CP,0.856,9.145618698412695,250,0.2921167497751032,False
A_folds,F2,6,True,False,day_of_week,Thu,ACI,0.8961038961038961,10.602412239275877,154,0.2921167497751032,False
A_folds,F2,6,True,False,day_of_week,Fri,ACI,0.8912280701754386,8.705932528712353,285,0.2921167497751032,False
A_folds,F2,6,True,False,day_of_week,Sat,ACI,0.872,11.00742272871573,250,0.2921167497751032,False
A_folds,F2,6,True,False,day_of_week,Thu,ToD-ACI,0.9090909090909092,10.028248307128177,154,0.2921167497751032,False
A_folds,F2,6,True,False,day_of_week,Fri,ToD-ACI,0.8982456140350877,8.841772128975638,285,0.2921167497751032,False
A_folds,F2,6,True,False,day_of_week,Sat,ToD-ACI,0.848,12.570299227272727,250,0.2921167497751032,False
A_folds,F2,6,True,False,occupancy_tercile,low,split-CP,0.8619246861924686,10.198441454795011,239,0.507055277001096,False
A_folds,F2,6,True,False,occupancy_tercile,mid,split-CP,0.9331210191082804,10.23031661856662,314,0.507055277001096,False
A_folds,F2,6,True,False,occupancy_tercile,high,split-CP,1.0,10.23031661856662,136,0.507055277001096,False
A_folds,F2,6,True,False,occupancy_tercile,low,Mondrian-split-CP,0.9037656903765692,11.817058007349852,239,0.507055277001096,False
A_folds,F2,6,True,False,occupancy_tercile,mid,Mondrian-split-CP,0.9012738853503184,9.462633189262968,314,0.507055277001096,False
A_folds,F2,6,True,False,occupancy_tercile,high,Mondrian-split-CP,0.9191176470588236,6.1372821350762505,136,0.507055277001096,False
A_folds,F2,6,True,False,occupancy_tercile,low,ACI,0.8828451882845189,12.725924261040372,239,0.507055277001096,False
A_folds,F2,6,True,False,occupancy_tercile,mid,ACI,0.8853503184713376,9.648544581391716,314,0.507055277001096,False
A_folds,F2,6,True,False,occupancy_tercile,high,ACI,0.8897058823529411,5.843228240917579,136,0.507055277001096,False
A_folds,F2,6,True,False,occupancy_tercile,low,ToD-ACI,0.8786610878661087,14.099364996598784,239,0.507055277001096,False
A_folds,F2,6,True,False,occupancy_tercile,mid,ToD-ACI,0.8821656050955414,9.4707356040692,314,0.507055277001096,False
A_folds,F2,6,True,False,occupancy_tercile,high,ToD-ACI,0.8897058823529411,6.34758006624367,136,0.507055277001096,False
A_folds,F2,6,True,False,random_5,r0,split-CP,0.9225352112676056,10.230316618566617,142,0.0696871502838824,False
A_folds,F2,6,True,False,random_5,r3,split-CP,0.9064748201438848,10.221608288261166,139,0.0696871502838824,False
A_folds,F2,6,True,False,random_5,r2,split-CP,0.96,10.214632761744427,150,0.0696871502838824,False
A_folds,F2,6,True,False,random_5,r4,split-CP,0.8985507246376812,10.209625717143831,138,0.0696871502838824,False
A_folds,F2,6,True,False,random_5,r1,split-CP,0.9166666666666666,10.220318424322594,120,0.0696871502838824,False
A_folds,F2,6,True,False,random_5,r0,Mondrian-split-CP,0.9295774647887324,9.633500130412106,142,0.0696871502838824,False
A_folds,F2,6,True,False,random_5,r3,Mondrian-split-CP,0.8776978417266187,9.45881688458757,139,0.0696871502838824,False
A_folds,F2,6,True,False,random_5,r2,Mondrian-split-CP,0.92,9.47728764991182,150,0.0696871502838824,False
A_folds,F2,6,True,False,random_5,r4,Mondrian-split-CP,0.9202898550724636,9.88101935721954,138,0.0696871502838824,False
A_folds,F2,6,True,False,random_5,r1,Mondrian-split-CP,0.875,9.68589726080247,120,0.0696871502838824,False
A_folds,F2,6,True,False,random_5,r0,ACI,0.8943661971830986,9.565532774932423,142,0.0696871502838824,False
A_folds,F2,6,True,False,random_5,r3,ACI,0.8561151079136691,9.858211103844196,139,0.0696871502838824,False
A_folds,F2,6,True,False,random_5,r2,ACI,0.9,9.71104592953343,150,0.0696871502838824,False
A_folds,F2,6,True,False,random_5,r4,ACI,0.9202898550724636,10.854814570393376,138,0.0696871502838824,False
A_folds,F2,6,True,False,random_5,r1,ACI,0.85,9.854997000761584,120,0.0696871502838824,False
A_folds,F2,6,True,False,random_5,r0,ToD-ACI,0.8943661971830986,10.189024069501182,142,0.0696871502838824,False
A_folds,F2,6,True,False,random_5,r3,ToD-ACI,0.8561151079136691,10.74861730355975,139,0.0696871502838824,False
A_folds,F2,6,True,False,random_5,r2,ToD-ACI,0.8733333333333333,10.37920354457271,150,0.0696871502838824,False
A_folds,F2,6,True,False,random_5,r4,ToD-ACI,0.927536231884058,10.820145885180306,138,0.0696871502838824,False
A_folds,F2,6,True,False,random_5,r1,ToD-ACI,0.8583333333333333,10.132251799743468,120,0.0696871502838824,False
A_folds,F2,6,True,False,time_of_day,midday,split-CP,0.9306930693069309,10.23031661856662,202,1.0,False
A_folds,F2,6,True,False,time_of_day,pm_rush,split-CP,0.7720588235294118,10.174300705762102,136,1.0,False
A_folds,F2,6,True,False,time_of_day,evening,split-CP,0.9473684210526316,10.23031661856662,114,1.0,False
A_folds,F2,6,True,False,time_of_day,night,split-CP,1.0,10.23031661856662,141,1.0,False
A_folds,F2,6,True,False,time_of_day,am_rush,split-CP,0.96875,10.23031661856662,96,1.0,False
A_folds,F2,6,True,False,time_of_day,midday,Mondrian-split-CP,0.9653465346534652,12.535202380952384,202,1.0,False
A_folds,F2,6,True,False,time_of_day,pm_rush,Mondrian-split-CP,0.8455882352941176,12.062214169000937,136,1.0,False
A_folds,F2,6,True,False,time_of_day,evening,Mondrian-split-CP,0.912280701754386,8.65331481481482,114,1.0,False
A_folds,F2,6,True,False,time_of_day,night,Mondrian-split-CP,0.8368794326241135,3.869555555555551,141,1.0,False
A_folds,F2,6,True,False,time_of_day,am_rush,Mondrian-split-CP,0.9583333333333334,9.641216931216931,96,1.0,False
A_folds,F2,6,True,False,time_of_day,midday,ACI,0.8910891089108911,10.497913959848368,202,1.0,False
A_folds,F2,6,True,False,time_of_day,pm_rush,ACI,0.8308823529411765,14.651650063308152,136,1.0,False
A_folds,F2,6,True,False,time_of_day,evening,ACI,0.956140350877193,10.608713727711535,114,1.0,False
A_folds,F2,6,True,False,time_of_day,night,ACI,0.9078014184397164,5.665096313523618,141,1.0,False
A_folds,F2,6,True,False,time_of_day,am_rush,ACI,0.8333333333333334,7.754614208804313,96,1.0,False
A_folds,F2,6,True,False,time_of_day,midday,ToD-ACI,0.8910891089108911,10.18199750867944,202,1.0,False
A_folds,F2,6,True,False,time_of_day,pm_rush,ToD-ACI,0.875,18.873054714246813,136,1.0,False
A_folds,F2,6,True,False,time_of_day,evening,ToD-ACI,0.9210526315789472,9.15461326084572,114,1.0,False
A_folds,F2,6,True,False,time_of_day,night,ToD-ACI,0.851063829787234,4.856989305414835,141,1.0,False
A_folds,F2,6,True,False,time_of_day,am_rush,ToD-ACI,0.875,8.904893345658971,96,1.0,False
A_folds,F2,7,True,False,day_of_week,Thu,split-CP,0.8506493506493507,45.37067460317462,154,0.2921167497751032,False
A_folds,F2,7,True,False,day_of_week,Fri,split-CP,0.8807017543859649,45.37067460317463,285,0.2921167497751032,False
A_folds,F2,7,True,False,day_of_week,Sat,split-CP,0.836,45.37067460317462,250,0.2921167497751032,False
A_folds,F2,7,True,False,day_of_week,Thu,Mondrian-split-CP,0.8961038961038961,52.83925401978973,154,0.2921167497751032,False
A_folds,F2,7,True,False,day_of_week,Fri,Mondrian-split-CP,0.912280701754386,42.87882346143133,285,0.2921167497751032,False
A_folds,F2,7,True,False,day_of_week,Sat,Mondrian-split-CP,0.84,41.64384715873013,250,0.2921167497751032,False
A_folds,F2,7,True,False,day_of_week,Thu,ACI,0.9155844155844156,61.47168035331671,154,0.2921167497751032,False
A_folds,F2,7,True,False,day_of_week,Fri,ACI,0.8807017543859649,42.90774668447214,285,0.2921167497751032,False
A_folds,F2,7,True,False,day_of_week,Sat,ACI,0.904,66.21249184078883,250,0.2921167497751032,False
A_folds,F2,7,True,False,day_of_week,Thu,ToD-ACI,0.9155844155844156,70.29237335632139,154,0.2921167497751032,False
A_folds,F2,7,True,False,day_of_week,Fri,ToD-ACI,0.9052631578947368,49.78054266178915,285,0.2921167497751032,False
A_folds,F2,7,True,False,day_of_week,Sat,ToD-ACI,0.884,57.95032104088504,250,0.2921167497751032,False
A_folds,F2,7,True,False,occupancy_tercile,low,split-CP,0.7162162162162162,45.37067460317462,296,0.494374957539003,False
A_folds,F2,7,True,False,occupancy_tercile,mid,split-CP,0.9317073170731708,45.37067460317463,205,0.494374957539003,False
A_folds,F2,7,True,False,occupancy_tercile,high,split-CP,1.0,45.37067460317463,188,0.494374957539003,False
A_folds,F2,7,True,False,occupancy_tercile,low,Mondrian-split-CP,0.7905405405405406,51.07461953024452,296,0.494374957539003,False
A_folds,F2,7,True,False,occupancy_tercile,mid,Mondrian-split-CP,0.9365853658536586,46.53409705123239,205,0.494374957539003,False
A_folds,F2,7,True,False,occupancy_tercile,high,Mondrian-split-CP,0.9680851063829788,32.505820844590744,188,0.494374957539003,False
A_folds,F2,7,True,False,occupancy_tercile,low,ACI,0.7905405405405406,60.3295804493617,296,0.494374957539003,False
A_folds,F2,7,True,False,occupancy_tercile,mid,ACI,0.9609756097560976,57.222644792876494,205,0.494374957539003,False
A_folds,F2,7,True,False,occupancy_tercile,high,ACI,0.9946808510638298,46.06527417091381,188,0.494374957539003,False
A_folds,F2,7,True,False,occupancy_tercile,low,ToD-ACI,0.8378378378378378,72.35450031403157,296,0.494374957539003,False
A_folds,F2,7,True,False,occupancy_tercile,mid,ToD-ACI,0.9414634146341464,61.792192011872494,205,0.494374957539003,False
A_folds,F2,7,True,False,occupancy_tercile,high,ToD-ACI,0.952127659574468,28.80706893785881,188,0.494374957539003,False
A_folds,F2,7,True,False,random_5,r0,split-CP,0.8802816901408451,45.37067460317463,142,0.0696871502838824,False
A_folds,F2,7,True,False,random_5,r3,split-CP,0.8633093525179856,45.37067460317463,139,0.0696871502838824,False
A_folds,F2,7,True,False,random_5,r2,split-CP,0.8866666666666667,45.37067460317463,150,0.0696871502838824,False
A_folds,F2,7,True,False,random_5,r4,split-CP,0.782608695652174,45.37067460317462,138,0.0696871502838824,False
A_folds,F2,7,True,False,random_5,r1,split-CP,0.875,45.37067460317462,120,0.0696871502838824,False
A_folds,F2,7,True,False,random_5,r0,Mondrian-split-CP,0.9366197183098592,45.173062253148494,142,0.0696871502838824,False
A_folds,F2,7,True,False,random_5,r3,Mondrian-split-CP,0.8633093525179856,43.859354687678405,139,0.0696871502838824,False
A_folds,F2,7,True,False,random_5,r2,Mondrian-split-CP,0.9,44.39232089065253,150,0.0696871502838824,False
A_folds,F2,7,True,False,random_5,r4,Mondrian-split-CP,0.7971014492753623,45.69670091442372,138,0.0696871502838824,False
A_folds,F2,7,True,False,random_5,r1,Mondrian-split-CP,0.9166666666666666,44.10544661596118,120,0.0696871502838824,False
A_folds,F2,7,True,False,random_5,r0,ACI,0.908450704225352,52.206832781198976,142,0.0696871502838824,False
A_folds,F2,7,True,False,random_5,r3,ACI,0.8992805755395683,57.88588554610857,139,0.0696871502838824,False
A_folds,F2,7,True,False,random_5,r2,ACI,0.9133333333333332,53.80200339987172,150,0.0696871502838824,False
A_folds,F2,7,True,False,random_5,r4,ACI,0.855072463768116,59.07237823978223,138,0.0696871502838824,False
A_folds,F2,7,True,False,random_5,r1,ACI,0.9083333333333332,54.72227072310406,120,0.0696871502838824,False
A_folds,F2,7,True,False,random_5,r0,ToD-ACI,0.9225352112676056,53.12866601291249,142,0.0696871502838824,False
A_folds,F2,7,True,False,random_5,r3,ToD-ACI,0.8848920863309353,59.069093167889925,139,0.0696871502838824,False
A_folds,F2,7,True,False,random_5,r2,ToD-ACI,0.9133333333333332,57.728525026455024,150,0.0696871502838824,False
A_folds,F2,7,True,False,random_5,r4,ToD-ACI,0.8623188405797102,58.57588310904071,138,0.0696871502838824,False
A_folds,F2,7,True,False,random_5,r1,ToD-ACI,0.9166666666666666,58.35362723765432,120,0.0696871502838824,False
A_folds,F2,7,True,False,time_of_day,midday,split-CP,0.6881188118811881,45.37067460317462,202,1.0,False
A_folds,F2,7,True,False,time_of_day,pm_rush,split-CP,0.8235294117647058,45.37067460317462,136,1.0,False
A_folds,F2,7,True,False,time_of_day,evening,split-CP,0.9298245614035088,45.37067460317463,114,1.0,False
A_folds,F2,7,True,False,time_of_day,night,split-CP,1.0,45.37067460317463,141,1.0,False
A_folds,F2,7,True,False,time_of_day,am_rush,split-CP,0.96875,45.37067460317462,96,1.0,False
A_folds,F2,7,True,False,time_of_day,midday,Mondrian-split-CP,0.7722772277227723,51.634607142857135,202,1.0,False
A_folds,F2,7,True,False,time_of_day,pm_rush,Mondrian-split-CP,0.8676470588235294,51.39300793650796,136,1.0,False
A_folds,F2,7,True,False,time_of_day,evening,Mondrian-split-CP,0.9736842105263158,55.741115079365045,114,1.0,False
A_folds,F2,7,True,False,time_of_day,night,Mondrian-split-CP,0.9219858156028368,20.19069047619041,141,1.0,False
A_folds,F2,7,True,False,time_of_day,am_rush,Mondrian-split-CP,0.96875,43.204764550264485,96,1.0,False
A_folds,F2,7,True,False,time_of_day,midday,ACI,0.7772277227722773,70.52774320408231,202,1.0,False
A_folds,F2,7,True,False,time_of_day,pm_rush,ACI,0.9044117647058824,62.1575472750969,136,1.0,False
A_folds,F2,7,True,False,time_of_day,evening,ACI,0.9736842105263158,56.3480999099179,114,1.0,False
A_folds,F2,7,True,False,time_of_day,night,ACI,0.9787234042553192,41.87469545932135,141,1.0,False
A_folds,F2,7,True,False,time_of_day,am_rush,ACI,0.9270833333333334,33.54607847447692,96,1.0,False
A_folds,F2,7,True,False,time_of_day,midday,ToD-ACI,0.8762376237623762,104.2062384143176,202,1.0,False
A_folds,F2,7,True,False,time_of_day,pm_rush,ToD-ACI,0.8970588235294118,54.20628275754747,136,1.0,False
A_folds,F2,7,True,False,time_of_day,evening,ToD-ACI,0.9035087719298246,43.69118384661148,114,1.0,False
A_folds,F2,7,True,False,time_of_day,night,ToD-ACI,0.900709219858156,18.704739108409303,141,1.0,False
A_folds,F2,7,True,False,time_of_day,am_rush,ToD-ACI,0.9479166666666666,36.04356904361072,96,1.0,False
A_folds,F2,8,True,True,day_of_week,Thu,split-CP,0.1623376623376623,20.95773844310452,154,0.2921167497751032,False
A_folds,F2,8,True,True,day_of_week,Fri,split-CP,0.1578947368421052,20.93229791840713,285,0.2921167497751032,False
A_folds,F2,8,True,True,day_of_week,Sat,split-CP,0.164,20.165813246031743,250,0.2921167497751032,False
A_folds,F2,8,True,True,day_of_week,Thu,Mondrian-split-CP,0.1428571428571428,20.01448653198653,154,0.2921167497751032,False
A_folds,F2,8,True,True,day_of_week,Fri,Mondrian-split-CP,0.1649122807017544,23.188675020885547,285,0.2921167497751032,False
A_folds,F2,8,True,True,day_of_week,Sat,Mondrian-split-CP,0.192,23.137177693121696,250,0.2921167497751032,False
A_folds,F2,8,True,True,day_of_week,Thu,ACI,0.9155844155844156,37.22757782017767,154,0.2921167497751032,False
A_folds,F2,8,True,True,day_of_week,Fri,ACI,0.9087719298245616,56.613518342151686,285,0.2921167497751032,False
A_folds,F2,8,True,True,day_of_week,Sat,ACI,0.92,56.78096215343916,250,0.2921167497751032,False
A_folds,F2,8,True,True,day_of_week,Thu,ToD-ACI,0.8571428571428571,35.58944286830895,154,0.2921167497751032,False
A_folds,F2,8,True,True,day_of_week,Fri,ToD-ACI,0.8105263157894737,49.692213260634766,285,0.2921167497751032,False
A_folds,F2,8,True,True,day_of_week,Sat,ToD-ACI,0.968,53.75346507407409,250,0.2921167497751032,False
A_folds,F2,8,True,True,occupancy_tercile,low,split-CP,0.1611030478955007,20.6598692866358,689,,False
A_folds,F2,8,True,True,occupancy_tercile,low,Mondrian-split-CP,0.1698113207547169,22.46051920197204,689,,False
A_folds,F2,8,True,True,occupancy_tercile,low,ACI,0.9143686502177067,52.3412775764592,689,,False
A_folds,F2,8,True,True,occupancy_tercile,low,ToD-ACI,0.8780841799709724,48.01367380191439,689,,False
A_folds,F2,8,True,True,random_5,r0,split-CP,0.1690140845070422,20.61087265258216,142,0.0696871502838824,False
A_folds,F2,8,True,True,random_5,r3,split-CP,0.1510791366906475,20.73568403848349,139,0.0696871502838824,False
A_folds,F2,8,True,True,random_5,r2,split-CP,0.1866666666666666,20.48117595238095,150,0.0696871502838824,False
A_folds,F2,8,True,True,random_5,r4,split-CP,0.1739130434782608,20.50957597193467,138,0.0696871502838824,False
A_folds,F2,8,True,True,random_5,r1,split-CP,0.1166666666666666,21.02623386243386,120,0.0696871502838824,False
A_folds,F2,8,True,True,random_5,r0,Mondrian-split-CP,0.1971830985915492,21.792539468291228,142,0.0696871502838824,False
A_folds,F2,8,True,True,random_5,r3,Mondrian-split-CP,0.158273381294964,23.10488427353356,139,0.0696871502838824,False
A_folds,F2,8,True,True,random_5,r2,Mondrian-split-CP,0.18,21.793325440917105,150,0.0696871502838824,False
A_folds,F2,8,True,True,random_5,r4,Mondrian-split-CP,0.1956521739130435,22.23478114216701,138,0.0696871502838824,False
A_folds,F2,8,True,True,random_5,r1,Mondrian-split-CP,0.1083333333333333,23.59816331569665,120,0.0696871502838824,False
A_folds,F2,8,True,True,random_5,r0,ACI,0.9154929577464788,51.94100669759298,142,0.0696871502838824,False
A_folds,F2,8,True,True,random_5,r3,ACI,0.8920863309352518,52.0011555279586,139,0.0696871502838824,False
A_folds,F2,8,True,True,random_5,r2,ACI,0.92,51.72375404320989,150,0.0696871502838824,False
A_folds,F2,8,True,True,random_5,r4,ACI,0.9347826086956522,51.50491862813784,138,0.0696871502838824,False
A_folds,F2,8,True,True,random_5,r1,ACI,0.9083333333333332,54.94262336309525,120,0.0696871502838824,False
A_folds,F2,8,True,True,random_5,r0,ToD-ACI,0.8802816901408451,48.9457533674268,142,0.0696871502838824,False
A_folds,F2,8,True,True,random_5,r3,ToD-ACI,0.8489208633093526,48.05901616801798,139,0.0696871502838824,False
A_folds,F2,8,True,True,random_5,r2,ToD-ACI,0.8733333333333333,46.64908958553793,150,0.0696871502838824,False
A_folds,F2,8,True,True,random_5,r4,ToD-ACI,0.8985507246376812,46.25460602139408,138,0.0696871502838824,False
A_folds,F2,8,True,True,random_5,r1,ToD-ACI,0.8916666666666667,50.5868496267236,120,0.0696871502838824,False
A_folds,F2,8,True,True,time_of_day,midday,split-CP,0.0,21.8129007936508,202,1.0,False
A_folds,F2,8,True,True,time_of_day,pm_rush,split-CP,0.0,21.8129007936508,136,1.0,False
A_folds,F2,8,True,True,time_of_day,evening,split-CP,0.5964912280701754,17.7906246170983,114,1.0,False
A_folds,F2,8,True,True,time_of_day,night,split-CP,0.3049645390070922,19.43063679218733,141,1.0,False
A_folds,F2,8,True,True,time_of_day,am_rush,split-CP,0.0,21.8129007936508,96,1.0,False
A_folds,F2,8,True,True,time_of_day,midday,Mondrian-split-CP,0.0,18.865456349206344,202,1.0,False
A_folds,F2,8,True,True,time_of_day,pm_rush,Mondrian-split-CP,0.0,28.41016666666667,136,1.0,False
A_folds,F2,8,True,True,time_of_day,evening,Mondrian-split-CP,0.543859649122807,12.056229172468212,114,1.0,False
A_folds,F2,8,True,True,time_of_day,night,Mondrian-split-CP,0.3900709219858156,31.399213507073444,141,1.0,False
A_folds,F2,8,True,True,time_of_day,am_rush,Mondrian-split-CP,0.0,20.822850529100524,96,1.0,False
A_folds,F2,8,True,True,time_of_day,midday,ACI,0.9653465346534652,54.34281872175314,202,1.0,False
A_folds,F2,8,True,True,time_of_day,pm_rush,ACI,0.9338235294117648,43.12021693608,136,1.0,False
A_folds,F2,8,True,True,time_of_day,evening,ACI,1.0,28.868905318852697,114,1.0,False
A_folds,F2,8,True,True,time_of_day,night,ACI,0.7375886524822695,54.86675728920412,141,1.0,False
A_folds,F2,8,True,True,time_of_day,am_rush,ACI,0.9375,85.35701438492066,96,1.0,False
A_folds,F2,8,True,True,time_of_day,midday,ToD-ACI,0.9207920792079208,37.832551063439695,202,1.0,False
A_folds,F2,8,True,True,time_of_day,pm_rush,ToD-ACI,0.8970588235294118,39.07181770347029,136,1.0,False
A_folds,F2,8,True,True,time_of_day,evening,ToD-ACI,0.9035087719298246,27.352799278288323,114,1.0,False
A_folds,F2,8,True,True,time_of_day,night,ToD-ACI,0.8439716312056738,66.22950548459947,141,1.0,False
A_folds,F2,8,True,True,time_of_day,am_rush,ToD-ACI,0.78125,79.88436808311289,96,1.0,False
A_folds,F2,9,True,False,day_of_week,Thu,split-CP,0.7597402597402597,5.620738095238266,154,0.2921167497751032,False
A_folds,F2,9,True,False,day_of_week,Fri,split-CP,0.856140350877193,5.620738095238266,285,0.2921167497751032,False
A_folds,F2,9,True,False,day_of_week,Sat,split-CP,0.66,5.620738095238266,250,0.2921167497751032,False
A_folds,F2,9,True,False,day_of_week,Thu,Mondrian-split-CP,0.8376623376623377,6.724510822510874,154,0.2921167497751032,False
A_folds,F2,9,True,False,day_of_week,Fri,Mondrian-split-CP,0.8631578947368421,4.9168684489000665,285,0.2921167497751032,False
A_folds,F2,9,True,False,day_of_week,Sat,Mondrian-split-CP,0.668,4.8296280105820495,250,0.2921167497751032,False
A_folds,F2,9,True,False,day_of_week,Thu,ACI,0.8961038961038961,7.512206134474035,154,0.2921167497751032,False
A_folds,F2,9,True,False,day_of_week,Fri,ACI,0.8771929824561403,5.849138707458887,285,0.2921167497751032,False
A_folds,F2,9,True,False,day_of_week,Sat,ACI,0.848,10.858657877825868,250,0.2921167497751032,False
A_folds,F2,9,True,False,day_of_week,Thu,ToD-ACI,0.8961038961038961,7.902291791601904,154,0.2921167497751032,False
A_folds,F2,9,True,False,day_of_week,Fri,ToD-ACI,0.8736842105263158,5.288112249057007,285,0.2921167497751032,False
A_folds,F2,9,True,False,day_of_week,Sat,ToD-ACI,0.872,10.801964548821545,250,0.2921167497751032,False
A_folds,F2,9,True,False,occupancy_tercile,low,split-CP,0.5826771653543307,5.620738095238266,381,0.7132493009130043,False
A_folds,F2,9,True,False,occupancy_tercile,mid,split-CP,0.9607843137254902,5.620738095238266,102,0.7132493009130043,False
A_folds,F2,9,True,False,occupancy_tercile,high,split-CP,1.0,5.620738095238266,206,0.7132493009130043,False
A_folds,F2,9,True,False,occupancy_tercile,low,Mondrian-split-CP,0.6509186351706037,7.021658480190051,381,0.7132493009130043,False
A_folds,F2,9,True,False,occupancy_tercile,mid,Mondrian-split-CP,0.9215686274509804,4.9221205778609445,102,0.7132493009130043,False
A_folds,F2,9,True,False,occupancy_tercile,high,Mondrian-split-CP,0.970873786407767,2.266898045410098,206,0.7132493009130043,False
A_folds,F2,9,True,False,occupancy_tercile,low,ACI,0.8267716535433071,11.718941100796767,381,0.7132493009130043,False
A_folds,F2,9,True,False,occupancy_tercile,mid,ACI,0.8529411764705882,4.047700696271771,102,0.7132493009130043,False
A_folds,F2,9,True,False,occupancy_tercile,high,ACI,0.9611650485436892,3.2076054144075834,206,0.7132493009130043,False
A_folds,F2,9,True,False,occupancy_tercile,low,ToD-ACI,0.84251968503937,12.032028732835183,381,0.7132493009130043,False
A_folds,F2,9,True,False,occupancy_tercile,mid,ToD-ACI,0.8823529411764706,4.730742094144101,102,0.7132493009130043,False
A_folds,F2,9,True,False,occupancy_tercile,high,ToD-ACI,0.941747572815534,1.7369777829146753,206,0.7132493009130043,False
A_folds,F2,9,True,False,random_5,r0,split-CP,0.7676056338028169,5.620738095238266,142,0.0696871502838824,False
A_folds,F2,9,True,False,random_5,r3,split-CP,0.7985611510791367,5.620738095238266,139,0.0696871502838824,False
A_folds,F2,9,True,False,random_5,r2,split-CP,0.78,5.620738095238266,150,0.0696871502838824,False
A_folds,F2,9,True,False,random_5,r4,split-CP,0.7318840579710145,5.620738095238266,138,0.0696871502838824,False
A_folds,F2,9,True,False,random_5,r1,split-CP,0.7333333333333333,5.620738095238266,120,0.0696871502838824,False
A_folds,F2,9,True,False,random_5,r0,Mondrian-split-CP,0.8028169014084507,5.329939730978531,142,0.0696871502838824,False
A_folds,F2,9,True,False,random_5,r3,Mondrian-split-CP,0.8057553956834532,5.157279224239678,139,0.0696871502838824,False
A_folds,F2,9,True,False,random_5,r2,Mondrian-split-CP,0.8,5.135092680776061,150,0.0696871502838824,False
A_folds,F2,9,True,False,random_5,r4,Mondrian-split-CP,0.7536231884057971,5.53330478874324,138,0.0696871502838824,False
A_folds,F2,9,True,False,random_5,r1,Mondrian-split-CP,0.7666666666666667,5.3059663359788605,120,0.0696871502838824,False
A_folds,F2,9,True,False,random_5,r0,ACI,0.8661971830985915,7.266138237675221,142,0.0696871502838824,False
A_folds,F2,9,True,False,random_5,r3,ACI,0.8992805755395683,8.525698830545931,139,0.0696871502838824,False
A_folds,F2,9,True,False,random_5,r2,ACI,0.88,7.466577925284612,150,0.0696871502838824,False
A_folds,F2,9,True,False,random_5,r4,ACI,0.855072463768116,8.637546460986707,138,0.0696871502838824,False
A_folds,F2,9,True,False,random_5,r1,ACI,0.85,8.4143073182219,120,0.0696871502838824,False
A_folds,F2,9,True,False,random_5,r0,ToD-ACI,0.8802816901408451,7.242211160904828,142,0.0696871502838824,False
A_folds,F2,9,True,False,random_5,r3,ToD-ACI,0.8992805755395683,7.692152671801978,139,0.0696871502838824,False
A_folds,F2,9,True,False,random_5,r2,ToD-ACI,0.8533333333333334,7.292095442520455,150,0.0696871502838824,False
A_folds,F2,9,True,False,random_5,r4,ToD-ACI,0.8913043478260869,8.649359560058853,138,0.0696871502838824,False
A_folds,F2,9,True,False,random_5,r1,ToD-ACI,0.8666666666666667,8.662724351651464,120,0.0696871502838824,False
A_folds,F2,9,True,False,time_of_day,midday,split-CP,0.5247524752475248,5.620738095238266,202,1.0,False
A_folds,F2,9,True,False,time_of_day,pm_rush,split-CP,0.6691176470588235,5.620738095238266,136,1.0,False
A_folds,F2,9,True,False,time_of_day,evening,split-CP,0.9824561403508772,5.620738095238266,114,1.0,False
A_folds,F2,9,True,False,time_of_day,night,split-CP,1.0,5.620738095238266,141,1.0,False
A_folds,F2,9,True,False,time_of_day,am_rush,split-CP,0.7916666666666666,5.620738095238266,96,1.0,False
A_folds,F2,9,True,False,time_of_day,midday,Mondrian-split-CP,0.5841584158415841,6.663714285714377,202,1.0,False
A_folds,F2,9,True,False,time_of_day,pm_rush,Mondrian-split-CP,0.7867647058823529,8.253621693121659,136,1.0,False
A_folds,F2,9,True,False,time_of_day,evening,Mondrian-split-CP,0.9736842105263158,5.268862433862523,114,1.0,False
A_folds,F2,9,True,False,time_of_day,night,Mondrian-split-CP,0.9361702127659576,0.4729444444442379,141,1.0,False
A_folds,F2,9,True,False,time_of_day,am_rush,Mondrian-split-CP,0.7708333333333334,5.295738095238448,96,1.0,False
A_folds,F2,9,True,False,time_of_day,midday,ACI,0.8415841584158416,13.22185505693427,202,1.0,False
A_folds,F2,9,True,False,time_of_day,pm_rush,ACI,0.8823529411764706,11.022983926272577,136,1.0,False
A_folds,F2,9,True,False,time_of_day,evening,ACI,1.0,6.004710496780685,114,1.0,False
A_folds,F2,9,True,False,time_of_day,night,ACI,0.9716312056737588,2.132434937009384,141,1.0,False
A_folds,F2,9,True,False,time_of_day,am_rush,ACI,0.6145833333333334,3.993727995480597,96,1.0,False
A_folds,F2,9,True,False,time_of_day,midday,ToD-ACI,0.8613861386138614,13.268290158777774,202,1.0,False
A_folds,F2,9,True,False,time_of_day,pm_rush,ToD-ACI,0.875,11.630764041854189,136,1.0,False
A_folds,F2,9,True,False,time_of_day,evening,ToD-ACI,0.9385964912280702,3.657627483059522,114,1.0,False
A_folds,F2,9,True,False,time_of_day,night,ToD-ACI,0.9148936170212766,0.6224091241697673,141,1.0,False
A_folds,F2,9,True,False,time_of_day,am_rush,ToD-ACI,0.7916666666666666,6.85258669532629,96,1.0,False
A_folds,F2,10,False,False,day_of_week,Thu,split-CP,0.8896103896103896,4.802523809523806,154,0.2921167497751032,False
A_folds,F2,10,False,False,day_of_week,Fri,split-CP,0.936842105263158,4.802523809523805,285,0.2921167497751032,False
A_folds,F2,10,False,False,day_of_week,Sat,split-CP,1.0,4.802523809523805,250,0.2921167497751032,False
A_folds,F2,10,False,False,day_of_week,Thu,Mondrian-split-CP,0.8896103896103896,4.483159554730981,154,0.2921167497751032,False
A_folds,F2,10,False,False,day_of_week,Fri,Mondrian-split-CP,0.9403508771929824,4.392880618212195,285,0.2921167497751032,False
A_folds,F2,10,False,False,day_of_week,Sat,Mondrian-split-CP,1.0,4.475769841269839,250,0.2921167497751032,False
A_folds,F2,10,False,False,day_of_week,Thu,ACI,0.922077922077922,5.3911067563389,154,0.2921167497751032,False
A_folds,F2,10,False,False,day_of_week,Fri,ACI,0.9087719298245616,4.322313772647107,285,0.2921167497751032,False
A_folds,F2,10,False,False,day_of_week,Sat,ACI,0.916,2.218351455026455,250,0.2921167497751032,False
A_folds,F2,10,False,False,day_of_week,Thu,ToD-ACI,0.9155844155844156,5.799032020889163,154,0.2921167497751032,False
A_folds,F2,10,False,False,day_of_week,Fri,ToD-ACI,0.9228070175438596,4.490964954051795,285,0.2921167497751032,False
A_folds,F2,10,False,False,day_of_week,Sat,ToD-ACI,0.98,3.154692835978836,250,0.2921167497751032,False
A_folds,F2,10,False,False,occupancy_tercile,low,split-CP,0.915824915824916,4.802523809523806,297,0.3157669393596607,False
A_folds,F2,10,False,False,occupancy_tercile,mid,split-CP,0.9691780821917808,4.802523809523805,292,0.3157669393596607,False
A_folds,F2,10,False,False,occupancy_tercile,high,split-CP,0.99,4.802523809523804,100,0.3157669393596607,False
A_folds,F2,10,False,False,occupancy_tercile,low,Mondrian-split-CP,0.9090909090909092,4.2762379349046,297,0.3157669393596607,False
A_folds,F2,10,False,False,occupancy_tercile,mid,Mondrian-split-CP,0.976027397260274,4.365891199173732,292,0.3157669393596607,False
A_folds,F2,10,False,False,occupancy_tercile,high,Mondrian-split-CP,1.0,5.164371111111105,100,0.3157669393596607,False
A_folds,F2,10,False,False,occupancy_tercile,low,ACI,0.925925925925926,4.925740744384684,297,0.3157669393596607,False
A_folds,F2,10,False,False,occupancy_tercile,mid,ACI,0.9075342465753424,3.0236991403763667,292,0.3157669393596607,False
A_folds,F2,10,False,False,occupancy_tercile,high,ACI,0.9,2.708125793650794,100,0.3157669393596607,False
A_folds,F2,10,False,False,occupancy_tercile,low,ToD-ACI,0.9191919191919192,5.106300772272992,297,0.3157669393596607,False
A_folds,F2,10,False,False,occupancy_tercile,mid,ToD-ACI,0.9486301369863014,3.5373299856852936,292,0.3157669393596607,False
A_folds,F2,10,False,False,occupancy_tercile,high,ToD-ACI,0.99,4.121774669312169,100,0.3157669393596607,False
A_folds,F2,10,False,False,random_5,r0,split-CP,0.9507042253521126,4.802523809523805,142,0.0696871502838824,False
A_folds,F2,10,False,False,random_5,r3,split-CP,0.935251798561151,4.802523809523806,139,0.0696871502838824,False
A_folds,F2,10,False,False,random_5,r2,split-CP,0.9333333333333332,4.802523809523804,150,0.0696871502838824,False
A_folds,F2,10,False,False,random_5,r4,split-CP,0.9782608695652174,4.802523809523806,138,0.0696871502838824,False
A_folds,F2,10,False,False,random_5,r1,split-CP,0.95,4.802523809523806,120,0.0696871502838824,False
A_folds,F2,10,False,False,random_5,r0,Mondrian-split-CP,0.9507042253521126,4.496363905656158,142,0.0696871502838824,False
A_folds,F2,10,False,False,random_5,r3,Mondrian-split-CP,0.935251798561151,4.388557668151193,139,0.0696871502838824,False
A_folds,F2,10,False,False,random_5,r2,Mondrian-split-CP,0.9266666666666666,4.372097645502644,150,0.0696871502838824,False
A_folds,F2,10,False,False,random_5,r4,Mondrian-split-CP,0.9855072463768116,4.500794312169311,138,0.0696871502838824,False
A_folds,F2,10,False,False,random_5,r1,Mondrian-split-CP,0.9583333333333334,4.465854629629627,120,0.0696871502838824,False
A_folds,F2,10,False,False,random_5,r0,ACI,0.8802816901408451,3.7476215703310776,142,0.0696871502838824,False
A_folds,F2,10,False,False,random_5,r3,ACI,0.8920863309352518,3.961158501770013,139,0.0696871502838824,False
A_folds,F2,10,False,False,random_5,r2,ACI,0.92,3.8247172478755815,150,0.0696871502838824,False
A_folds,F2,10,False,False,random_5,r4,ACI,0.9492753623188406,3.6389584849530494,138,0.0696871502838824,False
A_folds,F2,10,False,False,random_5,r1,ACI,0.9333333333333332,3.8169214716610553,120,0.0696871502838824,False
A_folds,F2,10,False,False,random_5,r0,ToD-ACI,0.9366197183098592,4.390130644980996,142,0.0696871502838824,False
A_folds,F2,10,False,False,random_5,r3,ToD-ACI,0.9064748201438848,4.244635110958851,139,0.0696871502838824,False
A_folds,F2,10,False,False,random_5,r2,ToD-ACI,0.94,4.18196951499118,150,0.0696871502838824,False
A_folds,F2,10,False,False,random_5,r4,ToD-ACI,0.9710144927536232,4.390390988037726,138,0.0696871502838824,False
A_folds,F2,10,False,False,random_5,r1,ToD-ACI,0.9583333333333334,4.292307804232804,120,0.0696871502838824,False
A_folds,F2,10,False,False,time_of_day,midday,split-CP,0.9504950495049505,4.802523809523805,202,1.0,False
A_folds,F2,10,False,False,time_of_day,pm_rush,split-CP,0.9191176470588236,4.802523809523806,136,1.0,False
A_folds,F2,10,False,False,time_of_day,evening,split-CP,0.9649122807017544,4.802523809523805,114,1.0,False
A_folds,F2,10,False,False,time_of_day,night,split-CP,0.9716312056737588,4.802523809523804,141,1.0,False
A_folds,F2,10,False,False,time_of_day,am_rush,split-CP,0.9375,4.802523809523805,96,1.0,False
A_folds,F2,10,False,False,time_of_day,midday,Mondrian-split-CP,0.9455445544554456,4.532333333333327,202,1.0,False
A_folds,F2,10,False,False,time_of_day,pm_rush,Mondrian-split-CP,0.9485294117647058,5.66097222222222,136,1.0,False
A_folds,F2,10,False,False,time_of_day,evening,Mondrian-split-CP,0.9473684210526316,3.245928571428572,114,1.0,False
A_folds,F2,10,False,False,time_of_day,night,Mondrian-split-CP,0.9645390070921984,3.27948412698413,141,1.0,False
A_folds,F2,10,False,False,time_of_day,am_rush,Mondrian-split-CP,0.9479166666666666,5.66097222222222,96,1.0,False
A_folds,F2,10,False,False,time_of_day,midday,ACI,0.8762376237623762,3.754882732916149,202,1.0,False
A_folds,F2,10,False,False,time_of_day,pm_rush,ACI,0.8823529411764706,4.203873840824209,136,1.0,False
A_folds,F2,10,False,False,time_of_day,evening,ACI,0.9912280701754386,4.083000601250602,114,1.0,False
A_folds,F2,10,False,False,time_of_day,night,ACI,0.9716312056737588,3.8571454651206416,141,1.0,False
A_folds,F2,10,False,False,time_of_day,am_rush,ACI,0.8645833333333334,2.8869270407447503,96,1.0,False
A_folds,F2,10,False,False,time_of_day,midday,ToD-ACI,0.9306930693069309,4.12695004976688,202,1.0,False
A_folds,F2,10,False,False,time_of_day,pm_rush,ToD-ACI,0.9411764705882352,5.923550070028012,136,1.0,False
A_folds,F2,10,False,False,time_of_day,evening,ToD-ACI,0.9473684210526316,3.515146964633806,114,1.0,False
A_folds,F2,10,False,False,time_of_day,night,ToD-ACI,0.9645390070921984,3.1543143645164906,141,1.0,False
A_folds,F2,10,False,False,time_of_day,am_rush,ToD-ACI,0.9270833333333334,4.967889095568783,96,1.0,False
A_folds,F2,11,True,False,day_of_week,Thu,split-CP,0.8701298701298701,6.159951534906892,154,0.2921167497751032,False
A_folds,F2,11,True,False,day_of_week,Fri,split-CP,0.8526315789473684,6.561400183117726,285,0.2921167497751032,False
A_folds,F2,11,True,False,day_of_week,Sat,split-CP,0.916,6.272969309523809,250,0.2921167497751032,False
A_folds,F2,11,True,False,day_of_week,Thu,Mondrian-split-CP,0.935064935064935,7.685375287741361,154,0.2921167497751032,False
A_folds,F2,11,True,False,day_of_week,Fri,Mondrian-split-CP,0.856140350877193,5.9694858625941984,285,0.2921167497751032,False
A_folds,F2,11,True,False,day_of_week,Sat,Mondrian-split-CP,0.864,5.550058849206351,250,0.2921167497751032,False
A_folds,F2,11,True,False,day_of_week,Thu,ACI,0.8896103896103896,7.6289683086274,154,0.2921167497751032,False
A_folds,F2,11,True,False,day_of_week,Fri,ACI,0.887719298245614,6.954654953883025,285,0.2921167497751032,False
A_folds,F2,11,True,False,day_of_week,Sat,ACI,0.9,5.778698195045696,250,0.2921167497751032,False
A_folds,F2,11,True,False,day_of_week,Thu,ToD-ACI,0.8831168831168831,7.572622368552563,154,0.2921167497751032,False
A_folds,F2,11,True,False,day_of_week,Fri,ToD-ACI,0.887719298245614,6.574610522940348,285,0.2921167497751032,False
A_folds,F2,11,True,False,day_of_week,Sat,ToD-ACI,0.9,6.766792024290524,250,0.2921167497751032,False
A_folds,F2,11,True,False,occupancy_tercile,low,split-CP,0.7947761194029851,5.160393491148155,268,0.6821496828927334,False
A_folds,F2,11,True,False,occupancy_tercile,mid,split-CP,0.8410596026490066,7.135126984126983,151,0.6821496828927334,False
A_folds,F2,11,True,False,occupancy_tercile,high,split-CP,0.9851851851851852,7.135126984126982,270,0.6821496828927334,False
A_folds,F2,11,True,False,occupancy_tercile,low,Mondrian-split-CP,0.8395522388059702,6.130905783357743,268,0.6821496828927334,False
A_folds,F2,11,True,False,occupancy_tercile,mid,Mondrian-split-CP,0.8741721854304636,9.073662190336034,151,0.6821496828927334,False
A_folds,F2,11,True,False,occupancy_tercile,high,Mondrian-split-CP,0.9148148148148147,4.663556432490695,270,0.6821496828927334,False
A_folds,F2,11,True,False,occupancy_tercile,low,ACI,0.8731343283582089,8.00887920628639,268,0.6821496828927334,False
A_folds,F2,11,True,False,occupancy_tercile,mid,ACI,0.8807947019867549,8.802370908708657,151,0.6821496828927334,False
A_folds,F2,11,True,False,occupancy_tercile,high,ACI,0.9185185185185184,4.170647020914614,270,0.6821496828927334,False
A_folds,F2,11,True,False,occupancy_tercile,low,ToD-ACI,0.8805970149253731,8.189365363613032,268,0.6821496828927334,False
A_folds,F2,11,True,False,occupancy_tercile,mid,ToD-ACI,0.8741721854304636,9.159780291881289,151,0.6821496828927334,False
A_folds,F2,11,True,False,occupancy_tercile,high,ToD-ACI,0.9111111111111112,4.273218919797623,270,0.6821496828927334,False
A_folds,F2,11,True,False,random_5,r0,split-CP,0.8873239436619719,6.359950708882928,142,0.0696871502838824,False
A_folds,F2,11,True,False,random_5,r3,split-CP,0.8561151079136691,6.567074683110655,139,0.0696871502838824,False
A_folds,F2,11,True,False,random_5,r2,split-CP,0.8933333333333333,6.274229475308642,150,0.0696871502838824,False
A_folds,F2,11,True,False,random_5,r4,split-CP,0.9130434782608696,6.225802517061575,138,0.0696871502838824,False
A_folds,F2,11,True,False,random_5,r1,split-CP,0.8416666666666667,6.42201971400513,120,0.0696871502838824,False
A_folds,F2,11,True,False,random_5,r0,Mondrian-split-CP,0.8943661971830986,6.257881762799019,142,0.0696871502838824,False
A_folds,F2,11,True,False,random_5,r3,Mondrian-split-CP,0.8345323741007195,6.293272015720758,139,0.0696871502838824,False
A_folds,F2,11,True,False,random_5,r2,Mondrian-split-CP,0.8733333333333333,5.770767103174605,150,0.0696871502838824,False
A_folds,F2,11,True,False,random_5,r4,Mondrian-split-CP,0.8985507246376812,6.398053753546509,138,0.0696871502838824,False
A_folds,F2,11,True,False,random_5,r1,Mondrian-split-CP,0.8833333333333333,6.336962279040406,120,0.0696871502838824,False
A_folds,F2,11,True,False,random_5,r0,ACI,0.8943661971830986,6.880407147853451,142,0.0696871502838824,False
A_folds,F2,11,True,False,random_5,r3,ACI,0.8201438848920863,6.103495298998896,139,0.0696871502838824,False
A_folds,F2,11,True,False,random_5,r2,ACI,0.9333333333333332,6.7799749266474265,150,0.0696871502838824,False
A_folds,F2,11,True,False,random_5,r4,ACI,0.8913043478260869,6.702543050850116,138,0.0696871502838824,False
A_folds,F2,11,True,False,random_5,r1,ACI,0.925,6.952179071468654,120,0.0696871502838824,False
A_folds,F2,11,True,False,random_5,r0,ToD-ACI,0.8873239436619719,7.12597935296967,142,0.0696871502838824,False
A_folds,F2,11,True,False,random_5,r3,ToD-ACI,0.841726618705036,6.629466857682685,139,0.0696871502838824,False
A_folds,F2,11,True,False,random_5,r2,ToD-ACI,0.9133333333333332,6.5997209932659935,150,0.0696871502838824,False
A_folds,F2,11,True,False,random_5,r4,ToD-ACI,0.8985507246376812,6.703416904552775,138,0.0696871502838824,False
A_folds,F2,11,True,False,random_5,r1,ToD-ACI,0.9166666666666666,7.360260055916306,120,0.0696871502838824,False
A_folds,F2,11,True,False,time_of_day,midday,split-CP,0.8267326732673267,5.0087424429943,202,1.0,False
A_folds,F2,11,True,False,time_of_day,pm_rush,split-CP,0.8088235294117647,7.135126984126984,136,1.0,False
A_folds,F2,11,True,False,time_of_day,evening,split-CP,0.9736842105263158,7.135126984126983,114,1.0,False
A_folds,F2,11,True,False,time_of_day,night,split-CP,1.0,7.135126984126982,141,1.0,False
A_folds,F2,11,True,False,time_of_day,am_rush,split-CP,0.8020833333333334,6.096596788194444,96,1.0,False
A_folds,F2,11,True,False,time_of_day,midday,Mondrian-split-CP,0.8217821782178217,4.687212651622306,202,1.0,False
A_folds,F2,11,True,False,time_of_day,pm_rush,Mondrian-split-CP,0.9705882352941176,13.296597883597885,136,1.0,False
A_folds,F2,11,True,False,time_of_day,evening,Mondrian-split-CP,0.9385964912280702,6.22108333333334,114,1.0,False
A_folds,F2,11,True,False,time_of_day,night,Mondrian-split-CP,0.8652482269503546,1.607365079365081,141,1.0,False
A_folds,F2,11,True,False,time_of_day,am_rush,Mondrian-split-CP,0.8020833333333334,6.055934723600089,96,1.0,False
A_folds,F2,11,True,False,time_of_day,midday,ACI,0.8910891089108911,6.658576914536692,202,1.0,False
A_folds,F2,11,True,False,time_of_day,pm_rush,ACI,0.8897058823529411,10.788997518957077,136,1.0,False
A_folds,F2,11,True,False,time_of_day,evening,ACI,0.956140350877193,6.745716932271759,114,1.0,False
A_folds,F2,11,True,False,time_of_day,night,ACI,0.9858156028368794,3.383642808531107,141,1.0,False
A_folds,F2,11,True,False,time_of_day,am_rush,ACI,0.6875,5.658028797398589,96,1.0,False
A_folds,F2,11,True,False,time_of_day,midday,ToD-ACI,0.8910891089108911,6.647647998133145,202,1.0,False
A_folds,F2,11,True,False,time_of_day,pm_rush,ToD-ACI,0.9264705882352942,11.511644125958464,136,1.0,False
A_folds,F2,11,True,False,time_of_day,evening,ToD-ACI,0.9210526315789472,5.862024534189008,114,1.0,False
A_folds,F2,11,True,False,time_of_day,night,ToD-ACI,0.8865248226950354,1.980346954857593,141,1.0,False
A_folds,F2,11,True,False,time_of_day,am_rush,ToD-ACI,0.8125,9.12226703731261,96,1.0,False
A_folds,F2,12,True,False,day_of_week,Thu,split-CP,0.8701298701298701,14.284694444444428,154,0.2921167497751032,False
A_folds,F2,12,True,False,day_of_week,Fri,split-CP,0.8947368421052632,14.284694444444428,285,0.2921167497751032,False
A_folds,F2,12,True,False,day_of_week,Sat,split-CP,0.784,14.284694444444428,250,0.2921167497751032,False
A_folds,F2,12,True,False,day_of_week,Thu,Mondrian-split-CP,0.9025974025974026,16.647017625231904,154,0.2921167497751032,False
A_folds,F2,12,True,False,day_of_week,Fri,Mondrian-split-CP,0.8982456140350877,12.497176134781377,285,0.2921167497751032,False
A_folds,F2,12,True,False,day_of_week,Sat,Mondrian-split-CP,0.8,11.90925552380949,250,0.2921167497751032,False
A_folds,F2,12,True,False,day_of_week,Thu,ACI,0.8831168831168831,15.966841781294702,154,0.2921167497751032,False
A_folds,F2,12,True,False,day_of_week,Fri,ACI,0.9017543859649124,14.02578327299731,285,0.2921167497751032,False
A_folds,F2,12,True,False,day_of_week,Sat,ACI,0.872,21.72748278018278,250,0.2921167497751032,False
A_folds,F2,12,True,False,day_of_week,Thu,ToD-ACI,0.9025974025974026,16.438822417121127,154,0.2921167497751032,False
A_folds,F2,12,True,False,day_of_week,Fri,ToD-ACI,0.9087719298245616,13.575951507134826,285,0.2921167497751032,False
A_folds,F2,12,True,False,day_of_week,Sat,ToD-ACI,0.896,16.70340346560846,250,0.2921167497751032,False
A_folds,F2,12,True,False,occupancy_tercile,mid,split-CP,0.9319727891156464,14.284694444444428,147,0.6932536432348746,False
A_folds,F2,12,True,False,occupancy_tercile,low,split-CP,0.7053291536050157,14.284694444444428,319,0.6932536432348746,False
A_folds,F2,12,True,False,occupancy_tercile,high,split-CP,1.0,14.28469444444443,223,0.6932536432348746,False
A_folds,F2,12,True,False,occupancy_tercile,mid,Mondrian-split-CP,0.91156462585034,13.829075054889667,147,0.6932536432348746,False
A_folds,F2,12,True,False,occupancy_tercile,low,Mondrian-split-CP,0.7774294670846394,17.076593795093768,319,0.6932536432348746,False
A_folds,F2,12,True,False,occupancy_tercile,high,Mondrian-split-CP,0.9551569506726456,7.275077757610243,223,0.6932536432348746,False
A_folds,F2,12,True,False,occupancy_tercile,mid,ACI,0.8775510204081632,14.249636216391316,147,0.6932536432348746,False
A_folds,F2,12,True,False,occupancy_tercile,low,ACI,0.8119122257053292,20.83449577692133,319,0.6932536432348746,False
A_folds,F2,12,True,False,occupancy_tercile,high,ACI,1.0,14.113057782609358,223,0.6932536432348746,False
A_folds,F2,12,True,False,occupancy_tercile,mid,ToD-ACI,0.91156462585034,13.260681361722176,147,0.6932536432348746,False
A_folds,F2,12,True,False,occupancy_tercile,low,ToD-ACI,0.8746081504702194,22.46201746529333,319,0.6932536432348746,False
A_folds,F2,12,True,False,occupancy_tercile,high,ToD-ACI,0.937219730941704,6.555479670719567,223,0.6932536432348746,False
A_folds,F2,12,True,False,random_5,r0,split-CP,0.8802816901408451,14.284694444444431,142,0.0696871502838824,False
A_folds,F2,12,True,False,random_5,r3,split-CP,0.8201438848920863,14.284694444444428,139,0.0696871502838824,False
A_folds,F2,12,True,False,random_5,r2,split-CP,0.86,14.284694444444431,150,0.0696871502838824,False
A_folds,F2,12,True,False,random_5,r4,split-CP,0.8478260869565217,14.284694444444428,138,0.0696871502838824,False
A_folds,F2,12,True,False,random_5,r1,split-CP,0.8333333333333334,14.284694444444426,120,0.0696871502838824,False
A_folds,F2,12,True,False,random_5,r0,Mondrian-split-CP,0.8873239436619719,13.53926192339219,142,0.0696871502838824,False
A_folds,F2,12,True,False,random_5,r3,Mondrian-split-CP,0.841726618705036,12.948159900650882,139,0.0696871502838824,False
A_folds,F2,12,True,False,random_5,r2,Mondrian-split-CP,0.86,12.734562821869462,150,0.0696871502838824,False
A_folds,F2,12,True,False,random_5,r4,Mondrian-split-CP,0.8695652173913043,13.767412123303409,138,0.0696871502838824,False
A_folds,F2,12,True,False,random_5,r1,Mondrian-split-CP,0.8583333333333333,13.08494231701937,120,0.0696871502838824,False
A_folds,F2,12,True,False,random_5,r0,ACI,0.9154929577464788,16.129100613783717,142,0.0696871502838824,False
A_folds,F2,12,True,False,random_5,r3,ACI,0.8705035971223022,18.15759554693907,139,0.0696871502838824,False
A_folds,F2,12,True,False,random_5,r2,ACI,0.8933333333333333,16.993158571428577,150,0.0696871502838824,False
A_folds,F2,12,True,False,random_5,r4,ACI,0.8623188405797102,16.909593060522408,138,0.0696871502838824,False
A_folds,F2,12,True,False,random_5,r1,ACI,0.8916666666666667,18.26147388267597,120,0.0696871502838824,False
A_folds,F2,12,True,False,random_5,r0,ToD-ACI,0.9366197183098592,15.058096459226723,142,0.0696871502838824,False
A_folds,F2,12,True,False,random_5,r3,ToD-ACI,0.8848920863309353,15.143582396420522,139,0.0696871502838824,False
A_folds,F2,12,True,False,random_5,r2,ToD-ACI,0.9066666666666666,14.48717456549623,150,0.0696871502838824,False
A_folds,F2,12,True,False,random_5,r4,ToD-ACI,0.9202898550724636,15.948981388244068,138,0.0696871502838824,False
A_folds,F2,12,True,False,random_5,r1,ToD-ACI,0.8583333333333333,16.32777026214525,120,0.0696871502838824,False
A_folds,F2,12,True,False,time_of_day,midday,split-CP,0.7326732673267327,14.284694444444428,202,1.0,False
A_folds,F2,12,True,False,time_of_day,pm_rush,split-CP,0.6838235294117647,14.284694444444426,136,1.0,False
A_folds,F2,12,True,False,time_of_day,evening,split-CP,0.9385964912280702,14.284694444444428,114,1.0,False
A_folds,F2,12,True,False,time_of_day,night,split-CP,1.0,14.28469444444443,141,1.0,False
A_folds,F2,12,True,False,time_of_day,am_rush,split-CP,1.0,14.284694444444426,96,1.0,False
A_folds,F2,12,True,False,time_of_day,midday,Mondrian-split-CP,0.6782178217821783,11.807880952380856,202,1.0,False
A_folds,F2,12,True,False,time_of_day,pm_rush,Mondrian-split-CP,0.8897058823529411,22.750920634920647,136,1.0,False
A_folds,F2,12,True,False,time_of_day,evening,Mondrian-split-CP,0.9736842105263158,16.390404761904847,114,1.0,False
A_folds,F2,12,True,False,time_of_day,night,Mondrian-split-CP,0.9219858156028368,3.0014126984126506,141,1.0,False
A_folds,F2,12,True,False,time_of_day,am_rush,Mondrian-split-CP,1.0,13.87111772486771,96,1.0,False
A_folds,F2,12,True,False,time_of_day,midday,ACI,0.7376237623762376,16.116861190285693,202,1.0,False
A_folds,F2,12,True,False,time_of_day,pm_rush,ACI,0.8529411764705882,24.892681941084515,136,1.0,False
A_folds,F2,12,True,False,time_of_day,evening,ACI,0.956140350877193,19.464956581267987,114,1.0,False
A_folds,F2,12,True,False,time_of_day,night,ACI,1.0,14.05686690443783,141,1.0,False
A_folds,F2,12,True,False,time_of_day,am_rush,ACI,1.0,10.89665181201901,96,1.0,False
A_folds,F2,12,True,False,time_of_day,midday,ToD-ACI,0.8465346534653465,20.292219179060755,202,1.0,False
A_folds,F2,12,True,False,time_of_day,pm_rush,ToD-ACI,0.8970588235294118,24.354450147483224,136,1.0,False
A_folds,F2,12,True,False,time_of_day,evening,ToD-ACI,0.9298245614035088,14.096747245850318,114,1.0,False
A_folds,F2,12,True,False,time_of_day,night,ToD-ACI,0.900709219858156,3.528072544935992,141,1.0,False
A_folds,F2,12,True,False,time_of_day,am_rush,ToD-ACI,1.0,11.050570719596772,96,1.0,False
A_folds,F2,13,True,False,day_of_week,Thu,split-CP,0.8116883116883117,21.24982539682537,154,0.2921167497751032,False
A_folds,F2,13,True,False,day_of_week,Fri,split-CP,0.9192982456140352,21.24982539682537,285,0.2921167497751032,False
A_folds,F2,13,True,False,day_of_week,Sat,split-CP,0.94,21.24982539682537,250,0.2921167497751032,False
A_folds,F2,13,True,False,day_of_week,Thu,Mondrian-split-CP,0.8831168831168831,21.732392960214344,154,0.2921167497751032,False
A_folds,F2,13,True,False,day_of_week,Fri,Mondrian-split-CP,0.9543859649122808,17.23721670843773,285,0.2921167497751032,False
A_folds,F2,13,True,False,day_of_week,Sat,Mondrian-split-CP,0.952,18.55175479365076,250,0.2921167497751032,False
A_folds,F2,13,True,False,day_of_week,Thu,ACI,0.922077922077922,30.336413497217062,154,0.2921167497751032,False
A_folds,F2,13,True,False,day_of_week,Fri,ACI,0.9052631578947368,20.646248881462924,285,0.2921167497751032,False
A_folds,F2,13,True,False,day_of_week,Sat,ACI,0.872,14.585882302549296,250,0.2921167497751032,False
A_folds,F2,13,True,False,day_of_week,Thu,ToD-ACI,0.8831168831168831,22.942693370782663,154,0.2921167497751032,False
A_folds,F2,13,True,False,day_of_week,Fri,ToD-ACI,0.9403508771929824,17.684688619697397,285,0.2921167497751032,False
A_folds,F2,13,True,False,day_of_week,Sat,ToD-ACI,0.88,15.993377836940844,250,0.2921167497751032,False
A_folds,F2,13,True,False,occupancy_tercile,low,split-CP,0.7217391304347827,21.24982539682537,230,0.6345987898641997,False
A_folds,F2,13,True,False,occupancy_tercile,mid,split-CP,0.985645933014354,21.24982539682537,209,0.6345987898641997,False
A_folds,F2,13,True,False,occupancy_tercile,high,split-CP,1.0,21.24982539682537,250,0.6345987898641997,False
A_folds,F2,13,True,False,occupancy_tercile,low,Mondrian-split-CP,0.8652173913043478,30.30790320910967,230,0.6345987898641997,False
A_folds,F2,13,True,False,occupancy_tercile,mid,Mondrian-split-CP,0.9665071770334928,22.858189223057607,209,0.6345987898641997,False
A_folds,F2,13,True,False,occupancy_tercile,high,Mondrian-split-CP,0.98,4.596618761904756,250,0.6345987898641997,False
A_folds,F2,13,True,False,occupancy_tercile,low,ACI,0.808695652173913,30.328074631930065,230,0.6345987898641997,False
A_folds,F2,13,True,False,occupancy_tercile,mid,ACI,0.8899521531100478,19.662944546858427,209,0.6345987898641997,False
A_folds,F2,13,True,False,occupancy_tercile,high,ACI,0.984,12.469786439153436,250,0.6345987898641997,False
A_folds,F2,13,True,False,occupancy_tercile,low,ToD-ACI,0.8304347826086956,31.19197527605244,230,0.6345987898641997,False
A_folds,F2,13,True,False,occupancy_tercile,mid,ToD-ACI,0.9617224880382776,20.313232899167115,209,0.6345987898641997,False
A_folds,F2,13,True,False,occupancy_tercile,high,ToD-ACI,0.928,4.6081420221260325,250,0.6345987898641997,False
A_folds,F2,13,True,False,random_5,r0,split-CP,0.9225352112676056,21.24982539682537,142,0.0696871502838824,False
A_folds,F2,13,True,False,random_5,r3,split-CP,0.8705035971223022,21.24982539682537,139,0.0696871502838824,False
A_folds,F2,13,True,False,random_5,r2,split-CP,0.8866666666666667,21.24982539682537,150,0.0696871502838824,False
A_folds,F2,13,True,False,random_5,r4,split-CP,0.9202898550724636,21.24982539682537,138,0.0696871502838824,False
A_folds,F2,13,True,False,random_5,r1,split-CP,0.9166666666666666,21.24982539682537,120,0.0696871502838824,False
A_folds,F2,13,True,False,random_5,r0,Mondrian-split-CP,0.943661971830986,18.19599418734627,142,0.0696871502838824,False
A_folds,F2,13,True,False,random_5,r3,Mondrian-split-CP,0.935251798561151,18.201838985954065,139,0.0696871502838824,False
A_folds,F2,13,True,False,random_5,r2,Mondrian-split-CP,0.9333333333333332,18.29232973544969,150,0.0696871502838824,False
A_folds,F2,13,True,False,random_5,r4,Mondrian-split-CP,0.927536231884058,19.5601353807223,138,0.0696871502838824,False
A_folds,F2,13,True,False,random_5,r1,Mondrian-split-CP,0.95,19.50249199735446,120,0.0696871502838824,False
A_folds,F2,13,True,False,random_5,r0,ACI,0.8943661971830986,19.17790498546836,142,0.0696871502838824,False
A_folds,F2,13,True,False,random_5,r3,ACI,0.8776978417266187,21.339070534048947,139,0.0696871502838824,False
A_folds,F2,13,True,False,random_5,r2,ACI,0.9066666666666666,20.66143044252045,150,0.0696871502838824,False
A_folds,F2,13,True,False,random_5,r4,ACI,0.8840579710144928,20.394524921401725,138,0.0696871502838824,False
A_folds,F2,13,True,False,random_5,r1,ACI,0.925,21.66172389770724,120,0.0696871502838824,False
A_folds,F2,13,True,False,random_5,r0,ToD-ACI,0.943661971830986,17.704140602876524,142,0.0696871502838824,False
A_folds,F2,13,True,False,random_5,r3,ToD-ACI,0.9064748201438848,16.972532499541497,139,0.0696871502838824,False
A_folds,F2,13,True,False,random_5,r2,ToD-ACI,0.8866666666666667,18.685972231040573,150,0.0696871502838824,False
A_folds,F2,13,True,False,random_5,r4,ToD-ACI,0.9057971014492754,19.195345209339774,138,0.0696871502838824,False
A_folds,F2,13,True,False,random_5,r1,ToD-ACI,0.8833333333333333,18.72193365299825,120,0.0696871502838824,False
A_folds,F2,13,True,False,time_of_day,midday,split-CP,0.7970297029702971,21.24982539682537,202,1.0,False
A_folds,F2,13,True,False,time_of_day,pm_rush,split-CP,0.875,21.24982539682537,136,1.0,False
A_folds,F2,13,True,False,time_of_day,evening,split-CP,1.0,21.24982539682537,114,1.0,False
A_folds,F2,13,True,False,time_of_day,night,split-CP,1.0,21.24982539682537,141,1.0,False
A_folds,F2,13,True,False,time_of_day,am_rush,split-CP,0.90625,21.24982539682537,96,1.0,False
A_folds,F2,13,True,False,time_of_day,midday,Mondrian-split-CP,0.9306930693069309,34.626146825396745,202,1.0,False
A_folds,F2,13,True,False,time_of_day,pm_rush,Mondrian-split-CP,0.9191176470588236,24.95162698412696,136,1.0,False
A_folds,F2,13,True,False,time_of_day,evening,Mondrian-split-CP,0.9385964912280702,2.93320634920633,114,1.0,False
A_folds,F2,13,True,False,time_of_day,night,Mondrian-split-CP,0.9858156028368794,1.552698412698419,141,1.0,False
A_folds,F2,13,True,False,time_of_day,am_rush,Mondrian-split-CP,0.90625,20.376198412698383,96,1.0,False
A_folds,F2,13,True,False,time_of_day,midday,ACI,0.7871287128712872,23.59653901461574,202,1.0,False
A_folds,F2,13,True,False,time_of_day,pm_rush,ACI,0.9779411764705882,34.800117413632115,136,1.0,False
A_folds,F2,13,True,False,time_of_day,evening,ACI,1.0,19.87398727141928,114,1.0,False
A_folds,F2,13,True,False,time_of_day,night,ACI,1.0,11.40644667717363,141,1.0,False
A_folds,F2,13,True,False,time_of_day,am_rush,ACI,0.7395833333333334,8.637487560375591,96,1.0,False
A_folds,F2,13,True,False,time_of_day,midday,ToD-ACI,0.9108910891089108,33.48673044030593,202,1.0,False
A_folds,F2,13,True,False,time_of_day,pm_rush,ToD-ACI,0.8970588235294118,23.96499367802678,136,1.0,False
A_folds,F2,13,True,False,time_of_day,evening,ToD-ACI,0.9298245614035088,3.129636152671244,114,1.0,False
A_folds,F2,13,True,False,time_of_day,night,ToD-ACI,0.8936170212765957,0.9640241472475684,141,1.0,False
A_folds,F2,13,True,False,time_of_day,am_rush,ToD-ACI,0.8958333333333334,21.410321662808645,96,1.0,False
A_folds,F2,14,True,False,day_of_week,Thu,split-CP,0.7857142857142857,16.955387566137574,154,0.2921167497751032,False
A_folds,F2,14,True,False,day_of_week,Fri,split-CP,0.7192982456140351,16.955387566137578,285,0.2921167497751032,False
A_folds,F2,14,True,False,day_of_week,Sat,split-CP,0.772,16.86586898148149,250,0.2921167497751032,False
A_folds,F2,14,True,False,day_of_week,Thu,Mondrian-split-CP,0.7337662337662337,17.630080086580104,154,0.2921167497751032,False
A_folds,F2,14,True,False,day_of_week,Fri,Mondrian-split-CP,0.7333333333333333,15.946390491379956,285,0.2921167497751032,False
A_folds,F2,14,True,False,day_of_week,Sat,Mondrian-split-CP,0.752,15.061708167388154,250,0.2921167497751032,False
A_folds,F2,14,True,False,day_of_week,Thu,ACI,0.8766233766233766,22.008357693352824,154,0.2921167497751032,False
A_folds,F2,14,True,False,day_of_week,Fri,ACI,0.8842105263157894,29.89729322337831,285,0.2921167497751032,False
A_folds,F2,14,True,False,day_of_week,Sat,ACI,0.908,27.60122761568061,250,0.2921167497751032,False
A_folds,F2,14,True,False,day_of_week,Thu,ToD-ACI,0.8376623376623377,20.43869859619698,154,0.2921167497751032,False
A_folds,F2,14,True,False,day_of_week,Fri,ToD-ACI,0.8947368421052632,28.849099522585924,285,0.2921167497751032,False
A_folds,F2,14,True,False,day_of_week,Sat,ToD-ACI,0.948,33.11945960269359,250,0.2921167497751032,False
A_folds,F2,14,True,False,occupancy_tercile,mid,split-CP,0.73,16.955387566137578,100,0.540161122907632,False
A_folds,F2,14,True,False,occupancy_tercile,low,split-CP,0.6373056994818653,16.897409208199697,386,0.540161122907632,False
A_folds,F2,14,True,False,occupancy_tercile,high,split-CP,0.9852216748768472,16.955387566137574,203,0.540161122907632,False
A_folds,F2,14,True,False,occupancy_tercile,mid,Mondrian-split-CP,0.72,16.29205345959597,100,0.540161122907632,False
A_folds,F2,14,True,False,occupancy_tercile,low,Mondrian-split-CP,0.6295336787564767,16.78450835894101,386,0.540161122907632,False
A_folds,F2,14,True,False,occupancy_tercile,high,Mondrian-split-CP,0.9605911330049262,14.370222131590328,203,0.540161122907632,False
A_folds,F2,14,True,False,occupancy_tercile,mid,ACI,0.79,21.44288982202984,100,0.540161122907632,False
A_folds,F2,14,True,False,occupancy_tercile,low,ACI,0.8678756476683938,32.36436391237816,386,0.540161122907632,False
A_folds,F2,14,True,False,occupancy_tercile,high,ACI,0.9852216748768472,20.558567019597803,203,0.540161122907632,False
A_folds,F2,14,True,False,occupancy_tercile,mid,ToD-ACI,0.84,24.327618785473778,100,0.540161122907632,False
A_folds,F2,14,True,False,occupancy_tercile,low,ToD-ACI,0.8678756476683938,32.73524591102861,386,0.540161122907632,False
A_folds,F2,14,True,False,occupancy_tercile,high,ToD-ACI,0.9950738916256158,22.56576871044481,203,0.540161122907632,False
A_folds,F2,14,True,False,random_5,r0,split-CP,0.7676056338028169,16.91867574428051,142,0.0696871502838824,False
A_folds,F2,14,True,False,random_5,r3,split-CP,0.7841726618705036,16.955387566137578,139,0.0696871502838824,False
A_folds,F2,14,True,False,random_5,r2,split-CP,0.8266666666666667,16.901955154320998,150,0.0696871502838824,False
A_folds,F2,14,True,False,random_5,r4,split-CP,0.6739130434782609,16.88907085825474,138,0.0696871502838824,False
A_folds,F2,14,True,False,random_5,r1,split-CP,0.7,16.955387566137574,120,0.0696871502838824,False
A_folds,F2,14,True,False,random_5,r0,Mondrian-split-CP,0.7816901408450704,16.397128494451554,142,0.0696871502838824,False
A_folds,F2,14,True,False,random_5,r3,Mondrian-split-CP,0.7266187050359713,15.925480272924512,139,0.0696871502838824,False
A_folds,F2,14,True,False,random_5,r2,Mondrian-split-CP,0.7733333333333333,15.89129459395542,150,0.0696871502838824,False
A_folds,F2,14,True,False,random_5,r4,Mondrian-split-CP,0.6956521739130435,16.077062659026424,138,0.0696871502838824,False
A_folds,F2,14,True,False,random_5,r1,Mondrian-split-CP,0.7166666666666667,15.673481875300618,120,0.0696871502838824,False
A_folds,F2,14,True,False,random_5,r0,ACI,0.9154929577464788,27.62395009027227,142,0.0696871502838824,False
A_folds,F2,14,True,False,random_5,r3,ACI,0.8705035971223022,25.86689384033898,139,0.0696871502838824,False
A_folds,F2,14,True,False,random_5,r2,ACI,0.9333333333333332,27.2371593001443,150,0.0696871502838824,False
A_folds,F2,14,True,False,random_5,r4,ACI,0.8623188405797102,27.81828297685272,138,0.0696871502838824,False
A_folds,F2,14,True,False,random_5,r1,ACI,0.8666666666666667,28.06438712421837,120,0.0696871502838824,False
A_folds,F2,14,True,False,random_5,r0,ToD-ACI,0.9225352112676056,28.292521464646462,142,0.0696871502838824,False
A_folds,F2,14,True,False,random_5,r3,ToD-ACI,0.9064748201438848,27.57208021850918,139,0.0696871502838824,False
A_folds,F2,14,True,False,random_5,r2,ToD-ACI,0.9133333333333332,28.00617764590348,150,0.0696871502838824,False
A_folds,F2,14,True,False,random_5,r4,ToD-ACI,0.8840579710144928,30.19909139836948,138,0.0696871502838824,False
A_folds,F2,14,True,False,random_5,r1,ToD-ACI,0.875,28.591328251763667,120,0.0696871502838824,False
A_folds,F2,14,True,False,time_of_day,midday,split-CP,0.7227722772277227,16.955387566137574,202,1.0,False
A_folds,F2,14,True,False,time_of_day,pm_rush,split-CP,0.6838235294117647,16.955387566137574,136,1.0,False
A_folds,F2,14,True,False,time_of_day,evening,split-CP,0.5526315789473685,16.759074880488267,114,1.0,False
A_folds,F2,14,True,False,time_of_day,night,split-CP,0.8652482269503546,16.955387566137578,141,1.0,False
A_folds,F2,14,True,False,time_of_day,am_rush,split-CP,0.9895833333333334,16.955387566137574,96,1.0,False
A_folds,F2,14,True,False,time_of_day,midday,Mondrian-split-CP,0.5792079207920792,12.616166666666686,202,1.0,False
A_folds,F2,14,True,False,time_of_day,pm_rush,Mondrian-split-CP,0.7352941176470589,18.314638888888908,136,1.0,False
A_folds,F2,14,True,False,time_of_day,evening,Mondrian-split-CP,0.7456140350877193,22.63119364383182,114,1.0,False
A_folds,F2,14,True,False,time_of_day,night,Mondrian-split-CP,0.8014184397163121,12.727070827320745,141,1.0,False
A_folds,F2,14,True,False,time_of_day,am_rush,Mondrian-split-CP,0.9895833333333334,16.785948412698417,96,1.0,False
A_folds,F2,14,True,False,time_of_day,midday,ACI,0.7920792079207921,23.164865627634192,202,1.0,False
A_folds,F2,14,True,False,time_of_day,pm_rush,ACI,0.875,31.129318565557536,136,1.0,False
A_folds,F2,14,True,False,time_of_day,evening,ACI,0.912280701754386,37.0863014354067,114,1.0,False
A_folds,F2,14,True,False,time_of_day,night,ACI,0.9716312056737588,28.053779119291526,141,1.0,False
A_folds,F2,14,True,False,time_of_day,am_rush,ACI,0.9791666666666666,17.85428287713444,96,1.0,False
A_folds,F2,14,True,False,time_of_day,midday,ToD-ACI,0.8861386138613861,34.30320568068711,202,1.0,False
A_folds,F2,14,True,False,time_of_day,pm_rush,ToD-ACI,0.8897058823529411,31.638792045985063,136,1.0,False
A_folds,F2,14,True,False,time_of_day,evening,ToD-ACI,0.8859649122807017,34.37942874283774,114,1.0,False
A_folds,F2,14,True,False,time_of_day,night,ToD-ACI,0.900709219858156,23.08795966759796,141,1.0,False
A_folds,F2,14,True,False,time_of_day,am_rush,ToD-ACI,0.96875,12.944139508928574,96,1.0,False
A_folds,F2,15,True,False,day_of_week,Thu,split-CP,0.7792207792207793,8.942373015873017,154,0.2921167497751032,False
A_folds,F2,15,True,False,day_of_week,Fri,split-CP,0.8245614035087719,8.726837108554214,285,0.2921167497751032,False
A_folds,F2,15,True,False,day_of_week,Sat,split-CP,0.816,8.167458436507937,250,0.2921167497751032,False
A_folds,F2,15,True,False,day_of_week,Thu,Mondrian-split-CP,0.7467532467532467,9.328892702535544,154,0.2921167497751032,False
A_folds,F2,15,True,False,day_of_week,Fri,Mondrian-split-CP,0.8070175438596491,7.56803602123996,285,0.2921167497751032,False
A_folds,F2,15,True,False,day_of_week,Sat,Mondrian-split-CP,0.776,7.165006190476182,250,0.2921167497751032,False
A_folds,F2,15,True,False,day_of_week,Thu,ACI,0.8701298701298701,13.603353338580613,154,0.2921167497751032,False
A_folds,F2,15,True,False,day_of_week,Fri,ACI,0.8807017543859649,10.21143835810064,285,0.2921167497751032,False
A_folds,F2,15,True,False,day_of_week,Sat,ACI,0.892,11.123260945646948,250,0.2921167497751032,False
A_folds,F2,15,True,False,day_of_week,Thu,ToD-ACI,0.8896103896103896,13.158968802902244,154,0.2921167497751032,False
A_folds,F2,15,True,False,day_of_week,Fri,ToD-ACI,0.8631578947368421,10.310284385205437,285,0.2921167497751032,False
A_folds,F2,15,True,False,day_of_week,Sat,ToD-ACI,0.884,9.832807204184704,250,0.2921167497751032,False
A_folds,F2,15,True,False,occupancy_tercile,low,split-CP,0.6957746478873239,8.223622654106457,355,0.820945620763776,False
A_folds,F2,15,True,False,occupancy_tercile,mid,split-CP,0.9322033898305084,8.942373015873017,177,0.820945620763776,False
A_folds,F2,15,True,False,occupancy_tercile,high,split-CP,0.9363057324840764,8.942373015873018,157,0.820945620763776,False
A_folds,F2,15,True,False,occupancy_tercile,low,Mondrian-split-CP,0.7690140845070422,10.580464092467253,355,0.820945620763776,False
A_folds,F2,15,True,False,occupancy_tercile,mid,Mondrian-split-CP,0.7853107344632768,5.216267405015977,177,0.820945620763776,False
A_folds,F2,15,True,False,occupancy_tercile,high,Mondrian-split-CP,0.8089171974522293,4.493294307956723,157,0.820945620763776,False
A_folds,F2,15,True,False,occupancy_tercile,low,ACI,0.8732394366197183,14.60630578284522,355,0.820945620763776,False
A_folds,F2,15,True,False,occupancy_tercile,mid,ACI,0.903954802259887,9.041744903976545,177,0.820945620763776,False
A_folds,F2,15,True,False,occupancy_tercile,high,ACI,0.8789808917197452,6.371746380241604,157,0.820945620763776,False
A_folds,F2,15,True,False,occupancy_tercile,low,ToD-ACI,0.8816901408450705,14.64767642640354,355,0.820945620763776,False
A_folds,F2,15,True,False,occupancy_tercile,mid,ToD-ACI,0.864406779661017,6.838450675710562,177,0.820945620763776,False
A_folds,F2,15,True,False,occupancy_tercile,high,ToD-ACI,0.8789808917197452,6.450848060526405,157,0.820945620763776,False
A_folds,F2,15,True,False,random_5,r0,split-CP,0.852112676056338,8.59696900849542,142,0.0696871502838824,False
A_folds,F2,15,True,False,random_5,r3,split-CP,0.8633093525179856,8.567716870659318,139,0.0696871502838824,False
A_folds,F2,15,True,False,random_5,r2,split-CP,0.7733333333333333,8.665564695767198,150,0.0696871502838824,False
A_folds,F2,15,True,False,random_5,r4,split-CP,0.8333333333333334,8.461200311866072,138,0.0696871502838824,False
A_folds,F2,15,True,False,random_5,r1,split-CP,0.725,8.558133648989898,120,0.0696871502838824,False
A_folds,F2,15,True,False,random_5,r0,Mondrian-split-CP,0.8380281690140845,7.686234518220426,142,0.0696871502838824,False
A_folds,F2,15,True,False,random_5,r3,Mondrian-split-CP,0.841726618705036,7.632574289486151,139,0.0696871502838824,False
A_folds,F2,15,True,False,random_5,r2,Mondrian-split-CP,0.6933333333333334,7.9403206385281315,150,0.0696871502838824,False
A_folds,F2,15,True,False,random_5,r4,Mondrian-split-CP,0.8043478260869565,7.820680958567723,138,0.0696871502838824,False
A_folds,F2,15,True,False,random_5,r1,Mondrian-split-CP,0.7333333333333333,8.017634116462231,120,0.0696871502838824,False
A_folds,F2,15,True,False,random_5,r0,ACI,0.8943661971830986,11.236731049173832,142,0.0696871502838824,False
A_folds,F2,15,True,False,random_5,r3,ACI,0.9064748201438848,10.7279838285216,139,0.0696871502838824,False
A_folds,F2,15,True,False,random_5,r2,ACI,0.8466666666666667,11.486671437790603,150,0.0696871502838824,False
A_folds,F2,15,True,False,random_5,r4,ACI,0.9130434782608696,11.598223882196708,138,0.0696871502838824,False
A_folds,F2,15,True,False,random_5,r1,ACI,0.85,11.463586750440918,120,0.0696871502838824,False
A_folds,F2,15,True,False,random_5,r0,ToD-ACI,0.8943661971830986,10.755381182719212,142,0.0696871502838824,False
A_folds,F2,15,True,False,random_5,r3,ToD-ACI,0.9136690647482014,10.285491202708828,139,0.0696871502838824,False
A_folds,F2,15,True,False,random_5,r2,ToD-ACI,0.8,10.849433453182618,150,0.0696871502838824,False
A_folds,F2,15,True,False,random_5,r4,ToD-ACI,0.9057971014492754,10.512244399655632,138,0.0696871502838824,False
A_folds,F2,15,True,False,random_5,r1,ToD-ACI,0.875,11.567182468534552,120,0.0696871502838824,False
A_folds,F2,15,True,False,time_of_day,midday,split-CP,0.6336633663366337,7.679222627619906,202,1.0,False
A_folds,F2,15,True,False,time_of_day,pm_rush,split-CP,0.8088235294117647,8.942373015873017,136,1.0,False
A_folds,F2,15,True,False,time_of_day,evening,split-CP,0.9649122807017544,8.942373015873017,114,1.0,False
A_folds,F2,15,True,False,time_of_day,night,split-CP,0.9716312056737588,8.942373015873018,141,1.0,False
A_folds,F2,15,True,False,time_of_day,am_rush,split-CP,0.7708333333333334,8.942373015873017,96,1.0,False
A_folds,F2,15,True,False,time_of_day,midday,Mondrian-split-CP,0.806930693069307,12.3082247965868,202,1.0,False
A_folds,F2,15,True,False,time_of_day,pm_rush,Mondrian-split-CP,0.7941176470588235,8.598055555555533,136,1.0,False
A_folds,F2,15,True,False,time_of_day,evening,Mondrian-split-CP,0.7017543859649122,3.805506613756592,114,1.0,False
A_folds,F2,15,True,False,time_of_day,night,Mondrian-split-CP,0.8085106382978723,3.2247301587301536,141,1.0,False
A_folds,F2,15,True,False,time_of_day,am_rush,Mondrian-split-CP,0.7708333333333334,8.757079365079363,96,1.0,False
A_folds,F2,15,True,False,time_of_day,midday,ACI,0.8316831683168316,13.707405491144351,202,1.0,False
A_folds,F2,15,True,False,time_of_day,pm_rush,ACI,0.9485294117647058,15.533300648289623,136,1.0,False
A_folds,F2,15,True,False,time_of_day,evening,ACI,0.9385964912280702,8.8748612218678,114,1.0,False
A_folds,F2,15,True,False,time_of_day,night,ACI,0.9148936170212766,6.126904931619473,141,1.0,False
A_folds,F2,15,True,False,time_of_day,am_rush,ACI,0.78125,10.71811469356261,96,1.0,False
A_folds,F2,15,True,False,time_of_day,midday,ToD-ACI,0.8762376237623762,15.64516955118131,202,1.0,False
A_folds,F2,15,True,False,time_of_day,pm_rush,ToD-ACI,0.8897058823529411,12.921463658822113,136,1.0,False
A_folds,F2,15,True,False,time_of_day,evening,ToD-ACI,0.8947368421052632,7.084851198914794,114,1.0,False
A_folds,F2,15,True,False,time_of_day,night,ToD-ACI,0.8581560283687943,5.2220717381515245,141,1.0,False
A_folds,F2,15,True,False,time_of_day,am_rush,ToD-ACI,0.8645833333333334,10.015474872735291,96,1.0,False
A_folds,F2,16,True,False,day_of_week,Thu,split-CP,0.9805194805194806,4.985909219748506,154,0.2921167497751032,False
A_folds,F2,16,True,False,day_of_week,Fri,split-CP,0.8666666666666667,5.945909537733221,285,0.2921167497751032,False
A_folds,F2,16,True,False,day_of_week,Sat,split-CP,0.864,6.618729916305915,250,0.2921167497751032,False
A_folds,F2,16,True,False,day_of_week,Thu,Mondrian-split-CP,0.9805194805194806,5.461372371285521,154,0.2921167497751032,False
A_folds,F2,16,True,False,day_of_week,Fri,Mondrian-split-CP,0.8666666666666667,6.09791676645317,285,0.2921167497751032,False
A_folds,F2,16,True,False,day_of_week,Sat,Mondrian-split-CP,0.896,6.877455934824435,250,0.2921167497751032,False
A_folds,F2,16,True,False,day_of_week,Thu,ACI,0.9025974025974026,3.769468701782825,154,0.2921167497751032,False
A_folds,F2,16,True,False,day_of_week,Fri,ACI,0.8736842105263158,5.337415649181877,285,0.2921167497751032,False
A_folds,F2,16,True,False,day_of_week,Sat,ACI,0.892,8.092537526214526,250,0.2921167497751032,False
A_folds,F2,16,True,False,day_of_week,Thu,ToD-ACI,0.935064935064935,5.413487795784061,154,0.2921167497751032,False
A_folds,F2,16,True,False,day_of_week,Fri,ToD-ACI,0.8385964912280702,5.087857437786385,285,0.2921167497751032,False
A_folds,F2,16,True,False,day_of_week,Sat,ToD-ACI,0.896,7.968507687830688,250,0.2921167497751032,False
A_folds,F2,16,True,False,occupancy_tercile,low,split-CP,0.9568627450980391,4.214059055305625,255,0.6807959518116169,False
A_folds,F2,16,True,False,occupancy_tercile,mid,split-CP,0.74235807860262,6.96362744911162,229,0.6807959518116169,False
A_folds,F2,16,True,False,occupancy_tercile,high,split-CP,0.975609756097561,7.062638888888882,205,0.6807959518116169,False
A_folds,F2,16,True,False,occupancy_tercile,low,Mondrian-split-CP,0.9490196078431372,4.154728233313528,255,0.6807959518116169,False
A_folds,F2,16,True,False,occupancy_tercile,mid,Mondrian-split-CP,0.7860262008733624,8.062145909342963,229,0.6807959518116169,False
A_folds,F2,16,True,False,occupancy_tercile,high,Mondrian-split-CP,0.975609756097561,6.793338997993874,205,0.6807959518116169,False
A_folds,F2,16,True,False,occupancy_tercile,low,ACI,0.9372549019607844,3.82858073357289,255,0.6807959518116169,False
A_folds,F2,16,True,False,occupancy_tercile,mid,ACI,0.8209606986899564,9.860596284638865,229,0.6807959518116169,False
A_folds,F2,16,True,False,occupancy_tercile,high,ACI,0.8975609756097561,4.3435677336665135,205,0.6807959518116169,False
A_folds,F2,16,True,False,occupancy_tercile,low,ToD-ACI,0.9294117647058824,3.6893993209404976,255,0.6807959518116169,False
A_folds,F2,16,True,False,occupancy_tercile,mid,ToD-ACI,0.777292576419214,10.231714436158214,229,0.6807959518116169,False
A_folds,F2,16,True,False,occupancy_tercile,high,ToD-ACI,0.9365853658536586,4.838946241743802,205,0.6807959518116169,False
A_folds,F2,16,True,False,random_5,r0,split-CP,0.8943661971830986,5.953725137864221,142,0.0696871502838824,False
A_folds,F2,16,True,False,random_5,r3,split-CP,0.8920863309352518,5.859874438544401,139,0.0696871502838824,False
A_folds,F2,16,True,False,random_5,r2,split-CP,0.8733333333333333,6.099176508738175,150,0.0696871502838824,False
A_folds,F2,16,True,False,random_5,r4,split-CP,0.9057971014492754,5.953913081818877,138,0.0696871502838824,False
A_folds,F2,16,True,False,random_5,r1,split-CP,0.8916666666666667,6.005239325296615,120,0.0696871502838824,False
A_folds,F2,16,True,False,random_5,r0,Mondrian-split-CP,0.8943661971830986,6.2122703256576495,142,0.0696871502838824,False
A_folds,F2,16,True,False,random_5,r3,Mondrian-split-CP,0.9064748201438848,6.137774062135573,139,0.0696871502838824,False
A_folds,F2,16,True,False,random_5,r2,Mondrian-split-CP,0.8866666666666667,6.254633154962321,150,0.0696871502838824,False
A_folds,F2,16,True,False,random_5,r4,Mondrian-split-CP,0.9420289855072465,6.294275183250727,138,0.0696871502838824,False
A_folds,F2,16,True,False,random_5,r1,Mondrian-split-CP,0.8833333333333333,6.301863982583773,120,0.0696871502838824,False
A_folds,F2,16,True,False,random_5,r0,ACI,0.852112676056338,6.160635078569058,142,0.0696871502838824,False
A_folds,F2,16,True,False,random_5,r3,ACI,0.8920863309352518,5.37154433163426,139,0.0696871502838824,False
A_folds,F2,16,True,False,random_5,r2,ACI,0.9133333333333332,6.387870398829565,150,0.0696871502838824,False
A_folds,F2,16,True,False,random_5,r4,ACI,0.9057971014492754,6.247275373646749,138,0.0696871502838824,False
A_folds,F2,16,True,False,random_5,r1,ACI,0.8666666666666667,5.691971808361391,120,0.0696871502838824,False
A_folds,F2,16,True,False,random_5,r0,ToD-ACI,0.8873239436619719,6.281028959955016,142,0.0696871502838824,False
A_folds,F2,16,True,False,random_5,r3,ToD-ACI,0.8992805755395683,5.668727568161921,139,0.0696871502838824,False
A_folds,F2,16,True,False,random_5,r2,ToD-ACI,0.8733333333333333,6.688974478114479,150,0.0696871502838824,False
A_folds,F2,16,True,False,random_5,r4,ToD-ACI,0.8985507246376812,6.771507748290358,138,0.0696871502838824,False
A_folds,F2,16,True,False,random_5,r1,ToD-ACI,0.8416666666666667,5.484749391734808,120,0.0696871502838824,False
A_folds,F2,16,True,False,time_of_day,midday,split-CP,0.8811881188118812,4.678181096978746,202,1.0,False
A_folds,F2,16,True,False,time_of_day,pm_rush,split-CP,0.8602941176470589,5.720010713313104,136,1.0,False
A_folds,F2,16,True,False,time_of_day,evening,split-CP,0.8333333333333334,6.373220069850552,114,1.0,False
A_folds,F2,16,True,False,time_of_day,night,split-CP,1.0,7.062638888888882,141,1.0,False
A_folds,F2,16,True,False,time_of_day,am_rush,split-CP,0.8645833333333334,6.997953200782625,96,1.0,False
A_folds,F2,16,True,False,time_of_day,midday,Mondrian-split-CP,0.8267326732673267,3.452525552555256,202,1.0,False
A_folds,F2,16,True,False,time_of_day,pm_rush,Mondrian-split-CP,0.9852941176470588,9.133625106103048,136,1.0,False
A_folds,F2,16,True,False,time_of_day,evening,Mondrian-split-CP,0.8508771929824561,6.606020427752884,114,1.0,False
A_folds,F2,16,True,False,time_of_day,night,Mondrian-split-CP,1.0,6.623039682539684,141,1.0,False
A_folds,F2,16,True,False,time_of_day,am_rush,Mondrian-split-CP,0.8645833333333334,6.997953200782625,96,1.0,False
A_folds,F2,16,True,False,time_of_day,midday,ACI,0.905940594059406,4.942752340114963,202,1.0,False
A_folds,F2,16,True,False,time_of_day,pm_rush,ACI,0.8897058823529411,7.115085371838128,136,1.0,False
A_folds,F2,16,True,False,time_of_day,evening,ACI,0.8245614035087719,7.530995944195505,114,1.0,False
A_folds,F2,16,True,False,time_of_day,night,ACI,0.9929078014184396,5.094407776686145,141,1.0,False
A_folds,F2,16,True,False,time_of_day,am_rush,ACI,0.7604166666666666,6.061077127299782,96,1.0,False
A_folds,F2,16,True,False,time_of_day,midday,ToD-ACI,0.8663366336633663,4.436464643785808,202,1.0,False
A_folds,F2,16,True,False,time_of_day,pm_rush,ToD-ACI,0.8823529411764706,6.940966458616274,136,1.0,False
A_folds,F2,16,True,False,time_of_day,evening,ToD-ACI,0.8508771929824561,10.89670816034193,114,1.0,False
A_folds,F2,16,True,False,time_of_day,night,ToD-ACI,0.9148936170212766,3.1866454702376688,141,1.0,False
A_folds,F2,16,True,False,time_of_day,am_rush,ToD-ACI,0.8958333333333334,7.751712232067699,96,1.0,False
A_folds,F2,17,True,False,day_of_week,Thu,split-CP,0.8831168831168831,11.189312169312164,154,0.2921167497751032,False
A_folds,F2,17,True,False,day_of_week,Fri,split-CP,0.936842105263158,11.202291318574208,285,0.2921167497751032,False
A_folds,F2,17,True,False,day_of_week,Sat,split-CP,0.968,10.391805299903796,250,0.2921167497751032,False
A_folds,F2,17,True,False,day_of_week,Thu,Mondrian-split-CP,0.9025974025974026,11.826932977736549,154,0.2921167497751032,False
A_folds,F2,17,True,False,day_of_week,Fri,Mondrian-split-CP,0.8912280701754386,9.07357706471566,285,0.2921167497751032,False
A_folds,F2,17,True,False,day_of_week,Sat,Mondrian-split-CP,0.896,8.163669432178931,250,0.2921167497751032,False
A_folds,F2,17,True,False,day_of_week,Thu,ACI,0.8636363636363636,11.041564963956196,154,0.2921167497751032,False
A_folds,F2,17,True,False,day_of_week,Fri,ACI,0.9157894736842104,10.145790908036084,285,0.2921167497751032,False
A_folds,F2,17,True,False,day_of_week,Sat,ACI,0.904,7.991272498316496,250,0.2921167497751032,False
A_folds,F2,17,True,False,day_of_week,Thu,ToD-ACI,0.8896103896103896,11.501025721032216,154,0.2921167497751032,False
A_folds,F2,17,True,False,day_of_week,Fri,ToD-ACI,0.9263157894736842,9.33264002050581,285,0.2921167497751032,False
A_folds,F2,17,True,False,day_of_week,Sat,ToD-ACI,0.928,7.184203598605099,250,0.2921167497751032,False
A_folds,F2,17,True,False,occupancy_tercile,low,split-CP,0.9081081081081082,10.200490115765112,370,0.6698902177968621,False
A_folds,F2,17,True,False,occupancy_tercile,mid,split-CP,0.9212598425196852,11.722812169312164,127,0.6698902177968621,False
A_folds,F2,17,True,False,occupancy_tercile,high,split-CP,1.0,11.722812169312164,192,0.6698902177968621,False
A_folds,F2,17,True,False,occupancy_tercile,low,Mondrian-split-CP,0.9135135135135136,11.154169902207402,370,0.6698902177968621,False
A_folds,F2,17,True,False,occupancy_tercile,mid,Mondrian-split-CP,0.8267716535433071,10.302631025288504,127,0.6698902177968621,False
A_folds,F2,17,True,False,occupancy_tercile,high,Mondrian-split-CP,0.90625,5.274778625165342,192,0.6698902177968621,False
A_folds,F2,17,True,False,occupancy_tercile,low,ACI,0.8621621621621621,8.91189651030901,370,0.6698902177968621,False
A_folds,F2,17,True,False,occupancy_tercile,mid,ACI,0.8582677165354331,9.68943346854371,127,0.6698902177968621,False
A_folds,F2,17,True,False,occupancy_tercile,high,ACI,1.0,10.738592596350408,192,0.6698902177968621,False
A_folds,F2,17,True,False,occupancy_tercile,low,ToD-ACI,0.9108108108108108,10.27916997760748,370,0.6698902177968621,False
A_folds,F2,17,True,False,occupancy_tercile,mid,ToD-ACI,0.8582677165354331,10.53242093791306,127,0.6698902177968621,False
A_folds,F2,17,True,False,occupancy_tercile,high,ToD-ACI,0.9739583333333334,5.656775602628469,192,0.6698902177968621,False
A_folds,F2,17,True,False,random_5,r0,split-CP,0.943661971830986,11.120516848142724,142,0.0696871502838824,False
A_folds,F2,17,True,False,random_5,r3,split-CP,0.935251798561151,10.792878016634308,139,0.0696871502838824,False
A_folds,F2,17,True,False,random_5,r2,split-CP,0.9266666666666666,11.095205987654316,150,0.0696871502838824,False
A_folds,F2,17,True,False,random_5,r4,split-CP,0.9420289855072465,10.721771954796406,138,0.0696871502838824,False
A_folds,F2,17,True,False,random_5,r1,split-CP,0.9333333333333332,10.75457966820987,120,0.0696871502838824,False
A_folds,F2,17,True,False,random_5,r0,Mondrian-split-CP,0.9014084507042254,9.652122896469724,142,0.0696871502838824,False
A_folds,F2,17,True,False,random_5,r3,Mondrian-split-CP,0.8920863309352518,8.905854849453767,139,0.0696871502838824,False
A_folds,F2,17,True,False,random_5,r2,Mondrian-split-CP,0.8866666666666667,9.5839496031746,150,0.0696871502838824,False
A_folds,F2,17,True,False,random_5,r4,Mondrian-split-CP,0.9202898550724636,9.440011080438616,138,0.0696871502838824,False
A_folds,F2,17,True,False,random_5,r1,Mondrian-split-CP,0.875,9.161710459255252,120,0.0696871502838824,False
A_folds,F2,17,True,False,random_5,r0,ACI,0.9154929577464788,9.748747181320244,142,0.0696871502838824,False
A_folds,F2,17,True,False,random_5,r3,ACI,0.8776978417266187,9.64958880644402,139,0.0696871502838824,False
A_folds,F2,17,True,False,random_5,r2,ACI,0.88,9.823649171075838,150,0.0696871502838824,False
A_folds,F2,17,True,False,random_5,r4,ACI,0.927536231884058,9.204490108120542,138,0.0696871502838824,False
A_folds,F2,17,True,False,random_5,r1,ACI,0.9,9.336563194945487,120,0.0696871502838824,False
A_folds,F2,17,True,False,random_5,r0,ToD-ACI,0.9507042253521126,9.563678037077684,142,0.0696871502838824,False
A_folds,F2,17,True,False,random_5,r3,ToD-ACI,0.935251798561151,8.715445022769664,139,0.0696871502838824,False
A_folds,F2,17,True,False,random_5,r2,ToD-ACI,0.8933333333333333,9.108848073993908,150,0.0696871502838824,False
A_folds,F2,17,True,False,random_5,r4,ToD-ACI,0.9202898550724636,9.197800446668202,138,0.0696871502838824,False
A_folds,F2,17,True,False,random_5,r1,ToD-ACI,0.8916666666666667,8.515820453042329,120,0.0696871502838824,False
A_folds,F2,17,True,False,time_of_day,midday,split-CP,0.9455445544554456,9.237378389922323,202,1.0,False
A_folds,F2,17,True,False,time_of_day,pm_rush,split-CP,0.9044117647058824,11.579577089168996,136,1.0,False
A_folds,F2,17,True,False,time_of_day,evening,split-CP,0.868421052631579,11.405308543349108,114,1.0,False
A_folds,F2,17,True,False,time_of_day,night,split-CP,1.0,11.722812169312164,141,1.0,False
A_folds,F2,17,True,False,time_of_day,am_rush,split-CP,0.9479166666666666,11.66524808476631,96,1.0,False
A_folds,F2,17,True,False,time_of_day,midday,Mondrian-split-CP,0.995049504950495,12.37791205370537,202,1.0,False
A_folds,F2,17,True,False,time_of_day,pm_rush,Mondrian-split-CP,0.9264705882352942,12.165257649587616,136,1.0,False
A_folds,F2,17,True,False,time_of_day,evening,Mondrian-split-CP,0.7456140350877193,7.81109966467093,114,1.0,False
A_folds,F2,17,True,False,time_of_day,night,Mondrian-split-CP,0.8085106382978723,1.87211111111111,141,1.0,False
A_folds,F2,17,True,False,time_of_day,am_rush,Mondrian-split-CP,0.9479166666666666,11.864460379464283,96,1.0,False
A_folds,F2,17,True,False,time_of_day,midday,ACI,0.9356435643564356,8.017687771753364,202,1.0,False
A_folds,F2,17,True,False,time_of_day,pm_rush,ACI,0.8235294117647058,9.679900191073903,136,1.0,False
A_folds,F2,17,True,False,time_of_day,evening,ACI,0.8070175438596491,10.285981290030632,114,1.0,False
A_folds,F2,17,True,False,time_of_day,night,ACI,1.0,11.039121195917296,141,1.0,False
A_folds,F2,17,True,False,time_of_day,am_rush,ACI,0.8958333333333334,9.631377356777095,96,1.0,False
A_folds,F2,17,True,False,time_of_day,midday,ToD-ACI,0.9504950495049505,9.233038613682798,202,1.0,False
A_folds,F2,17,True,False,time_of_day,pm_rush,ToD-ACI,0.9191176470588236,12.254445524042952,136,1.0,False
A_folds,F2,17,True,False,time_of_day,evening,ToD-ACI,0.8508771929824561,11.07784891627216,114,1.0,False
A_folds,F2,17,True,False,time_of_day,night,ToD-ACI,0.9219858156028368,2.796092084301306,141,1.0,False
A_folds,F2,17,True,False,time_of_day,am_rush,ToD-ACI,0.9270833333333334,10.814678280824111,96,1.0,False
A_folds,F2,18,True,False,day_of_week,Thu,split-CP,0.9155844155844156,9.377682539682525,154,0.2921167497751032,False
A_folds,F2,18,True,False,day_of_week,Fri,split-CP,0.8070175438596491,9.377682539682525,285,0.2921167497751032,False
A_folds,F2,18,True,False,day_of_week,Sat,split-CP,0.956,9.377682539682525,250,0.2921167497751032,False
A_folds,F2,18,True,False,day_of_week,Thu,Mondrian-split-CP,0.8636363636363636,8.907254569504564,154,0.2921167497751032,False
A_folds,F2,18,True,False,day_of_week,Fri,Mondrian-split-CP,0.7333333333333333,7.593211807296017,285,0.2921167497751032,False
A_folds,F2,18,True,False,day_of_week,Sat,Mondrian-split-CP,0.928,7.9159457460317455,250,0.2921167497751032,False
A_folds,F2,18,True,False,day_of_week,Thu,ACI,0.8896103896103896,9.869341443969692,154,0.2921167497751032,False
A_folds,F2,18,True,False,day_of_week,Fri,ACI,0.8596491228070176,9.9155895390834,285,0.2921167497751032,False
A_folds,F2,18,True,False,day_of_week,Sat,ACI,0.892,7.161364146224145,250,0.2921167497751032,False
A_folds,F2,18,True,False,day_of_week,Thu,ToD-ACI,0.8896103896103896,8.618406110423965,154,0.2921167497751032,False
A_folds,F2,18,True,False,day_of_week,Fri,ToD-ACI,0.8385964912280702,9.356689531488655,285,0.2921167497751032,False
A_folds,F2,18,True,False,day_of_week,Sat,ToD-ACI,0.908,7.293350162097162,250,0.2921167497751032,False
A_folds,F2,18,True,False,occupancy_tercile,low,split-CP,0.7686567164179104,9.377682539682525,268,0.5131910024786072,False
A_folds,F2,18,True,False,occupancy_tercile,mid,split-CP,0.9301310043668122,9.377682539682526,229,0.5131910024786072,False
A_folds,F2,18,True,False,occupancy_tercile,high,split-CP,0.9947916666666666,9.377682539682525,192,0.5131910024786072,False
A_folds,F2,18,True,False,occupancy_tercile,low,Mondrian-split-CP,0.8283582089552238,11.16497122522309,268,0.5131910024786072,False
A_folds,F2,18,True,False,occupancy_tercile,mid,Mondrian-split-CP,0.7510917030567685,5.164917400244912,229,0.5131910024786072,False
A_folds,F2,18,True,False,occupancy_tercile,high,Mondrian-split-CP,0.9375,6.97807620976631,192,0.5131910024786072,False
A_folds,F2,18,True,False,occupancy_tercile,low,ACI,0.8470149253731343,12.649009472389135,268,0.5131910024786072,False
A_folds,F2,18,True,False,occupancy_tercile,mid,ACI,0.8908296943231441,7.173131891277089,229,0.5131910024786072,False
A_folds,F2,18,True,False,occupancy_tercile,high,ACI,0.90625,5.747817165955186,192,0.5131910024786072,False
A_folds,F2,18,True,False,occupancy_tercile,low,ToD-ACI,0.8432835820895522,12.407340097402596,268,0.5131910024786072,False
A_folds,F2,18,True,False,occupancy_tercile,mid,ToD-ACI,0.8820960698689956,6.072452836222487,229,0.5131910024786072,False
A_folds,F2,18,True,False,occupancy_tercile,high,ToD-ACI,0.9114583333333334,5.736821627109387,192,0.5131910024786072,False
A_folds,F2,18,True,False,random_5,r0,split-CP,0.8661971830985915,9.377682539682525,142,0.0696871502838824,False
A_folds,F2,18,True,False,random_5,r3,split-CP,0.8992805755395683,9.377682539682525,139,0.0696871502838824,False
A_folds,F2,18,True,False,random_5,r2,split-CP,0.88,9.377682539682525,150,0.0696871502838824,False
A_folds,F2,18,True,False,random_5,r4,split-CP,0.9130434782608696,9.377682539682525,138,0.0696871502838824,False
A_folds,F2,18,True,False,random_5,r1,split-CP,0.8666666666666667,9.377682539682525,120,0.0696871502838824,False
A_folds,F2,18,True,False,random_5,r0,Mondrian-split-CP,0.8169014084507042,8.057930248155596,142,0.0696871502838824,False
A_folds,F2,18,True,False,random_5,r3,Mondrian-split-CP,0.8345323741007195,7.764173052034562,139,0.0696871502838824,False
A_folds,F2,18,True,False,random_5,r2,Mondrian-split-CP,0.7866666666666666,7.81301771604938,150,0.0696871502838824,False
A_folds,F2,18,True,False,random_5,r4,Mondrian-split-CP,0.8913043478260869,8.28799314661452,138,0.0696871502838824,False
A_folds,F2,18,True,False,random_5,r1,Mondrian-split-CP,0.8416666666666667,8.130226201499116,120,0.0696871502838824,False
A_folds,F2,18,True,False,random_5,r0,ACI,0.8802816901408451,9.479229820844257,142,0.0696871502838824,False
A_folds,F2,18,True,False,random_5,r3,ACI,0.8705035971223022,8.45721012454106,139,0.0696871502838824,False
A_folds,F2,18,True,False,random_5,r2,ACI,0.8933333333333333,9.348349098124096,150,0.0696871502838824,False
A_folds,F2,18,True,False,random_5,r4,ACI,0.8478260869565217,8.329822304306,138,0.0696871502838824,False
A_folds,F2,18,True,False,random_5,r1,ACI,0.9,8.856599608185025,120,0.0696871502838824,False
A_folds,F2,18,True,False,random_5,r0,ToD-ACI,0.8732394366197183,8.608265666388908,142,0.0696871502838824,False
A_folds,F2,18,True,False,random_5,r3,ToD-ACI,0.8633093525179856,7.819870509652885,139,0.0696871502838824,False
A_folds,F2,18,True,False,random_5,r2,ToD-ACI,0.8533333333333334,8.516483631553632,150,0.0696871502838824,False
A_folds,F2,18,True,False,random_5,r4,ToD-ACI,0.8768115942028986,8.481006669524785,138,0.0696871502838824,False
A_folds,F2,18,True,False,random_5,r1,ToD-ACI,0.9166666666666666,8.833678395061728,120,0.0696871502838824,False
A_folds,F2,18,True,False,time_of_day,midday,split-CP,0.801980198019802,9.377682539682525,202,1.0,False
A_folds,F2,18,True,False,time_of_day,pm_rush,split-CP,0.9191176470588236,9.377682539682525,136,1.0,False
A_folds,F2,18,True,False,time_of_day,evening,split-CP,0.9912280701754386,9.377682539682526,114,1.0,False
A_folds,F2,18,True,False,time_of_day,night,split-CP,1.0,9.377682539682525,141,1.0,False
A_folds,F2,18,True,False,time_of_day,am_rush,split-CP,0.71875,9.377682539682525,96,1.0,False
A_folds,F2,18,True,False,time_of_day,midday,Mondrian-split-CP,0.8663366336633663,11.28961243386243,202,1.0,False
A_folds,F2,18,True,False,time_of_day,pm_rush,Mondrian-split-CP,0.9558823529411764,11.17682142857143,136,1.0,False
A_folds,F2,18,True,False,time_of_day,evening,Mondrian-split-CP,0.8596491228070176,3.759005291005281,114,1.0,False
A_folds,F2,18,True,False,time_of_day,night,Mondrian-split-CP,0.6950354609929078,1.816076719576728,141,1.0,False
A_folds,F2,18,True,False,time_of_day,am_rush,Mondrian-split-CP,0.7604166666666666,10.725272486772482,96,1.0,False
A_folds,F2,18,True,False,time_of_day,midday,ACI,0.8811881188118812,12.401541174355527,202,1.0,False
A_folds,F2,18,True,False,time_of_day,pm_rush,ACI,0.9117647058823528,10.449269700683304,136,1.0,False
A_folds,F2,18,True,False,time_of_day,evening,ACI,0.9210526315789472,5.475216418571682,114,1.0,False
A_folds,F2,18,True,False,time_of_day,night,ACI,0.9290780141843972,3.3664102311531403,141,1.0,False
A_folds,F2,18,True,False,time_of_day,am_rush,ACI,0.6979166666666666,11.574084653579442,96,1.0,False
A_folds,F2,18,True,False,time_of_day,midday,ToD-ACI,0.8861386138613861,11.580883571690505,202,1.0,False
A_folds,F2,18,True,False,time_of_day,pm_rush,ToD-ACI,0.8897058823529411,9.447062927948958,136,1.0,False
A_folds,F2,18,True,False,time_of_day,evening,ToD-ACI,0.8771929824561403,3.7222496170983006,114,1.0,False
A_folds,F2,18,True,False,time_of_day,night,ToD-ACI,0.8936170212765957,2.256039588727534,141,1.0,False
A_folds,F2,18,True,False,time_of_day,am_rush,ToD-ACI,0.8020833333333334,15.1109533329325,96,1.0,False
A_folds,F2,19,True,False,day_of_week,Thu,split-CP,0.922077922077922,12.35938408747337,154,0.2921167497751032,False
A_folds,F2,19,True,False,day_of_week,Fri,split-CP,0.9192982456140352,13.244072059568106,285,0.2921167497751032,False
A_folds,F2,19,True,False,day_of_week,Sat,split-CP,0.936,12.162210208994704,250,0.2921167497751032,False
A_folds,F2,19,True,False,day_of_week,Thu,Mondrian-split-CP,0.9285714285714286,13.248374153954511,154,0.2921167497751032,False
A_folds,F2,19,True,False,day_of_week,Fri,Mondrian-split-CP,0.8491228070175438,11.20574015341384,285,0.2921167497751032,False
A_folds,F2,19,True,False,day_of_week,Sat,Mondrian-split-CP,0.916,9.875213002645506,250,0.2921167497751032,False
A_folds,F2,19,True,False,day_of_week,Thu,ACI,0.9090909090909092,12.49858197688555,154,0.2921167497751032,False
A_folds,F2,19,True,False,day_of_week,Fri,ACI,0.912280701754386,12.21712994291284,285,0.2921167497751032,False
A_folds,F2,19,True,False,day_of_week,Sat,ACI,0.892,9.381539869889371,250,0.2921167497751032,False
A_folds,F2,19,True,False,day_of_week,Thu,ToD-ACI,0.9090909090909092,12.869718310969937,154,0.2921167497751032,False
A_folds,F2,19,True,False,day_of_week,Fri,ToD-ACI,0.8771929824561403,11.425149549832886,285,0.2921167497751032,False
A_folds,F2,19,True,False,day_of_week,Sat,ToD-ACI,0.936,13.08452494932845,250,0.2921167497751032,False
A_folds,F2,19,True,False,occupancy_tercile,low,split-CP,0.8866666666666667,11.25451218454385,300,0.7985952941865405,False
A_folds,F2,19,True,False,occupancy_tercile,mid,split-CP,0.935483870967742,13.73291666666666,217,0.7985952941865405,False
A_folds,F2,19,True,False,occupancy_tercile,high,split-CP,0.9825581395348836,13.732916666666652,172,0.7985952941865405,False
A_folds,F2,19,True,False,occupancy_tercile,low,Mondrian-split-CP,0.8966666666666666,11.917464018759018,300,0.7985952941865405,False
A_folds,F2,19,True,False,occupancy_tercile,mid,Mondrian-split-CP,0.9400921658986175,15.012192036671298,217,0.7985952941865405,False
A_folds,F2,19,True,False,occupancy_tercile,high,Mondrian-split-CP,0.8197674418604651,5.056999630860102,172,0.7985952941865405,False
A_folds,F2,19,True,False,occupancy_tercile,low,ACI,0.88,10.801741052866888,300,0.7985952941865405,False
A_folds,F2,19,True,False,occupancy_tercile,mid,ACI,0.8755760368663594,12.188001027944576,217,0.7985952941865405,False
A_folds,F2,19,True,False,occupancy_tercile,high,ACI,0.9825581395348836,10.853081899528124,172,0.7985952941865405,False
A_folds,F2,19,True,False,occupancy_tercile,low,ToD-ACI,0.8966666666666666,12.13055996292288,300,0.7985952941865405,False
A_folds,F2,19,True,False,occupancy_tercile,mid,ToD-ACI,0.9262672811059908,13.553406379590712,217,0.7985952941865405,False
A_folds,F2,19,True,False,occupancy_tercile,high,ToD-ACI,0.8953488372093024,11.21499014927794,172,0.7985952941865405,False
A_folds,F2,19,True,False,random_5,r0,split-CP,0.9366197183098592,12.633399340487369,142,0.0696871502838824,False
A_folds,F2,19,True,False,random_5,r3,split-CP,0.9136690647482014,12.831581315899658,139,0.0696871502838824,False
A_folds,F2,19,True,False,random_5,r2,split-CP,0.9333333333333332,12.660539250440916,150,0.0696871502838824,False
A_folds,F2,19,True,False,random_5,r4,split-CP,0.9057971014492754,12.37137072981366,138,0.0696871502838824,False
A_folds,F2,19,True,False,random_5,r1,split-CP,0.9416666666666668,12.78829734297338,120,0.0696871502838824,False
A_folds,F2,19,True,False,random_5,r0,Mondrian-split-CP,0.9154929577464788,11.447159708249496,142,0.0696871502838824,False
A_folds,F2,19,True,False,random_5,r3,Mondrian-split-CP,0.8848920863309353,11.058223549731643,139,0.0696871502838824,False
A_folds,F2,19,True,False,random_5,r2,Mondrian-split-CP,0.8866666666666667,10.903104607583774,150,0.0696871502838824,False
A_folds,F2,19,True,False,random_5,r4,Mondrian-split-CP,0.8913043478260869,11.30174752223756,138,0.0696871502838824,False
A_folds,F2,19,True,False,random_5,r1,Mondrian-split-CP,0.875,11.208268440856983,120,0.0696871502838824,False
A_folds,F2,19,True,False,random_5,r0,ACI,0.9014084507042254,11.193454661959064,142,0.0696871502838824,False
A_folds,F2,19,True,False,random_5,r3,ACI,0.8920863309352518,11.348134835454982,139,0.0696871502838824,False
A_folds,F2,19,True,False,random_5,r2,ACI,0.9133333333333332,11.297522337631506,150,0.0696871502838824,False
A_folds,F2,19,True,False,random_5,r4,ACI,0.8913043478260869,11.019658194831202,138,0.0696871502838824,False
A_folds,F2,19,True,False,random_5,r1,ACI,0.925,11.415384499875127,120,0.0696871502838824,False
A_folds,F2,19,True,False,random_5,r0,ToD-ACI,0.9366197183098592,12.680593765878102,142,0.0696871502838824,False
A_folds,F2,19,True,False,random_5,r3,ToD-ACI,0.8776978417266187,12.323522173603113,139,0.0696871502838824,False
A_folds,F2,19,True,False,random_5,r2,ToD-ACI,0.9066666666666666,12.015084525937027,150,0.0696871502838824,False
A_folds,F2,19,True,False,random_5,r4,ToD-ACI,0.9057971014492754,12.550632221978235,138,0.0696871502838824,False
A_folds,F2,19,True,False,random_5,r1,ToD-ACI,0.9,12.17809713762318,120,0.0696871502838824,False
A_folds,F2,19,True,False,time_of_day,midday,split-CP,0.9257425742574258,10.611191359909798,202,1.0,False
A_folds,F2,19,True,False,time_of_day,pm_rush,split-CP,0.8823529411764706,13.654908219537814,136,1.0,False
A_folds,F2,19,True,False,time_of_day,evening,split-CP,0.9912280701754386,13.73291666666666,114,1.0,False
A_folds,F2,19,True,False,time_of_day,night,split-CP,0.9787234042553192,13.732916666666652,141,1.0,False
A_folds,F2,19,True,False,time_of_day,am_rush,split-CP,0.8333333333333334,12.667044959766312,96,1.0,False
A_folds,F2,19,True,False,time_of_day,midday,Mondrian-split-CP,0.905940594059406,10.194696300582438,202,1.0,False
A_folds,F2,19,True,False,time_of_day,pm_rush,Mondrian-split-CP,0.9411764705882352,17.798577293417367,136,1.0,False
A_folds,F2,19,True,False,time_of_day,evening,Mondrian-split-CP,0.9824561403508772,13.12861375661376,114,1.0,False
A_folds,F2,19,True,False,time_of_day,night,Mondrian-split-CP,0.7801418439716312,3.2484761904761967,141,1.0,False
A_folds,F2,19,True,False,time_of_day,am_rush,Mondrian-split-CP,0.84375,13.208922274581129,96,1.0,False
A_folds,F2,19,True,False,time_of_day,midday,ACI,0.905940594059406,9.876978075005304,202,1.0,False
A_folds,F2,19,True,False,time_of_day,pm_rush,ACI,0.8823529411764706,13.760499129512915,136,1.0,False
A_folds,F2,19,True,False,time_of_day,evening,ACI,0.9824561403508772,12.759017937471889,114,1.0,False
A_folds,F2,19,True,False,time_of_day,night,ACI,0.9787234042553192,10.80101830872044,141,1.0,False
A_folds,F2,19,True,False,time_of_day,am_rush,ACI,0.7291666666666666,9.458328609131996,96,1.0,False
A_folds,F2,19,True,False,time_of_day,midday,ToD-ACI,0.900990099009901,9.981351489017948,202,1.0,False
A_folds,F2,19,True,False,time_of_day,pm_rush,ToD-ACI,0.9338235294117648,16.740617695689387,136,1.0,False
A_folds,F2,19,True,False,time_of_day,evening,ToD-ACI,0.9385964912280702,10.502397928744422,114,1.0,False
A_folds,F2,19,True,False,time_of_day,night,ToD-ACI,0.8723404255319149,11.514138072723178,141,1.0,False
A_folds,F2,19,True,False,time_of_day,am_rush,ToD-ACI,0.8854166666666666,14.536579577058744,96,1.0,False
A_folds,F2,20,True,False,day_of_week,Thu,split-CP,0.8831168831168831,10.934852745138462,154,0.2921167497751032,False
A_folds,F2,20,True,False,day_of_week,Fri,split-CP,0.9192982456140352,11.212656943706069,285,0.2921167497751032,False
A_folds,F2,20,True,False,day_of_week,Sat,split-CP,0.976,11.475111111111111,250,0.2921167497751032,False
A_folds,F2,20,True,False,day_of_week,Thu,Mondrian-split-CP,0.8701298701298701,9.107257210712572,154,0.2921167497751032,False
A_folds,F2,20,True,False,day_of_week,Fri,Mondrian-split-CP,0.8350877192982457,8.174646046302628,285,0.2921167497751032,False
A_folds,F2,20,True,False,day_of_week,Sat,Mondrian-split-CP,0.968,8.998422333333338,250,0.2921167497751032,False
A_folds,F2,20,True,False,day_of_week,Thu,ACI,0.8701298701298701,10.935514971139972,154,0.2921167497751032,False
A_folds,F2,20,True,False,day_of_week,Fri,ACI,0.8666666666666667,9.127407176611564,285,0.2921167497751032,False
A_folds,F2,20,True,False,day_of_week,Sat,ACI,0.9,7.622136104377104,250,0.2921167497751032,False
A_folds,F2,20,True,False,day_of_week,Thu,ToD-ACI,0.8766233766233766,10.553384015245216,154,0.2921167497751032,False
A_folds,F2,20,True,False,day_of_week,Fri,ToD-ACI,0.8701754385964913,9.474377338759355,285,0.2921167497751032,False
A_folds,F2,20,True,False,day_of_week,Sat,ToD-ACI,0.904,7.590205051467052,250,0.2921167497751032,False
A_folds,F2,20,True,False,occupancy_tercile,low,split-CP,0.8550185873605948,10.88775339337793,269,0.5007866714861631,False
A_folds,F2,20,True,False,occupancy_tercile,mid,split-CP,0.975,11.475111111111111,280,0.5007866714861631,False
A_folds,F2,20,True,False,occupancy_tercile,high,split-CP,0.9928571428571428,11.475111111111111,140,0.5007866714861631,False
A_folds,F2,20,True,False,occupancy_tercile,low,Mondrian-split-CP,0.8587360594795539,11.230440179364903,269,0.5007866714861631,False
A_folds,F2,20,True,False,occupancy_tercile,mid,Mondrian-split-CP,0.9035714285714286,7.805429927248682,280,0.5007866714861631,False
A_folds,F2,20,True,False,occupancy_tercile,high,Mondrian-split-CP,0.9285714285714286,5.538489493575209,140,0.5007866714861631,False
A_folds,F2,20,True,False,occupancy_tercile,low,ACI,0.8513011152416357,11.88172730223102,269,0.5007866714861631,False
A_folds,F2,20,True,False,occupancy_tercile,mid,ACI,0.9,8.074578483388304,280,0.5007866714861631,False
A_folds,F2,20,True,False,occupancy_tercile,high,ACI,0.8928571428571429,5.241769695251837,140,0.5007866714861631,False
A_folds,F2,20,True,False,occupancy_tercile,low,ToD-ACI,0.8475836431226765,12.57347351010548,269,0.5007866714861631,False
A_folds,F2,20,True,False,occupancy_tercile,mid,ToD-ACI,0.925,8.059903571428572,280,0.5007866714861631,False
A_folds,F2,20,True,False,occupancy_tercile,high,ToD-ACI,0.8714285714285714,4.170946918161204,140,0.5007866714861631,False
A_folds,F2,20,True,False,random_5,r0,split-CP,0.9225352112676056,11.23399498167456,142,0.0696871502838824,False
A_folds,F2,20,True,False,random_5,r3,split-CP,0.9136690647482014,11.212000038064788,139,0.0696871502838824,False
A_folds,F2,20,True,False,random_5,r2,split-CP,0.92,11.19812325637326,150,0.0696871502838824,False
A_folds,F2,20,True,False,random_5,r4,split-CP,0.9492753623188406,11.308741853054354,138,0.0696871502838824,False
A_folds,F2,20,True,False,random_5,r1,split-CP,0.9583333333333334,11.286101438492066,120,0.0696871502838824,False
A_folds,F2,20,True,False,random_5,r0,Mondrian-split-CP,0.8732394366197183,8.704899617824797,142,0.0696871502838824,False
A_folds,F2,20,True,False,random_5,r3,Mondrian-split-CP,0.935251798561151,8.367771996688367,139,0.0696871502838824,False
A_folds,F2,20,True,False,random_5,r2,Mondrian-split-CP,0.8466666666666667,8.514035438912941,150,0.0696871502838824,False
A_folds,F2,20,True,False,random_5,r4,Mondrian-split-CP,0.9130434782608696,9.00654803643753,138,0.0696871502838824,False
A_folds,F2,20,True,False,random_5,r1,Mondrian-split-CP,0.8916666666666667,8.855602657026619,120,0.0696871502838824,False
A_folds,F2,20,True,False,random_5,r0,ACI,0.8661971830985915,9.031861916448184,142,0.0696871502838824,False
A_folds,F2,20,True,False,random_5,r3,ACI,0.9136690647482014,9.010063854976629,139,0.0696871502838824,False
A_folds,F2,20,True,False,random_5,r2,ACI,0.84,8.864389702581368,150,0.0696871502838824,False
A_folds,F2,20,True,False,random_5,r4,ACI,0.8840579710144928,8.854710452523857,138,0.0696871502838824,False
A_folds,F2,20,True,False,random_5,r1,ACI,0.9,9.203188426426967,120,0.0696871502838824,False
A_folds,F2,20,True,False,random_5,r0,ToD-ACI,0.8802816901408451,8.841285055027132,142,0.0696871502838824,False
A_folds,F2,20,True,False,random_5,r3,ToD-ACI,0.9280575539568344,9.042039886272802,139,0.0696871502838824,False
A_folds,F2,20,True,False,random_5,r2,ToD-ACI,0.84,8.504023815135481,150,0.0696871502838824,False
A_folds,F2,20,True,False,random_5,r4,ToD-ACI,0.8840579710144928,9.21666432353208,138,0.0696871502838824,False
A_folds,F2,20,True,False,random_5,r1,ToD-ACI,0.8916666666666667,9.693005598645184,120,0.0696871502838824,False
A_folds,F2,20,True,False,time_of_day,midday,split-CP,0.8514851485148515,10.90329024956067,202,1.0,False
A_folds,F2,20,True,False,time_of_day,pm_rush,split-CP,0.9117647058823528,11.475111111111111,136,1.0,False
A_folds,F2,20,True,False,time_of_day,evening,split-CP,1.0,11.475111111111111,114,1.0,False
A_folds,F2,20,True,False,time_of_day,night,split-CP,1.0,11.475111111111111,141,1.0,False
A_folds,F2,20,True,False,time_of_day,am_rush,split-CP,0.9479166666666666,11.032492235725307,96,1.0,False
A_folds,F2,20,True,False,time_of_day,midday,Mondrian-split-CP,0.9356435643564356,13.47388127413932,202,1.0,False
A_folds,F2,20,True,False,time_of_day,pm_rush,Mondrian-split-CP,0.875,9.979396825396831,136,1.0,False
A_folds,F2,20,True,False,time_of_day,evening,Mondrian-split-CP,0.8421052631578947,4.262571428571434,114,1.0,False
A_folds,F2,20,True,False,time_of_day,night,Mondrian-split-CP,0.8368794326241135,2.2706574074074126,141,1.0,False
A_folds,F2,20,True,False,time_of_day,am_rush,Mondrian-split-CP,0.9583333333333334,11.425828062996032,96,1.0,False
A_folds,F2,20,True,False,time_of_day,midday,ACI,0.8465346534653465,12.48675103075784,202,1.0,False
A_folds,F2,20,True,False,time_of_day,pm_rush,ACI,0.875,11.048647596412302,136,1.0,False
A_folds,F2,20,True,False,time_of_day,evening,ACI,0.9385964912280702,6.940862133237132,114,1.0,False
A_folds,F2,20,True,False,time_of_day,night,ACI,0.9432624113475178,4.132549440709015,141,1.0,False
A_folds,F2,20,True,False,time_of_day,am_rush,ACI,0.7916666666666666,8.250279597187147,96,1.0,False
A_folds,F2,20,True,False,time_of_day,midday,ToD-ACI,0.8910891089108911,13.61108657770539,202,1.0,False
A_folds,F2,20,True,False,time_of_day,pm_rush,ToD-ACI,0.875,11.510854629099114,136,1.0,False
A_folds,F2,20,True,False,time_of_day,evening,ToD-ACI,0.8771929824561403,5.505760106284231,114,1.0,False
A_folds,F2,20,True,False,time_of_day,night,ToD-ACI,0.8794326241134752,2.6310307516229496,141,1.0,False
A_folds,F2,20,True,False,time_of_day,am_rush,ToD-ACI,0.8958333333333334,9.473148295955587,96,1.0,False
A_folds,F2,21,True,False,day_of_week,Thu,split-CP,0.7987012987012987,9.53971811224491,154,0.2921167497751032,False
A_folds,F2,21,True,False,day_of_week,Fri,split-CP,0.9263157894736842,9.599734126984137,285,0.2921167497751032,False
A_folds,F2,21,True,False,day_of_week,Sat,split-CP,0.844,9.243795298941812,250,0.2921167497751032,False
A_folds,F2,21,True,False,day_of_week,Thu,Mondrian-split-CP,0.7987012987012987,9.835559317666457,154,0.2921167497751032,False
A_folds,F2,21,True,False,day_of_week,Fri,Mondrian-split-CP,0.9403508771929824,8.766261445279863,285,0.2921167497751032,False
A_folds,F2,21,True,False,day_of_week,Sat,Mondrian-split-CP,0.844,8.739397497354494,250,0.2921167497751032,False
A_folds,F2,21,True,False,day_of_week,Thu,ACI,0.8246753246753247,12.249789695423626,154,0.2921167497751032,False
A_folds,F2,21,True,False,day_of_week,Fri,ACI,0.9403508771929824,11.161259987932796,285,0.2921167497751032,False
A_folds,F2,21,True,False,day_of_week,Sat,ACI,0.852,10.02578428234728,250,0.2921167497751032,False
A_folds,F2,21,True,False,day_of_week,Thu,ToD-ACI,0.8116883116883117,10.67651156548478,154,0.2921167497751032,False
A_folds,F2,21,True,False,day_of_week,Fri,ToD-ACI,0.9403508771929824,9.6495843358396,285,0.2921167497751032,False
A_folds,F2,21,True,False,day_of_week,Sat,ToD-ACI,0.864,11.123508330687834,250,0.2921167497751032,False
A_folds,F2,21,True,False,occupancy_tercile,low,split-CP,0.7703180212014135,9.252641641894304,283,0.6639092330642065,False
A_folds,F2,21,True,False,occupancy_tercile,mid,split-CP,0.8942731277533039,9.59973412698414,227,0.6639092330642065,False
A_folds,F2,21,True,False,occupancy_tercile,high,split-CP,0.988826815642458,9.59973412698414,179,0.6639092330642065,False
A_folds,F2,21,True,False,occupancy_tercile,low,Mondrian-split-CP,0.823321554770318,11.503963421018184,283,0.6639092330642065,False
A_folds,F2,21,True,False,occupancy_tercile,mid,Mondrian-split-CP,0.8590308370044053,7.437558241847888,227,0.6639092330642065,False
A_folds,F2,21,True,False,occupancy_tercile,high,Mondrian-split-CP,0.9720670391061452,7.005377944784368,179,0.6639092330642065,False
A_folds,F2,21,True,False,occupancy_tercile,low,ACI,0.8021201413427562,10.896766728151446,283,0.6639092330642065,False
A_folds,F2,21,True,False,occupancy_tercile,mid,ACI,0.8986784140969163,11.880181973924268,227,0.6639092330642065,False
A_folds,F2,21,True,False,occupancy_tercile,high,ACI,0.988826815642458,10.01836026868848,179,0.6639092330642065,False
A_folds,F2,21,True,False,occupancy_tercile,low,ToD-ACI,0.8657243816254417,14.126782077888084,283,0.6639092330642065,False
A_folds,F2,21,True,False,occupancy_tercile,mid,ToD-ACI,0.8458149779735683,8.917868820362212,227,0.6639092330642065,False
A_folds,F2,21,True,False,occupancy_tercile,high,ToD-ACI,0.9608938547486032,6.44109412964441,179,0.6639092330642065,False
A_folds,F2,21,True,False,random_5,r0,split-CP,0.8873239436619719,9.59973412698414,142,0.0696871502838824,False
A_folds,F2,21,True,False,random_5,r3,split-CP,0.8920863309352518,9.400219362605164,139,0.0696871502838824,False
A_folds,F2,21,True,False,random_5,r2,split-CP,0.92,9.45620802910054,150,0.0696871502838824,False
A_folds,F2,21,True,False,random_5,r4,split-CP,0.7971014492753623,9.300707777394384,138,0.0696871502838824,False
A_folds,F2,21,True,False,random_5,r1,split-CP,0.8333333333333334,9.535566876102305,120,0.0696871502838824,False
A_folds,F2,21,True,False,random_5,r0,Mondrian-split-CP,0.8943661971830986,9.004663098964153,142,0.0696871502838824,False
A_folds,F2,21,True,False,random_5,r3,Mondrian-split-CP,0.8920863309352518,8.795191613375962,139,0.0696871502838824,False
A_folds,F2,21,True,False,random_5,r2,Mondrian-split-CP,0.92,8.931303350970014,150,0.0696871502838824,False
A_folds,F2,21,True,False,random_5,r4,Mondrian-split-CP,0.8260869565217391,9.032868333525032,138,0.0696871502838824,False
A_folds,F2,21,True,False,random_5,r1,Mondrian-split-CP,0.825,9.254040784832448,120,0.0696871502838824,False
A_folds,F2,21,True,False,random_5,r0,ACI,0.8873239436619719,11.104108841178382,142,0.0696871502838824,False
A_folds,F2,21,True,False,random_5,r3,ACI,0.9136690647482014,11.523099286371767,139,0.0696871502838824,False
A_folds,F2,21,True,False,random_5,r2,ACI,0.92,11.005766285874618,150,0.0696871502838824,False
A_folds,F2,21,True,False,random_5,r4,ACI,0.8405797101449275,10.532379010515786,138,0.0696871502838824,False
A_folds,F2,21,True,False,random_5,r1,ACI,0.8416666666666667,10.758710647146064,120,0.0696871502838824,False
A_folds,F2,21,True,False,random_5,r0,ToD-ACI,0.8802816901408451,10.566467760265295,142,0.0696871502838824,False
A_folds,F2,21,True,False,random_5,r3,ToD-ACI,0.920863309352518,10.480434833085912,139,0.0696871502838824,False
A_folds,F2,21,True,False,random_5,r2,ToD-ACI,0.9133333333333332,10.097541199294533,150,0.0696871502838824,False
A_folds,F2,21,True,False,random_5,r4,ToD-ACI,0.8695652173913043,10.46520420213174,138,0.0696871502838824,False
A_folds,F2,21,True,False,random_5,r1,ToD-ACI,0.825,10.492859799382718,120,0.0696871502838824,False
A_folds,F2,21,True,False,time_of_day,midday,split-CP,0.8663366336633663,9.59973412698414,202,1.0,False
A_folds,F2,21,True,False,time_of_day,pm_rush,split-CP,0.6397058823529411,8.8774754999222,136,1.0,False
A_folds,F2,21,True,False,time_of_day,evening,split-CP,0.9473684210526316,9.599734126984144,114,1.0,False
A_folds,F2,21,True,False,time_of_day,night,split-CP,0.9787234042553192,9.599734126984137,141,1.0,False
A_folds,F2,21,True,False,time_of_day,am_rush,split-CP,0.9375,9.59973412698414,96,1.0,False
A_folds,F2,21,True,False,time_of_day,midday,Mondrian-split-CP,0.9752475247524752,13.646404761904748,202,1.0,False
A_folds,F2,21,True,False,time_of_day,pm_rush,Mondrian-split-CP,0.6544117647058824,9.14702810846561,136,1.0,False
A_folds,F2,21,True,False,time_of_day,evening,Mondrian-split-CP,0.8157894736842105,5.385543650793651,114,1.0,False
A_folds,F2,21,True,False,time_of_day,night,Mondrian-split-CP,0.9432624113475178,4.771338624338625,141,1.0,False
A_folds,F2,21,True,False,time_of_day,am_rush,Mondrian-split-CP,0.9375,9.485726190476186,96,1.0,False
A_folds,F2,21,True,False,time_of_day,midday,ACI,0.8514851485148515,9.74079189883274,202,1.0,False
A_folds,F2,21,True,False,time_of_day,pm_rush,ACI,0.7279411764705882,11.665881997053871,136,1.0,False
A_folds,F2,21,True,False,time_of_day,evening,ACI,0.9736842105263158,13.98161013645224,114,1.0,False
A_folds,F2,21,True,False,time_of_day,night,ACI,0.9858156028368794,10.906726837780027,141,1.0,False
A_folds,F2,21,True,False,time_of_day,am_rush,ACI,0.90625,9.249175264550264,96,1.0,False
A_folds,F2,21,True,False,time_of_day,midday,ToD-ACI,0.9207920792079208,11.499193141337942,202,1.0,False
A_folds,F2,21,True,False,time_of_day,pm_rush,ToD-ACI,0.8088235294117647,19.175844994942423,136,1.0,False
A_folds,F2,21,True,False,time_of_day,evening,ToD-ACI,0.868421052631579,7.437984892787523,114,1.0,False
A_folds,F2,21,True,False,time_of_day,night,ToD-ACI,0.900709219858156,3.980767861833466,141,1.0,False
A_folds,F2,21,True,False,time_of_day,am_rush,ToD-ACI,0.90625,8.700217909501765,96,1.0,False
A_folds,F2,22,True,False,day_of_week,Thu,split-CP,0.8701298701298701,17.000171957671935,154,0.2921167497751032,False
A_folds,F2,22,True,False,day_of_week,Fri,split-CP,0.9192982456140352,16.95322955304927,285,0.2921167497751032,False
A_folds,F2,22,True,False,day_of_week,Sat,split-CP,0.972,17.000171957671938,250,0.2921167497751032,False
A_folds,F2,22,True,False,day_of_week,Thu,Mondrian-split-CP,0.9025974025974026,16.393025561739837,154,0.2921167497751032,False
A_folds,F2,22,True,False,day_of_week,Fri,Mondrian-split-CP,0.9192982456140352,14.796412403694417,285,0.2921167497751032,False
A_folds,F2,22,True,False,day_of_week,Sat,Mondrian-split-CP,0.984,15.775382417989414,250,0.2921167497751032,False
A_folds,F2,22,True,False,day_of_week,Thu,ACI,0.9155844155844156,19.76356961466864,154,0.2921167497751032,False
A_folds,F2,22,True,False,day_of_week,Fri,ACI,0.8807017543859649,14.31003856252584,285,0.2921167497751032,False
A_folds,F2,22,True,False,day_of_week,Sat,ACI,0.892,11.763506784511785,250,0.2921167497751032,False
A_folds,F2,22,True,False,day_of_week,Thu,ToD-ACI,0.8961038961038961,21.9701187477746,154,0.2921167497751032,False
A_folds,F2,22,True,False,day_of_week,Fri,ToD-ACI,0.8842105263157894,17.327560875884995,285,0.2921167497751032,False
A_folds,F2,22,True,False,day_of_week,Sat,ToD-ACI,0.908,10.389850903799909,250,0.2921167497751032,False
A_folds,F2,22,True,False,occupancy_tercile,low,split-CP,0.852233676975945,16.954197437680666,291,0.5696549995551256,False
A_folds,F2,22,True,False,occupancy_tercile,mid,split-CP,0.9840637450199204,17.000171957671935,251,0.5696549995551256,False
A_folds,F2,22,True,False,occupancy_tercile,high,split-CP,0.979591836734694,17.000171957671938,147,0.5696549995551256,False
A_folds,F2,22,True,False,occupancy_tercile,low,Mondrian-split-CP,0.9209621993127148,21.35888520927654,291,0.5696549995551256,False
A_folds,F2,22,True,False,occupancy_tercile,mid,Mondrian-split-CP,0.9601593625498008,12.152616971268351,251,0.5696549995551256,False
A_folds,F2,22,True,False,occupancy_tercile,high,Mondrian-split-CP,0.9387755102040816,9.657187893675973,147,0.5696549995551256,False
A_folds,F2,22,True,False,occupancy_tercile,low,ACI,0.8797250859106529,23.4429159081818,291,0.5696549995551256,False
A_folds,F2,22,True,False,occupancy_tercile,mid,ACI,0.8804780876494024,8.118905950033442,251,0.5696549995551256,False
A_folds,F2,22,True,False,occupancy_tercile,high,ACI,0.9387755102040816,8.184309417465881,147,0.5696549995551256,False
A_folds,F2,22,True,False,occupancy_tercile,low,ToD-ACI,0.8934707903780069,25.285441816504097,291,0.5696549995551256,False
A_folds,F2,22,True,False,occupancy_tercile,mid,ToD-ACI,0.9083665338645418,8.862024218182587,251,0.5696549995551256,False
A_folds,F2,22,True,False,occupancy_tercile,high,ToD-ACI,0.8775510204081632,9.093770172571194,147,0.5696549995551256,False
A_folds,F2,22,True,False,random_5,r0,split-CP,0.9295774647887324,16.983929316640562,142,0.0696871502838824,False
A_folds,F2,22,True,False,random_5,r3,split-CP,0.9280575539568344,17.000171957671935,139,0.0696871502838824,False
A_folds,F2,22,True,False,random_5,r2,split-CP,0.9266666666666666,16.98077523368605,150,0.0696871502838824,False
A_folds,F2,22,True,False,random_5,r4,split-CP,0.9347826086956522,17.000171957671935,138,0.0696871502838824,False
A_folds,F2,22,True,False,random_5,r1,split-CP,0.9166666666666666,16.93215011022925,120,0.0696871502838824,False
A_folds,F2,22,True,False,random_5,r0,Mondrian-split-CP,0.943661971830986,15.07973558014755,142,0.0696871502838824,False
A_folds,F2,22,True,False,random_5,r3,Mondrian-split-CP,0.9280575539568344,15.349297866468726,139,0.0696871502838824,False
A_folds,F2,22,True,False,random_5,r2,Mondrian-split-CP,0.9533333333333334,15.36509841710758,150,0.0696871502838824,False
A_folds,F2,22,True,False,random_5,r4,Mondrian-split-CP,0.9492753623188406,15.88552563070316,138,0.0696871502838824,False
A_folds,F2,22,True,False,random_5,r1,Mondrian-split-CP,0.9166666666666666,15.945891005290996,120,0.0696871502838824,False
A_folds,F2,22,True,False,random_5,r0,ACI,0.8943661971830986,15.901230242143091,142,0.0696871502838824,False
A_folds,F2,22,True,False,random_5,r3,ACI,0.8848920863309353,13.372276806260622,139,0.0696871502838824,False
A_folds,F2,22,True,False,random_5,r2,ACI,0.9066666666666666,14.599863762626264,150,0.0696871502838824,False
A_folds,F2,22,True,False,random_5,r4,ACI,0.9130434782608696,15.31307614359607,138,0.0696871502838824,False
A_folds,F2,22,True,False,random_5,r1,ACI,0.8583333333333333,13.691018037016995,120,0.0696871502838824,False
A_folds,F2,22,True,False,random_5,r0,ToD-ACI,0.908450704225352,16.147287084036204,142,0.0696871502838824,False
A_folds,F2,22,True,False,random_5,r3,ToD-ACI,0.9136690647482014,15.022132658375464,139,0.0696871502838824,False
A_folds,F2,22,True,False,random_5,r2,ToD-ACI,0.8666666666666667,16.29456498677249,150,0.0696871502838824,False
A_folds,F2,22,True,False,random_5,r4,ToD-ACI,0.927536231884058,15.79241469561035,138,0.0696871502838824,False
A_folds,F2,22,True,False,random_5,r1,ToD-ACI,0.8583333333333333,15.95572234397547,120,0.0696871502838824,False
A_folds,F2,22,True,False,time_of_day,midday,split-CP,0.8267326732673267,16.93394133728847,202,1.0,False
A_folds,F2,22,True,False,time_of_day,pm_rush,split-CP,0.9779411764705882,17.000171957671938,136,1.0,False
A_folds,F2,22,True,False,time_of_day,evening,split-CP,0.9649122807017544,17.000171957671938,114,1.0,False
A_folds,F2,22,True,False,time_of_day,night,split-CP,1.0,17.000171957671938,141,1.0,False
A_folds,F2,22,True,False,time_of_day,am_rush,split-CP,0.9166666666666666,17.000171957671935,96,1.0,False
A_folds,F2,22,True,False,time_of_day,midday,Mondrian-split-CP,0.9257425742574258,24.5190450815915,202,1.0,False
A_folds,F2,22,True,False,time_of_day,pm_rush,Mondrian-split-CP,0.9779411764705882,17.000171957671938,136,1.0,False
A_folds,F2,22,True,False,time_of_day,evening,Mondrian-split-CP,0.868421052631579,5.798555555555537,114,1.0,False
A_folds,F2,22,True,False,time_of_day,night,Mondrian-split-CP,1.0,8.704757936507917,141,1.0,False
A_folds,F2,22,True,False,time_of_day,am_rush,Mondrian-split-CP,0.90625,15.959087301587315,96,1.0,False
A_folds,F2,22,True,False,time_of_day,midday,ACI,0.8613861386138614,23.795653593633176,202,1.0,False
A_folds,F2,22,True,False,time_of_day,pm_rush,ACI,0.9705882352941176,14.609503945264974,136,1.0,False
A_folds,F2,22,True,False,time_of_day,evening,ACI,0.912280701754386,8.687550774031038,114,1.0,False
A_folds,F2,22,True,False,time_of_day,night,ACI,0.950354609929078,5.839571938568394,141,1.0,False
A_folds,F2,22,True,False,time_of_day,am_rush,ACI,0.7395833333333334,15.160962636032949,96,1.0,False
A_folds,F2,22,True,False,time_of_day,midday,ToD-ACI,0.905940594059406,22.606081913250847,202,1.0,False
A_folds,F2,22,True,False,time_of_day,pm_rush,ToD-ACI,0.9117647058823528,18.77747427001104,136,1.0,False
A_folds,F2,22,True,False,time_of_day,evening,ToD-ACI,0.868421052631579,9.92813477295934,114,1.0,False
A_folds,F2,22,True,False,time_of_day,night,ToD-ACI,0.8936170212765957,4.921726303050768,141,1.0,False
A_folds,F2,22,True,False,time_of_day,am_rush,ToD-ACI,0.8854166666666666,20.555000444674928,96,1.0,False
A_folds,F2,23,True,False,day_of_week,Thu,split-CP,0.9155844155844156,8.96904497354498,154,0.2921167497751032,False
A_folds,F2,23,True,False,day_of_week,Fri,split-CP,0.8631578947368421,8.969044973544984,285,0.2921167497751032,False
A_folds,F2,23,True,False,day_of_week,Sat,split-CP,0.968,8.969044973544984,250,0.2921167497751032,False
A_folds,F2,23,True,False,day_of_week,Thu,Mondrian-split-CP,0.9155844155844156,8.046531282209846,154,0.2921167497751032,False
A_folds,F2,23,True,False,day_of_week,Fri,Mondrian-split-CP,0.887719298245614,7.164496741854637,285,0.2921167497751032,False
A_folds,F2,23,True,False,day_of_week,Sat,Mondrian-split-CP,0.952,7.6231110000000015,250,0.2921167497751032,False
A_folds,F2,23,True,False,day_of_week,Thu,ACI,0.922077922077922,8.302112312831468,154,0.2921167497751032,False
A_folds,F2,23,True,False,day_of_week,Fri,ACI,0.8771929824561403,9.564727076529705,285,0.2921167497751032,False
A_folds,F2,23,True,False,day_of_week,Sat,ACI,0.904,6.20877225925926,250,0.2921167497751032,False
A_folds,F2,23,True,False,day_of_week,Thu,ToD-ACI,0.9025974025974026,8.435378123379747,154,0.2921167497751032,False
A_folds,F2,23,True,False,day_of_week,Fri,ToD-ACI,0.8701754385964913,8.54541689619672,285,0.2921167497751032,False
A_folds,F2,23,True,False,day_of_week,Sat,ToD-ACI,0.94,6.939026009139009,250,0.2921167497751032,False
A_folds,F2,23,True,False,occupancy_tercile,low,split-CP,0.8302469135802469,8.96904497354498,324,0.658191549014117,False
A_folds,F2,23,True,False,occupancy_tercile,mid,split-CP,1.0,8.969044973544976,141,0.658191549014117,False
A_folds,F2,23,True,False,occupancy_tercile,high,split-CP,0.9776785714285714,8.969044973544987,224,0.658191549014117,False
A_folds,F2,23,True,False,occupancy_tercile,low,Mondrian-split-CP,0.8919753086419753,10.696649385165584,324,0.658191549014117,False
A_folds,F2,23,True,False,occupancy_tercile,mid,Mondrian-split-CP,0.9645390070921984,6.5330328717775545,141,0.658191549014117,False
A_folds,F2,23,True,False,occupancy_tercile,high,Mondrian-split-CP,0.9241071428571428,3.5712192106009084,224,0.658191549014117,False
A_folds,F2,23,True,False,occupancy_tercile,low,ACI,0.8518518518518519,11.273429451778217,324,0.658191549014117,False
A_folds,F2,23,True,False,occupancy_tercile,mid,ACI,0.900709219858156,6.537212754017719,141,0.658191549014117,False
A_folds,F2,23,True,False,occupancy_tercile,high,ACI,0.9598214285714286,4.385390344237442,224,0.658191549014117,False
A_folds,F2,23,True,False,occupancy_tercile,low,ToD-ACI,0.8765432098765432,11.186166488889482,324,0.658191549014117,False
A_folds,F2,23,True,False,occupancy_tercile,mid,ToD-ACI,0.9148936170212766,7.369837961683707,141,0.658191549014117,False
A_folds,F2,23,True,False,occupancy_tercile,high,ToD-ACI,0.9330357142857144,3.597247561177245,224,0.658191549014117,False
A_folds,F2,23,True,False,random_5,r0,split-CP,0.9295774647887324,8.969044973544984,142,0.0696871502838824,False
A_folds,F2,23,True,False,random_5,r3,split-CP,0.9280575539568344,8.969044973544984,139,0.0696871502838824,False
A_folds,F2,23,True,False,random_5,r2,split-CP,0.8733333333333333,8.969044973544984,150,0.0696871502838824,False
A_folds,F2,23,True,False,random_5,r4,split-CP,0.9202898550724636,8.969044973544984,138,0.0696871502838824,False
A_folds,F2,23,True,False,random_5,r1,split-CP,0.9166666666666666,8.96904497354498,120,0.0696871502838824,False
A_folds,F2,23,True,False,random_5,r0,Mondrian-split-CP,0.908450704225352,7.422353314330424,142,0.0696871502838824,False
A_folds,F2,23,True,False,random_5,r3,Mondrian-split-CP,0.9136690647482014,7.35523472650451,139,0.0696871502838824,False
A_folds,F2,23,True,False,random_5,r2,Mondrian-split-CP,0.9,7.4251085978836,150,0.0696871502838824,False
A_folds,F2,23,True,False,random_5,r4,Mondrian-split-CP,0.9420289855072465,7.739082039337472,138,0.0696871502838824,False
A_folds,F2,23,True,False,random_5,r1,Mondrian-split-CP,0.925,7.739281084656083,120,0.0696871502838824,False
A_folds,F2,23,True,False,random_5,r0,ACI,0.8661971830985915,8.515188428551106,142,0.0696871502838824,False
A_folds,F2,23,True,False,random_5,r3,ACI,0.9064748201438848,7.143746830241433,139,0.0696871502838824,False
A_folds,F2,23,True,False,random_5,r2,ACI,0.9066666666666666,8.191279363476026,150,0.0696871502838824,False
A_folds,F2,23,True,False,random_5,r4,ACI,0.8913043478260869,8.097481263637063,138,0.0696871502838824,False
A_folds,F2,23,True,False,random_5,r1,ACI,0.9166666666666666,8.403197438672434,120,0.0696871502838824,False
A_folds,F2,23,True,False,random_5,r0,ToD-ACI,0.8802816901408451,8.259591058980142,142,0.0696871502838824,False
A_folds,F2,23,True,False,random_5,r3,ToD-ACI,0.9136690647482014,7.284527860828219,139,0.0696871502838824,False
A_folds,F2,23,True,False,random_5,r2,ToD-ACI,0.9066666666666666,8.045138595478594,150,0.0696871502838824,False
A_folds,F2,23,True,False,random_5,r4,ToD-ACI,0.9202898550724636,7.818557266069949,138,0.0696871502838824,False
A_folds,F2,23,True,False,random_5,r1,ToD-ACI,0.8916666666666667,8.317546280262945,120,0.0696871502838824,False
A_folds,F2,23,True,False,time_of_day,midday,split-CP,0.806930693069307,8.96904497354498,202,1.0,False
A_folds,F2,23,True,False,time_of_day,pm_rush,split-CP,0.9485294117647058,8.969044973544984,136,1.0,False
A_folds,F2,23,True,False,time_of_day,evening,split-CP,0.956140350877193,8.969044973544989,114,1.0,False
A_folds,F2,23,True,False,time_of_day,night,split-CP,1.0,8.969044973544984,141,1.0,False
A_folds,F2,23,True,False,time_of_day,am_rush,split-CP,0.90625,8.96904497354498,96,1.0,False
A_folds,F2,23,True,False,time_of_day,midday,Mondrian-split-CP,0.900990099009901,12.068543650793655,202,1.0,False
A_folds,F2,23,True,False,time_of_day,pm_rush,Mondrian-split-CP,0.9485294117647058,8.880511904761875,136,1.0,False
A_folds,F2,23,True,False,time_of_day,evening,Mondrian-split-CP,0.8771929824561403,2.352619047619044,114,1.0,False
A_folds,F2,23,True,False,time_of_day,night,Mondrian-split-CP,0.9432624113475178,2.865623015873041,141,1.0,False
A_folds,F2,23,True,False,time_of_day,am_rush,Mondrian-split-CP,0.9166666666666666,9.051857142857132,96,1.0,False
A_folds,F2,23,True,False,time_of_day,midday,ACI,0.8663366336633663,11.092951261792845,202,1.0,False
A_folds,F2,23,True,False,time_of_day,pm_rush,ACI,0.9485294117647058,10.053260412245706,136,1.0,False
A_folds,F2,23,True,False,time_of_day,evening,ACI,0.956140350877193,4.905627194037279,114,1.0,False
A_folds,F2,23,True,False,time_of_day,night,ACI,0.9148936170212766,3.2594554869874046,141,1.0,False
A_folds,F2,23,True,False,time_of_day,am_rush,ACI,0.7916666666666666,9.68563836529982,96,1.0,False
A_folds,F2,23,True,False,time_of_day,midday,ToD-ACI,0.9207920792079208,12.01709738831026,202,1.0,False
A_folds,F2,23,True,False,time_of_day,pm_rush,ToD-ACI,0.8970588235294118,8.630605538048554,136,1.0,False
A_folds,F2,23,True,False,time_of_day,evening,ToD-ACI,0.9035087719298246,3.93637211083263,114,1.0,False
A_folds,F2,23,True,False,time_of_day,night,ToD-ACI,0.8865248226950354,2.6994862002326543,141,1.0,False
A_folds,F2,23,True,False,time_of_day,am_rush,ToD-ACI,0.8958333333333334,10.819359877294772,96,1.0,False
A_folds,F2,24,True,False,day_of_week,Thu,split-CP,0.9805194805194806,8.110365079365081,154,0.2921167497751032,False
A_folds,F2,24,True,False,day_of_week,Fri,split-CP,0.9403508771929824,8.11036507936508,285,0.2921167497751032,False
A_folds,F2,24,True,False,day_of_week,Sat,split-CP,0.98,8.11036507936508,250,0.2921167497751032,False
A_folds,F2,24,True,False,day_of_week,Thu,Mondrian-split-CP,0.9675324675324676,6.863605545248394,154,0.2921167497751032,False
A_folds,F2,24,True,False,day_of_week,Fri,Mondrian-split-CP,0.9438596491228072,7.475268588137008,285,0.2921167497751032,False
A_folds,F2,24,True,False,day_of_week,Sat,Mondrian-split-CP,0.948,7.780679365079365,250,0.2921167497751032,False
A_folds,F2,24,True,False,day_of_week,Thu,ACI,0.9090909090909092,5.999368065316117,154,0.2921167497751032,False
A_folds,F2,24,True,False,day_of_week,Fri,ACI,0.8736842105263158,6.480786473338229,285,0.2921167497751032,False
A_folds,F2,24,True,False,day_of_week,Sat,ACI,0.864,5.383956693121696,250,0.2921167497751032,False
A_folds,F2,24,True,False,day_of_week,Thu,ToD-ACI,0.9155844155844156,5.839390711380971,154,0.2921167497751032,False
A_folds,F2,24,True,False,day_of_week,Fri,ToD-ACI,0.8912280701754386,6.416256265242232,285,0.2921167497751032,False
A_folds,F2,24,True,False,day_of_week,Sat,ToD-ACI,0.86,5.137701651274652,250,0.2921167497751032,False
A_folds,F2,24,True,False,occupancy_tercile,low,split-CP,0.917910447761194,8.110365079365078,134,0.5182619997571514,False
A_folds,F2,24,True,False,occupancy_tercile,mid,split-CP,0.9729206963249516,8.110365079365081,517,0.5182619997571514,False
A_folds,F2,24,True,False,occupancy_tercile,high,split-CP,1.0,8.110365079365083,38,0.5182619997571514,False
A_folds,F2,24,True,False,occupancy_tercile,low,Mondrian-split-CP,0.917910447761194,8.052698412698412,134,0.5182619997571514,False
A_folds,F2,24,True,False,occupancy_tercile,mid,Mondrian-split-CP,0.9555125725338492,7.332098446470786,517,0.5182619997571514,False
A_folds,F2,24,True,False,occupancy_tercile,high,Mondrian-split-CP,1.0,6.91737259816206,38,0.5182619997571514,False
A_folds,F2,24,True,False,occupancy_tercile,low,ACI,0.8582089552238806,8.219816324223043,134,0.5182619997571514,False
A_folds,F2,24,True,False,occupancy_tercile,mid,ACI,0.8781431334622823,5.392558326425348,517,0.5182619997571514,False
A_folds,F2,24,True,False,occupancy_tercile,high,ACI,0.9473684210526316,5.98705152717653,38,0.5182619997571514,False
A_folds,F2,24,True,False,occupancy_tercile,low,ToD-ACI,0.8731343283582089,7.345419697149175,134,0.5182619997571514,False
A_folds,F2,24,True,False,occupancy_tercile,mid,ToD-ACI,0.8839458413926499,5.388144214782996,517,0.5182619997571514,False
A_folds,F2,24,True,False,occupancy_tercile,high,ToD-ACI,0.9473684210526316,6.378100513278146,38,0.5182619997571514,False
A_folds,F2,24,True,False,random_5,r0,split-CP,0.943661971830986,8.110365079365081,142,0.0696871502838824,False
A_folds,F2,24,True,False,random_5,r3,split-CP,0.9784172661870504,8.110365079365081,139,0.0696871502838824,False
A_folds,F2,24,True,False,random_5,r2,split-CP,0.9733333333333334,8.110365079365078,150,0.0696871502838824,False
A_folds,F2,24,True,False,random_5,r4,split-CP,0.9565217391304348,8.11036507936508,138,0.0696871502838824,False
A_folds,F2,24,True,False,random_5,r1,split-CP,0.9666666666666668,8.110365079365083,120,0.0696871502838824,False
A_folds,F2,24,True,False,random_5,r0,Mondrian-split-CP,0.9225352112676056,7.469207802369773,142,0.0696871502838824,False
A_folds,F2,24,True,False,random_5,r3,Mondrian-split-CP,0.9568345323741008,7.398516900765101,139,0.0696871502838824,False
A_folds,F2,24,True,False,random_5,r2,Mondrian-split-CP,0.96,7.387403544973544,150,0.0696871502838824,False
A_folds,F2,24,True,False,random_5,r4,Mondrian-split-CP,0.9420289855072465,7.464355590062109,138,0.0696871502838824,False
A_folds,F2,24,True,False,random_5,r1,Mondrian-split-CP,0.975,7.545030687830685,120,0.0696871502838824,False
A_folds,F2,24,True,False,random_5,r0,ACI,0.8732394366197183,6.317378929299705,142,0.0696871502838824,False
A_folds,F2,24,True,False,random_5,r3,ACI,0.8920863309352518,5.9270317780407735,139,0.0696871502838824,False
A_folds,F2,24,True,False,random_5,r2,ACI,0.8866666666666667,5.733673956228958,150,0.0696871502838824,False
A_folds,F2,24,True,False,random_5,r4,ACI,0.8768115942028986,6.014479502582764,138,0.0696871502838824,False
A_folds,F2,24,True,False,random_5,r1,ACI,0.8583333333333333,5.882845919512588,120,0.0696871502838824,False
A_folds,F2,24,True,False,random_5,r0,ToD-ACI,0.8802816901408451,6.255187593574918,142,0.0696871502838824,False
A_folds,F2,24,True,False,random_5,r3,ToD-ACI,0.8920863309352518,5.507116131337355,139,0.0696871502838824,False
A_folds,F2,24,True,False,random_5,r2,ToD-ACI,0.9133333333333332,5.759105093795093,150,0.0696871502838824,False
A_folds,F2,24,True,False,random_5,r4,ToD-ACI,0.855072463768116,5.956500087137767,138,0.0696871502838824,False
A_folds,F2,24,True,False,random_5,r1,ToD-ACI,0.8833333333333333,5.606133844396345,120,0.0696871502838824,False
A_folds,F2,24,True,False,time_of_day,midday,split-CP,0.9554455445544554,8.110365079365083,202,1.0,False
A_folds,F2,24,True,False,time_of_day,pm_rush,split-CP,0.9411764705882352,8.110365079365081,136,1.0,False
A_folds,F2,24,True,False,time_of_day,evening,split-CP,1.0,8.110365079365078,114,1.0,False
A_folds,F2,24,True,False,time_of_day,night,split-CP,0.9574468085106383,8.110365079365076,141,1.0,False
A_folds,F2,24,True,False,time_of_day,am_rush,split-CP,0.9791666666666666,8.110365079365081,96,1.0,False
A_folds,F2,24,True,False,time_of_day,midday,Mondrian-split-CP,0.9554455445544554,8.033087301587301,202,1.0,False
A_folds,F2,24,True,False,time_of_day,pm_rush,Mondrian-split-CP,0.9411764705882352,8.220793650793638,136,1.0,False
A_folds,F2,24,True,False,time_of_day,evening,Mondrian-split-CP,0.9035087719298246,4.09329365079364,114,1.0,False
A_folds,F2,24,True,False,time_of_day,night,Mondrian-split-CP,0.9574468085106383,7.092103174603181,141,1.0,False
A_folds,F2,24,True,False,time_of_day,am_rush,Mondrian-split-CP,1.0,9.638365079365087,96,1.0,False
A_folds,F2,24,True,False,time_of_day,midday,ACI,0.8712871287128713,6.935466794893777,202,1.0,False
A_folds,F2,24,True,False,time_of_day,pm_rush,ACI,0.8970588235294118,7.125798538607365,136,1.0,False
A_folds,F2,24,True,False,time_of_day,evening,ACI,0.912280701754386,3.775776945520368,114,1.0,False
A_folds,F2,24,True,False,time_of_day,night,ACI,0.8652482269503546,4.925889745990809,141,1.0,False
A_folds,F2,24,True,False,time_of_day,am_rush,ACI,0.84375,6.477646671326359,96,1.0,False
A_folds,F2,24,True,False,time_of_day,midday,ToD-ACI,0.8960396039603961,6.345527037822831,202,1.0,False
A_folds,F2,24,True,False,time_of_day,pm_rush,ToD-ACI,0.8970588235294118,7.095727308979146,136,1.0,False
A_folds,F2,24,True,False,time_of_day,evening,ToD-ACI,0.8596491228070176,3.3229927311966776,114,1.0,False
A_folds,F2,24,True,False,time_of_day,night,ToD-ACI,0.8794326241134752,4.223922877031034,141,1.0,False
A_folds,F2,24,True,False,time_of_day,am_rush,ToD-ACI,0.8854166666666666,8.240780680064534,96,1.0,False
A_folds,F3,1,False,True,day_of_week,Sun,split-CP,1.0,0.0,250,0.2030355830661628,True
A_folds,F3,1,False,True,day_of_week,Mon,split-CP,1.0,0.0,288,0.2030355830661628,True
A_folds,F3,1,False,True,day_of_week,Tue,split-CP,1.0,0.0,227,0.2030355830661628,True
A_folds,F3,1,False,True,day_of_week,Sun,Mondrian-split-CP,1.0,0.0,250,0.2030355830661628,True
A_folds,F3,1,False,True,day_of_week,Mon,Mondrian-split-CP,1.0,0.0,288,0.2030355830661628,True
A_folds,F3,1,False,True,day_of_week,Tue,Mondrian-split-CP,1.0,0.0,227,0.2030355830661628,True
A_folds,F3,1,False,True,day_of_week,Sun,ACI,1.0,0.0,250,0.2030355830661628,True
A_folds,F3,1,False,True,day_of_week,Mon,ACI,1.0,0.0,288,0.2030355830661628,True
A_folds,F3,1,False,True,day_of_week,Tue,ACI,1.0,0.0,227,0.2030355830661628,True
A_folds,F3,1,False,True,day_of_week,Sun,ToD-ACI,1.0,0.0,250,0.2030355830661628,True
A_folds,F3,1,False,True,day_of_week,Mon,ToD-ACI,1.0,0.0,288,0.2030355830661628,True
A_folds,F3,1,False,True,day_of_week,Tue,ToD-ACI,1.0,0.0,227,0.2030355830661628,True
A_folds,F3,1,False,True,occupancy_tercile,low,split-CP,1.0,0.0,765,,True
A_folds,F3,1,False,True,occupancy_tercile,low,Mondrian-split-CP,1.0,0.0,765,,True
A_folds,F3,1,False,True,occupancy_tercile,low,ACI,1.0,0.0,765,,True
A_folds,F3,1,False,True,occupancy_tercile,low,ToD-ACI,1.0,0.0,765,,True
A_folds,F3,1,False,True,random_5,r0,split-CP,1.0,0.0,158,0.0559484298602347,True
A_folds,F3,1,False,True,random_5,r3,split-CP,1.0,0.0,160,0.0559484298602347,True
A_folds,F3,1,False,True,random_5,r2,split-CP,1.0,0.0,166,0.0559484298602347,True
A_folds,F3,1,False,True,random_5,r4,split-CP,1.0,0.0,151,0.0559484298602347,True
A_folds,F3,1,False,True,random_5,r1,split-CP,1.0,0.0,130,0.0559484298602347,True
A_folds,F3,1,False,True,random_5,r0,Mondrian-split-CP,1.0,0.0,158,0.0559484298602347,True
A_folds,F3,1,False,True,random_5,r3,Mondrian-split-CP,1.0,0.0,160,0.0559484298602347,True
A_folds,F3,1,False,True,random_5,r2,Mondrian-split-CP,1.0,0.0,166,0.0559484298602347,True
A_folds,F3,1,False,True,random_5,r4,Mondrian-split-CP,1.0,0.0,151,0.0559484298602347,True
A_folds,F3,1,False,True,random_5,r1,Mondrian-split-CP,1.0,0.0,130,0.0559484298602347,True
A_folds,F3,1,False,True,random_5,r0,ACI,1.0,0.0,158,0.0559484298602347,True
A_folds,F3,1,False,True,random_5,r3,ACI,1.0,0.0,160,0.0559484298602347,True
A_folds,F3,1,False,True,random_5,r2,ACI,1.0,0.0,166,0.0559484298602347,True
A_folds,F3,1,False,True,random_5,r4,ACI,1.0,0.0,151,0.0559484298602347,True
A_folds,F3,1,False,True,random_5,r1,ACI,1.0,0.0,130,0.0559484298602347,True
A_folds,F3,1,False,True,random_5,r0,ToD-ACI,1.0,0.0,158,0.0559484298602347,True
A_folds,F3,1,False,True,random_5,r3,ToD-ACI,1.0,0.0,160,0.0559484298602347,True
A_folds,F3,1,False,True,random_5,r2,ToD-ACI,1.0,0.0,166,0.0559484298602347,True
A_folds,F3,1,False,True,random_5,r4,ToD-ACI,1.0,0.0,151,0.0559484298602347,True
A_folds,F3,1,False,True,random_5,r1,ToD-ACI,1.0,0.0,130,0.0559484298602347,True
A_folds,F3,1,False,True,time_of_day,night,split-CP,1.0,0.0,216,1.0,True
A_folds,F3,1,False,True,time_of_day,am_rush,split-CP,1.0,0.0,144,1.0,True
A_folds,F3,1,False,True,time_of_day,midday,split-CP,1.0,0.0,178,1.0,True
A_folds,F3,1,False,True,time_of_day,pm_rush,split-CP,1.0,0.0,131,1.0,True
A_folds,F3,1,False,True,time_of_day,evening,split-CP,1.0,0.0,96,1.0,True
A_folds,F3,1,False,True,time_of_day,night,Mondrian-split-CP,1.0,0.0,216,1.0,True
A_folds,F3,1,False,True,time_of_day,am_rush,Mondrian-split-CP,1.0,0.0,144,1.0,True
A_folds,F3,1,False,True,time_of_day,midday,Mondrian-split-CP,1.0,0.0,178,1.0,True
A_folds,F3,1,False,True,time_of_day,pm_rush,Mondrian-split-CP,1.0,0.0,131,1.0,True
A_folds,F3,1,False,True,time_of_day,evening,Mondrian-split-CP,1.0,0.0,96,1.0,True
A_folds,F3,1,False,True,time_of_day,night,ACI,1.0,0.0,216,1.0,True
A_folds,F3,1,False,True,time_of_day,am_rush,ACI,1.0,0.0,144,1.0,True
A_folds,F3,1,False,True,time_of_day,midday,ACI,1.0,0.0,178,1.0,True
A_folds,F3,1,False,True,time_of_day,pm_rush,ACI,1.0,0.0,131,1.0,True
A_folds,F3,1,False,True,time_of_day,evening,ACI,1.0,0.0,96,1.0,True
A_folds,F3,1,False,True,time_of_day,night,ToD-ACI,1.0,0.0,216,1.0,True
A_folds,F3,1,False,True,time_of_day,am_rush,ToD-ACI,1.0,0.0,144,1.0,True
A_folds,F3,1,False,True,time_of_day,midday,ToD-ACI,1.0,0.0,178,1.0,True
A_folds,F3,1,False,True,time_of_day,pm_rush,ToD-ACI,1.0,0.0,131,1.0,True
A_folds,F3,1,False,True,time_of_day,evening,ToD-ACI,1.0,0.0,96,1.0,True
A_folds,F3,2,True,False,day_of_week,Sun,split-CP,0.992,20.776765873015847,250,0.2030355830661628,False
A_folds,F3,2,True,False,day_of_week,Mon,split-CP,0.8506944444444444,20.776765873015847,288,0.2030355830661628,False
A_folds,F3,2,True,False,day_of_week,Tue,split-CP,0.8898678414096917,20.77676587301585,227,0.2030355830661628,False
A_folds,F3,2,True,False,day_of_week,Sun,Mondrian-split-CP,0.984,19.306113841269827,250,0.2030355830661628,False
A_folds,F3,2,True,False,day_of_week,Mon,Mondrian-split-CP,0.8888888888888888,20.079991732804224,288,0.2030355830661628,False
A_folds,F3,2,True,False,day_of_week,Tue,Mondrian-split-CP,0.9383259911894272,21.12348078805677,227,0.2030355830661628,False
A_folds,F3,2,True,False,day_of_week,Sun,ACI,0.912,10.33226741077441,250,0.2030355830661628,False
A_folds,F3,2,True,False,day_of_week,Mon,ACI,0.8715277777777778,18.44548020841684,288,0.2030355830661628,False
A_folds,F3,2,True,False,day_of_week,Tue,ACI,0.8722466960352423,18.136171592683706,227,0.2030355830661628,False
A_folds,F3,2,True,False,day_of_week,Sun,ToD-ACI,0.94,12.725503881192882,250,0.2030355830661628,False
A_folds,F3,2,True,False,day_of_week,Mon,ToD-ACI,0.8506944444444444,19.57420682352627,288,0.2030355830661628,False
A_folds,F3,2,True,False,day_of_week,Tue,ToD-ACI,0.8590308370044053,19.01991799524508,227,0.2030355830661628,False
A_folds,F3,2,True,False,occupancy_tercile,mid,split-CP,0.9691358024691358,20.776765873015847,162,0.5880026588286045,False
A_folds,F3,2,True,False,occupancy_tercile,high,split-CP,0.9880597014925372,20.776765873015847,335,0.5880026588286045,False
A_folds,F3,2,True,False,occupancy_tercile,low,split-CP,0.7723880597014925,20.776765873015847,268,0.5880026588286045,False
A_folds,F3,2,True,False,occupancy_tercile,mid,Mondrian-split-CP,0.9444444444444444,17.85009692827746,162,0.5880026588286045,False
A_folds,F3,2,True,False,occupancy_tercile,high,Mondrian-split-CP,0.9850746268656716,17.228846695095946,335,0.5880026588286045,False
A_folds,F3,2,True,False,occupancy_tercile,low,Mondrian-split-CP,0.8656716417910447,25.153794302298024,268,0.5880026588286045,False
A_folds,F3,2,True,False,occupancy_tercile,mid,ACI,0.8888888888888888,14.609442759458195,162,0.5880026588286045,False
A_folds,F3,2,True,False,occupancy_tercile,high,ACI,0.8985074626865671,7.202405273775418,335,0.5880026588286045,False
A_folds,F3,2,True,False,occupancy_tercile,low,ACI,0.8656716417910447,26.987838098917383,268,0.5880026588286045,False
A_folds,F3,2,True,False,occupancy_tercile,mid,ToD-ACI,0.9135802469135802,16.930348157500934,162,0.5880026588286045,False
A_folds,F3,2,True,False,occupancy_tercile,high,ToD-ACI,0.8895522388059701,8.773976308931529,335,0.5880026588286045,False
A_folds,F3,2,True,False,occupancy_tercile,low,ToD-ACI,0.8544776119402985,27.81444199771345,268,0.5880026588286045,False
A_folds,F3,2,True,False,random_5,r0,split-CP,0.879746835443038,20.776765873015847,158,0.0559484298602347,False
A_folds,F3,2,True,False,random_5,r3,split-CP,0.93125,20.776765873015847,160,0.0559484298602347,False
A_folds,F3,2,True,False,random_5,r2,split-CP,0.9216867469879518,20.776765873015847,166,0.0559484298602347,False
A_folds,F3,2,True,False,random_5,r4,split-CP,0.8874172185430463,20.776765873015847,151,0.0559484298602347,False
A_folds,F3,2,True,False,random_5,r1,split-CP,0.9230769230769232,20.776765873015847,130,0.0559484298602347,False
A_folds,F3,2,True,False,random_5,r0,Mondrian-split-CP,0.9367088607594936,19.69314514265621,158,0.0559484298602347,False
A_folds,F3,2,True,False,random_5,r3,Mondrian-split-CP,0.94375,20.220096106150784,160,0.0559484298602347,False
A_folds,F3,2,True,False,random_5,r2,Mondrian-split-CP,0.9518072289156626,19.792257291069028,166,0.0559484298602347,False
A_folds,F3,2,True,False,random_5,r4,Mondrian-split-CP,0.9072847682119204,20.219950357405647,151,0.0559484298602347,False
A_folds,F3,2,True,False,random_5,r1,Mondrian-split-CP,0.9307692307692308,20.916436111111103,130,0.0559484298602347,False
A_folds,F3,2,True,False,random_5,r0,ACI,0.879746835443038,16.00161193231288,158,0.0559484298602347,False
A_folds,F3,2,True,False,random_5,r3,ACI,0.9375,16.177375922168107,160,0.0559484298602347,False
A_folds,F3,2,True,False,random_5,r2,ACI,0.891566265060241,14.84355476958338,166,0.0559484298602347,False
A_folds,F3,2,True,False,random_5,r4,ACI,0.8675496688741722,16.858511116367076,151,0.0559484298602347,False
A_folds,F3,2,True,False,random_5,r1,ACI,0.8384615384615385,14.507507700632695,130,0.0559484298602347,False
A_folds,F3,2,True,False,random_5,r0,ToD-ACI,0.879746835443038,17.48385095834779,158,0.0559484298602347,False
A_folds,F3,2,True,False,random_5,r3,ToD-ACI,0.90625,16.988422470238095,160,0.0559484298602347,False
A_folds,F3,2,True,False,random_5,r2,ToD-ACI,0.9036144578313252,16.432479768279464,166,0.0559484298602347,False
A_folds,F3,2,True,False,random_5,r4,ToD-ACI,0.8410596026490066,18.695667142092635,151,0.0559484298602347,False
A_folds,F3,2,True,False,random_5,r1,ToD-ACI,0.8769230769230769,16.191042259592262,130,0.0559484298602347,False
A_folds,F3,2,True,False,time_of_day,night,split-CP,0.9814814814814816,20.776765873015847,216,1.0,False
A_folds,F3,2,True,False,time_of_day,am_rush,split-CP,0.8888888888888888,20.776765873015847,144,1.0,False
A_folds,F3,2,True,False,time_of_day,midday,split-CP,0.8202247191011236,20.776765873015847,178,1.0,False
A_folds,F3,2,True,False,time_of_day,pm_rush,split-CP,0.8702290076335878,20.776765873015847,131,1.0,False
A_folds,F3,2,True,False,time_of_day,evening,split-CP,0.9895833333333334,20.776765873015847,96,1.0,False
A_folds,F3,2,True,False,time_of_day,night,Mondrian-split-CP,0.976851851851852,9.729623015873017,216,1.0,False
A_folds,F3,2,True,False,time_of_day,am_rush,Mondrian-split-CP,0.9791666666666666,32.39536111111113,144,1.0,False
A_folds,F3,2,True,False,time_of_day,midday,Mondrian-split-CP,0.8932584269662921,25.171293650793647,178,1.0,False
A_folds,F3,2,True,False,time_of_day,pm_rush,Mondrian-split-CP,0.8702290076335878,20.776765873015847,131,1.0,False
A_folds,F3,2,True,False,time_of_day,evening,Mondrian-split-CP,0.9375,14.956448412698364,96,1.0,False
A_folds,F3,2,True,False,time_of_day,night,ACI,0.9722222222222222,7.972458056089995,216,1.0,False
A_folds,F3,2,True,False,time_of_day,am_rush,ACI,0.7708333333333334,12.93622468066913,144,1.0,False
A_folds,F3,2,True,False,time_of_day,midday,ACI,0.8426966292134831,23.445269733855405,178,1.0,False
A_folds,F3,2,True,False,time_of_day,pm_rush,ACI,0.8702290076335878,21.86143877249411,131,1.0,False
A_folds,F3,2,True,False,time_of_day,evening,ACI,0.9583333333333334,14.48231581564654,96,1.0,False
A_folds,F3,2,True,False,time_of_day,night,ToD-ACI,0.8842592592592593,5.0659036963550825,216,1.0,False
A_folds,F3,2,True,False,time_of_day,am_rush,ToD-ACI,0.875,19.753807153880068,144,1.0,False
A_folds,F3,2,True,False,time_of_day,midday,ToD-ACI,0.8764044943820225,27.63100543962904,178,1.0,False
A_folds,F3,2,True,False,time_of_day,pm_rush,ToD-ACI,0.8854961832061069,20.83237280199302,131,1.0,False
A_folds,F3,2,True,False,time_of_day,evening,ToD-ACI,0.8958333333333334,16.147142567791004,96,1.0,False
A_folds,F3,3,True,False,day_of_week,Sun,split-CP,0.964,21.64493650793654,250,0.2030355830661628,False
A_folds,F3,3,True,False,day_of_week,Mon,split-CP,0.9305555555555556,19.71742676872063,288,0.2030355830661628,False
A_folds,F3,3,True,False,day_of_week,Tue,split-CP,0.9691629955947136,19.467807388972613,227,0.2030355830661628,False
A_folds,F3,3,True,False,day_of_week,Sun,Mondrian-split-CP,0.964,18.87256730158729,250,0.2030355830661628,False
A_folds,F3,3,True,False,day_of_week,Mon,Mondrian-split-CP,0.9340277777777778,17.184123548647847,288,0.2030355830661628,False
A_folds,F3,3,True,False,day_of_week,Tue,Mondrian-split-CP,0.947136563876652,14.876442764121173,227,0.2030355830661628,False
A_folds,F3,3,True,False,day_of_week,Sun,ACI,0.92,13.964667358567356,250,0.2030355830661628,False
A_folds,F3,3,True,False,day_of_week,Mon,ACI,0.8819444444444444,15.324401158158972,288,0.2030355830661628,False
A_folds,F3,3,True,False,day_of_week,Tue,ACI,0.8898678414096917,13.43686302345884,227,0.2030355830661628,False
A_folds,F3,3,True,False,day_of_week,Sun,ToD-ACI,0.924,15.36075543286343,250,0.2030355830661628,False
A_folds,F3,3,True,False,day_of_week,Mon,ToD-ACI,0.8819444444444444,12.040807003567418,288,0.2030355830661628,False
A_folds,F3,3,True,False,day_of_week,Tue,ToD-ACI,0.933920704845815,14.085694545420315,227,0.2030355830661628,False
A_folds,F3,3,True,False,occupancy_tercile,mid,split-CP,0.9015151515151516,21.64493650793653,132,0.5824790528869878,False
A_folds,F3,3,True,False,occupancy_tercile,high,split-CP,0.9797979797979798,21.64493650793653,396,0.5824790528869878,False
A_folds,F3,3,True,False,occupancy_tercile,low,split-CP,0.9367088607594936,17.217379061105348,237,0.5824790528869878,False
A_folds,F3,3,True,False,occupancy_tercile,mid,Mondrian-split-CP,0.8484848484848485,21.085113335738328,132,0.5824790528869878,False
A_folds,F3,3,True,False,occupancy_tercile,high,Mondrian-split-CP,0.9797979797979798,13.891878006252997,396,0.5824790528869878,False
A_folds,F3,3,True,False,occupancy_tercile,low,Mondrian-split-CP,0.9493670886075948,20.08313613531336,237,0.5824790528869878,False
A_folds,F3,3,True,False,occupancy_tercile,mid,ACI,0.8257575757575758,17.492714644642678,132,0.5824790528869878,False
A_folds,F3,3,True,False,occupancy_tercile,high,ACI,0.9318181818181818,13.07073593694932,396,0.5824790528869878,False
A_folds,F3,3,True,False,occupancy_tercile,low,ACI,0.8776371308016878,14.6401371957469,237,0.5824790528869878,False
A_folds,F3,3,True,False,occupancy_tercile,mid,ToD-ACI,0.8333333333333334,19.151455436398624,132,0.5824790528869878,False
A_folds,F3,3,True,False,occupancy_tercile,high,ToD-ACI,0.941919191919192,11.51530896250214,396,0.5824790528869878,False
A_folds,F3,3,True,False,occupancy_tercile,low,ToD-ACI,0.9029535864978904,14.419153883114856,237,0.5824790528869878,False
A_folds,F3,3,True,False,random_5,r0,split-CP,0.9493670886075948,19.782012332106504,158,0.0559484298602347,False
A_folds,F3,3,True,False,random_5,r3,split-CP,0.93125,20.322299045138912,160,0.0559484298602347,False
A_folds,F3,3,True,False,random_5,r2,split-CP,0.963855421686747,20.49664759832985,166,0.0559484298602347,False
A_folds,F3,3,True,False,random_5,r4,split-CP,0.9536423841059604,20.14116635648509,151,0.0559484298602347,False
A_folds,F3,3,True,False,random_5,r1,split-CP,0.9692307692307692,20.67815305250308,130,0.0559484298602347,False
A_folds,F3,3,True,False,random_5,r0,Mondrian-split-CP,0.9430379746835444,16.393418630244568,158,0.0559484298602347,False
A_folds,F3,3,True,False,random_5,r3,Mondrian-split-CP,0.95625,17.775174446097875,160,0.0559484298602347,False
A_folds,F3,3,True,False,random_5,r2,Mondrian-split-CP,0.9216867469879518,17.02211558934148,166,0.0559484298602347,False
A_folds,F3,3,True,False,random_5,r4,Mondrian-split-CP,0.9668874172185432,16.417633874618133,151,0.0559484298602347,False
A_folds,F3,3,True,False,random_5,r1,Mondrian-split-CP,0.953846153846154,17.732307361619853,130,0.0559484298602347,False
A_folds,F3,3,True,False,random_5,r0,ACI,0.879746835443038,13.943336091826591,158,0.0559484298602347,False
A_folds,F3,3,True,False,random_5,r3,ACI,0.875,14.13395410729317,160,0.0559484298602347,False
A_folds,F3,3,True,False,random_5,r2,ACI,0.8975903614457831,14.203037494132372,166,0.0559484298602347,False
A_folds,F3,3,True,False,random_5,r4,ACI,0.913907284768212,14.688825258657214,151,0.0559484298602347,False
A_folds,F3,3,True,False,random_5,r1,ACI,0.9230769230769232,14.727428321215822,130,0.0559484298602347,False
A_folds,F3,3,True,False,random_5,r0,ToD-ACI,0.8987341772151899,12.38946732123947,158,0.0559484298602347,False
A_folds,F3,3,True,False,random_5,r3,ToD-ACI,0.91875,14.5118259713955,160,0.0559484298602347,False
A_folds,F3,3,True,False,random_5,r2,ToD-ACI,0.8975903614457831,14.013938284523372,166,0.0559484298602347,False
A_folds,F3,3,True,False,random_5,r4,ToD-ACI,0.9006622516556292,12.954311148441947,151,0.0559484298602347,False
A_folds,F3,3,True,False,random_5,r1,ToD-ACI,0.946153846153846,14.950393894068895,130,0.0559484298602347,False
A_folds,F3,3,True,False,time_of_day,night,split-CP,0.976851851851852,21.64493650793653,216,1.0,False
A_folds,F3,3,True,False,time_of_day,am_rush,split-CP,0.9444444444444444,21.29047935038216,144,1.0,False
A_folds,F3,3,True,False,time_of_day,midday,split-CP,0.9550561797752808,16.036569742705293,178,1.0,False
A_folds,F3,3,True,False,time_of_day,pm_rush,split-CP,0.916030534351145,21.64493650793653,131,1.0,False
A_folds,F3,3,True,False,time_of_day,evening,split-CP,0.9583333333333334,21.64493650793653,96,1.0,False
A_folds,F3,3,True,False,time_of_day,night,Mondrian-split-CP,0.9537037037037036,6.8111865079364975,216,1.0,False
A_folds,F3,3,True,False,time_of_day,am_rush,Mondrian-split-CP,0.8888888888888888,15.73595988113608,144,1.0,False
A_folds,F3,3,True,False,time_of_day,midday,Mondrian-split-CP,0.9438202247191012,13.148108711850984,178,1.0,False
A_folds,F3,3,True,False,time_of_day,pm_rush,Mondrian-split-CP,1.0,35.346452380952385,131,1.0,False
A_folds,F3,3,True,False,time_of_day,evening,Mondrian-split-CP,0.9583333333333334,24.33519576719576,96,1.0,False
A_folds,F3,3,True,False,time_of_day,night,ACI,0.9675925925925926,12.66788386454937,216,1.0,False
A_folds,F3,3,True,False,time_of_day,am_rush,ACI,0.7638888888888888,11.18064851262421,144,1.0,False
A_folds,F3,3,True,False,time_of_day,midday,ACI,0.898876404494382,11.974347099945415,178,1.0,False
A_folds,F3,3,True,False,time_of_day,pm_rush,ACI,0.8854961832061069,19.16463033185361,131,1.0,False
A_folds,F3,3,True,False,time_of_day,evening,ACI,0.9479166666666666,20.48422522597001,96,1.0,False
A_folds,F3,3,True,False,time_of_day,night,ToD-ACI,0.9212962962962964,5.246716099272811,216,1.0,False
A_folds,F3,3,True,False,time_of_day,am_rush,ToD-ACI,0.875,18.213938032293065,144,1.0,False
A_folds,F3,3,True,False,time_of_day,midday,ToD-ACI,0.9101123595505618,12.516052628681138,178,1.0,False
A_folds,F3,3,True,False,time_of_day,pm_rush,ToD-ACI,0.9389312977099236,23.84216284161132,131,1.0,False
A_folds,F3,3,True,False,time_of_day,evening,ToD-ACI,0.90625,14.563702945877424,96,1.0,False
A_folds,F3,4,True,False,day_of_week,Sun,split-CP,0.98,25.965904761904767,250,0.2030355830661628,False
A_folds,F3,4,True,False,day_of_week,Mon,split-CP,0.9513888888888888,24.19963076407261,288,0.2030355830661628,False
A_folds,F3,4,True,False,day_of_week,Tue,split-CP,0.9515418502202644,23.13316892175373,227,0.2030355830661628,False
A_folds,F3,4,True,False,day_of_week,Sun,Mondrian-split-CP,0.936,26.16030565079363,250,0.2030355830661628,False
A_folds,F3,4,True,False,day_of_week,Mon,Mondrian-split-CP,0.9479166666666666,24.026579783032023,288,0.2030355830661628,False
A_folds,F3,4,True,False,day_of_week,Tue,Mondrian-split-CP,0.9515418502202644,22.121047260681053,227,0.2030355830661628,False
A_folds,F3,4,True,False,day_of_week,Sun,ACI,0.964,21.410452582010585,250,0.2030355830661628,False
A_folds,F3,4,True,False,day_of_week,Mon,ACI,0.8472222222222222,16.410536341214723,288,0.2030355830661628,False
A_folds,F3,4,True,False,day_of_week,Tue,ACI,0.8942731277533039,16.093238004918074,227,0.2030355830661628,False
A_folds,F3,4,True,False,day_of_week,Sun,ToD-ACI,0.948,24.472054169312177,250,0.2030355830661628,False
A_folds,F3,4,True,False,day_of_week,Mon,ToD-ACI,0.875,17.437908135379928,288,0.2030355830661628,False
A_folds,F3,4,True,False,day_of_week,Tue,ToD-ACI,0.9074889867841408,15.275003748148574,227,0.2030355830661628,False
A_folds,F3,4,True,False,occupancy_tercile,mid,split-CP,0.9723756906077348,25.965904761904763,181,0.6149014255116891,False
A_folds,F3,4,True,False,occupancy_tercile,high,split-CP,0.9806094182825484,25.965904761904767,361,0.6149014255116891,False
A_folds,F3,4,True,False,occupancy_tercile,low,split-CP,0.9192825112107624,20.8012502906494,223,0.6149014255116891,False
A_folds,F3,4,True,False,occupancy_tercile,mid,Mondrian-split-CP,0.9337016574585636,28.47032342366043,181,0.6149014255116891,False
A_folds,F3,4,True,False,occupancy_tercile,high,Mondrian-split-CP,0.9778393351800554,21.18538225681159,361,0.6149014255116891,False
A_folds,F3,4,True,False,occupancy_tercile,low,Mondrian-split-CP,0.9013452914798208,25.47155867262201,223,0.6149014255116891,False
A_folds,F3,4,True,False,occupancy_tercile,mid,ACI,0.9226519337016574,20.54405067379929,181,0.6149014255116891,False
A_folds,F3,4,True,False,occupancy_tercile,high,ACI,0.96398891966759,19.41448329156224,361,0.6149014255116891,False
A_folds,F3,4,True,False,occupancy_tercile,low,ACI,0.7757847533632287,13.474937213799324,223,0.6149014255116891,False
A_folds,F3,4,True,False,occupancy_tercile,mid,ToD-ACI,0.8729281767955801,22.415018657370872,181,0.6149014255116891,False
A_folds,F3,4,True,False,occupancy_tercile,high,ToD-ACI,0.9473684210526316,17.291016864996095,361,0.6149014255116891,False
A_folds,F3,4,True,False,occupancy_tercile,low,ToD-ACI,0.874439461883408,19.32009628206041,223,0.6149014255116891,False
A_folds,F3,4,True,False,random_5,r0,split-CP,0.9493670886075948,23.9804907700422,158,0.0559484298602347,False
A_folds,F3,4,True,False,random_5,r3,split-CP,0.95,24.51152215608466,160,0.0559484298602347,False
A_folds,F3,4,True,False,random_5,r2,split-CP,1.0,24.640841062663355,166,0.0559484298602347,False
A_folds,F3,4,True,False,random_5,r4,split-CP,0.9602649006622516,24.36883993395004,151,0.0559484298602347,False
A_folds,F3,4,True,False,random_5,r1,split-CP,0.9384615384615383,24.856643559218565,130,0.0559484298602347,False
A_folds,F3,4,True,False,random_5,r0,Mondrian-split-CP,0.9367088607594936,23.043024504386825,158,0.0559484298602347,False
A_folds,F3,4,True,False,random_5,r3,Mondrian-split-CP,0.9375,25.073072999338606,160,0.0559484298602347,False
A_folds,F3,4,True,False,random_5,r2,Mondrian-split-CP,0.9518072289156626,24.09297483585132,166,0.0559484298602347,False
A_folds,F3,4,True,False,random_5,r4,Mondrian-split-CP,0.9470198675496688,23.54222430270855,151,0.0559484298602347,False
A_folds,F3,4,True,False,random_5,r1,Mondrian-split-CP,0.953846153846154,25.187768264143248,130,0.0559484298602347,False
A_folds,F3,4,True,False,random_5,r0,ACI,0.8734177215189873,17.45335999346996,158,0.0559484298602347,False
A_folds,F3,4,True,False,random_5,r3,ACI,0.90625,18.214255229001328,160,0.0559484298602347,False
A_folds,F3,4,True,False,random_5,r2,ACI,0.9397590361445785,18.138306683081527,166,0.0559484298602347,False
A_folds,F3,4,True,False,random_5,r4,ACI,0.8741721854304636,17.898381451697677,151,0.0559484298602347,False
A_folds,F3,4,True,False,random_5,r1,ACI,0.9,18.049895497558005,130,0.0559484298602347,False
A_folds,F3,4,True,False,random_5,r0,ToD-ACI,0.9050632911392406,18.68947451192152,158,0.0559484298602347,False
A_folds,F3,4,True,False,random_5,r3,ToD-ACI,0.9125,20.3937537243717,160,0.0559484298602347,False
A_folds,F3,4,True,False,random_5,r2,ToD-ACI,0.9096385542168676,19.81360042949576,166,0.0559484298602347,False
A_folds,F3,4,True,False,random_5,r4,ToD-ACI,0.9006622516556292,17.468794800337026,151,0.0559484298602347,False
A_folds,F3,4,True,False,random_5,r1,ToD-ACI,0.9153846153846154,18.95979754782256,130,0.0559484298602347,False
A_folds,F3,4,True,False,time_of_day,night,split-CP,0.9629629629629628,25.965904761904767,216,1.0,False
A_folds,F3,4,True,False,time_of_day,am_rush,split-CP,0.9791666666666666,25.965904761904767,144,1.0,False
A_folds,F3,4,True,False,time_of_day,midday,split-CP,0.9606741573033708,19.495579216455624,178,1.0,False
A_folds,F3,4,True,False,time_of_day,pm_rush,split-CP,0.9083969465648856,25.965904761904767,131,1.0,False
A_folds,F3,4,True,False,time_of_day,evening,split-CP,1.0,25.965904761904767,96,1.0,False
A_folds,F3,4,True,False,time_of_day,night,Mondrian-split-CP,0.9166666666666666,14.722706349206303,216,1.0,False
A_folds,F3,4,True,False,time_of_day,am_rush,Mondrian-split-CP,0.9861111111111112,27.08639153439151,144,1.0,False
A_folds,F3,4,True,False,time_of_day,midday,Mondrian-split-CP,0.904494382022472,15.30568191174721,178,1.0,False
A_folds,F3,4,True,False,time_of_day,pm_rush,Mondrian-split-CP,0.9770992366412212,48.23969047619049,131,1.0,False
A_folds,F3,4,True,False,time_of_day,evening,Mondrian-split-CP,0.9791666666666666,24.550555555555547,96,1.0,False
A_folds,F3,4,True,False,time_of_day,night,ACI,0.9583333333333334,20.550165135704493,216,1.0,False
A_folds,F3,4,True,False,time_of_day,am_rush,ACI,0.9027777777777778,18.105362525720164,144,1.0,False
A_folds,F3,4,True,False,time_of_day,midday,ACI,0.8370786516853933,12.750300636109625,178,1.0,False
A_folds,F3,4,True,False,time_of_day,pm_rush,ACI,0.8244274809160306,18.865319156670303,131,1.0,False
A_folds,F3,4,True,False,time_of_day,evening,ACI,0.9791666666666666,20.261400449184293,96,1.0,False
A_folds,F3,4,True,False,time_of_day,night,ToD-ACI,0.9212962962962964,14.472397491226197,216,1.0,False
A_folds,F3,4,True,False,time_of_day,am_rush,ToD-ACI,0.8680555555555556,17.447260866769554,144,1.0,False
A_folds,F3,4,True,False,time_of_day,midday,ToD-ACI,0.898876404494382,16.105578257832473,178,1.0,False
A_folds,F3,4,True,False,time_of_day,pm_rush,ToD-ACI,0.9236641221374046,33.24412785249808,131,1.0,False
A_folds,F3,4,True,False,time_of_day,evening,ToD-ACI,0.9375,18.20145661100089,96,1.0,False
A_folds,F3,5,True,False,day_of_week,Sun,split-CP,0.884,13.792218253968258,250,0.2030355830661628,False
A_folds,F3,5,True,False,day_of_week,Mon,split-CP,0.8368055555555556,13.792218253968258,288,0.2030355830661628,False
A_folds,F3,5,True,False,day_of_week,Tue,split-CP,0.8193832599118943,13.792218253968258,227,0.2030355830661628,False
A_folds,F3,5,True,False,day_of_week,Sun,Mondrian-split-CP,0.86,11.61913852910052,250,0.2030355830661628,False
A_folds,F3,5,True,False,day_of_week,Mon,Mondrian-split-CP,0.8055555555555556,12.394669973544962,288,0.2030355830661628,False
A_folds,F3,5,True,False,day_of_week,Tue,Mondrian-split-CP,0.8414096916299559,12.850230176211443,227,0.2030355830661628,False
A_folds,F3,5,True,False,day_of_week,Sun,ACI,0.872,13.61592015007215,250,0.2030355830661628,False
A_folds,F3,5,True,False,day_of_week,Mon,ACI,0.875,19.451308400222462,288,0.2030355830661628,False
A_folds,F3,5,True,False,day_of_week,Tue,ACI,0.8810572687224669,19.490990756632826,227,0.2030355830661628,False
A_folds,F3,5,True,False,day_of_week,Sun,ToD-ACI,0.884,15.474605101972102,250,0.2030355830661628,False
A_folds,F3,5,True,False,day_of_week,Mon,ToD-ACI,0.8611111111111112,21.778027072143395,288,0.2030355830661628,False
A_folds,F3,5,True,False,day_of_week,Tue,ToD-ACI,0.8986784140969163,16.179144565012404,227,0.2030355830661628,False
A_folds,F3,5,True,False,occupancy_tercile,high,split-CP,0.98159509202454,13.792218253968258,326,0.6891881869817833,False
A_folds,F3,5,True,False,occupancy_tercile,mid,split-CP,0.7914438502673797,13.792218253968258,187,0.6891881869817833,False
A_folds,F3,5,True,False,occupancy_tercile,low,split-CP,0.7142857142857143,13.792218253968258,252,0.6891881869817833,False
A_folds,F3,5,True,False,occupancy_tercile,high,Mondrian-split-CP,0.9171779141104296,7.5904162649722595,326,0.6891881869817833,False
A_folds,F3,5,True,False,occupancy_tercile,mid,Mondrian-split-CP,0.7807486631016043,14.415204043233423,187,0.6891881869817833,False
A_folds,F3,5,True,False,occupancy_tercile,low,Mondrian-split-CP,0.7658730158730159,16.751321334089166,252,0.6891881869817833,False
A_folds,F3,5,True,False,occupancy_tercile,high,ACI,0.9263803680981596,9.458301966126353,326,0.6891881869817833,False
A_folds,F3,5,True,False,occupancy_tercile,mid,ACI,0.8074866310160428,18.192612356053534,187,0.6891881869817833,False
A_folds,F3,5,True,False,occupancy_tercile,low,ACI,0.8611111111111112,27.55947145634348,252,0.6891881869817833,False
A_folds,F3,5,True,False,occupancy_tercile,high,ToD-ACI,0.9049079754601228,11.072040314774986,326,0.6891881869817833,False
A_folds,F3,5,True,False,occupancy_tercile,mid,ToD-ACI,0.8716577540106952,19.6151113760472,187,0.6891881869817833,False
A_folds,F3,5,True,False,occupancy_tercile,low,ToD-ACI,0.8531746031746031,25.93602348647091,252,0.6891881869817833,False
A_folds,F3,5,True,False,random_5,r0,split-CP,0.8481012658227848,13.792218253968258,158,0.0559484298602347,False
A_folds,F3,5,True,False,random_5,r3,split-CP,0.85625,13.792218253968258,160,0.0559484298602347,False
A_folds,F3,5,True,False,random_5,r2,split-CP,0.8975903614457831,13.792218253968258,166,0.0559484298602347,False
A_folds,F3,5,True,False,random_5,r4,split-CP,0.8410596026490066,13.792218253968258,151,0.0559484298602347,False
A_folds,F3,5,True,False,random_5,r1,split-CP,0.7769230769230769,13.792218253968258,130,0.0559484298602347,False
A_folds,F3,5,True,False,random_5,r0,Mondrian-split-CP,0.8481012658227848,12.42581484830218,158,0.0559484298602347,False
A_folds,F3,5,True,False,random_5,r3,Mondrian-split-CP,0.84375,12.49461132605819,160,0.0559484298602347,False
A_folds,F3,5,True,False,random_5,r2,Mondrian-split-CP,0.8734939759036144,12.086822129788986,166,0.0559484298602347,False
A_folds,F3,5,True,False,random_5,r4,Mondrian-split-CP,0.8013245033112583,12.13420500893513,151,0.0559484298602347,False
A_folds,F3,5,True,False,random_5,r1,Mondrian-split-CP,0.7923076923076923,12.233521896621886,130,0.0559484298602347,False
A_folds,F3,5,True,False,random_5,r0,ACI,0.9113924050632912,18.66637868969989,158,0.0559484298602347,False
A_folds,F3,5,True,False,random_5,r3,ACI,0.8625,19.30957247474748,160,0.0559484298602347,False
A_folds,F3,5,True,False,random_5,r2,ACI,0.8734939759036144,16.267147683084428,166,0.0559484298602347,False
A_folds,F3,5,True,False,random_5,r4,ACI,0.8807947019867549,17.715983785346364,151,0.0559484298602347,False
A_folds,F3,5,True,False,random_5,r1,ACI,0.8461538461538461,15.508709712509708,130,0.0559484298602347,False
A_folds,F3,5,True,False,random_5,r0,ToD-ACI,0.8670886075949367,19.777955795142507,158,0.0559484298602347,False
A_folds,F3,5,True,False,random_5,r3,ToD-ACI,0.91875,18.44679702681578,160,0.0559484298602347,False
A_folds,F3,5,True,False,random_5,r2,ToD-ACI,0.9096385542168676,17.710933352457445,166,0.0559484298602347,False
A_folds,F3,5,True,False,random_5,r4,ToD-ACI,0.8410596026490066,17.594131133154317,151,0.0559484298602347,False
A_folds,F3,5,True,False,random_5,r1,ToD-ACI,0.8538461538461538,16.4635046999297,130,0.0559484298602347,False
A_folds,F3,5,True,False,time_of_day,night,split-CP,1.0,13.792218253968258,216,1.0,False
A_folds,F3,5,True,False,time_of_day,am_rush,split-CP,0.8402777777777778,13.792218253968258,144,1.0,False
A_folds,F3,5,True,False,time_of_day,midday,split-CP,0.7415730337078652,13.792218253968258,178,1.0,False
A_folds,F3,5,True,False,time_of_day,pm_rush,split-CP,0.7480916030534351,13.792218253968258,131,1.0,False
A_folds,F3,5,True,False,time_of_day,evening,split-CP,0.84375,13.792218253968258,96,1.0,False
A_folds,F3,5,True,False,time_of_day,night,Mondrian-split-CP,0.925925925925926,5.857638888888914,216,1.0,False
A_folds,F3,5,True,False,time_of_day,am_rush,Mondrian-split-CP,0.7638888888888888,11.684571428571408,144,1.0,False
A_folds,F3,5,True,False,time_of_day,midday,Mondrian-split-CP,0.8089887640449438,17.49685052910053,178,1.0,False
A_folds,F3,5,True,False,time_of_day,pm_rush,Mondrian-split-CP,0.8854961832061069,19.274845238095168,131,1.0,False
A_folds,F3,5,True,False,time_of_day,evening,Mondrian-split-CP,0.7083333333333334,8.376869047619039,96,1.0,False
A_folds,F3,5,True,False,time_of_day,night,ACI,0.9907407407407408,9.328076208513702,216,1.0,False
A_folds,F3,5,True,False,time_of_day,am_rush,ACI,0.7708333333333334,16.58689850138288,144,1.0,False
A_folds,F3,5,True,False,time_of_day,midday,ACI,0.8202247191011236,23.943672425836752,178,1.0,False
A_folds,F3,5,True,False,time_of_day,pm_rush,ACI,0.8931297709923665,20.822288588355384,131,1.0,False
A_folds,F3,5,True,False,time_of_day,evening,ACI,0.8541666666666666,21.22229600443923,96,1.0,False
A_folds,F3,5,True,False,time_of_day,night,ToD-ACI,0.9120370370370372,5.935755140135938,216,1.0,False
A_folds,F3,5,True,False,time_of_day,am_rush,ToD-ACI,0.8680555555555556,15.470181594382987,144,1.0,False
A_folds,F3,5,True,False,time_of_day,midday,ToD-ACI,0.8651685393258427,24.35078989804412,178,1.0,False
A_folds,F3,5,True,False,time_of_day,pm_rush,ToD-ACI,0.8778625954198473,23.18944695959961,131,1.0,False
A_folds,F3,5,True,False,time_of_day,evening,ToD-ACI,0.8541666666666666,30.53439036571068,96,1.0,False
A_folds,F3,6,True,False,day_of_week,Sun,split-CP,0.888,9.49428306878306,250,0.2030355830661628,False
A_folds,F3,6,True,False,day_of_week,Mon,split-CP,0.9340277777777778,9.494283068783062,288,0.2030355830661628,False
A_folds,F3,6,True,False,day_of_week,Tue,split-CP,0.9515418502202644,9.49428306878306,227,0.2030355830661628,False
A_folds,F3,6,True,False,day_of_week,Sun,Mondrian-split-CP,0.86,9.498482083694086,250,0.2030355830661628,False
A_folds,F3,6,True,False,day_of_week,Mon,Mondrian-split-CP,0.9409722222222222,9.51593671837422,288,0.2030355830661628,False
A_folds,F3,6,True,False,day_of_week,Tue,Mondrian-split-CP,0.9647577092511012,9.253389791559394,227,0.2030355830661628,False
A_folds,F3,6,True,False,day_of_week,Sun,ACI,0.904,10.419501334776337,250,0.2030355830661628,False
A_folds,F3,6,True,False,day_of_week,Mon,ACI,0.9027777777777778,8.679239131977848,288,0.2030355830661628,False
A_folds,F3,6,True,False,day_of_week,Tue,ACI,0.8810572687224669,6.980320539144327,227,0.2030355830661628,False
A_folds,F3,6,True,False,day_of_week,Sun,ToD-ACI,0.884,11.519012344877344,250,0.2030355830661628,False
A_folds,F3,6,True,False,day_of_week,Mon,ToD-ACI,0.9236111111111112,9.237868327370933,288,0.2030355830661628,False
A_folds,F3,6,True,False,day_of_week,Tue,ToD-ACI,0.9162995594713657,8.561671517461164,227,0.2030355830661628,False
A_folds,F3,6,True,False,occupancy_tercile,low,split-CP,0.8741258741258742,9.49428306878306,143,0.5438875291433217,False
A_folds,F3,6,True,False,occupancy_tercile,mid,split-CP,0.8888888888888888,9.494283068783062,315,0.5438875291433217,False
A_folds,F3,6,True,False,occupancy_tercile,high,split-CP,0.98371335504886,9.494283068783062,307,0.5438875291433217,False
A_folds,F3,6,True,False,occupancy_tercile,low,Mondrian-split-CP,0.8601398601398601,9.055333303060577,143,0.5438875291433217,False
A_folds,F3,6,True,False,occupancy_tercile,mid,Mondrian-split-CP,0.907936507936508,11.454423186513663,315,0.5438875291433217,False
A_folds,F3,6,True,False,occupancy_tercile,high,Mondrian-split-CP,0.9641693811074918,7.533139454103625,307,0.5438875291433217,False
A_folds,F3,6,True,False,occupancy_tercile,low,ACI,0.8321678321678322,8.295110045678227,143,0.5438875291433217,False
A_folds,F3,6,True,False,occupancy_tercile,mid,ACI,0.8634920634920635,9.47424128587462,315,0.5438875291433217,False
A_folds,F3,6,True,False,occupancy_tercile,high,ACI,0.9609120521172638,8.203394868100894,307,0.5438875291433217,False
A_folds,F3,6,True,False,occupancy_tercile,low,ToD-ACI,0.8461538461538461,9.12262615162615,143,0.5438875291433217,False
A_folds,F3,6,True,False,occupancy_tercile,mid,ToD-ACI,0.873015873015873,11.251180598883773,315,0.5438875291433217,False
A_folds,F3,6,True,False,occupancy_tercile,high,ToD-ACI,0.973941368078176,8.5833914352929,307,0.5438875291433217,False
A_folds,F3,6,True,False,random_5,r0,split-CP,0.9556962025316456,9.49428306878306,158,0.0559484298602347,False
A_folds,F3,6,True,False,random_5,r3,split-CP,0.9,9.494283068783062,160,0.0559484298602347,False
A_folds,F3,6,True,False,random_5,r2,split-CP,0.9457831325301204,9.49428306878306,166,0.0559484298602347,False
A_folds,F3,6,True,False,random_5,r4,split-CP,0.9470198675496688,9.49428306878306,151,0.0559484298602347,False
A_folds,F3,6,True,False,random_5,r1,split-CP,0.8615384615384616,9.494283068783062,130,0.0559484298602347,False
A_folds,F3,6,True,False,random_5,r0,Mondrian-split-CP,0.930379746835443,9.343271987506164,158,0.0559484298602347,False
A_folds,F3,6,True,False,random_5,r3,Mondrian-split-CP,0.89375,9.696444721771284,160,0.0559484298602347,False
A_folds,F3,6,True,False,random_5,r2,Mondrian-split-CP,0.9457831325301204,9.341698864722964,166,0.0559484298602347,False
A_folds,F3,6,True,False,random_5,r4,Mondrian-split-CP,0.9602649006622516,9.255324971570008,151,0.0559484298602347,False
A_folds,F3,6,True,False,random_5,r1,Mondrian-split-CP,0.8692307692307693,9.536812051837051,130,0.0559484298602347,False
A_folds,F3,6,True,False,random_5,r0,ACI,0.9493670886075948,8.865363863164495,158,0.0559484298602347,False
A_folds,F3,6,True,False,random_5,r3,ACI,0.89375,8.740685225018037,160,0.0559484298602347,False
A_folds,F3,6,True,False,random_5,r2,ACI,0.9096385542168676,8.816394297246708,166,0.0559484298602347,False
A_folds,F3,6,True,False,random_5,r4,ACI,0.913907284768212,8.662970338834578,151,0.0559484298602347,False
A_folds,F3,6,True,False,random_5,r1,ACI,0.8,8.601245116920115,130,0.0559484298602347,False
A_folds,F3,6,True,False,random_5,r0,ToD-ACI,0.9683544303797468,10.116042592897024,158,0.0559484298602347,False
A_folds,F3,6,True,False,random_5,r3,ToD-ACI,0.8875,9.860746718674845,160,0.0559484298602347,False
A_folds,F3,6,True,False,random_5,r2,ToD-ACI,0.9036144578313252,9.73273871242546,166,0.0559484298602347,False
A_folds,F3,6,True,False,random_5,r4,ToD-ACI,0.9271523178807948,9.510730645305149,151,0.0559484298602347,False
A_folds,F3,6,True,False,random_5,r1,ToD-ACI,0.8461538461538461,9.661149543049545,130,0.0559484298602347,False
A_folds,F3,6,True,False,time_of_day,night,split-CP,0.9722222222222222,9.494283068783064,216,1.0,False
A_folds,F3,6,True,False,time_of_day,am_rush,split-CP,0.9305555555555556,9.494283068783062,144,1.0,False
A_folds,F3,6,True,False,time_of_day,midday,split-CP,0.9157303370786516,9.494283068783062,178,1.0,False
A_folds,F3,6,True,False,time_of_day,pm_rush,split-CP,0.8473282442748091,9.494283068783062,131,1.0,False
A_folds,F3,6,True,False,time_of_day,evening,split-CP,0.9270833333333334,9.494283068783062,96,1.0,False
A_folds,F3,6,True,False,time_of_day,night,Mondrian-split-CP,0.8981481481481481,5.509980158730159,216,1.0,False
A_folds,F3,6,True,False,time_of_day,am_rush,Mondrian-split-CP,0.9166666666666666,8.778297619047619,144,1.0,False
A_folds,F3,6,True,False,time_of_day,midday,Mondrian-split-CP,0.9213483146067416,9.63076984126984,178,1.0,False
A_folds,F3,6,True,False,time_of_day,pm_rush,Mondrian-split-CP,0.9618320610687024,16.829348484848488,131,1.0,False
A_folds,F3,6,True,False,time_of_day,evening,Mondrian-split-CP,0.9270833333333334,8.776849206349212,96,1.0,False
A_folds,F3,6,True,False,time_of_day,night,ACI,0.9629629629629628,7.8895423235886195,216,1.0,False
A_folds,F3,6,True,False,time_of_day,am_rush,ACI,0.8194444444444444,6.886277888007054,144,1.0,False
A_folds,F3,6,True,False,time_of_day,midday,ACI,0.8764044943820225,8.697756202339068,178,1.0,False
A_folds,F3,6,True,False,time_of_day,pm_rush,ACI,0.8396946564885496,10.15669391112139,131,1.0,False
A_folds,F3,6,True,False,time_of_day,evening,ACI,0.9791666666666666,11.609753145292208,96,1.0,False
A_folds,F3,6,True,False,time_of_day,night,ToD-ACI,0.9166666666666666,8.317008873456789,216,1.0,False
A_folds,F3,6,True,False,time_of_day,am_rush,ToD-ACI,0.9027777777777778,8.919905377351558,144,1.0,False
A_folds,F3,6,True,False,time_of_day,midday,ToD-ACI,0.9101123595505618,9.85699233033924,178,1.0,False
A_folds,F3,6,True,False,time_of_day,pm_rush,ToD-ACI,0.8854961832061069,13.226926631821668,131,1.0,False
A_folds,F3,6,True,False,time_of_day,evening,ToD-ACI,0.9270833333333334,9.536940462411817,96,1.0,False
A_folds,F3,7,True,False,day_of_week,Sun,split-CP,0.848,50.94473809523811,250,0.2030355830661628,False
A_folds,F3,7,True,False,day_of_week,Mon,split-CP,0.8263888888888888,50.94473809523811,288,0.2030355830661628,False
A_folds,F3,7,True,False,day_of_week,Tue,split-CP,0.8854625550660793,50.94473809523811,227,0.2030355830661628,False
A_folds,F3,7,True,False,day_of_week,Sun,Mondrian-split-CP,0.844,42.04342012698415,250,0.2030355830661628,False
A_folds,F3,7,True,False,day_of_week,Mon,Mondrian-split-CP,0.7916666666666666,47.20518948412699,288,0.2030355830661628,False
A_folds,F3,7,True,False,day_of_week,Tue,Mondrian-split-CP,0.8414096916299559,46.84451403747989,227,0.2030355830661628,False
A_folds,F3,7,True,False,day_of_week,Sun,ACI,0.904,71.67239393265993,250,0.2030355830661628,False
A_folds,F3,7,True,False,day_of_week,Mon,ACI,0.8888888888888888,61.63687181128413,288,0.2030355830661628,False
A_folds,F3,7,True,False,day_of_week,Tue,ACI,0.9030837004405288,66.04195026995357,227,0.2030355830661628,False
A_folds,F3,7,True,False,day_of_week,Sun,ToD-ACI,0.884,59.46663766666668,250,0.2030355830661628,False
A_folds,F3,7,True,False,day_of_week,Mon,ToD-ACI,0.8888888888888888,65.11090037152276,288,0.2030355830661628,False
A_folds,F3,7,True,False,day_of_week,Tue,ToD-ACI,0.920704845814978,71.27969754869864,227,0.2030355830661628,False
A_folds,F3,7,True,False,occupancy_tercile,mid,split-CP,0.8481675392670157,50.944738095238094,191,0.4470976371499536,False
A_folds,F3,7,True,False,occupancy_tercile,high,split-CP,0.9958677685950412,50.94473809523811,242,0.4470976371499536,False
A_folds,F3,7,True,False,occupancy_tercile,low,split-CP,0.7469879518072289,50.94473809523811,332,0.4470976371499536,False
A_folds,F3,7,True,False,occupancy_tercile,mid,Mondrian-split-CP,0.7643979057591623,40.30726491731073,191,0.4470976371499536,False
A_folds,F3,7,True,False,occupancy_tercile,high,Mondrian-split-CP,0.9173553719008264,28.82102487537716,242,0.4470976371499536,False
A_folds,F3,7,True,False,occupancy_tercile,low,Mondrian-split-CP,0.7891566265060241,60.44059840552687,332,0.4470976371499536,False
A_folds,F3,7,True,False,occupancy_tercile,mid,ACI,0.8743455497382199,60.63718147820766,191,0.4470976371499536,False
A_folds,F3,7,True,False,occupancy_tercile,high,ACI,0.9917355371900828,65.51475459733105,242,0.4470976371499536,False
A_folds,F3,7,True,False,occupancy_tercile,low,ACI,0.8433734939759037,69.9541204855497,332,0.4470976371499536,False
A_folds,F3,7,True,False,occupancy_tercile,mid,ToD-ACI,0.8586387434554974,55.83031109965273,191,0.4470976371499536,False
A_folds,F3,7,True,False,occupancy_tercile,high,ToD-ACI,0.9793388429752066,61.03204600262762,242,0.4470976371499536,False
A_folds,F3,7,True,False,occupancy_tercile,low,ToD-ACI,0.858433734939759,73.39079974262128,332,0.4470976371499536,False
A_folds,F3,7,True,False,random_5,r0,split-CP,0.8227848101265823,50.9447380952381,158,0.0559484298602347,False
A_folds,F3,7,True,False,random_5,r3,split-CP,0.825,50.94473809523811,160,0.0559484298602347,False
A_folds,F3,7,True,False,random_5,r2,split-CP,0.9036144578313252,50.9447380952381,166,0.0559484298602347,False
A_folds,F3,7,True,False,random_5,r4,split-CP,0.8344370860927153,50.9447380952381,151,0.0559484298602347,False
A_folds,F3,7,True,False,random_5,r1,split-CP,0.8692307692307693,50.94473809523811,130,0.0559484298602347,False
A_folds,F3,7,True,False,random_5,r0,Mondrian-split-CP,0.810126582278481,47.52237886779184,158,0.0559484298602347,False
A_folds,F3,7,True,False,random_5,r3,Mondrian-split-CP,0.8375,45.61418643353175,160,0.0559484298602347,False
A_folds,F3,7,True,False,random_5,r2,Mondrian-split-CP,0.8614457831325302,44.60547052495697,166,0.0559484298602347,False
A_folds,F3,7,True,False,random_5,r4,Mondrian-split-CP,0.8079470198675497,45.017114606328185,151,0.0559484298602347,False
A_folds,F3,7,True,False,random_5,r1,Mondrian-split-CP,0.7923076923076923,44.0827398962149,130,0.0559484298602347,False
A_folds,F3,7,True,False,random_5,r0,ACI,0.879746835443038,67.88108974159923,158,0.0559484298602347,False
A_folds,F3,7,True,False,random_5,r3,ACI,0.86875,65.4295175497535,160,0.0559484298602347,False
A_folds,F3,7,True,False,random_5,r2,ACI,0.9397590361445785,67.5975432444062,166,0.0559484298602347,False
A_folds,F3,7,True,False,random_5,r4,ACI,0.9006622516556292,65.94038938502018,151,0.0559484298602347,False
A_folds,F3,7,True,False,random_5,r1,ACI,0.9,63.760879332704334,130,0.0559484298602347,False
A_folds,F3,7,True,False,random_5,r0,ToD-ACI,0.8860759493670886,67.83700841979166,158,0.0559484298602347,False
A_folds,F3,7,True,False,random_5,r3,ToD-ACI,0.875,62.42997053646584,160,0.0559484298602347,False
A_folds,F3,7,True,False,random_5,r2,ToD-ACI,0.9216867469879518,66.17412421982301,166,0.0559484298602347,False
A_folds,F3,7,True,False,random_5,r4,ToD-ACI,0.9072847682119204,65.71876496596364,151,0.0559484298602347,False
A_folds,F3,7,True,False,random_5,r1,ToD-ACI,0.8923076923076924,62.95084092851593,130,0.0559484298602347,False
A_folds,F3,7,True,False,time_of_day,night,split-CP,0.9074074074074074,50.94473809523811,216,1.0,False
A_folds,F3,7,True,False,time_of_day,am_rush,split-CP,0.9722222222222222,50.94473809523811,144,1.0,False
A_folds,F3,7,True,False,time_of_day,midday,split-CP,0.7134831460674157,50.94473809523811,178,1.0,False
A_folds,F3,7,True,False,time_of_day,pm_rush,split-CP,0.8091603053435115,50.9447380952381,131,1.0,False
A_folds,F3,7,True,False,time_of_day,evening,split-CP,0.8541666666666666,50.94473809523811,96,1.0,False
A_folds,F3,7,True,False,time_of_day,night,Mondrian-split-CP,0.7129629629629629,17.505869047619058,216,1.0,False
A_folds,F3,7,True,False,time_of_day,am_rush,Mondrian-split-CP,0.8819444444444444,32.49900396825399,144,1.0,False
A_folds,F3,7,True,False,time_of_day,midday,Mondrian-split-CP,0.8876404494382022,81.1641984126984,178,1.0,False
A_folds,F3,7,True,False,time_of_day,pm_rush,Mondrian-split-CP,0.8549618320610687,56.27164682539682,131,1.0,False
A_folds,F3,7,True,False,time_of_day,evening,Mondrian-split-CP,0.8229166666666666,46.45538492063497,96,1.0,False
A_folds,F3,7,True,False,time_of_day,night,ACI,0.925925925925926,68.41458277494968,216,1.0,False
A_folds,F3,7,True,False,time_of_day,am_rush,ACI,0.9305555555555556,43.492448704973015,144,1.0,False
A_folds,F3,7,True,False,time_of_day,midday,ACI,0.7865168539325843,71.27131386362285,178,1.0,False
A_folds,F3,7,True,False,time_of_day,pm_rush,ACI,0.9541984732824428,81.85141173641173,131,1.0,False
A_folds,F3,7,True,False,time_of_day,evening,ACI,0.9166666666666666,64.7057185207732,96,1.0,False
A_folds,F3,7,True,False,time_of_day,night,ToD-ACI,0.8981481481481481,62.616604873136126,216,1.0,False
A_folds,F3,7,True,False,time_of_day,am_rush,ToD-ACI,0.8958333333333334,42.1545619855967,144,1.0,False
A_folds,F3,7,True,False,time_of_day,midday,ToD-ACI,0.904494382022472,88.76848697312883,178,1.0,False
A_folds,F3,7,True,False,time_of_day,pm_rush,ToD-ACI,0.9083969465648856,71.11610664349786,131,1.0,False
A_folds,F3,7,True,False,time_of_day,evening,ToD-ACI,0.8645833333333334,52.98589413730562,96,1.0,False
A_folds,F3,8,True,True,day_of_week,Sun,split-CP,0.924,67.91356812169313,250,0.2030355830661628,False
A_folds,F3,8,True,True,day_of_week,Mon,split-CP,1.0,85.76011111111113,288,0.2030355830661628,False
A_folds,F3,8,True,True,day_of_week,Tue,split-CP,0.986784140969163,81.6339997319535,227,0.2030355830661628,False
A_folds,F3,8,True,True,day_of_week,Sun,Mondrian-split-CP,0.84,36.0951048835979,250,0.2030355830661628,False
A_folds,F3,8,True,True,day_of_week,Mon,Mondrian-split-CP,0.5104166666666666,40.287098324515,288,0.2030355830661628,False
A_folds,F3,8,True,True,day_of_week,Tue,Mondrian-split-CP,0.5814977973568282,50.3008636633802,227,0.2030355830661628,False
A_folds,F3,8,True,True,day_of_week,Sun,ACI,0.92,47.152134894179895,250,0.2030355830661628,False
A_folds,F3,8,True,True,day_of_week,Mon,ACI,0.8958333333333334,10.490261647560256,288,0.2030355830661628,False
A_folds,F3,8,True,True,day_of_week,Tue,ACI,0.8810572687224669,9.110125122369062,227,0.2030355830661628,False
A_folds,F3,8,True,True,day_of_week,Sun,ToD-ACI,0.896,42.82759725132276,250,0.2030355830661628,False
A_folds,F3,8,True,True,day_of_week,Mon,ToD-ACI,0.9236111111111112,38.98159481325323,288,0.2030355830661628,False
A_folds,F3,8,True,True,day_of_week,Tue,ToD-ACI,0.8590308370044053,14.708170194974704,227,0.2030355830661628,False
A_folds,F3,8,True,True,occupancy_tercile,low,split-CP,0.905940594059406,59.03603670307509,202,0.2688288509923543,False
A_folds,F3,8,True,True,occupancy_tercile,high,split-CP,0.994671403197158,85.76011111111113,563,0.2688288509923543,False
A_folds,F3,8,True,True,occupancy_tercile,low,Mondrian-split-CP,0.9108910891089108,43.92383693488399,202,0.2688288509923543,False
A_folds,F3,8,True,True,occupancy_tercile,high,Mondrian-split-CP,0.5417406749555951,41.15833308898853,563,0.2688288509923543,False
A_folds,F3,8,True,True,occupancy_tercile,low,ACI,0.905940594059406,51.71102686429357,202,0.2688288509923543,False
A_folds,F3,8,True,True,occupancy_tercile,high,ACI,0.8969804618117229,11.423801162047608,563,0.2688288509923543,False
A_folds,F3,8,True,True,occupancy_tercile,low,ToD-ACI,0.9108910891089108,50.12699079640108,202,0.2688288509923543,False
A_folds,F3,8,True,True,occupancy_tercile,high,ToD-ACI,0.8898756660746003,26.9035543737724,563,0.2688288509923543,False
A_folds,F3,8,True,True,random_5,r0,split-CP,0.9746835443037974,79.17174576384704,158,0.0559484298602347,False
A_folds,F3,8,True,True,random_5,r3,split-CP,0.94375,77.68619735036377,160,0.0559484298602347,False
A_folds,F3,8,True,True,random_5,r2,split-CP,0.9879518072289156,77.3868127589724,166,0.0559484298602347,False
A_folds,F3,8,True,True,random_5,r4,split-CP,0.9602649006622516,80.14860169855287,151,0.0559484298602347,False
A_folds,F3,8,True,True,random_5,r1,split-CP,0.9923076923076924,79.3895752950753,130,0.0559484298602347,False
A_folds,F3,8,True,True,random_5,r0,Mondrian-split-CP,0.569620253164557,38.65118797300919,158,0.0559484298602347,False
A_folds,F3,8,True,True,random_5,r3,Mondrian-split-CP,0.63125,39.68195186425267,160,0.0559484298602347,False
A_folds,F3,8,True,True,random_5,r2,Mondrian-split-CP,0.6626506024096386,42.17087677694908,166,0.0559484298602347,False
A_folds,F3,8,True,True,random_5,r4,Mondrian-split-CP,0.6423841059602649,44.32587563071588,151,0.0559484298602347,False
A_folds,F3,8,True,True,random_5,r1,Mondrian-split-CP,0.7,45.347567897842914,130,0.0559484298602347,False
A_folds,F3,8,True,True,random_5,r0,ACI,0.9367088607594936,21.07668963900609,158,0.0559484298602347,False
A_folds,F3,8,True,True,random_5,r3,ACI,0.90625,24.944729716435187,160,0.0559484298602347,False
A_folds,F3,8,True,True,random_5,r2,ACI,0.9036144578313252,22.069997191145536,166,0.0559484298602347,False
A_folds,F3,8,True,True,random_5,r4,ACI,0.8807947019867549,20.47357386821542,151,0.0559484298602347,False
A_folds,F3,8,True,True,random_5,r1,ACI,0.8615384615384616,21.544804426129428,130,0.0559484298602347,False
A_folds,F3,8,True,True,random_5,r0,ToD-ACI,0.9050632911392406,35.11843508890899,158,0.0559484298602347,False
A_folds,F3,8,True,True,random_5,r3,ToD-ACI,0.8875,32.89810083498677,160,0.0559484298602347,False
A_folds,F3,8,True,True,random_5,r2,ToD-ACI,0.8975903614457831,32.55770154427233,166,0.0559484298602347,False
A_folds,F3,8,True,True,random_5,r4,ToD-ACI,0.8741721854304636,30.46410651214128,151,0.0559484298602347,False
A_folds,F3,8,True,True,random_5,r1,ToD-ACI,0.9153846153846154,34.27142950752951,130,0.0559484298602347,False
A_folds,F3,8,True,True,time_of_day,night,split-CP,0.9537037037037036,78.56662477954147,216,1.0,False
A_folds,F3,8,True,True,time_of_day,am_rush,split-CP,0.9583333333333334,82.36093832671958,144,1.0,False
A_folds,F3,8,True,True,time_of_day,midday,split-CP,1.0,77.85134039296119,178,1.0,False
A_folds,F3,8,True,True,time_of_day,pm_rush,split-CP,0.9541984732824428,70.89577588957552,131,1.0,False
A_folds,F3,8,True,True,time_of_day,evening,split-CP,1.0,85.76011111111113,96,1.0,False
A_folds,F3,8,True,True,time_of_day,night,Mondrian-split-CP,1.0,86.22895785567316,216,1.0,False
A_folds,F3,8,True,True,time_of_day,am_rush,Mondrian-split-CP,1.0,85.59081024029985,144,1.0,False
A_folds,F3,8,True,True,time_of_day,midday,Mondrian-split-CP,0.1741573033707865,2.891226026990079,178,1.0,False
A_folds,F3,8,True,True,time_of_day,pm_rush,Mondrian-split-CP,0.3511450381679389,2.347627226463102,131,1.0,False
A_folds,F3,8,True,True,time_of_day,evening,Mondrian-split-CP,0.5416666666666666,2.833829365079368,96,1.0,False
A_folds,F3,8,True,True,time_of_day,night,ACI,0.9166666666666666,22.72161650622183,216,1.0,False
A_folds,F3,8,True,True,time_of_day,am_rush,ACI,0.7986111111111112,30.59395512749854,144,1.0,False
A_folds,F3,8,True,True,time_of_day,midday,ACI,0.9662921348314608,22.41764984245883,178,1.0,False
A_folds,F3,8,True,True,time_of_day,pm_rush,ACI,0.8625954198473282,20.959690218708342,131,1.0,False
A_folds,F3,8,True,True,time_of_day,evening,ACI,0.9375,8.622580067791004,96,1.0,False
A_folds,F3,8,True,True,time_of_day,night,ToD-ACI,0.8935185185185185,44.5187049590927,216,1.0,False
A_folds,F3,8,True,True,time_of_day,am_rush,ToD-ACI,0.9166666666666666,55.73211700837743,144,1.0,False
A_folds,F3,8,True,True,time_of_day,midday,ToD-ACI,0.904494382022472,9.982602788181431,178,1.0,False
A_folds,F3,8,True,True,time_of_day,pm_rush,ToD-ACI,0.8778625954198473,40.9883200401874,131,1.0,False
A_folds,F3,8,True,True,time_of_day,evening,ToD-ACI,0.875,5.047030326829808,96,1.0,False
A_folds,F3,9,True,False,day_of_week,Sun,split-CP,0.976,11.065293650793592,250,0.2030355830661628,False
A_folds,F3,9,True,False,day_of_week,Mon,split-CP,0.9444444444444444,11.065293650793592,288,0.2030355830661628,False
A_folds,F3,9,True,False,day_of_week,Tue,split-CP,0.8105726872246696,11.065293650793592,227,0.2030355830661628,False
A_folds,F3,9,True,False,day_of_week,Sun,Mondrian-split-CP,0.952,7.711945900914052,250,0.2030355830661628,False
A_folds,F3,9,True,False,day_of_week,Mon,Mondrian-split-CP,0.875,8.776697931698058,288,0.2030355830661628,False
A_folds,F3,9,True,False,day_of_week,Tue,Mondrian-split-CP,0.8590308370044053,9.49619399946611,227,0.2030355830661628,False
A_folds,F3,9,True,False,day_of_week,Sun,ACI,0.92,8.410544503607534,250,0.2030355830661628,False
A_folds,F3,9,True,False,day_of_week,Mon,ACI,0.8888888888888888,8.729996872244282,288,0.2030355830661628,False
A_folds,F3,9,True,False,day_of_week,Tue,ACI,0.8149779735682819,12.153785499742565,227,0.2030355830661628,False
A_folds,F3,9,True,False,day_of_week,Sun,ToD-ACI,0.936,6.977105748436774,250,0.2030355830661628,False
A_folds,F3,9,True,False,day_of_week,Mon,ToD-ACI,0.9131944444444444,7.718839303250811,288,0.2030355830661628,False
A_folds,F3,9,True,False,day_of_week,Tue,ToD-ACI,0.8325991189427313,9.21487048320418,227,0.2030355830661628,False
A_folds,F3,9,True,False,occupancy_tercile,high,split-CP,1.0,11.065293650793592,263,0.7146599475292655,False
A_folds,F3,9,True,False,occupancy_tercile,mid,split-CP,1.0,11.065293650793592,126,0.7146599475292655,False
A_folds,F3,9,True,False,occupancy_tercile,low,split-CP,0.8271276595744681,11.065293650793592,376,0.7146599475292655,False
A_folds,F3,9,True,False,occupancy_tercile,high,Mondrian-split-CP,0.9049429657794676,2.3289163447806,263,0.7146599475292655,False
A_folds,F3,9,True,False,occupancy_tercile,mid,Mondrian-split-CP,0.8412698412698413,7.203336556227683,126,0.7146599475292655,False
A_folds,F3,9,True,False,occupancy_tercile,low,Mondrian-split-CP,0.9069148936170212,13.540388597538229,376,0.7146599475292655,False
A_folds,F3,9,True,False,occupancy_tercile,high,ACI,1.0,8.16973471451799,263,0.7146599475292655,False
A_folds,F3,9,True,False,occupancy_tercile,mid,ACI,0.9444444444444444,7.631941840933949,126,0.7146599475292655,False
A_folds,F3,9,True,False,occupancy_tercile,low,ACI,0.7686170212765957,11.344467105515664,376,0.7146599475292655,False
A_folds,F3,9,True,False,occupancy_tercile,high,ToD-ACI,0.935361216730038,2.2889234162190344,263,0.7146599475292655,False
A_folds,F3,9,True,False,occupancy_tercile,mid,ToD-ACI,0.873015873015873,4.927583242668608,126,0.7146599475292655,False
A_folds,F3,9,True,False,occupancy_tercile,low,ToD-ACI,0.8776595744680851,12.862275024177992,376,0.7146599475292655,False
A_folds,F3,9,True,False,random_5,r0,split-CP,0.9177215189873418,11.065293650793592,158,0.0559484298602347,False
A_folds,F3,9,True,False,random_5,r3,split-CP,0.8625,11.065293650793592,160,0.0559484298602347,False
A_folds,F3,9,True,False,random_5,r2,split-CP,0.933734939759036,11.065293650793592,166,0.0559484298602347,False
A_folds,F3,9,True,False,random_5,r4,split-CP,0.9205298013245032,11.065293650793592,151,0.0559484298602347,False
A_folds,F3,9,True,False,random_5,r1,split-CP,0.946153846153846,11.065293650793592,130,0.0559484298602347,False
A_folds,F3,9,True,False,random_5,r0,Mondrian-split-CP,0.8670886075949367,8.758454946542082,158,0.0559484298602347,False
A_folds,F3,9,True,False,random_5,r3,Mondrian-split-CP,0.875,8.769711344095839,160,0.0559484298602347,False
A_folds,F3,9,True,False,random_5,r2,Mondrian-split-CP,0.891566265060241,8.38466181319808,166,0.0559484298602347,False
A_folds,F3,9,True,False,random_5,r4,Mondrian-split-CP,0.913907284768212,8.587550692194855,151,0.0559484298602347,False
A_folds,F3,9,True,False,random_5,r1,Mondrian-split-CP,0.9384615384615383,8.736521579346713,130,0.0559484298602347,False
A_folds,F3,9,True,False,random_5,r0,ACI,0.8670886075949367,9.79033497269258,158,0.0559484298602347,False
A_folds,F3,9,True,False,random_5,r3,ACI,0.8375,9.793928745039704,160,0.0559484298602347,False
A_folds,F3,9,True,False,random_5,r2,ACI,0.8975903614457831,9.849748004282665,166,0.0559484298602347,False
A_folds,F3,9,True,False,random_5,r4,ACI,0.9072847682119204,9.343476558393776,151,0.0559484298602347,False
A_folds,F3,9,True,False,random_5,r1,ACI,0.8769230769230769,9.35353753561258,130,0.0559484298602347,False
A_folds,F3,9,True,False,random_5,r0,ToD-ACI,0.8860759493670886,8.14729139267909,158,0.0559484298602347,False
A_folds,F3,9,True,False,random_5,r3,ToD-ACI,0.85,7.907601006343208,160,0.0559484298602347,False
A_folds,F3,9,True,False,random_5,r2,ToD-ACI,0.9216867469879518,7.6554493718018195,166,0.0559484298602347,False
A_folds,F3,9,True,False,random_5,r4,ToD-ACI,0.8940397350993378,7.910260151180704,151,0.0559484298602347,False
A_folds,F3,9,True,False,random_5,r1,ToD-ACI,0.9384615384615383,8.010274434824446,130,0.0559484298602347,False
A_folds,F3,9,True,False,time_of_day,night,split-CP,1.0,11.065293650793592,216,1.0,False
A_folds,F3,9,True,False,time_of_day,am_rush,split-CP,1.0,11.065293650793592,144,1.0,False
A_folds,F3,9,True,False,time_of_day,midday,split-CP,0.8202247191011236,11.065293650793592,178,1.0,False
A_folds,F3,9,True,False,time_of_day,pm_rush,split-CP,0.7633587786259542,11.065293650793592,131,1.0,False
A_folds,F3,9,True,False,time_of_day,evening,split-CP,0.9791666666666666,11.065293650793592,96,1.0,False
A_folds,F3,9,True,False,time_of_day,night,Mondrian-split-CP,0.8148148148148148,0.5031322751324296,216,1.0,False
A_folds,F3,9,True,False,time_of_day,am_rush,Mondrian-split-CP,1.0,11.239138888889102,144,1.0,False
A_folds,F3,9,True,False,time_of_day,midday,Mondrian-split-CP,0.9606741573033708,15.78164550264546,178,1.0,False
A_folds,F3,9,True,False,time_of_day,pm_rush,Mondrian-split-CP,0.816793893129771,12.675810606060622,131,1.0,False
A_folds,F3,9,True,False,time_of_day,evening,Mondrian-split-CP,0.90625,4.318071428571784,96,1.0,False
A_folds,F3,9,True,False,time_of_day,night,ACI,1.0,8.028984059621807,216,1.0,False
A_folds,F3,9,True,False,time_of_day,am_rush,ACI,0.9097222222222222,5.371043992337396,144,1.0,False
A_folds,F3,9,True,False,time_of_day,midday,ACI,0.6853932584269663,9.861077794396628,178,1.0,False
A_folds,F3,9,True,False,time_of_day,pm_rush,ACI,0.8244274809160306,15.69983587510883,131,1.0,False
A_folds,F3,9,True,False,time_of_day,evening,ACI,0.9791666666666666,11.001492653469237,96,1.0,False
A_folds,F3,9,True,False,time_of_day,night,ToD-ACI,0.9027777777777778,0.9811632128159788,216,1.0,False
A_folds,F3,9,True,False,time_of_day,am_rush,ToD-ACI,0.9236111111111112,6.842571649029967,144,1.0,False
A_folds,F3,9,True,False,time_of_day,midday,ToD-ACI,0.9157303370786516,13.91740705814165,178,1.0,False
A_folds,F3,9,True,False,time_of_day,pm_rush,ToD-ACI,0.8320610687022901,15.34211849777315,131,1.0,False
A_folds,F3,9,True,False,time_of_day,evening,ToD-ACI,0.8958333333333334,3.903127136944928,96,1.0,False
A_folds,F3,10,True,False,day_of_week,Sun,split-CP,0.984,3.59235714285714,250,0.2030355830661628,False
A_folds,F3,10,True,False,day_of_week,Mon,split-CP,0.9270833333333334,3.59235714285714,288,0.2030355830661628,False
A_folds,F3,10,True,False,day_of_week,Tue,split-CP,0.8590308370044053,3.59235714285714,227,0.2030355830661628,False
A_folds,F3,10,True,False,day_of_week,Sun,Mondrian-split-CP,0.936,3.1608972380952367,250,0.2030355830661628,False
A_folds,F3,10,True,False,day_of_week,Mon,Mondrian-split-CP,0.9375,3.2360201719576707,288,0.2030355830661628,False
A_folds,F3,10,True,False,day_of_week,Tue,Mondrian-split-CP,0.8590308370044053,3.3048279840570567,227,0.2030355830661628,False
A_folds,F3,10,True,False,day_of_week,Sun,ACI,0.88,3.062275698412698,250,0.2030355830661628,False
A_folds,F3,10,True,False,day_of_week,Mon,ACI,0.8541666666666666,2.861787127224627,288,0.2030355830661628,False
A_folds,F3,10,True,False,day_of_week,Tue,ACI,0.8149779735682819,3.735087638499533,227,0.2030355830661628,False
A_folds,F3,10,True,False,day_of_week,Sun,ToD-ACI,0.872,2.703462545454545,250,0.2030355830661628,False
A_folds,F3,10,True,False,day_of_week,Mon,ToD-ACI,0.8611111111111112,2.984041300488349,288,0.2030355830661628,False
A_folds,F3,10,True,False,day_of_week,Tue,ToD-ACI,0.8590308370044053,3.100961927858403,227,0.2030355830661628,False
A_folds,F3,10,True,False,occupancy_tercile,mid,split-CP,0.9768041237113402,3.59235714285714,388,0.6261777104707892,False
A_folds,F3,10,True,False,occupancy_tercile,low,split-CP,0.8518518518518519,3.59235714285714,81,0.6261777104707892,False
A_folds,F3,10,True,False,occupancy_tercile,high,split-CP,0.8783783783783784,3.59235714285714,296,0.6261777104707892,False
A_folds,F3,10,True,False,occupancy_tercile,mid,Mondrian-split-CP,0.9355670103092784,2.640224523400426,388,0.6261777104707892,False
A_folds,F3,10,True,False,occupancy_tercile,low,Mondrian-split-CP,0.8024691358024691,2.8657114932392704,81,0.6261777104707892,False
A_folds,F3,10,True,False,occupancy_tercile,high,Mondrian-split-CP,0.9155405405405406,4.1076497479622445,296,0.6261777104707892,False
A_folds,F3,10,True,False,occupancy_tercile,mid,ACI,0.884020618556701,2.291898158065684,388,0.6261777104707892,False
A_folds,F3,10,True,False,occupancy_tercile,low,ACI,0.7777777777777778,3.639798432591642,81,0.6261777104707892,False
A_folds,F3,10,True,False,occupancy_tercile,high,ACI,0.8277027027027027,4.234960651398151,296,0.6261777104707892,False
A_folds,F3,10,True,False,occupancy_tercile,mid,ToD-ACI,0.8762886597938144,2.150273278315804,388,0.6261777104707892,False
A_folds,F3,10,True,False,occupancy_tercile,low,ToD-ACI,0.7654320987654321,3.113234456558531,81,0.6261777104707892,False
A_folds,F3,10,True,False,occupancy_tercile,high,ToD-ACI,0.875,3.894290086352586,296,0.6261777104707892,False
A_folds,F3,10,True,False,random_5,r0,split-CP,0.930379746835443,3.59235714285714,158,0.0559484298602347,False
A_folds,F3,10,True,False,random_5,r3,split-CP,0.9125,3.59235714285714,160,0.0559484298602347,False
A_folds,F3,10,True,False,random_5,r2,split-CP,0.9216867469879518,3.59235714285714,166,0.0559484298602347,False
A_folds,F3,10,True,False,random_5,r4,split-CP,0.9470198675496688,3.5923571428571406,151,0.0559484298602347,False
A_folds,F3,10,True,False,random_5,r1,split-CP,0.9153846153846154,3.59235714285714,130,0.0559484298602347,False
A_folds,F3,10,True,False,random_5,r0,Mondrian-split-CP,0.9113924050632912,3.205548598553344,158,0.0559484298602347,False
A_folds,F3,10,True,False,random_5,r3,Mondrian-split-CP,0.89375,3.284328298611109,160,0.0559484298602347,False
A_folds,F3,10,True,False,random_5,r2,Mondrian-split-CP,0.933734939759036,3.19531294224517,166,0.0559484298602347,False
A_folds,F3,10,True,False,random_5,r4,Mondrian-split-CP,0.933774834437086,3.2046274571638795,151,0.0559484298602347,False
A_folds,F3,10,True,False,random_5,r1,Mondrian-split-CP,0.8923076923076924,3.2777243894993884,130,0.0559484298602347,False
A_folds,F3,10,True,False,random_5,r0,ACI,0.8607594936708861,3.323673127446861,158,0.0559484298602347,False
A_folds,F3,10,True,False,random_5,r3,ACI,0.84375,3.211043332882395,160,0.0559484298602347,False
A_folds,F3,10,True,False,random_5,r2,ACI,0.8192771084337349,3.0545120858614823,166,0.0559484298602347,False
A_folds,F3,10,True,False,random_5,r4,ACI,0.8940397350993378,3.2844110483580686,151,0.0559484298602347,False
A_folds,F3,10,True,False,random_5,r1,ACI,0.8384615384615385,3.0440473017723004,130,0.0559484298602347,False
A_folds,F3,10,True,False,random_5,r0,ToD-ACI,0.8734177215189873,3.032203054505269,158,0.0559484298602347,False
A_folds,F3,10,True,False,random_5,r3,ToD-ACI,0.85,2.8890566881613755,160,0.0559484298602347,False
A_folds,F3,10,True,False,random_5,r2,ToD-ACI,0.8674698795180723,2.92498718611821,166,0.0559484298602347,False
A_folds,F3,10,True,False,random_5,r4,ToD-ACI,0.8807947019867549,3.0038393968062844,151,0.0559484298602347,False
A_folds,F3,10,True,False,random_5,r1,ToD-ACI,0.8461538461538461,2.759408569208569,130,0.0559484298602347,False
A_folds,F3,10,True,False,time_of_day,night,split-CP,0.9953703703703703,3.59235714285714,216,1.0,False
A_folds,F3,10,True,False,time_of_day,am_rush,split-CP,0.9027777777777778,3.59235714285714,144,1.0,False
A_folds,F3,10,True,False,time_of_day,midday,split-CP,0.8651685393258427,3.59235714285714,178,1.0,False
A_folds,F3,10,True,False,time_of_day,pm_rush,split-CP,0.8854961832061069,3.59235714285714,131,1.0,False
A_folds,F3,10,True,False,time_of_day,evening,split-CP,0.96875,3.59235714285714,96,1.0,False
A_folds,F3,10,True,False,time_of_day,night,Mondrian-split-CP,0.9305555555555556,1.9619206349206308,216,1.0,False
A_folds,F3,10,True,False,time_of_day,am_rush,Mondrian-split-CP,0.9097222222222222,3.667388888888894,144,1.0,False
A_folds,F3,10,True,False,time_of_day,midday,Mondrian-split-CP,0.8707865168539326,3.730249999999998,178,1.0,False
A_folds,F3,10,True,False,time_of_day,pm_rush,Mondrian-split-CP,0.9618320610687024,4.694999999999993,131,1.0,False
A_folds,F3,10,True,False,time_of_day,evening,Mondrian-split-CP,0.8958333333333334,2.5154761904761926,96,1.0,False
A_folds,F3,10,True,False,time_of_day,night,ACI,0.9444444444444444,2.022729811897636,216,1.0,False
A_folds,F3,10,True,False,time_of_day,am_rush,ACI,0.7430555555555556,2.76843890458821,144,1.0,False
A_folds,F3,10,True,False,time_of_day,midday,ACI,0.8314606741573034,4.284203942177256,178,1.0,False
A_folds,F3,10,True,False,time_of_day,pm_rush,ACI,0.816793893129771,4.125923575999911,131,1.0,False
A_folds,F3,10,True,False,time_of_day,evening,ACI,0.8854166666666666,3.1143685353034307,96,1.0,False
A_folds,F3,10,True,False,time_of_day,night,ToD-ACI,0.8888888888888888,1.4060525632203864,216,1.0,False
A_folds,F3,10,True,False,time_of_day,am_rush,ToD-ACI,0.8125,3.122292335557961,144,1.0,False
A_folds,F3,10,True,False,time_of_day,midday,ToD-ACI,0.8707865168539326,4.204810311515367,178,1.0,False
A_folds,F3,10,True,False,time_of_day,pm_rush,ToD-ACI,0.8778625954198473,3.650608481213443,131,1.0,False
A_folds,F3,10,True,False,time_of_day,evening,ToD-ACI,0.8541666666666666,2.699838458994709,96,1.0,False
A_folds,F3,11,True,False,day_of_week,Sun,split-CP,0.992,8.323281746031746,250,0.2030355830661628,False
A_folds,F3,11,True,False,day_of_week,Mon,split-CP,0.8888888888888888,7.483386792236185,288,0.2030355830661628,False
A_folds,F3,11,True,False,day_of_week,Tue,split-CP,0.9030837004405288,7.194051555252546,227,0.2030355830661628,False
A_folds,F3,11,True,False,day_of_week,Sun,Mondrian-split-CP,0.972,9.345137722943724,250,0.2030355830661628,False
A_folds,F3,11,True,False,day_of_week,Mon,Mondrian-split-CP,0.9166666666666666,8.151619241355355,288,0.2030355830661628,False
A_folds,F3,11,True,False,day_of_week,Tue,Mondrian-split-CP,0.920704845814978,8.416606023259659,227,0.2030355830661628,False
A_folds,F3,11,True,False,day_of_week,Sun,ACI,0.904,5.480950977873977,250,0.2030355830661628,False
A_folds,F3,11,True,False,day_of_week,Mon,ACI,0.8888888888888888,6.783797098590068,288,0.2030355830661628,False
A_folds,F3,11,True,False,day_of_week,Tue,ACI,0.8590308370044053,5.619354713486872,227,0.2030355830661628,False
A_folds,F3,11,True,False,day_of_week,Sun,ToD-ACI,0.924,6.179440679172679,250,0.2030355830661628,False
A_folds,F3,11,True,False,day_of_week,Mon,ToD-ACI,0.8472222222222222,5.89683212143759,288,0.2030355830661628,False
A_folds,F3,11,True,False,day_of_week,Tue,ToD-ACI,0.8766519823788547,6.147303852188764,227,0.2030355830661628,False
A_folds,F3,11,True,False,occupancy_tercile,high,split-CP,0.9930715935334872,8.323281746031746,433,0.6226977573460754,False
A_folds,F3,11,True,False,occupancy_tercile,mid,split-CP,0.9029126213592232,8.323281746031746,103,0.6226977573460754,False
A_folds,F3,11,True,False,occupancy_tercile,low,split-CP,0.8122270742358079,6.147626724197685,229,0.6226977573460754,False
A_folds,F3,11,True,False,occupancy_tercile,high,Mondrian-split-CP,0.9584295612009238,8.107083203640943,433,0.6226977573460754,False
A_folds,F3,11,True,False,occupancy_tercile,mid,Mondrian-split-CP,0.9320388349514565,11.847539117480872,103,0.6226977573460754,False
A_folds,F3,11,True,False,occupancy_tercile,low,Mondrian-split-CP,0.8951965065502183,8.139112590607677,229,0.6226977573460754,False
A_folds,F3,11,True,False,occupancy_tercile,high,ACI,0.9030023094688222,4.264887332857887,433,0.6226977573460754,False
A_folds,F3,11,True,False,occupancy_tercile,mid,ACI,0.8252427184466019,7.849551491568481,103,0.6226977573460754,False
A_folds,F3,11,True,False,occupancy_tercile,low,ACI,0.8777292576419214,8.490676026484433,229,0.6226977573460754,False
A_folds,F3,11,True,False,occupancy_tercile,high,ToD-ACI,0.9099307159353348,4.939203222147794,433,0.6226977573460754,False
A_folds,F3,11,True,False,occupancy_tercile,mid,ToD-ACI,0.8252427184466019,8.24830941289922,103,0.6226977573460754,False
A_folds,F3,11,True,False,occupancy_tercile,low,ToD-ACI,0.851528384279476,7.206702753255154,229,0.6226977573460754,False
A_folds,F3,11,True,False,random_5,r0,split-CP,0.9177215189873418,7.510738656151631,158,0.0559484298602347,False
A_folds,F3,11,True,False,random_5,r3,split-CP,0.925,7.664359800760583,160,0.0559484298602347,False
A_folds,F3,11,True,False,random_5,r2,split-CP,0.9397590361445785,7.787140235545356,166,0.0559484298602347,False
A_folds,F3,11,True,False,random_5,r4,split-CP,0.9006622516556292,7.61488035232489,151,0.0559484298602347,False
A_folds,F3,11,True,False,random_5,r1,split-CP,0.953846153846154,7.7967619047619054,130,0.0559484298602347,False
A_folds,F3,11,True,False,random_5,r0,Mondrian-split-CP,0.9240506329113924,7.814829253201092,158,0.0559484298602347,False
A_folds,F3,11,True,False,random_5,r3,Mondrian-split-CP,0.94375,8.757522035834537,160,0.0559484298602347,False
A_folds,F3,11,True,False,random_5,r2,Mondrian-split-CP,0.9397590361445785,8.499419263996826,166,0.0559484298602347,False
A_folds,F3,11,True,False,random_5,r4,Mondrian-split-CP,0.933774834437086,8.551033177884172,151,0.0559484298602347,False
A_folds,F3,11,True,False,random_5,r1,Mondrian-split-CP,0.9384615384615383,9.665109108484112,130,0.0559484298602347,False
A_folds,F3,11,True,False,random_5,r0,ACI,0.9113924050632912,6.10451235227501,158,0.0559484298602347,False
A_folds,F3,11,True,False,random_5,r3,ACI,0.875,6.163453956980519,160,0.0559484298602347,False
A_folds,F3,11,True,False,random_5,r2,ACI,0.9096385542168676,6.143878664368875,166,0.0559484298602347,False
A_folds,F3,11,True,False,random_5,r4,ACI,0.8874172185430463,5.9593877815525165,151,0.0559484298602347,False
A_folds,F3,11,True,False,random_5,r1,ACI,0.8307692307692308,5.608829467291967,130,0.0559484298602347,False
A_folds,F3,11,True,False,random_5,r0,ToD-ACI,0.8734177215189873,5.708239705295877,158,0.0559484298602347,False
A_folds,F3,11,True,False,random_5,r3,ToD-ACI,0.85,6.327194247534872,160,0.0559484298602347,False
A_folds,F3,11,True,False,random_5,r2,ToD-ACI,0.9036144578313252,6.234296198502523,166,0.0559484298602347,False
A_folds,F3,11,True,False,random_5,r4,ToD-ACI,0.8675496688741722,5.729537694032726,151,0.0559484298602347,False
A_folds,F3,11,True,False,random_5,r1,ToD-ACI,0.9153846153846154,6.340611395548896,130,0.0559484298602347,False
A_folds,F3,11,True,False,time_of_day,night,split-CP,1.0,8.323281746031748,216,1.0,False
A_folds,F3,11,True,False,time_of_day,am_rush,split-CP,0.8819444444444444,7.784450681584364,144,1.0,False
A_folds,F3,11,True,False,time_of_day,midday,split-CP,0.9157303370786516,6.349483669966115,178,1.0,False
A_folds,F3,11,True,False,time_of_day,pm_rush,split-CP,0.816793893129771,7.794294958398966,131,1.0,False
A_folds,F3,11,True,False,time_of_day,evening,split-CP,1.0,8.323281746031746,96,1.0,False
A_folds,F3,11,True,False,time_of_day,night,Mondrian-split-CP,0.9166666666666666,1.974000000000004,216,1.0,False
A_folds,F3,11,True,False,time_of_day,am_rush,Mondrian-split-CP,0.9861111111111112,19.618815849884427,144,1.0,False
A_folds,F3,11,True,False,time_of_day,midday,Mondrian-split-CP,0.9606741573033708,7.483942044170978,178,1.0,False
A_folds,F3,11,True,False,time_of_day,pm_rush,Mondrian-split-CP,0.8702290076335878,10.794492901571145,131,1.0,False
A_folds,F3,11,True,False,time_of_day,evening,Mondrian-split-CP,0.9479166666666666,6.216735449735452,96,1.0,False
A_folds,F3,11,True,False,time_of_day,night,ACI,0.9861111111111112,3.4025863874637023,216,1.0,False
A_folds,F3,11,True,False,time_of_day,am_rush,ACI,0.7152777777777778,5.560151836653572,144,1.0,False
A_folds,F3,11,True,False,time_of_day,midday,ACI,0.8932584269662921,6.170431777985852,178,1.0,False
A_folds,F3,11,True,False,time_of_day,pm_rush,ACI,0.8625954198473282,10.173975203690851,131,1.0,False
A_folds,F3,11,True,False,time_of_day,evening,ACI,0.9270833333333334,6.591840588423921,96,1.0,False
A_folds,F3,11,True,False,time_of_day,night,ToD-ACI,0.8842592592592593,1.9418163580246908,216,1.0,False
A_folds,F3,11,True,False,time_of_day,am_rush,ToD-ACI,0.8680555555555556,8.714860997124017,144,1.0,False
A_folds,F3,11,True,False,time_of_day,midday,ToD-ACI,0.8876404494382022,5.566615933613827,178,1.0,False
A_folds,F3,11,True,False,time_of_day,pm_rush,ToD-ACI,0.8702290076335878,10.464413859606603,131,1.0,False
A_folds,F3,11,True,False,time_of_day,evening,ToD-ACI,0.8958333333333334,6.276225276074236,96,1.0,False
A_folds,F3,12,True,False,day_of_week,Sun,split-CP,0.924,17.8071626984127,250,0.2030355830661628,False
A_folds,F3,12,True,False,day_of_week,Mon,split-CP,0.9444444444444444,17.807162698412696,288,0.2030355830661628,False
A_folds,F3,12,True,False,day_of_week,Tue,split-CP,0.8458149779735683,17.80716269841269,227,0.2030355830661628,False
A_folds,F3,12,True,False,day_of_week,Sun,Mondrian-split-CP,0.836,11.997929798941794,250,0.2030355830661628,False
A_folds,F3,12,True,False,day_of_week,Mon,Mondrian-split-CP,0.90625,13.61777248677248,288,0.2030355830661628,False
A_folds,F3,12,True,False,day_of_week,Tue,Mondrian-split-CP,0.8458149779735683,13.44785630375498,227,0.2030355830661628,False
A_folds,F3,12,True,False,day_of_week,Sun,ACI,0.916,14.868278867317867,250,0.2030355830661628,False
A_folds,F3,12,True,False,day_of_week,Mon,ACI,0.8854166666666666,15.178052475848482,288,0.2030355830661628,False
A_folds,F3,12,True,False,day_of_week,Tue,ACI,0.8546255506607929,16.25427557692756,227,0.2030355830661628,False
A_folds,F3,12,True,False,day_of_week,Sun,ToD-ACI,0.9,13.090981005290994,250,0.2030355830661628,False
A_folds,F3,12,True,False,day_of_week,Mon,ToD-ACI,0.9166666666666666,14.897646453726312,288,0.2030355830661628,False
A_folds,F3,12,True,False,day_of_week,Tue,ToD-ACI,0.8986784140969163,15.05851823796207,227,0.2030355830661628,False
A_folds,F3,12,True,False,occupancy_tercile,high,split-CP,1.0,17.807162698412693,312,0.71668580468952,False
A_folds,F3,12,True,False,occupancy_tercile,mid,split-CP,0.9631901840490796,17.807162698412696,163,0.71668580468952,False
A_folds,F3,12,True,False,occupancy_tercile,low,split-CP,0.7793103448275862,17.807162698412696,290,0.71668580468952,False
A_folds,F3,12,True,False,occupancy_tercile,high,Mondrian-split-CP,0.8621794871794872,3.7824881461131614,312,0.71668580468952,False
A_folds,F3,12,True,False,occupancy_tercile,mid,Mondrian-split-CP,0.901840490797546,14.066638815853509,163,0.71668580468952,False
A_folds,F3,12,True,False,occupancy_tercile,low,Mondrian-split-CP,0.8482758620689655,22.41746854588578,290,0.71668580468952,False
A_folds,F3,12,True,False,occupancy_tercile,high,ACI,0.9775641025641024,11.637517865295909,312,0.71668580468952,False
A_folds,F3,12,True,False,occupancy_tercile,mid,ACI,0.8343558282208589,11.643303997468117,163,0.71668580468952,False
A_folds,F3,12,True,False,occupancy_tercile,low,ACI,0.8172413793103448,21.54932848371297,290,0.71668580468952,False
A_folds,F3,12,True,False,occupancy_tercile,high,ToD-ACI,0.935897435897436,7.102704808308967,312,0.71668580468952,False
A_folds,F3,12,True,False,occupancy_tercile,mid,ToD-ACI,0.9325153374233128,14.70220790167569,163,0.71668580468952,False
A_folds,F3,12,True,False,occupancy_tercile,low,ToD-ACI,0.8586206896551725,21.962232006371657,290,0.71668580468952,False
A_folds,F3,12,True,False,random_5,r0,split-CP,0.9113924050632912,17.80716269841269,158,0.0559484298602347,False
A_folds,F3,12,True,False,random_5,r3,split-CP,0.925,17.807162698412696,160,0.0559484298602347,False
A_folds,F3,12,True,False,random_5,r2,split-CP,0.8975903614457831,17.807162698412693,166,0.0559484298602347,False
A_folds,F3,12,True,False,random_5,r4,split-CP,0.8940397350993378,17.807162698412696,151,0.0559484298602347,False
A_folds,F3,12,True,False,random_5,r1,split-CP,0.9153846153846154,17.807162698412693,130,0.0559484298602347,False
A_folds,F3,12,True,False,random_5,r0,Mondrian-split-CP,0.8734177215189873,13.67053686960016,158,0.0559484298602347,False
A_folds,F3,12,True,False,random_5,r3,Mondrian-split-CP,0.86875,13.342166534391533,160,0.0559484298602347,False
A_folds,F3,12,True,False,random_5,r2,Mondrian-split-CP,0.8373493975903614,12.731839437113534,166,0.0559484298602347,False
A_folds,F3,12,True,False,random_5,r4,Mondrian-split-CP,0.8741721854304636,12.74925622831914,151,0.0559484298602347,False
A_folds,F3,12,True,False,random_5,r1,Mondrian-split-CP,0.8769230769230769,12.621152299552294,130,0.0559484298602347,False
A_folds,F3,12,True,False,random_5,r0,ACI,0.8734177215189873,15.273503711302755,158,0.0559484298602347,False
A_folds,F3,12,True,False,random_5,r3,ACI,0.925,15.730679794337608,160,0.0559484298602347,False
A_folds,F3,12,True,False,random_5,r2,ACI,0.8795180722891566,15.115568686835257,166,0.0559484298602347,False
A_folds,F3,12,True,False,random_5,r4,ACI,0.8609271523178808,15.250674581611667,151,0.0559484298602347,False
A_folds,F3,12,True,False,random_5,r1,ACI,0.8923076923076924,15.660852065527072,130,0.0559484298602347,False
A_folds,F3,12,True,False,random_5,r0,ToD-ACI,0.8987341772151899,13.966526564855675,158,0.0559484298602347,False
A_folds,F3,12,True,False,random_5,r3,ToD-ACI,0.90625,14.522919990194984,160,0.0559484298602347,False
A_folds,F3,12,True,False,random_5,r2,ToD-ACI,0.9036144578313252,13.839595940873046,166,0.0559484298602347,False
A_folds,F3,12,True,False,random_5,r4,ToD-ACI,0.8940397350993378,14.171027142651312,151,0.0559484298602347,False
A_folds,F3,12,True,False,random_5,r1,ToD-ACI,0.9307692307692308,15.49211268930499,130,0.0559484298602347,False
A_folds,F3,12,True,False,time_of_day,night,split-CP,1.0,17.80716269841269,216,1.0,False
A_folds,F3,12,True,False,time_of_day,am_rush,split-CP,0.9652777777777778,17.807162698412696,144,1.0,False
A_folds,F3,12,True,False,time_of_day,midday,split-CP,0.9157303370786516,17.807162698412696,178,1.0,False
A_folds,F3,12,True,False,time_of_day,pm_rush,split-CP,0.6335877862595419,17.807162698412693,131,1.0,False
A_folds,F3,12,True,False,time_of_day,evening,split-CP,0.9791666666666666,17.8071626984127,96,1.0,False
A_folds,F3,12,True,False,time_of_day,night,Mondrian-split-CP,0.8333333333333334,1.830000000000041,216,1.0,False
A_folds,F3,12,True,False,time_of_day,am_rush,Mondrian-split-CP,0.8541666666666666,7.242392857142818,144,1.0,False
A_folds,F3,12,True,False,time_of_day,midday,Mondrian-split-CP,0.9719101123595506,24.274632275132262,178,1.0,False
A_folds,F3,12,True,False,time_of_day,pm_rush,Mondrian-split-CP,0.7786259541984732,23.585571428571427,131,1.0,False
A_folds,F3,12,True,False,time_of_day,evening,Mondrian-split-CP,0.875,11.721722222222184,96,1.0,False
A_folds,F3,12,True,False,time_of_day,night,ACI,1.0,12.729080717978864,216,1.0,False
A_folds,F3,12,True,False,time_of_day,am_rush,ACI,0.8333333333333334,7.4355823645875825,144,1.0,False
A_folds,F3,12,True,False,time_of_day,midday,ACI,0.7921348314606742,14.314166435156606,178,1.0,False
A_folds,F3,12,True,False,time_of_day,pm_rush,ACI,0.8015267175572519,24.724180761774274,131,1.0,False
A_folds,F3,12,True,False,time_of_day,evening,ACI,1.0,22.6153623437712,96,1.0,False
A_folds,F3,12,True,False,time_of_day,night,ToD-ACI,0.9212962962962964,3.6159343066912464,216,1.0,False
A_folds,F3,12,True,False,time_of_day,am_rush,ToD-ACI,0.9236111111111112,14.162992577895352,144,1.0,False
A_folds,F3,12,True,False,time_of_day,midday,ToD-ACI,0.9157303370786516,18.400317760423093,178,1.0,False
A_folds,F3,12,True,False,time_of_day,pm_rush,ToD-ACI,0.8396946564885496,27.04480112282401,131,1.0,False
A_folds,F3,12,True,False,time_of_day,evening,ToD-ACI,0.9166666666666666,13.988675209435618,96,1.0,False
A_folds,F3,13,True,False,day_of_week,Sun,split-CP,0.952,22.02484523809528,250,0.2030355830661628,False
A_folds,F3,13,True,False,day_of_week,Mon,split-CP,0.875,22.024845238095285,288,0.2030355830661628,False
A_folds,F3,13,True,False,day_of_week,Tue,split-CP,0.8237885462555066,22.02484523809528,227,0.2030355830661628,False
A_folds,F3,13,True,False,day_of_week,Sun,Mondrian-split-CP,0.932,14.891239026455038,250,0.2030355830661628,False
A_folds,F3,13,True,False,day_of_week,Mon,Mondrian-split-CP,0.9027777777777778,17.805901455026458,288,0.2030355830661628,False
A_folds,F3,13,True,False,day_of_week,Tue,Mondrian-split-CP,0.7533039647577092,20.582801097825325,227,0.2030355830661628,False
A_folds,F3,13,True,False,day_of_week,Sun,ACI,0.912,17.758488175565184,250,0.2030355830661628,False
A_folds,F3,13,True,False,day_of_week,Mon,ACI,0.8958333333333334,23.68162189771392,288,0.2030355830661628,False
A_folds,F3,13,True,False,day_of_week,Tue,ACI,0.8766519823788547,19.82598025885031,227,0.2030355830661628,False
A_folds,F3,13,True,False,day_of_week,Sun,ToD-ACI,0.908,14.229342035594044,250,0.2030355830661628,False
A_folds,F3,13,True,False,day_of_week,Mon,ToD-ACI,0.8854166666666666,19.105647482179588,288,0.2030355830661628,False
A_folds,F3,13,True,False,day_of_week,Tue,ToD-ACI,0.8546255506607929,24.25667554133744,227,0.2030355830661628,False
A_folds,F3,13,True,False,occupancy_tercile,high,split-CP,1.0,22.02484523809528,208,0.5778505510095464,False
A_folds,F3,13,True,False,occupancy_tercile,mid,split-CP,0.9610894941634242,22.02484523809528,257,0.5778505510095464,False
A_folds,F3,13,True,False,occupancy_tercile,low,split-CP,0.74,22.02484523809528,300,0.5778505510095464,False
A_folds,F3,13,True,False,occupancy_tercile,high,Mondrian-split-CP,0.9471153846153846,3.561718425671589,208,0.5778505510095464,False
A_folds,F3,13,True,False,occupancy_tercile,mid,Mondrian-split-CP,0.7976653696498055,13.957404190599732,257,0.5778505510095464,False
A_folds,F3,13,True,False,occupancy_tercile,low,Mondrian-split-CP,0.8733333333333333,30.65104971781302,300,0.5778505510095464,False
A_folds,F3,13,True,False,occupancy_tercile,high,ACI,0.9759615384615384,10.773534220987354,208,0.5778505510095464,False
A_folds,F3,13,True,False,occupancy_tercile,mid,ACI,0.8949416342412452,16.03689380604265,257,0.5778505510095464,False
A_folds,F3,13,True,False,occupancy_tercile,low,ACI,0.84,31.32683281024532,300,0.5778505510095464,False
A_folds,F3,13,True,False,occupancy_tercile,high,ToD-ACI,0.9278846153846154,3.095278369200241,208,0.5778505510095464,False
A_folds,F3,13,True,False,occupancy_tercile,mid,ToD-ACI,0.867704280155642,14.023047133836036,257,0.5778505510095464,False
A_folds,F3,13,True,False,occupancy_tercile,low,ToD-ACI,0.8666666666666667,34.39428772486774,300,0.5778505510095464,False
A_folds,F3,13,True,False,random_5,r0,split-CP,0.9050632911392406,22.02484523809528,158,0.0559484298602347,False
A_folds,F3,13,True,False,random_5,r3,split-CP,0.9,22.02484523809528,160,0.0559484298602347,False
A_folds,F3,13,True,False,random_5,r2,split-CP,0.9096385542168676,22.02484523809528,166,0.0559484298602347,False
A_folds,F3,13,True,False,random_5,r4,split-CP,0.8410596026490066,22.02484523809528,151,0.0559484298602347,False
A_folds,F3,13,True,False,random_5,r1,split-CP,0.8615384615384616,22.02484523809528,130,0.0559484298602347,False
A_folds,F3,13,True,False,random_5,r0,Mondrian-split-CP,0.8987341772151899,18.21349799075749,158,0.0559484298602347,False
A_folds,F3,13,True,False,random_5,r3,Mondrian-split-CP,0.8625,17.848477662037034,160,0.0559484298602347,False
A_folds,F3,13,True,False,random_5,r2,Mondrian-split-CP,0.8795180722891566,17.109013402817627,166,0.0559484298602347,False
A_folds,F3,13,True,False,random_5,r4,Mondrian-split-CP,0.8344370860927153,17.639111741826987,151,0.0559484298602347,False
A_folds,F3,13,True,False,random_5,r1,Mondrian-split-CP,0.8615384615384616,17.58549245014246,130,0.0559484298602347,False
A_folds,F3,13,True,False,random_5,r0,ACI,0.8987341772151899,21.77510814215088,158,0.0559484298602347,False
A_folds,F3,13,True,False,random_5,r3,ACI,0.9375,20.34297915839948,160,0.0559484298602347,False
A_folds,F3,13,True,False,random_5,r2,ACI,0.933734939759036,20.597782160387585,166,0.0559484298602347,False
A_folds,F3,13,True,False,random_5,r4,ACI,0.8741721854304636,21.02741659817985,151,0.0559484298602347,False
A_folds,F3,13,True,False,random_5,r1,ACI,0.8153846153846154,19.00547055722056,130,0.0559484298602347,False
A_folds,F3,13,True,False,random_5,r0,ToD-ACI,0.8987341772151899,19.371290050900804,158,0.0559484298602347,False
A_folds,F3,13,True,False,random_5,r3,ToD-ACI,0.8875,18.86555301902959,160,0.0559484298602347,False
A_folds,F3,13,True,False,random_5,r2,ToD-ACI,0.927710843373494,18.055742259079608,166,0.0559484298602347,False
A_folds,F3,13,True,False,random_5,r4,ToD-ACI,0.8675496688741722,19.868966002663026,151,0.0559484298602347,False
A_folds,F3,13,True,False,random_5,r1,ToD-ACI,0.823076923076923,19.14929183964183,130,0.0559484298602347,False
A_folds,F3,13,True,False,time_of_day,night,split-CP,1.0,22.024845238095285,216,1.0,False
A_folds,F3,13,True,False,time_of_day,am_rush,split-CP,0.8333333333333334,22.02484523809528,144,1.0,False
A_folds,F3,13,True,False,time_of_day,midday,split-CP,0.7359550561797753,22.02484523809528,178,1.0,False
A_folds,F3,13,True,False,time_of_day,pm_rush,split-CP,0.8702290076335878,22.02484523809528,131,1.0,False
A_folds,F3,13,True,False,time_of_day,evening,split-CP,1.0,22.02484523809528,96,1.0,False
A_folds,F3,13,True,False,time_of_day,night,Mondrian-split-CP,0.7685185185185185,1.0834285714286125,216,1.0,False
A_folds,F3,13,True,False,time_of_day,am_rush,Mondrian-split-CP,0.8333333333333334,22.02484523809528,144,1.0,False
A_folds,F3,13,True,False,time_of_day,midday,Mondrian-split-CP,0.9213483146067416,36.981312169312105,178,1.0,False
A_folds,F3,13,True,False,time_of_day,pm_rush,Mondrian-split-CP,0.931297709923664,24.98405555555553,131,1.0,False
A_folds,F3,13,True,False,time_of_day,evening,Mondrian-split-CP,0.9583333333333334,2.729396825396861,96,1.0,False
A_folds,F3,13,True,False,time_of_day,night,ACI,1.0,9.65468407287158,216,1.0,False
A_folds,F3,13,True,False,time_of_day,am_rush,ACI,0.7013888888888888,15.249724757495606,144,1.0,False
A_folds,F3,13,True,False,time_of_day,midday,ACI,0.8314606741573034,27.988908426831188,178,1.0,False
A_folds,F3,13,True,False,time_of_day,pm_rush,ACI,0.9465648854961832,36.14029787515283,131,1.0,False
A_folds,F3,13,True,False,time_of_day,evening,ACI,1.0,18.36093565365963,96,1.0,False
A_folds,F3,13,True,False,time_of_day,night,ToD-ACI,0.8564814814814815,1.5424008610131248,216,1.0,False
A_folds,F3,13,True,False,time_of_day,am_rush,ToD-ACI,0.8819444444444444,32.10781111294828,144,1.0,False
A_folds,F3,13,True,False,time_of_day,midday,ToD-ACI,0.904494382022472,34.306447030497594,178,1.0,False
A_folds,F3,13,True,False,time_of_day,pm_rush,ToD-ACI,0.8854961832061069,25.304412837021623,131,1.0,False
A_folds,F3,13,True,False,time_of_day,evening,ToD-ACI,0.90625,1.957482211750417,96,1.0,False
A_folds,F3,14,True,False,day_of_week,Sun,split-CP,0.96,28.36612461904761,250,0.2030355830661628,False
A_folds,F3,14,True,False,day_of_week,Mon,split-CP,0.9375,28.383920634920628,288,0.2030355830661628,False
A_folds,F3,14,True,False,day_of_week,Tue,split-CP,0.9251101321585904,28.38392063492063,227,0.2030355830661628,False
A_folds,F3,14,True,False,day_of_week,Sun,Mondrian-split-CP,0.932,25.01432558730157,250,0.2030355830661628,False
A_folds,F3,14,True,False,day_of_week,Mon,Mondrian-split-CP,0.9027777777777778,26.18037411816578,288,0.2030355830661628,False
A_folds,F3,14,True,False,day_of_week,Tue,Mondrian-split-CP,0.9074889867841408,24.41153746241521,227,0.2030355830661628,False
A_folds,F3,14,True,False,day_of_week,Sun,ACI,0.944,24.138900293891297,250,0.2030355830661628,False
A_folds,F3,14,True,False,day_of_week,Mon,ACI,0.8576388888888888,21.057719032671294,288,0.2030355830661628,False
A_folds,F3,14,True,False,day_of_week,Tue,ACI,0.8898678414096917,20.981560155784827,227,0.2030355830661628,False
A_folds,F3,14,True,False,day_of_week,Sun,ToD-ACI,0.944,25.454984433862432,250,0.2030355830661628,False
A_folds,F3,14,True,False,day_of_week,Mon,ToD-ACI,0.8958333333333334,24.592955058605227,288,0.2030355830661628,False
A_folds,F3,14,True,False,day_of_week,Tue,ToD-ACI,0.9030837004405288,21.89908956250145,227,0.2030355830661628,False
A_folds,F3,14,True,False,occupancy_tercile,low,split-CP,0.8809523809523809,28.368787968361943,294,0.5516985982930914,False
A_folds,F3,14,True,False,occupancy_tercile,mid,split-CP,0.9758454106280192,28.383920634920628,207,0.5516985982930914,False
A_folds,F3,14,True,False,occupancy_tercile,high,split-CP,0.981060606060606,28.383920634920628,264,0.5516985982930914,False
A_folds,F3,14,True,False,occupancy_tercile,low,Mondrian-split-CP,0.9013605442176872,31.19897236619515,294,0.5516985982930914,False
A_folds,F3,14,True,False,occupancy_tercile,mid,Mondrian-split-CP,0.9420289855072465,27.296423478516463,207,0.5516985982930914,False
A_folds,F3,14,True,False,occupancy_tercile,high,Mondrian-split-CP,0.9053030303030304,17.091252314814806,264,0.5516985982930914,False
A_folds,F3,14,True,False,occupancy_tercile,low,ACI,0.8095238095238095,22.965436451901585,294,0.5516985982930914,False
A_folds,F3,14,True,False,occupancy_tercile,mid,ACI,0.9227053140096618,20.579140166328585,207,0.5516985982930914,False
A_folds,F3,14,True,False,occupancy_tercile,high,ACI,0.9696969696969696,22.160765071803898,264,0.5516985982930914,False
A_folds,F3,14,True,False,occupancy_tercile,low,ToD-ACI,0.8707482993197279,28.42632460497427,294,0.5516985982930914,False
A_folds,F3,14,True,False,occupancy_tercile,mid,ToD-ACI,0.9565217391304348,27.11921769802929,207,0.5516985982930914,False
A_folds,F3,14,True,False,occupancy_tercile,high,ToD-ACI,0.928030303030303,16.843155298019877,264,0.5516985982930914,False
A_folds,F3,14,True,False,random_5,r0,split-CP,0.9493670886075948,28.371139579566,158,0.0559484298602347,False
A_folds,F3,14,True,False,random_5,r3,split-CP,0.93125,28.383920634920628,160,0.0559484298602347,False
A_folds,F3,14,True,False,random_5,r2,split-CP,0.9457831325301204,28.369284507075925,166,0.0559484298602347,False
A_folds,F3,14,True,False,random_5,r4,split-CP,0.9205298013245032,28.383920634920635,151,0.0559484298602347,False
A_folds,F3,14,True,False,random_5,r1,split-CP,0.9615384615384616,28.383920634920628,130,0.0559484298602347,False
A_folds,F3,14,True,False,random_5,r0,Mondrian-split-CP,0.9367088607594936,26.41759579900877,158,0.0559484298602347,False
A_folds,F3,14,True,False,random_5,r3,Mondrian-split-CP,0.90625,25.37660365410052,160,0.0559484298602347,False
A_folds,F3,14,True,False,random_5,r2,Mondrian-split-CP,0.9096385542168676,25.241947480397773,166,0.0559484298602347,False
A_folds,F3,14,True,False,random_5,r4,Mondrian-split-CP,0.8940397350993378,24.963922343109424,151,0.0559484298602347,False
A_folds,F3,14,True,False,random_5,r1,Mondrian-split-CP,0.9230769230769232,24.161506695156685,130,0.0559484298602347,False
A_folds,F3,14,True,False,random_5,r0,ACI,0.9177215189873418,21.96173365778034,158,0.0559484298602347,False
A_folds,F3,14,True,False,random_5,r3,ACI,0.86875,21.9696736441799,160,0.0559484298602347,False
A_folds,F3,14,True,False,random_5,r2,ACI,0.9036144578313252,22.24971907145175,166,0.0559484298602347,False
A_folds,F3,14,True,False,random_5,r4,ACI,0.9006622516556292,22.10314369411555,151,0.0559484298602347,False
A_folds,F3,14,True,False,random_5,r1,ACI,0.8846153846153846,21.89255804288304,130,0.0559484298602347,False
A_folds,F3,14,True,False,random_5,r0,ToD-ACI,0.9113924050632912,24.92901223963566,158,0.0559484298602347,False
A_folds,F3,14,True,False,random_5,r3,ToD-ACI,0.89375,24.16285303406084,160,0.0559484298602347,False
A_folds,F3,14,True,False,random_5,r2,ToD-ACI,0.9216867469879518,24.38675878912475,166,0.0559484298602347,False
A_folds,F3,14,True,False,random_5,r4,ToD-ACI,0.913907284768212,23.21395371246364,151,0.0559484298602347,False
A_folds,F3,14,True,False,random_5,r1,ToD-ACI,0.9307692307692308,23.53277774725274,130,0.0559484298602347,False
A_folds,F3,14,True,False,time_of_day,night,split-CP,0.9537037037037036,28.36332339432686,216,1.0,False
A_folds,F3,14,True,False,time_of_day,am_rush,split-CP,0.9861111111111112,28.383920634920628,144,1.0,False
A_folds,F3,14,True,False,time_of_day,midday,split-CP,0.8764044943820225,28.383920634920628,178,1.0,False
A_folds,F3,14,True,False,time_of_day,pm_rush,split-CP,0.9465648854961832,28.38392063492063,131,1.0,False
A_folds,F3,14,True,False,time_of_day,evening,split-CP,0.9583333333333334,28.383920634920628,96,1.0,False
A_folds,F3,14,True,False,time_of_day,night,Mondrian-split-CP,0.9027777777777778,21.92396825396827,216,1.0,False
A_folds,F3,14,True,False,time_of_day,am_rush,Mondrian-split-CP,0.8263888888888888,9.092313492063454,144,1.0,False
A_folds,F3,14,True,False,time_of_day,midday,Mondrian-split-CP,0.9269662921348316,33.85174603174602,178,1.0,False
A_folds,F3,14,True,False,time_of_day,pm_rush,Mondrian-split-CP,0.9618320610687024,31.11818650793652,131,1.0,False
A_folds,F3,14,True,False,time_of_day,evening,Mondrian-split-CP,0.9791666666666666,33.20817328042326,96,1.0,False
A_folds,F3,14,True,False,time_of_day,night,ACI,0.9398148148148148,24.40183397355388,216,1.0,False
A_folds,F3,14,True,False,time_of_day,am_rush,ACI,0.9652777777777778,20.48827857276469,144,1.0,False
A_folds,F3,14,True,False,time_of_day,midday,ACI,0.7752808988764045,18.705979285227883,178,1.0,False
A_folds,F3,14,True,False,time_of_day,pm_rush,ACI,0.9083969465648856,23.742689981420902,131,1.0,False
A_folds,F3,14,True,False,time_of_day,evening,ACI,0.8958333333333334,22.9280974702381,96,1.0,False
A_folds,F3,14,True,False,time_of_day,night,ToD-ACI,0.9351851851851852,22.62986733906526,216,1.0,False
A_folds,F3,14,True,False,time_of_day,am_rush,ToD-ACI,0.8888888888888888,12.161651105967056,144,1.0,False
A_folds,F3,14,True,False,time_of_day,midday,ToD-ACI,0.898876404494382,31.43165520777599,178,1.0,False
A_folds,F3,14,True,False,time_of_day,pm_rush,ToD-ACI,0.9083969465648856,25.44406152308252,131,1.0,False
A_folds,F3,14,True,False,time_of_day,evening,ToD-ACI,0.9375,29.69036151069224,96,1.0,False
A_folds,F3,15,True,False,day_of_week,Sun,split-CP,0.992,12.812309523809516,250,0.2030355830661628,False
A_folds,F3,15,True,False,day_of_week,Mon,split-CP,0.8888888888888888,12.748677374981622,288,0.2030355830661628,False
A_folds,F3,15,True,False,day_of_week,Tue,split-CP,0.8546255506607929,12.137444182225012,227,0.2030355830661628,False
A_folds,F3,15,True,False,day_of_week,Sun,Mondrian-split-CP,0.928,10.498836952380955,250,0.2030355830661628,False
A_folds,F3,15,True,False,day_of_week,Mon,Mondrian-split-CP,0.8888888888888888,11.3932661715535,288,0.2030355830661628,False
A_folds,F3,15,True,False,day_of_week,Tue,Mondrian-split-CP,0.8986784140969163,11.294862789315433,227,0.2030355830661628,False
A_folds,F3,15,True,False,day_of_week,Sun,ACI,0.964,10.962494698412698,250,0.2030355830661628,False
A_folds,F3,15,True,False,day_of_week,Mon,ACI,0.8298611111111112,10.385488563712524,288,0.2030355830661628,False
A_folds,F3,15,True,False,day_of_week,Tue,ACI,0.8634361233480177,10.98700848425518,227,0.2030355830661628,False
A_folds,F3,15,True,False,day_of_week,Sun,ToD-ACI,0.928,9.880281835978838,250,0.2030355830661628,False
A_folds,F3,15,True,False,day_of_week,Mon,ToD-ACI,0.8680555555555556,11.899496869947829,288,0.2030355830661628,False
A_folds,F3,15,True,False,day_of_week,Tue,ToD-ACI,0.9118942731277532,12.070597397035172,227,0.2030355830661628,False
A_folds,F3,15,True,False,occupancy_tercile,mid,split-CP,0.988950276243094,12.81230952380952,181,0.6558814390496394,False
A_folds,F3,15,True,False,occupancy_tercile,high,split-CP,1.0,12.812309523809516,305,0.6558814390496394,False
A_folds,F3,15,True,False,occupancy_tercile,low,split-CP,0.7670250896057348,12.197540737422004,279,0.6558814390496394,False
A_folds,F3,15,True,False,occupancy_tercile,mid,Mondrian-split-CP,0.8950276243093923,9.765437626063315,181,0.6558814390496394,False
A_folds,F3,15,True,False,occupancy_tercile,high,Mondrian-split-CP,0.980327868852459,8.237330562060889,305,0.6558814390496394,False
A_folds,F3,15,True,False,occupancy_tercile,low,Mondrian-split-CP,0.8279569892473119,15.017826942405796,279,0.6558814390496394,False
A_folds,F3,15,True,False,occupancy_tercile,mid,ACI,0.9281767955801103,10.675814485953987,181,0.6558814390496394,False
A_folds,F3,15,True,False,occupancy_tercile,high,ACI,0.9868852459016394,10.56753358487293,305,0.6558814390496394,False
A_folds,F3,15,True,False,occupancy_tercile,low,ACI,0.7419354838709677,11.004570399764846,279,0.6558814390496394,False
A_folds,F3,15,True,False,occupancy_tercile,mid,ToD-ACI,0.850828729281768,8.30438934198603,181,0.6558814390496394,False
A_folds,F3,15,True,False,occupancy_tercile,high,ToD-ACI,0.980327868852459,9.014728397952988,305,0.6558814390496394,False
A_folds,F3,15,True,False,occupancy_tercile,low,ToD-ACI,0.8458781362007168,15.71528506950371,279,0.6558814390496394,False
A_folds,F3,15,True,False,random_5,r0,split-CP,0.8860759493670886,12.51210059188935,158,0.0559484298602347,False
A_folds,F3,15,True,False,random_5,r3,split-CP,0.9,12.609898321759252,160,0.0559484298602347,False
A_folds,F3,15,True,False,random_5,r2,split-CP,0.9216867469879518,12.486878657487084,166,0.0559484298602347,False
A_folds,F3,15,True,False,random_5,r4,split-CP,0.913907284768212,12.607022902869751,151,0.0559484298602347,False
A_folds,F3,15,True,False,random_5,r1,split-CP,0.946153846153846,12.760910414122907,130,0.0559484298602347,False
A_folds,F3,15,True,False,random_5,r0,Mondrian-split-CP,0.8924050632911392,11.178687830687831,158,0.0559484298602347,False
A_folds,F3,15,True,False,random_5,r3,Mondrian-split-CP,0.8875,11.10911228505291,160,0.0559484298602347,False
A_folds,F3,15,True,False,random_5,r2,Mondrian-split-CP,0.9156626506024096,10.762864242685028,166,0.0559484298602347,False
A_folds,F3,15,True,False,random_5,r4,Mondrian-split-CP,0.9006622516556292,11.12021046199937,151,0.0559484298602347,False
A_folds,F3,15,True,False,random_5,r1,Mondrian-split-CP,0.9307692307692308,11.234045090557592,130,0.0559484298602347,False
A_folds,F3,15,True,False,random_5,r0,ACI,0.8417721518987342,10.689403121023377,158,0.0559484298602347,False
A_folds,F3,15,True,False,random_5,r3,ACI,0.875,10.900630683697091,160,0.0559484298602347,False
A_folds,F3,15,True,False,random_5,r2,ACI,0.891566265060241,10.708232609007457,166,0.0559484298602347,False
A_folds,F3,15,True,False,random_5,r4,ACI,0.9006622516556292,10.773732431935246,151,0.0559484298602347,False
A_folds,F3,15,True,False,random_5,r1,ACI,0.9153846153846154,10.678988415750917,130,0.0559484298602347,False
A_folds,F3,15,True,False,random_5,r0,ToD-ACI,0.8860759493670886,11.872535023608604,158,0.0559484298602347,False
A_folds,F3,15,True,False,random_5,r3,ToD-ACI,0.89375,11.060727194940476,160,0.0559484298602347,False
A_folds,F3,15,True,False,random_5,r2,ToD-ACI,0.9216867469879518,11.051717321667624,166,0.0559484298602347,False
A_folds,F3,15,True,False,random_5,r4,ToD-ACI,0.8807947019867549,11.392310264024667,151,0.0559484298602347,False
A_folds,F3,15,True,False,random_5,r1,ToD-ACI,0.9230769230769232,11.05192581908832,130,0.0559484298602347,False
A_folds,F3,15,True,False,time_of_day,night,split-CP,1.0,12.812309523809516,216,1.0,False
A_folds,F3,15,True,False,time_of_day,am_rush,split-CP,0.9930555555555556,12.812309523809516,144,1.0,False
A_folds,F3,15,True,False,time_of_day,midday,split-CP,0.6966292134831461,11.852911141578971,178,1.0,False
A_folds,F3,15,True,False,time_of_day,pm_rush,split-CP,0.916030534351145,12.806602811098989,131,1.0,False
A_folds,F3,15,True,False,time_of_day,evening,split-CP,0.9895833333333334,12.812309523809516,96,1.0,False
A_folds,F3,15,True,False,time_of_day,night,Mondrian-split-CP,0.9212962962962964,6.455277777777781,216,1.0,False
A_folds,F3,15,True,False,time_of_day,am_rush,Mondrian-split-CP,0.9930555555555556,12.225400793650778,144,1.0,False
A_folds,F3,15,True,False,time_of_day,midday,Mondrian-split-CP,0.8033707865168539,16.769267894298792,178,1.0,False
A_folds,F3,15,True,False,time_of_day,pm_rush,Mondrian-split-CP,0.900763358778626,12.295197140433793,131,1.0,False
A_folds,F3,15,True,False,time_of_day,evening,Mondrian-split-CP,0.9270833333333334,7.494849206349215,96,1.0,False
A_folds,F3,15,True,False,time_of_day,night,ACI,0.9675925925925926,10.937490250832845,216,1.0,False
A_folds,F3,15,True,False,time_of_day,am_rush,ACI,0.9513888888888888,9.593588348765431,144,1.0,False
A_folds,F3,15,True,False,time_of_day,midday,ACI,0.6460674157303371,9.788859257029904,178,1.0,False
A_folds,F3,15,True,False,time_of_day,pm_rush,ACI,0.931297709923664,12.500515332808272,131,1.0,False
A_folds,F3,15,True,False,time_of_day,evening,ACI,0.96875,11.476419105489418,96,1.0,False
A_folds,F3,15,True,False,time_of_day,night,ToD-ACI,0.9212962962962964,8.492111552028222,216,1.0,False
A_folds,F3,15,True,False,time_of_day,am_rush,ToD-ACI,0.9375,9.93955404908877,144,1.0,False
A_folds,F3,15,True,False,time_of_day,midday,ToD-ACI,0.8595505617977528,18.541304723262588,178,1.0,False
A_folds,F3,15,True,False,time_of_day,pm_rush,ToD-ACI,0.8625954198473282,11.077653974312376,131,1.0,False
A_folds,F3,15,True,False,time_of_day,evening,ToD-ACI,0.9270833333333334,6.45869142691799,96,1.0,False
A_folds,F3,16,True,False,day_of_week,Sun,split-CP,0.872,7.58967592592593,250,0.2030355830661628,False
A_folds,F3,16,True,False,day_of_week,Mon,split-CP,0.9340277777777778,6.671661306350547,288,0.2030355830661628,False
A_folds,F3,16,True,False,day_of_week,Tue,split-CP,0.973568281938326,6.403537963015941,227,0.2030355830661628,False
A_folds,F3,16,True,False,day_of_week,Sun,Mondrian-split-CP,0.856,7.293017746031746,250,0.2030355830661628,False
A_folds,F3,16,True,False,day_of_week,Mon,Mondrian-split-CP,0.9513888888888888,6.314830182195633,288,0.2030355830661628,False
A_folds,F3,16,True,False,day_of_week,Tue,Mondrian-split-CP,0.9823788546255506,5.441138031775696,227,0.2030355830661628,False
A_folds,F3,16,True,False,day_of_week,Sun,ACI,0.908,7.6694330052910065,250,0.2030355830661628,False
A_folds,F3,16,True,False,day_of_week,Mon,ACI,0.8923611111111112,5.75790904894681,288,0.2030355830661628,False
A_folds,F3,16,True,False,day_of_week,Tue,ACI,0.9030837004405288,4.780275466273813,227,0.2030355830661628,False
A_folds,F3,16,True,False,day_of_week,Sun,ToD-ACI,0.932,7.675170751322752,250,0.2030355830661628,False
A_folds,F3,16,True,False,day_of_week,Mon,ToD-ACI,0.8993055555555556,5.7530891360279375,288,0.2030355830661628,False
A_folds,F3,16,True,False,day_of_week,Tue,ToD-ACI,0.9118942731277532,4.47683775636584,227,0.2030355830661628,False
A_folds,F3,16,True,False,occupancy_tercile,mid,split-CP,0.8067226890756303,7.502641075874799,238,0.6412282039561804,False
A_folds,F3,16,True,False,occupancy_tercile,high,split-CP,0.9835164835164836,7.58967592592593,364,0.6412282039561804,False
A_folds,F3,16,True,False,occupancy_tercile,low,split-CP,0.9693251533742332,4.442883081103175,163,0.6412282039561804,False
A_folds,F3,16,True,False,occupancy_tercile,mid,Mondrian-split-CP,0.8277310924369747,8.376350848672802,238,0.6412282039561804,False
A_folds,F3,16,True,False,occupancy_tercile,high,Mondrian-split-CP,0.978021978021978,5.827514052415839,364,0.6412282039561804,False
A_folds,F3,16,True,False,occupancy_tercile,low,Mondrian-split-CP,0.9693251533742332,4.676547516134171,163,0.6412282039561804,False
A_folds,F3,16,True,False,occupancy_tercile,mid,ACI,0.8025210084033614,7.909961834733895,238,0.6412282039561804,False
A_folds,F3,16,True,False,occupancy_tercile,high,ACI,0.945054945054945,6.012276462294319,364,0.6412282039561804,False
A_folds,F3,16,True,False,occupancy_tercile,low,ACI,0.9447852760736196,3.617908216698094,163,0.6412282039561804,False
A_folds,F3,16,True,False,occupancy_tercile,mid,ToD-ACI,0.8613445378151261,8.455794248254858,238,0.6412282039561804,False
A_folds,F3,16,True,False,occupancy_tercile,high,ToD-ACI,0.9285714285714286,4.9737477278013,364,0.6412282039561804,False
A_folds,F3,16,True,False,occupancy_tercile,low,ToD-ACI,0.9570552147239264,4.717799544156139,163,0.6412282039561804,False
A_folds,F3,16,True,False,random_5,r0,split-CP,0.9430379746835444,6.687091470004449,158,0.0559484298602347,False
A_folds,F3,16,True,False,random_5,r3,split-CP,0.94375,6.878699901545218,160,0.0559484298602347,False
A_folds,F3,16,True,False,random_5,r2,split-CP,0.9457831325301204,6.990637191623644,166,0.0559484298602347,False
A_folds,F3,16,True,False,random_5,r4,split-CP,0.8807947019867549,6.905642864310087,151,0.0559484298602347,False
A_folds,F3,16,True,False,random_5,r1,split-CP,0.9076923076923076,7.01623286528287,130,0.0559484298602347,False
A_folds,F3,16,True,False,random_5,r0,Mondrian-split-CP,0.930379746835443,6.073850775308845,158,0.0559484298602347,False
A_folds,F3,16,True,False,random_5,r3,Mondrian-split-CP,0.925,6.448662025387806,160,0.0559484298602347,False
A_folds,F3,16,True,False,random_5,r2,Mondrian-split-CP,0.9397590361445785,6.418630338815579,166,0.0559484298602347,False
A_folds,F3,16,True,False,random_5,r4,Mondrian-split-CP,0.9403973509933776,6.307520934669941,151,0.0559484298602347,False
A_folds,F3,16,True,False,random_5,r1,Mondrian-split-CP,0.9076923076923076,6.674470909645909,130,0.0559484298602347,False
A_folds,F3,16,True,False,random_5,r0,ACI,0.9177215189873418,6.08620362341011,158,0.0559484298602347,False
A_folds,F3,16,True,False,random_5,r3,ACI,0.90625,5.957961702967172,160,0.0559484298602347,False
A_folds,F3,16,True,False,random_5,r2,ACI,0.927710843373494,6.180066790973418,166,0.0559484298602347,False
A_folds,F3,16,True,False,random_5,r4,ACI,0.8741721854304636,6.029588310971589,151,0.0559484298602347,False
A_folds,F3,16,True,False,random_5,r1,ACI,0.8692307692307693,6.226966315628816,130,0.0559484298602347,False
A_folds,F3,16,True,False,random_5,r0,ToD-ACI,0.930379746835443,5.786479181507663,158,0.0559484298602347,False
A_folds,F3,16,True,False,random_5,r3,ToD-ACI,0.90625,6.155576165674603,160,0.0559484298602347,False
A_folds,F3,16,True,False,random_5,r2,ToD-ACI,0.933734939759036,6.0450267737617125,166,0.0559484298602347,False
A_folds,F3,16,True,False,random_5,r4,ToD-ACI,0.8675496688741722,5.750787778844898,151,0.0559484298602347,False
A_folds,F3,16,True,False,random_5,r1,ToD-ACI,0.9307692307692308,6.314809488196988,130,0.0559484298602347,False
A_folds,F3,16,True,False,time_of_day,night,split-CP,0.9953703703703703,7.589675925925932,216,1.0,False
A_folds,F3,16,True,False,time_of_day,am_rush,split-CP,0.9583333333333334,7.57389740869342,144,1.0,False
A_folds,F3,16,True,False,time_of_day,midday,split-CP,0.8764044943820225,5.3106451780377375,178,1.0,False
A_folds,F3,16,True,False,time_of_day,pm_rush,split-CP,0.8396946564885496,6.635891589926899,131,1.0,False
A_folds,F3,16,True,False,time_of_day,evening,split-CP,0.9270833333333334,7.581798838459,96,1.0,False
A_folds,F3,16,True,False,time_of_day,night,Mondrian-split-CP,0.925925925925926,3.56236507936508,216,1.0,False
A_folds,F3,16,True,False,time_of_day,am_rush,Mondrian-split-CP,0.9652777777777778,8.331124600418873,144,1.0,False
A_folds,F3,16,True,False,time_of_day,midday,Mondrian-split-CP,0.8764044943820225,5.27386693209516,178,1.0,False
A_folds,F3,16,True,False,time_of_day,pm_rush,Mondrian-split-CP,0.9389312977099236,8.105790677127505,131,1.0,False
A_folds,F3,16,True,False,time_of_day,evening,Mondrian-split-CP,0.96875,9.451085103891096,96,1.0,False
A_folds,F3,16,True,False,time_of_day,night,ACI,0.9953703703703703,6.269879666372723,216,1.0,False
A_folds,F3,16,True,False,time_of_day,am_rush,ACI,0.8194444444444444,4.700419725529101,144,1.0,False
A_folds,F3,16,True,False,time_of_day,midday,ACI,0.8595505617977528,4.787684410315029,178,1.0,False
A_folds,F3,16,True,False,time_of_day,pm_rush,ACI,0.8702290076335878,7.256290929560968,131,1.0,False
A_folds,F3,16,True,False,time_of_day,evening,ACI,0.9270833333333334,8.612731281690918,96,1.0,False
A_folds,F3,16,True,False,time_of_day,night,ToD-ACI,0.9120370370370372,3.293057978929507,216,1.0,False
A_folds,F3,16,True,False,time_of_day,am_rush,ToD-ACI,0.8888888888888888,6.698069384736919,144,1.0,False
A_folds,F3,16,True,False,time_of_day,midday,ToD-ACI,0.9269662921348316,6.143115894768984,178,1.0,False
A_folds,F3,16,True,False,time_of_day,pm_rush,ToD-ACI,0.9236641221374046,8.123809897411043,131,1.0,False
A_folds,F3,16,True,False,time_of_day,evening,ToD-ACI,0.9166666666666666,7.900086343970458,96,1.0,False
A_folds,F3,17,True,False,day_of_week,Sun,split-CP,0.948,9.693402335978837,250,0.2030355830661628,False
A_folds,F3,17,True,False,day_of_week,Mon,split-CP,0.8472222222222222,9.85619687178498,288,0.2030355830661628,False
A_folds,F3,17,True,False,day_of_week,Tue,split-CP,0.8722466960352423,9.460675063515373,227,0.2030355830661628,False
A_folds,F3,17,True,False,day_of_week,Sun,Mondrian-split-CP,0.884,8.567640708994706,250,0.2030355830661628,False
A_folds,F3,17,True,False,day_of_week,Mon,Mondrian-split-CP,0.8159722222222222,8.914266635435038,288,0.2030355830661628,False
A_folds,F3,17,True,False,day_of_week,Tue,Mondrian-split-CP,0.8722466960352423,7.447411492203344,227,0.2030355830661628,False
A_folds,F3,17,True,False,day_of_week,Sun,ACI,0.924,8.574716055555557,250,0.2030355830661628,False
A_folds,F3,17,True,False,day_of_week,Mon,ACI,0.8298611111111112,9.400398377792476,288,0.2030355830661628,False
A_folds,F3,17,True,False,day_of_week,Tue,ACI,0.9118942731277532,10.796784318695662,227,0.2030355830661628,False
A_folds,F3,17,True,False,day_of_week,Sun,ToD-ACI,0.896,8.632247587301586,250,0.2030355830661628,False
A_folds,F3,17,True,False,day_of_week,Mon,ToD-ACI,0.8541666666666666,9.66250701793063,288,0.2030355830661628,False
A_folds,F3,17,True,False,day_of_week,Tue,ToD-ACI,0.9251101321585904,9.209563541593829,227,0.2030355830661628,False
A_folds,F3,17,True,False,occupancy_tercile,mid,split-CP,0.8571428571428571,9.949333333333334,238,0.7176303142747992,False
A_folds,F3,17,True,False,occupancy_tercile,high,split-CP,0.9963369963369964,9.949333333333335,273,0.7176303142747992,False
A_folds,F3,17,True,False,occupancy_tercile,low,split-CP,0.7992125984251969,9.155114917926928,254,0.7176303142747992,False
A_folds,F3,17,True,False,occupancy_tercile,mid,Mondrian-split-CP,0.7563025210084033,10.054647714641408,238,0.7176303142747992,False
A_folds,F3,17,True,False,occupancy_tercile,high,Mondrian-split-CP,0.9633699633699634,5.344699488342345,273,0.7176303142747992,False
A_folds,F3,17,True,False,occupancy_tercile,low,Mondrian-split-CP,0.8307086614173228,10.030205750322878,254,0.7176303142747992,False
A_folds,F3,17,True,False,occupancy_tercile,mid,ACI,0.8529411764705882,9.582069222133295,238,0.7176303142747992,False
A_folds,F3,17,True,False,occupancy_tercile,high,ACI,0.978021978021978,9.34411678004535,273,0.7176303142747992,False
A_folds,F3,17,True,False,occupancy_tercile,low,ACI,0.8149606299212598,9.725934768570596,254,0.7176303142747992,False
A_folds,F3,17,True,False,occupancy_tercile,mid,ToD-ACI,0.8025210084033614,9.73247652394291,238,0.7176303142747992,False
A_folds,F3,17,True,False,occupancy_tercile,high,ToD-ACI,0.9853479853479854,7.020916816869199,273,0.7176303142747992,False
A_folds,F3,17,True,False,occupancy_tercile,low,ToD-ACI,0.8661417322834646,11.017303693809108,254,0.7176303142747992,False
A_folds,F3,17,True,False,random_5,r0,split-CP,0.8924050632911392,9.6520589838256,158,0.0559484298602347,False
A_folds,F3,17,True,False,random_5,r3,split-CP,0.88125,9.729404877645504,160,0.0559484298602347,False
A_folds,F3,17,True,False,random_5,r2,split-CP,0.891566265060241,9.641553814464208,166,0.0559484298602347,False
A_folds,F3,17,True,False,random_5,r4,split-CP,0.9072847682119204,9.655132857668455,151,0.0559484298602347,False
A_folds,F3,17,True,False,random_5,r1,split-CP,0.8615384615384616,9.764272522385024,130,0.0559484298602347,False
A_folds,F3,17,True,False,random_5,r0,Mondrian-split-CP,0.8164556962025317,8.260736835275603,158,0.0559484298602347,False
A_folds,F3,17,True,False,random_5,r3,Mondrian-split-CP,0.85625,8.558924809854497,160,0.0559484298602347,False
A_folds,F3,17,True,False,random_5,r2,Mondrian-split-CP,0.8614457831325302,8.164889960636195,166,0.0559484298602347,False
A_folds,F3,17,True,False,random_5,r4,Mondrian-split-CP,0.8807947019867549,8.21694242089772,151,0.0559484298602347,False
A_folds,F3,17,True,False,random_5,r1,Mondrian-split-CP,0.8615384615384616,8.68482268009768,130,0.0559484298602347,False
A_folds,F3,17,True,False,random_5,r0,ACI,0.8987341772151899,9.504926185453083,158,0.0559484298602347,False
A_folds,F3,17,True,False,random_5,r3,ACI,0.89375,9.591904662698417,160,0.0559484298602347,False
A_folds,F3,17,True,False,random_5,r2,ACI,0.891566265060241,9.497388064161406,166,0.0559484298602347,False
A_folds,F3,17,True,False,random_5,r4,ACI,0.8741721854304636,9.64962689652756,151,0.0559484298602347,False
A_folds,F3,17,True,False,random_5,r1,ACI,0.8615384615384616,9.47477402828653,130,0.0559484298602347,False
A_folds,F3,17,True,False,random_5,r0,ToD-ACI,0.8670886075949367,9.17669052642154,158,0.0559484298602347,False
A_folds,F3,17,True,False,random_5,r3,ToD-ACI,0.925,9.347301760912698,160,0.0559484298602347,False
A_folds,F3,17,True,False,random_5,r2,ToD-ACI,0.8855421686746988,9.004334034550903,166,0.0559484298602347,False
A_folds,F3,17,True,False,random_5,r4,ToD-ACI,0.8874172185430463,9.148301337643224,151,0.0559484298602347,False
A_folds,F3,17,True,False,random_5,r1,ToD-ACI,0.8769230769230769,9.306434656084656,130,0.0559484298602347,False
A_folds,F3,17,True,False,time_of_day,night,split-CP,0.9861111111111112,9.949333333333335,216,1.0,False
A_folds,F3,17,True,False,time_of_day,am_rush,split-CP,0.9166666666666666,9.949333333333335,144,1.0,False
A_folds,F3,17,True,False,time_of_day,midday,split-CP,0.7696629213483146,8.981070187563166,178,1.0,False
A_folds,F3,17,True,False,time_of_day,pm_rush,split-CP,0.816793893129771,9.72505365725595,131,1.0,False
A_folds,F3,17,True,False,time_of_day,evening,split-CP,0.9375,9.949333333333335,96,1.0,False
A_folds,F3,17,True,False,time_of_day,night,Mondrian-split-CP,0.8148148148148148,2.726087301587299,216,1.0,False
A_folds,F3,17,True,False,time_of_day,am_rush,Mondrian-split-CP,0.9166666666666666,9.80936904761905,144,1.0,False
A_folds,F3,17,True,False,time_of_day,midday,Mondrian-split-CP,0.7696629213483146,8.98414455888473,178,1.0,False
A_folds,F3,17,True,False,time_of_day,pm_rush,Mondrian-split-CP,0.8778625954198473,11.64891574780888,131,1.0,False
A_folds,F3,17,True,False,time_of_day,evening,Mondrian-split-CP,0.9791666666666666,13.262621693121687,96,1.0,False
A_folds,F3,17,True,False,time_of_day,night,ACI,0.9861111111111112,9.661165374534589,216,1.0,False
A_folds,F3,17,True,False,time_of_day,am_rush,ACI,0.8680555555555556,8.591339184670781,144,1.0,False
A_folds,F3,17,True,False,time_of_day,midday,ACI,0.7528089887640449,8.867517961179479,178,1.0,False
A_folds,F3,17,True,False,time_of_day,pm_rush,ACI,0.8549618320610687,10.44276711498849,131,1.0,False
A_folds,F3,17,True,False,time_of_day,evening,ACI,0.96875,10.74456806657848,96,1.0,False
A_folds,F3,17,True,False,time_of_day,night,ToD-ACI,0.9027777777777778,4.941240887713112,216,1.0,False
A_folds,F3,17,True,False,time_of_day,am_rush,ToD-ACI,0.9166666666666666,10.369519878012932,144,1.0,False
A_folds,F3,17,True,False,time_of_day,midday,ToD-ACI,0.8426966292134831,11.128705149069615,178,1.0,False
A_folds,F3,17,True,False,time_of_day,pm_rush,ToD-ACI,0.8549618320610687,10.669425511935051,131,1.0,False
A_folds,F3,17,True,False,time_of_day,evening,ToD-ACI,0.9479166666666666,11.37824676201499,96,1.0,False
A_folds,F3,18,True,False,day_of_week,Sun,split-CP,1.0,10.27496825396827,250,0.2030355830661628,False
A_folds,F3,18,True,False,day_of_week,Mon,split-CP,0.8576388888888888,10.274968253968268,288,0.2030355830661628,False
A_folds,F3,18,True,False,day_of_week,Tue,split-CP,0.9074889867841408,10.27496825396827,227,0.2030355830661628,False
A_folds,F3,18,True,False,day_of_week,Sun,Mondrian-split-CP,0.98,9.226969767195762,250,0.2030355830661628,False
A_folds,F3,18,True,False,day_of_week,Mon,Mondrian-split-CP,0.9097222222222222,9.592410824514989,288,0.2030355830661628,False
A_folds,F3,18,True,False,day_of_week,Tue,Mondrian-split-CP,0.9647577092511012,10.50022993730042,227,0.2030355830661628,False
A_folds,F3,18,True,False,day_of_week,Sun,ACI,0.9,5.91557817941318,250,0.2030355830661628,False
A_folds,F3,18,True,False,day_of_week,Mon,ACI,0.8541666666666666,8.63670924690022,288,0.2030355830661628,False
A_folds,F3,18,True,False,day_of_week,Tue,ACI,0.8325991189427313,8.605386516200394,227,0.2030355830661628,False
A_folds,F3,18,True,False,day_of_week,Sun,ToD-ACI,0.908,5.623432743145743,250,0.2030355830661628,False
A_folds,F3,18,True,False,day_of_week,Mon,ToD-ACI,0.8368055555555556,8.270378768254638,288,0.2030355830661628,False
A_folds,F3,18,True,False,day_of_week,Tue,ToD-ACI,0.8898678414096917,8.398156250993255,227,0.2030355830661628,False
A_folds,F3,18,True,False,occupancy_tercile,high,split-CP,1.0,10.27496825396827,218,0.5393559627301345,False
A_folds,F3,18,True,False,occupancy_tercile,mid,split-CP,0.9781818181818182,10.274968253968268,275,0.5393559627301345,False
A_folds,F3,18,True,False,occupancy_tercile,low,split-CP,0.7941176470588235,10.274968253968268,272,0.5393559627301345,False
A_folds,F3,18,True,False,occupancy_tercile,high,Mondrian-split-CP,0.9678899082568808,7.505087459346629,218,0.5393559627301345,False
A_folds,F3,18,True,False,occupancy_tercile,mid,Mondrian-split-CP,0.9890909090909092,7.7555850264550195,275,0.5393559627301345,False
A_folds,F3,18,True,False,occupancy_tercile,low,Mondrian-split-CP,0.8933823529411765,13.544169141962342,272,0.5393559627301345,False
A_folds,F3,18,True,False,occupancy_tercile,high,ACI,0.8990825688073395,5.815985010105423,218,0.5393559627301345,False
A_folds,F3,18,True,False,occupancy_tercile,mid,ACI,0.8909090909090909,4.483078691678693,275,0.5393559627301345,False
A_folds,F3,18,True,False,occupancy_tercile,low,ACI,0.8051470588235294,12.569699171777298,272,0.5393559627301345,False
A_folds,F3,18,True,False,occupancy_tercile,high,ToD-ACI,0.9128440366972476,5.311452339581926,218,0.5393559627301345,False
A_folds,F3,18,True,False,occupancy_tercile,mid,ToD-ACI,0.8909090909090909,4.344160951506406,275,0.5393559627301345,False
A_folds,F3,18,True,False,occupancy_tercile,low,ToD-ACI,0.8308823529411765,12.285175986493083,272,0.5393559627301345,False
A_folds,F3,18,True,False,random_5,r0,split-CP,0.8860759493670886,10.274968253968268,158,0.0559484298602347,False
A_folds,F3,18,True,False,random_5,r3,split-CP,0.9,10.274968253968268,160,0.0559484298602347,False
A_folds,F3,18,True,False,random_5,r2,split-CP,0.9216867469879518,10.274968253968268,166,0.0559484298602347,False
A_folds,F3,18,True,False,random_5,r4,split-CP,0.9403973509933776,10.274968253968268,151,0.0559484298602347,False
A_folds,F3,18,True,False,random_5,r1,split-CP,0.953846153846154,10.274968253968268,130,0.0559484298602347,False
A_folds,F3,18,True,False,random_5,r0,Mondrian-split-CP,0.930379746835443,9.289712117406737,158,0.0559484298602347,False
A_folds,F3,18,True,False,random_5,r3,Mondrian-split-CP,0.95,9.7929478422619,160,0.0559484298602347,False
A_folds,F3,18,True,False,random_5,r2,Mondrian-split-CP,0.927710843373494,9.51167515299292,166,0.0559484298602347,False
A_folds,F3,18,True,False,random_5,r4,Mondrian-split-CP,0.9536423841059604,9.833388503451411,151,0.0559484298602347,False
A_folds,F3,18,True,False,random_5,r1,Mondrian-split-CP,0.9923076923076924,10.419100356125352,130,0.0559484298602347,False
A_folds,F3,18,True,False,random_5,r0,ACI,0.8354430379746836,8.096361755743084,158,0.0559484298602347,False
A_folds,F3,18,True,False,random_5,r3,ACI,0.84375,7.787313645382396,160,0.0559484298602347,False
A_folds,F3,18,True,False,random_5,r2,ACI,0.8433734939759037,7.961450128073622,166,0.0559484298602347,False
A_folds,F3,18,True,False,random_5,r4,ACI,0.9006622516556292,7.452070135285367,151,0.0559484298602347,False
A_folds,F3,18,True,False,random_5,r1,ACI,0.9,7.289468421393423,130,0.0559484298602347,False
A_folds,F3,18,True,False,random_5,r0,ToD-ACI,0.8544303797468354,7.418332268587014,158,0.0559484298602347,False
A_folds,F3,18,True,False,random_5,r3,ToD-ACI,0.875,7.548008553541365,160,0.0559484298602347,False
A_folds,F3,18,True,False,random_5,r2,ToD-ACI,0.8614457831325302,7.237440387813882,166,0.0559484298602347,False
A_folds,F3,18,True,False,random_5,r4,ToD-ACI,0.9006622516556292,7.648465551127804,151,0.0559484298602347,False
A_folds,F3,18,True,False,random_5,r1,ToD-ACI,0.8923076923076924,7.36921131091131,130,0.0559484298602347,False
A_folds,F3,18,True,False,time_of_day,night,split-CP,1.0,10.274968253968268,216,1.0,False
A_folds,F3,18,True,False,time_of_day,am_rush,split-CP,0.8541666666666666,10.274968253968268,144,1.0,False
A_folds,F3,18,True,False,time_of_day,midday,split-CP,0.8595505617977528,10.274968253968268,178,1.0,False
A_folds,F3,18,True,False,time_of_day,pm_rush,split-CP,0.8778625954198473,10.274968253968268,131,1.0,False
A_folds,F3,18,True,False,time_of_day,evening,split-CP,1.0,10.274968253968268,96,1.0,False
A_folds,F3,18,True,False,time_of_day,night,Mondrian-split-CP,0.9675925925925926,3.029619047619036,216,1.0,False
A_folds,F3,18,True,False,time_of_day,am_rush,Mondrian-split-CP,0.9861111111111112,20.11262301587301,144,1.0,False
A_folds,F3,18,True,False,time_of_day,midday,Mondrian-split-CP,0.9325842696629212,11.996628306878309,178,1.0,False
A_folds,F3,18,True,False,time_of_day,pm_rush,Mondrian-split-CP,0.8625954198473282,9.60732804232805,131,1.0,False
A_folds,F3,18,True,False,time_of_day,evening,Mondrian-split-CP,1.0,5.295142857142849,96,1.0,False
A_folds,F3,18,True,False,time_of_day,night,ACI,0.9398148148148148,3.571622454705789,216,1.0,False
A_folds,F3,18,True,False,time_of_day,am_rush,ACI,0.7222222222222222,8.523911478375021,144,1.0,False
A_folds,F3,18,True,False,time_of_day,midday,ACI,0.848314606741573,11.806353588722972,178,1.0,False
A_folds,F3,18,True,False,time_of_day,pm_rush,ACI,0.8549618320610687,11.102066207329568,131,1.0,False
A_folds,F3,18,True,False,time_of_day,evening,ACI,0.9375,3.800773250861792,96,1.0,False
A_folds,F3,18,True,False,time_of_day,night,ToD-ACI,0.8842592592592593,1.6970085216138449,216,1.0,False
A_folds,F3,18,True,False,time_of_day,am_rush,ToD-ACI,0.8680555555555556,11.906794591082788,144,1.0,False
A_folds,F3,18,True,False,time_of_day,midday,ToD-ACI,0.8595505617977528,11.277812919862075,178,1.0,False
A_folds,F3,18,True,False,time_of_day,pm_rush,ToD-ACI,0.8778625954198473,9.394408200507437,131,1.0,False
A_folds,F3,18,True,False,time_of_day,evening,ToD-ACI,0.8958333333333334,3.904774002425045,96,1.0,False
A_folds,F3,19,True,False,day_of_week,Sun,split-CP,0.936,12.284840206349203,250,0.2030355830661628,False
A_folds,F3,19,True,False,day_of_week,Mon,split-CP,0.9166666666666666,12.390886954031052,288,0.2030355830661628,False
A_folds,F3,19,True,False,day_of_week,Tue,split-CP,0.9030837004405288,11.78855922954106,227,0.2030355830661628,False
A_folds,F3,19,True,False,day_of_week,Sun,Mondrian-split-CP,0.928,11.338053426406924,250,0.2030355830661628,False
A_folds,F3,19,True,False,day_of_week,Mon,Mondrian-split-CP,0.8854166666666666,11.488071111662254,288,0.2030355830661628,False
A_folds,F3,19,True,False,day_of_week,Tue,Mondrian-split-CP,0.9251101321585904,11.24748977291268,227,0.2030355830661628,False
A_folds,F3,19,True,False,day_of_week,Sun,ACI,0.916,11.802249685906686,250,0.2030355830661628,False
A_folds,F3,19,True,False,day_of_week,Mon,ACI,0.875,10.608243571837756,288,0.2030355830661628,False
A_folds,F3,19,True,False,day_of_week,Tue,ACI,0.8942731277533039,10.81576783568854,227,0.2030355830661628,False
A_folds,F3,19,True,False,day_of_week,Sun,ToD-ACI,0.924,10.838321191438192,250,0.2030355830661628,False
A_folds,F3,19,True,False,day_of_week,Mon,ToD-ACI,0.8888888888888888,10.0152052596484,288,0.2030355830661628,False
A_folds,F3,19,True,False,day_of_week,Tue,ToD-ACI,0.8546255506607929,8.774669919247012,227,0.2030355830661628,False
A_folds,F3,19,True,False,occupancy_tercile,mid,split-CP,0.9158878504672896,12.59333597883598,214,0.6618092882398771,False
A_folds,F3,19,True,False,occupancy_tercile,high,split-CP,0.9967105263157896,12.59333597883598,304,0.6618092882398771,False
A_folds,F3,19,True,False,occupancy_tercile,low,split-CP,0.8259109311740891,11.305426730433313,247,0.6618092882398771,False
A_folds,F3,19,True,False,occupancy_tercile,mid,Mondrian-split-CP,0.9065420560747663,13.801100915137122,214,0.6618092882398771,False
A_folds,F3,19,True,False,occupancy_tercile,high,Mondrian-split-CP,0.986842105263158,9.152935604873926,304,0.6618092882398771,False
A_folds,F3,19,True,False,occupancy_tercile,low,Mondrian-split-CP,0.8218623481781376,11.98514168214826,247,0.6618092882398771,False
A_folds,F3,19,True,False,occupancy_tercile,mid,ACI,0.8551401869158879,12.054512933630924,214,0.6618092882398771,False
A_folds,F3,19,True,False,occupancy_tercile,high,ACI,0.986842105263158,10.215931628313204,304,0.6618092882398771,False
A_folds,F3,19,True,False,occupancy_tercile,low,ACI,0.8137651821862348,11.23727484236037,247,0.6618092882398771,False
A_folds,F3,19,True,False,occupancy_tercile,mid,ToD-ACI,0.8738317757009346,11.93303535297344,214,0.6618092882398771,False
A_folds,F3,19,True,False,occupancy_tercile,high,ToD-ACI,0.924342105263158,6.059480184837092,304,0.6618092882398771,False
A_folds,F3,19,True,False,occupancy_tercile,low,ToD-ACI,0.8623481781376519,12.915214342431446,247,0.6618092882398771,False
A_folds,F3,19,True,False,random_5,r0,split-CP,0.9367088607594936,12.06942964302458,158,0.0559484298602347,False
A_folds,F3,19,True,False,random_5,r3,split-CP,0.90625,12.174304600694445,160,0.0559484298602347,False
A_folds,F3,19,True,False,random_5,r2,split-CP,0.891566265060241,12.060847102696505,166,0.0559484298602347,False
A_folds,F3,19,True,False,random_5,r4,split-CP,0.933774834437086,12.310524720557837,151,0.0559484298602347,False
A_folds,F3,19,True,False,random_5,r1,split-CP,0.9307692307692308,12.307230522255525,130,0.0559484298602347,False
A_folds,F3,19,True,False,random_5,r0,Mondrian-split-CP,0.9177215189873418,10.953445468473156,158,0.0559484298602347,False
A_folds,F3,19,True,False,random_5,r3,Mondrian-split-CP,0.9,11.56477317257395,160,0.0559484298602347,False
A_folds,F3,19,True,False,random_5,r2,Mondrian-split-CP,0.891566265060241,11.111780250873622,166,0.0559484298602347,False
A_folds,F3,19,True,False,random_5,r4,Mondrian-split-CP,0.913907284768212,11.44091195381758,151,0.0559484298602347,False
A_folds,F3,19,True,False,random_5,r1,Mondrian-split-CP,0.9384615384615383,11.870128437765931,130,0.0559484298602347,False
A_folds,F3,19,True,False,random_5,r0,ACI,0.9177215189873418,11.085587846137685,158,0.0559484298602347,False
A_folds,F3,19,True,False,random_5,r3,ACI,0.89375,11.102109258507696,160,0.0559484298602347,False
A_folds,F3,19,True,False,random_5,r2,ACI,0.8734939759036144,11.001525841823282,166,0.0559484298602347,False
A_folds,F3,19,True,False,random_5,r4,ACI,0.9006622516556292,11.22323733591035,151,0.0559484298602347,False
A_folds,F3,19,True,False,random_5,r1,ACI,0.8846153846153846,10.862256771931774,130,0.0559484298602347,False
A_folds,F3,19,True,False,random_5,r0,ToD-ACI,0.930379746835443,10.12659325701256,158,0.0559484298602347,False
A_folds,F3,19,True,False,random_5,r3,ToD-ACI,0.88125,9.990043945030664,160,0.0559484298602347,False
A_folds,F3,19,True,False,random_5,r2,ToD-ACI,0.891566265060241,9.42576180298394,166,0.0559484298602347,False
A_folds,F3,19,True,False,random_5,r4,ToD-ACI,0.8741721854304636,10.032584666835492,151,0.0559484298602347,False
A_folds,F3,19,True,False,random_5,r1,ToD-ACI,0.8692307692307693,10.060030573130572,130,0.0559484298602347,False
A_folds,F3,19,True,False,time_of_day,night,split-CP,1.0,12.59333597883598,216,1.0,False
A_folds,F3,19,True,False,time_of_day,am_rush,split-CP,0.9236111111111112,12.330881655092597,144,1.0,False
A_folds,F3,19,True,False,time_of_day,midday,split-CP,0.8089887640449438,11.070713258183766,178,1.0,False
A_folds,F3,19,True,False,time_of_day,pm_rush,split-CP,0.8854961832061069,12.52239462417707,131,1.0,False
A_folds,F3,19,True,False,time_of_day,evening,split-CP,0.9791666666666666,12.59333597883598,96,1.0,False
A_folds,F3,19,True,False,time_of_day,night,Mondrian-split-CP,0.9907407407407408,7.471000000000004,216,1.0,False
A_folds,F3,19,True,False,time_of_day,am_rush,Mondrian-split-CP,0.9513888888888888,15.570459821428551,144,1.0,False
A_folds,F3,19,True,False,time_of_day,midday,Mondrian-split-CP,0.7752808988764045,10.349897443874273,178,1.0,False
A_folds,F3,19,True,False,time_of_day,pm_rush,Mondrian-split-CP,0.9389312977099236,16.226773963737696,131,1.0,False
A_folds,F3,19,True,False,time_of_day,evening,Mondrian-split-CP,0.8854166666666666,9.087361111111107,96,1.0,False
A_folds,F3,19,True,False,time_of_day,night,ACI,1.0,10.103922028374573,216,1.0,False
A_folds,F3,19,True,False,time_of_day,am_rush,ACI,0.7916666666666666,8.356543609457672,144,1.0,False
A_folds,F3,19,True,False,time_of_day,midday,ACI,0.7808988764044944,10.55073321801482,178,1.0,False
A_folds,F3,19,True,False,time_of_day,pm_rush,ACI,0.916030534351145,14.528035839584504,131,1.0,False
A_folds,F3,19,True,False,time_of_day,evening,ACI,0.9895833333333334,13.478366908168992,96,1.0,False
A_folds,F3,19,True,False,time_of_day,night,ToD-ACI,0.9027777777777778,3.985028279933372,216,1.0,False
A_folds,F3,19,True,False,time_of_day,am_rush,ToD-ACI,0.8819444444444444,11.3597634755291,144,1.0,False
A_folds,F3,19,True,False,time_of_day,midday,ToD-ACI,0.904494382022472,14.710425100388582,178,1.0,False
A_folds,F3,19,True,False,time_of_day,pm_rush,ToD-ACI,0.8625954198473282,12.305953180936957,131,1.0,False
A_folds,F3,19,True,False,time_of_day,evening,ToD-ACI,0.8854166666666666,8.944811466600532,96,1.0,False
A_folds,F3,20,True,False,day_of_week,Sun,split-CP,0.992,10.009384920634924,250,0.2030355830661628,False
A_folds,F3,20,True,False,day_of_week,Mon,split-CP,0.8819444444444444,9.634128704998062,288,0.2030355830661628,False
A_folds,F3,20,True,False,day_of_week,Tue,split-CP,0.8325991189427313,9.77655430272941,227,0.2030355830661628,False
A_folds,F3,20,True,False,day_of_week,Sun,Mondrian-split-CP,0.984,7.103266784992784,250,0.2030355830661628,False
A_folds,F3,20,True,False,day_of_week,Mon,Mondrian-split-CP,0.9166666666666666,7.343684345313251,288,0.2030355830661628,False
A_folds,F3,20,True,False,day_of_week,Tue,Mondrian-split-CP,0.8325991189427313,8.000160593240992,227,0.2030355830661628,False
A_folds,F3,20,True,False,day_of_week,Sun,ACI,0.904,4.855647225330225,250,0.2030355830661628,False
A_folds,F3,20,True,False,day_of_week,Mon,ACI,0.8680555555555556,7.267441233518923,288,0.2030355830661628,False
A_folds,F3,20,True,False,day_of_week,Tue,ACI,0.8281938325991189,8.805369144295906,227,0.2030355830661628,False
A_folds,F3,20,True,False,day_of_week,Sun,ToD-ACI,0.916,4.957873498834498,250,0.2030355830661628,False
A_folds,F3,20,True,False,day_of_week,Mon,ToD-ACI,0.8506944444444444,6.789893760271364,288,0.2030355830661628,False
A_folds,F3,20,True,False,day_of_week,Tue,ToD-ACI,0.8458149779735683,9.83137805896176,227,0.2030355830661628,False
A_folds,F3,20,True,False,occupancy_tercile,high,split-CP,0.9878048780487804,10.009384920634922,410,0.5827685847572184,False
A_folds,F3,20,True,False,occupancy_tercile,mid,split-CP,0.968421052631579,10.009384920634924,95,0.5827685847572184,False
A_folds,F3,20,True,False,occupancy_tercile,low,split-CP,0.7461538461538462,9.390437457681209,260,0.5827685847572184,False
A_folds,F3,20,True,False,occupancy_tercile,high,Mondrian-split-CP,0.9560975609756096,5.1264193209681,410,0.5827685847572184,False
A_folds,F3,20,True,False,occupancy_tercile,mid,Mondrian-split-CP,0.9473684210526316,8.668768012202223,95,0.5827685847572184,False
A_folds,F3,20,True,False,occupancy_tercile,low,Mondrian-split-CP,0.8346153846153846,10.697959075415328,260,0.5827685847572184,False
A_folds,F3,20,True,False,occupancy_tercile,high,ACI,0.8951219512195122,4.1899311633262855,410,0.5827685847572184,False
A_folds,F3,20,True,False,occupancy_tercile,mid,ACI,0.8947368421052632,7.01930353437985,95,0.5827685847572184,False
A_folds,F3,20,True,False,occupancy_tercile,low,ACI,0.8153846153846154,11.234800248505056,260,0.5827685847572184,False
A_folds,F3,20,True,False,occupancy_tercile,high,ToD-ACI,0.8878048780487805,3.9350157016199696,410,0.5827685847572184,False
A_folds,F3,20,True,False,occupancy_tercile,mid,ToD-ACI,0.9157894736842104,7.7088966538334995,95,0.5827685847572184,False
A_folds,F3,20,True,False,occupancy_tercile,low,ToD-ACI,0.8269230769230769,11.849919143356644,260,0.5827685847572184,False
A_folds,F3,20,True,False,random_5,r0,split-CP,0.930379746835443,9.716790825676906,158,0.0559484298602347,False
A_folds,F3,20,True,False,random_5,r3,split-CP,0.89375,9.814100930059526,160,0.0559484298602347,False
A_folds,F3,20,True,False,random_5,r2,split-CP,0.9156626506024096,9.849695253235163,166,0.0559484298602347,False
A_folds,F3,20,True,False,random_5,r4,split-CP,0.8741721854304636,9.85785364365828,151,0.0559484298602347,False
A_folds,F3,20,True,False,random_5,r1,split-CP,0.9,9.747374710937212,130,0.0559484298602347,False
A_folds,F3,20,True,False,random_5,r0,Mondrian-split-CP,0.9177215189873418,7.497595531490312,158,0.0559484298602347,False
A_folds,F3,20,True,False,random_5,r3,Mondrian-split-CP,0.91875,7.550012004344035,160,0.0559484298602347,False
A_folds,F3,20,True,False,random_5,r2,Mondrian-split-CP,0.927710843373494,7.394698582932018,166,0.0559484298602347,False
A_folds,F3,20,True,False,random_5,r4,Mondrian-split-CP,0.8807947019867549,7.4579391685699665,151,0.0559484298602347,False
A_folds,F3,20,True,False,random_5,r1,Mondrian-split-CP,0.9230769230769232,7.388795757483257,130,0.0559484298602347,False
A_folds,F3,20,True,False,random_5,r0,ACI,0.9050632911392406,6.977444163782772,158,0.0559484298602347,False
A_folds,F3,20,True,False,random_5,r3,ACI,0.84375,6.693384741849586,160,0.0559484298602347,False
A_folds,F3,20,True,False,random_5,r2,ACI,0.8734939759036144,6.780537579973574,166,0.0559484298602347,False
A_folds,F3,20,True,False,random_5,r4,ACI,0.847682119205298,7.374210322728534,151,0.0559484298602347,False
A_folds,F3,20,True,False,random_5,r1,ACI,0.8692307692307693,6.871545721230336,130,0.0559484298602347,False
A_folds,F3,20,True,False,random_5,r0,ToD-ACI,0.9240506329113924,7.11107097590642,158,0.0559484298602347,False
A_folds,F3,20,True,False,random_5,r3,ToD-ACI,0.84375,7.025425305972962,160,0.0559484298602347,False
A_folds,F3,20,True,False,random_5,r2,ToD-ACI,0.891566265060241,6.989707497461263,166,0.0559484298602347,False
A_folds,F3,20,True,False,random_5,r4,ToD-ACI,0.847682119205298,7.495169108791625,151,0.0559484298602347,False
A_folds,F3,20,True,False,random_5,r1,ToD-ACI,0.8384615384615385,6.823087337662337,130,0.0559484298602347,False
A_folds,F3,20,True,False,time_of_day,night,split-CP,0.9861111111111112,10.009384920634922,216,1.0,False
A_folds,F3,20,True,False,time_of_day,am_rush,split-CP,0.875,9.83281927910053,144,1.0,False
A_folds,F3,20,True,False,time_of_day,midday,split-CP,0.7808988764044944,9.248143976887658,178,1.0,False
A_folds,F3,20,True,False,time_of_day,pm_rush,split-CP,0.8931297709923665,10.009384920634924,131,1.0,False
A_folds,F3,20,True,False,time_of_day,evening,split-CP,1.0,10.009384920634922,96,1.0,False
A_folds,F3,20,True,False,time_of_day,night,Mondrian-split-CP,0.925925925925926,2.3383015873015864,216,1.0,False
A_folds,F3,20,True,False,time_of_day,am_rush,Mondrian-split-CP,0.8472222222222222,8.296580182613164,144,1.0,False
A_folds,F3,20,True,False,time_of_day,midday,Mondrian-split-CP,0.9325842696629212,11.826001153522933,178,1.0,False
A_folds,F3,20,True,False,time_of_day,pm_rush,Mondrian-split-CP,0.9083969465648856,10.835017195767197,131,1.0,False
A_folds,F3,20,True,False,time_of_day,evening,Mondrian-split-CP,0.9583333333333334,5.027480158730157,96,1.0,False
A_folds,F3,20,True,False,time_of_day,night,ACI,0.9212962962962964,3.940919360945981,216,1.0,False
A_folds,F3,20,True,False,time_of_day,am_rush,ACI,0.7847222222222222,6.490177761827935,144,1.0,False
A_folds,F3,20,True,False,time_of_day,midday,ACI,0.8258426966292135,10.335403257297216,178,1.0,False
A_folds,F3,20,True,False,time_of_day,pm_rush,ACI,0.8778625954198473,9.23468900953443,131,1.0,False
A_folds,F3,20,True,False,time_of_day,evening,ACI,0.9375,4.900869350267788,96,1.0,False
A_folds,F3,20,True,False,time_of_day,night,ToD-ACI,0.8657407407407407,2.282178155006859,216,1.0,False
A_folds,F3,20,True,False,time_of_day,am_rush,ToD-ACI,0.8611111111111112,8.863084132078054,144,1.0,False
A_folds,F3,20,True,False,time_of_day,midday,ToD-ACI,0.8764044943820225,11.205519289673084,178,1.0,False
A_folds,F3,20,True,False,time_of_day,pm_rush,ToD-ACI,0.8549618320610687,9.207754293204676,131,1.0,False
A_folds,F3,20,True,False,time_of_day,evening,ToD-ACI,0.90625,4.756747443528693,96,1.0,False
A_folds,F3,21,True,False,day_of_week,Sun,split-CP,0.988,10.8425,250,0.2030355830661628,False
A_folds,F3,21,True,False,day_of_week,Mon,split-CP,0.9305555555555556,10.8425,288,0.2030355830661628,False
A_folds,F3,21,True,False,day_of_week,Tue,split-CP,0.9647577092511012,10.8425,227,0.2030355830661628,False
A_folds,F3,21,True,False,day_of_week,Sun,Mondrian-split-CP,0.968,10.564522666666669,250,0.2030355830661628,False
A_folds,F3,21,True,False,day_of_week,Mon,Mondrian-split-CP,0.9097222222222222,10.59823148148148,288,0.2030355830661628,False
A_folds,F3,21,True,False,day_of_week,Tue,Mondrian-split-CP,0.9427312775330396,10.510348274013472,227,0.2030355830661628,False
A_folds,F3,21,True,False,day_of_week,Sun,ACI,0.936,6.467827785473785,250,0.2030355830661628,False
A_folds,F3,21,True,False,day_of_week,Mon,ACI,0.8784722222222222,8.929100250781241,288,0.2030355830661628,False
A_folds,F3,21,True,False,day_of_week,Tue,ACI,0.8810572687224669,8.170200667785469,227,0.2030355830661628,False
A_folds,F3,21,True,False,day_of_week,Sun,ToD-ACI,0.952,8.089031206349206,250,0.2030355830661628,False
A_folds,F3,21,True,False,day_of_week,Mon,ToD-ACI,0.8680555555555556,8.07311338118543,288,0.2030355830661628,False
A_folds,F3,21,True,False,day_of_week,Tue,ToD-ACI,0.9030837004405288,8.650201648327197,227,0.2030355830661628,False
A_folds,F3,21,True,False,occupancy_tercile,low,split-CP,0.8983050847457628,10.8425,118,0.4315360249831195,False
A_folds,F3,21,True,False,occupancy_tercile,mid,split-CP,0.952054794520548,10.8425,292,0.4315360249831195,False
A_folds,F3,21,True,False,occupancy_tercile,high,split-CP,0.9859154929577464,10.8425,355,0.4315360249831195,False
A_folds,F3,21,True,False,occupancy_tercile,low,Mondrian-split-CP,0.9067796610169492,13.68676665769886,118,0.4315360249831195,False
A_folds,F3,21,True,False,occupancy_tercile,mid,Mondrian-split-CP,0.928082191780822,11.68808123142712,292,0.4315360249831195,False
A_folds,F3,21,True,False,occupancy_tercile,high,Mondrian-split-CP,0.9577464788732394,8.595245651687906,355,0.4315360249831195,False
A_folds,F3,21,True,False,occupancy_tercile,low,ACI,0.8813559322033898,13.1459522137859,118,0.4315360249831195,False
A_folds,F3,21,True,False,occupancy_tercile,mid,ACI,0.886986301369863,8.711050701676559,292,0.4315360249831195,False
A_folds,F3,21,True,False,occupancy_tercile,high,ACI,0.9126760563380282,5.488237194547758,355,0.4315360249831195,False
A_folds,F3,21,True,False,occupancy_tercile,low,ToD-ACI,0.864406779661017,11.4487785155836,118,0.4315360249831195,False
A_folds,F3,21,True,False,occupancy_tercile,mid,ToD-ACI,0.8938356164383562,8.734761054299579,292,0.4315360249831195,False
A_folds,F3,21,True,False,occupancy_tercile,high,ToD-ACI,0.9295774647887324,6.787053906604609,355,0.4315360249831195,False
A_folds,F3,21,True,False,random_5,r0,split-CP,0.9367088607594936,10.8425,158,0.0559484298602347,False
A_folds,F3,21,True,False,random_5,r3,split-CP,0.9625,10.8425,160,0.0559484298602347,False
A_folds,F3,21,True,False,random_5,r2,split-CP,0.963855421686747,10.8425,166,0.0559484298602347,False
A_folds,F3,21,True,False,random_5,r4,split-CP,0.9735099337748344,10.8425,151,0.0559484298602347,False
A_folds,F3,21,True,False,random_5,r1,split-CP,0.9615384615384616,10.8425,130,0.0559484298602347,False
A_folds,F3,21,True,False,random_5,r0,Mondrian-split-CP,0.9113924050632912,10.348949166164356,158,0.0559484298602347,False
A_folds,F3,21,True,False,random_5,r3,Mondrian-split-CP,0.94375,11.075520205026454,160,0.0559484298602347,False
A_folds,F3,21,True,False,random_5,r2,Mondrian-split-CP,0.963855421686747,10.3885018486645,166,0.0559484298602347,False
A_folds,F3,21,True,False,random_5,r4,Mondrian-split-CP,0.9271523178807948,10.238045481621642,151,0.0559484298602347,False
A_folds,F3,21,True,False,random_5,r1,Mondrian-split-CP,0.946153846153846,10.781669352869354,130,0.0559484298602347,False
A_folds,F3,21,True,False,random_5,r0,ACI,0.8924050632911392,8.191729096589064,158,0.0559484298602347,False
A_folds,F3,21,True,False,random_5,r3,ACI,0.925,7.891497923430736,160,0.0559484298602347,False
A_folds,F3,21,True,False,random_5,r2,ACI,0.9036144578313252,7.640379068220934,166,0.0559484298602347,False
A_folds,F3,21,True,False,random_5,r4,ACI,0.8741721854304636,8.134954927706582,151,0.0559484298602347,False
A_folds,F3,21,True,False,random_5,r1,ACI,0.8923076923076924,7.611995275095276,130,0.0559484298602347,False
A_folds,F3,21,True,False,random_5,r0,ToD-ACI,0.8734177215189873,8.427962088076011,158,0.0559484298602347,False
A_folds,F3,21,True,False,random_5,r3,ToD-ACI,0.91875,8.450181297348482,160,0.0559484298602347,False
A_folds,F3,21,True,False,random_5,r2,ToD-ACI,0.933734939759036,8.341919118030562,166,0.0559484298602347,False
A_folds,F3,21,True,False,random_5,r4,ToD-ACI,0.8874172185430463,7.888343984933386,151,0.0559484298602347,False
A_folds,F3,21,True,False,random_5,r1,ToD-ACI,0.9153846153846154,8.087420744070743,130,0.0559484298602347,False
A_folds,F3,21,True,False,time_of_day,night,split-CP,1.0,10.842500000000005,216,1.0,False
A_folds,F3,21,True,False,time_of_day,am_rush,split-CP,0.9513888888888888,10.8425,144,1.0,False
A_folds,F3,21,True,False,time_of_day,midday,split-CP,0.8932584269662921,10.8425,178,1.0,False
A_folds,F3,21,True,False,time_of_day,pm_rush,split-CP,0.9694656488549618,10.8425,131,1.0,False
A_folds,F3,21,True,False,time_of_day,evening,split-CP,0.9895833333333334,10.8425,96,1.0,False
A_folds,F3,21,True,False,time_of_day,night,Mondrian-split-CP,0.925925925925926,3.4656031746031744,216,1.0,False
A_folds,F3,21,True,False,time_of_day,am_rush,Mondrian-split-CP,0.9444444444444444,9.944407407407413,144,1.0,False
A_folds,F3,21,True,False,time_of_day,midday,Mondrian-split-CP,0.8932584269662921,10.819999999999991,178,1.0,False
A_folds,F3,21,True,False,time_of_day,pm_rush,Mondrian-split-CP,1.0,25.14154497354498,131,1.0,False
A_folds,F3,21,True,False,time_of_day,evening,Mondrian-split-CP,0.9583333333333334,7.0750317460317405,96,1.0,False
A_folds,F3,21,True,False,time_of_day,night,ACI,0.9629629629629628,6.22111432501826,216,1.0,False
A_folds,F3,21,True,False,time_of_day,am_rush,ACI,0.8055555555555556,5.158325011022928,144,1.0,False
A_folds,F3,21,True,False,time_of_day,midday,ACI,0.8146067415730337,11.113364986111476,178,1.0,False
A_folds,F3,21,True,False,time_of_day,pm_rush,ACI,0.9465648854961832,9.475879365686618,131,1.0,False
A_folds,F3,21,True,False,time_of_day,evening,ACI,0.9791666666666666,7.678069895382396,96,1.0,False
A_folds,F3,21,True,False,time_of_day,night,ToD-ACI,0.8981481481481481,2.840109935332156,216,1.0,False
A_folds,F3,21,True,False,time_of_day,am_rush,ToD-ACI,0.9097222222222222,8.785033913745718,144,1.0,False
A_folds,F3,21,True,False,time_of_day,midday,ToD-ACI,0.898876404494382,13.005293948041135,178,1.0,False
A_folds,F3,21,True,False,time_of_day,pm_rush,ToD-ACI,0.916030534351145,11.999629675526622,131,1.0,False
A_folds,F3,21,True,False,time_of_day,evening,ToD-ACI,0.9166666666666666,5.682372809193119,96,1.0,False
A_folds,F3,22,True,False,day_of_week,Sun,split-CP,0.996,14.227611111111116,250,0.2030355830661628,False
A_folds,F3,22,True,False,day_of_week,Mon,split-CP,0.7986111111111112,13.843761303093771,288,0.2030355830661628,False
A_folds,F3,22,True,False,day_of_week,Tue,split-CP,0.9162995594713657,14.227611111111116,227,0.2030355830661628,False
A_folds,F3,22,True,False,day_of_week,Sun,Mondrian-split-CP,0.972,10.893832857142868,250,0.2030355830661628,False
A_folds,F3,22,True,False,day_of_week,Mon,Mondrian-split-CP,0.8055555555555556,11.60453102724501,288,0.2030355830661628,False
A_folds,F3,22,True,False,day_of_week,Tue,Mondrian-split-CP,0.933920704845815,12.841688110388564,227,0.2030355830661628,False
A_folds,F3,22,True,False,day_of_week,Sun,ACI,0.92,5.921591113035114,250,0.2030355830661628,False
A_folds,F3,22,True,False,day_of_week,Mon,ACI,0.8402777777777778,17.433607044945152,288,0.2030355830661628,False
A_folds,F3,22,True,False,day_of_week,Tue,ACI,0.8942731277533039,13.580494450035198,227,0.2030355830661628,False
A_folds,F3,22,True,False,day_of_week,Sun,ToD-ACI,0.932,7.659036058201056,250,0.2030355830661628,False
A_folds,F3,22,True,False,day_of_week,Mon,ToD-ACI,0.8368055555555556,21.12040027256694,288,0.2030355830661628,False
A_folds,F3,22,True,False,day_of_week,Tue,ToD-ACI,0.8942731277533039,12.455015887522494,227,0.2030355830661628,False
A_folds,F3,22,True,False,occupancy_tercile,high,split-CP,0.9959839357429718,14.227611111111116,249,0.5156581788568418,False
A_folds,F3,22,True,False,occupancy_tercile,mid,split-CP,0.979591836734694,14.227611111111118,245,0.5156581788568418,False
A_folds,F3,22,True,False,occupancy_tercile,low,split-CP,0.7343173431734318,13.819682163845457,271,0.5156581788568418,False
A_folds,F3,22,True,False,occupancy_tercile,high,Mondrian-split-CP,0.9718875502008032,10.90432039268185,249,0.5156581788568418,False
A_folds,F3,22,True,False,occupancy_tercile,mid,Mondrian-split-CP,0.926530612244898,6.904498877011138,245,0.5156581788568418,False
A_folds,F3,22,True,False,occupancy_tercile,low,Mondrian-split-CP,0.8044280442804428,16.877669182822782,271,0.5156581788568418,False
A_folds,F3,22,True,False,occupancy_tercile,high,ACI,0.9196787148594378,5.929851853783581,249,0.5156581788568418,False
A_folds,F3,22,True,False,occupancy_tercile,mid,ACI,0.8816326530612245,8.193114569972732,245,0.5156581788568418,False
A_folds,F3,22,True,False,occupancy_tercile,low,ACI,0.8487084870848709,22.509972937732627,271,0.5156581788568418,False
A_folds,F3,22,True,False,occupancy_tercile,high,ToD-ACI,0.931726907630522,7.649352356516011,249,0.5156581788568418,False
A_folds,F3,22,True,False,occupancy_tercile,mid,ToD-ACI,0.8734693877551021,10.419624881656512,245,0.5156581788568418,False
A_folds,F3,22,True,False,occupancy_tercile,low,ToD-ACI,0.8523985239852399,23.495299139257625,271,0.5156581788568418,False
A_folds,F3,22,True,False,random_5,r0,split-CP,0.8860759493670886,14.120153137767067,158,0.0559484298602347,False
A_folds,F3,22,True,False,random_5,r3,split-CP,0.9,14.132351517030427,160,0.0559484298602347,False
A_folds,F3,22,True,False,random_5,r2,split-CP,0.927710843373494,14.10502796901894,166,0.0559484298602347,False
A_folds,F3,22,True,False,random_5,r4,split-CP,0.8807947019867549,14.014685539962864,151,0.0559484298602347,False
A_folds,F3,22,True,False,random_5,r1,split-CP,0.8923076923076924,14.028931980056983,130,0.0559484298602347,False
A_folds,F3,22,True,False,random_5,r0,Mondrian-split-CP,0.9050632911392406,11.909845179492342,158,0.0559484298602347,False
A_folds,F3,22,True,False,random_5,r3,Mondrian-split-CP,0.9,11.82192156084657,160,0.0559484298602347,False
A_folds,F3,22,True,False,random_5,r2,Mondrian-split-CP,0.9156626506024096,11.493451038280115,166,0.0559484298602347,False
A_folds,F3,22,True,False,random_5,r4,Mondrian-split-CP,0.8741721854304636,11.681379594589869,151,0.0559484298602347,False
A_folds,F3,22,True,False,random_5,r1,Mondrian-split-CP,0.8923076923076924,11.812016707366716,130,0.0559484298602347,False
A_folds,F3,22,True,False,random_5,r0,ACI,0.8987341772151899,13.360577748552435,158,0.0559484298602347,False
A_folds,F3,22,True,False,random_5,r3,ACI,0.90625,12.32075071473665,160,0.0559484298602347,False
A_folds,F3,22,True,False,random_5,r2,ACI,0.8614457831325302,10.445323110735758,166,0.0559484298602347,False
A_folds,F3,22,True,False,random_5,r4,ACI,0.8807947019867549,15.154429464942709,151,0.0559484298602347,False
A_folds,F3,22,True,False,random_5,r1,ACI,0.8615384615384616,11.380884331871831,130,0.0559484298602347,False
A_folds,F3,22,True,False,random_5,r0,ToD-ACI,0.8987341772151899,15.538543669059491,158,0.0559484298602347,False
A_folds,F3,22,True,False,random_5,r3,ToD-ACI,0.89375,13.880882222522848,160,0.0559484298602347,False
A_folds,F3,22,True,False,random_5,r2,ToD-ACI,0.8975903614457831,13.008120094151716,166,0.0559484298602347,False
A_folds,F3,22,True,False,random_5,r4,ToD-ACI,0.8807947019867549,14.608224268740829,151,0.0559484298602347,False
A_folds,F3,22,True,False,random_5,r1,ToD-ACI,0.8461538461538461,13.719246492254182,130,0.0559484298602347,False
A_folds,F3,22,True,False,time_of_day,night,split-CP,1.0,14.227611111111116,216,1.0,False
A_folds,F3,22,True,False,time_of_day,am_rush,split-CP,0.8680555555555556,13.655137217078195,144,1.0,False
A_folds,F3,22,True,False,time_of_day,midday,split-CP,0.7752808988764045,14.069675695559129,178,1.0,False
A_folds,F3,22,True,False,time_of_day,pm_rush,split-CP,0.8778625954198473,14.227611111111118,131,1.0,False
A_folds,F3,22,True,False,time_of_day,evening,split-CP,0.96875,14.227611111111116,96,1.0,False
A_folds,F3,22,True,False,time_of_day,night,Mondrian-split-CP,0.9212962962962964,3.5455277777778065,216,1.0,False
A_folds,F3,22,True,False,time_of_day,am_rush,Mondrian-split-CP,0.8958333333333334,15.534697953409758,144,1.0,False
A_folds,F3,22,True,False,time_of_day,midday,Mondrian-split-CP,0.8764044943820225,19.66159413456394,178,1.0,False
A_folds,F3,22,True,False,time_of_day,pm_rush,Mondrian-split-CP,0.8625954198473282,12.846703703703724,131,1.0,False
A_folds,F3,22,True,False,time_of_day,evening,Mondrian-split-CP,0.9375,8.282436507936495,96,1.0,False
A_folds,F3,22,True,False,time_of_day,night,ACI,0.9583333333333334,5.899577702261729,216,1.0,False
A_folds,F3,22,True,False,time_of_day,am_rush,ACI,0.7569444444444444,13.009599169188578,144,1.0,False
A_folds,F3,22,True,False,time_of_day,midday,ACI,0.8764044943820225,18.4328522686739,178,1.0,False
A_folds,F3,22,True,False,time_of_day,pm_rush,ACI,0.8549618320610687,17.823313726138153,131,1.0,False
A_folds,F3,22,True,False,time_of_day,evening,ACI,0.9479166666666666,8.546416472512828,96,1.0,False
A_folds,F3,22,True,False,time_of_day,night,ToD-ACI,0.8842592592592593,3.657195989538578,216,1.0,False
A_folds,F3,22,True,False,time_of_day,am_rush,ToD-ACI,0.8888888888888888,14.784622528191973,144,1.0,False
A_folds,F3,22,True,False,time_of_day,midday,ToD-ACI,0.8876404494382022,20.211103509006595,178,1.0,False
A_folds,F3,22,True,False,time_of_day,pm_rush,ToD-ACI,0.8854961832061069,26.0226666648308,131,1.0,False
A_folds,F3,22,True,False,time_of_day,evening,ToD-ACI,0.875,9.367053791887123,96,1.0,False
A_folds,F3,23,True,False,day_of_week,Sun,split-CP,0.992,8.20597883597884,250,0.2030355830661628,False
A_folds,F3,23,True,False,day_of_week,Mon,split-CP,0.8923611111111112,8.20597883597884,288,0.2030355830661628,False
A_folds,F3,23,True,False,day_of_week,Tue,split-CP,0.8149779735682819,8.20597883597884,227,0.2030355830661628,False
A_folds,F3,23,True,False,day_of_week,Sun,Mondrian-split-CP,0.968,6.0710488744588735,250,0.2030355830661628,False
A_folds,F3,23,True,False,day_of_week,Mon,Mondrian-split-CP,0.8819444444444444,6.8606996051787705,288,0.2030355830661628,False
A_folds,F3,23,True,False,day_of_week,Tue,Mondrian-split-CP,0.8281938325991189,7.66189438755078,227,0.2030355830661628,False
A_folds,F3,23,True,False,day_of_week,Sun,ACI,0.912,4.018225036297036,250,0.2030355830661628,False
A_folds,F3,23,True,False,day_of_week,Mon,ACI,0.8506944444444444,8.050167888535077,288,0.2030355830661628,False
A_folds,F3,23,True,False,day_of_week,Tue,ACI,0.8370044052863436,9.570398279970968,227,0.2030355830661628,False
A_folds,F3,23,True,False,day_of_week,Sun,ToD-ACI,0.9,4.499391658600658,250,0.2030355830661628,False
A_folds,F3,23,True,False,day_of_week,Mon,ToD-ACI,0.8472222222222222,9.166144159852491,288,0.2030355830661628,False
A_folds,F3,23,True,False,day_of_week,Tue,ToD-ACI,0.8458149779735683,9.641813909495625,227,0.2030355830661628,False
A_folds,F3,23,True,False,occupancy_tercile,high,split-CP,0.9932659932659932,8.20597883597884,297,0.5900886864524068,False
A_folds,F3,23,True,False,occupancy_tercile,mid,split-CP,0.966346153846154,8.20597883597884,208,0.5900886864524068,False
A_folds,F3,23,True,False,occupancy_tercile,low,split-CP,0.7461538461538462,8.20597883597884,260,0.5900886864524068,False
A_folds,F3,23,True,False,occupancy_tercile,high,Mondrian-split-CP,0.9562289562289562,4.321191444264671,297,0.5900886864524068,False
A_folds,F3,23,True,False,occupancy_tercile,mid,Mondrian-split-CP,0.8798076923076923,5.853346280455663,208,0.5900886864524068,False
A_folds,F3,23,True,False,occupancy_tercile,low,Mondrian-split-CP,0.8346153846153846,10.5077070984571,260,0.5900886864524068,False
A_folds,F3,23,True,False,occupancy_tercile,high,ACI,0.915824915824916,3.456866587459178,297,0.5900886864524068,False
A_folds,F3,23,True,False,occupancy_tercile,mid,ACI,0.8846153846153846,5.251500019611799,208,0.5900886864524068,False
A_folds,F3,23,True,False,occupancy_tercile,low,ACI,0.7961538461538461,12.98647553835054,260,0.5900886864524068,False
A_folds,F3,23,True,False,occupancy_tercile,high,ToD-ACI,0.898989898989899,5.300309942956404,297,0.5900886864524068,False
A_folds,F3,23,True,False,occupancy_tercile,mid,ToD-ACI,0.8798076923076923,5.590086944883818,208,0.5900886864524068,False
A_folds,F3,23,True,False,occupancy_tercile,low,ToD-ACI,0.8115384615384615,12.370996355958855,260,0.5900886864524068,False
A_folds,F3,23,True,False,random_5,r0,split-CP,0.8987341772151899,8.20597883597884,158,0.0559484298602347,False
A_folds,F3,23,True,False,random_5,r3,split-CP,0.875,8.20597883597884,160,0.0559484298602347,False
A_folds,F3,23,True,False,random_5,r2,split-CP,0.933734939759036,8.20597883597884,166,0.0559484298602347,False
A_folds,F3,23,True,False,random_5,r4,split-CP,0.8741721854304636,8.20597883597884,151,0.0559484298602347,False
A_folds,F3,23,True,False,random_5,r1,split-CP,0.9307692307692308,8.20597883597884,130,0.0559484298602347,False
A_folds,F3,23,True,False,random_5,r0,Mondrian-split-CP,0.9050632911392406,6.94315047780396,158,0.0559484298602347,False
A_folds,F3,23,True,False,random_5,r3,Mondrian-split-CP,0.875,6.834288157617846,160,0.0559484298602347,False
A_folds,F3,23,True,False,random_5,r2,Mondrian-split-CP,0.9096385542168676,6.682798225369011,166,0.0559484298602347,False
A_folds,F3,23,True,False,random_5,r4,Mondrian-split-CP,0.8807947019867549,6.876407213095956,151,0.0559484298602347,False
A_folds,F3,23,True,False,random_5,r1,Mondrian-split-CP,0.9,6.882368119843121,130,0.0559484298602347,False
A_folds,F3,23,True,False,random_5,r0,ACI,0.8924050632911392,7.563992645423027,158,0.0559484298602347,False
A_folds,F3,23,True,False,random_5,r3,ACI,0.825,6.825927890974766,160,0.0559484298602347,False
A_folds,F3,23,True,False,random_5,r2,ACI,0.8674698795180723,6.952831087531387,166,0.0559484298602347,False
A_folds,F3,23,True,False,random_5,r4,ACI,0.8609271523178808,7.13140480325414,151,0.0559484298602347,False
A_folds,F3,23,True,False,random_5,r1,ACI,0.8923076923076924,7.517027955164492,130,0.0559484298602347,False
A_folds,F3,23,True,False,random_5,r0,ToD-ACI,0.9050632911392406,8.046161780027287,158,0.0559484298602347,False
A_folds,F3,23,True,False,random_5,r3,ToD-ACI,0.83125,7.352293695482757,160,0.0559484298602347,False
A_folds,F3,23,True,False,random_5,r2,ToD-ACI,0.8734939759036144,8.006849638202043,166,0.0559484298602347,False
A_folds,F3,23,True,False,random_5,r4,ToD-ACI,0.8410596026490066,7.4099627170107265,151,0.0559484298602347,False
A_folds,F3,23,True,False,random_5,r1,ToD-ACI,0.8692307692307693,8.1360555954729,130,0.0559484298602347,False
A_folds,F3,23,True,False,time_of_day,night,split-CP,1.0,8.20597883597884,216,1.0,False
A_folds,F3,23,True,False,time_of_day,am_rush,split-CP,0.8402777777777778,8.20597883597884,144,1.0,False
A_folds,F3,23,True,False,time_of_day,midday,split-CP,0.8089887640449438,8.20597883597884,178,1.0,False
A_folds,F3,23,True,False,time_of_day,pm_rush,split-CP,0.8778625954198473,8.20597883597884,131,1.0,False
A_folds,F3,23,True,False,time_of_day,evening,split-CP,0.9791666666666666,8.20597883597884,96,1.0,False
A_folds,F3,23,True,False,time_of_day,night,Mondrian-split-CP,0.8796296296296297,2.428285714285721,216,1.0,False
A_folds,F3,23,True,False,time_of_day,am_rush,Mondrian-split-CP,0.8541666666666666,9.355444444444458,144,1.0,False
A_folds,F3,23,True,False,time_of_day,midday,Mondrian-split-CP,0.9325842696629212,12.055770202020195,178,1.0,False
A_folds,F3,23,True,False,time_of_day,pm_rush,Mondrian-split-CP,0.8702290076335878,7.066761904761904,131,1.0,False
A_folds,F3,23,True,False,time_of_day,evening,Mondrian-split-CP,0.9479166666666666,3.015907407407383,96,1.0,False
A_folds,F3,23,True,False,time_of_day,night,ACI,0.8888888888888888,3.241317444900776,216,1.0,False
A_folds,F3,23,True,False,time_of_day,am_rush,ACI,0.8125,9.056377112727803,144,1.0,False
A_folds,F3,23,True,False,time_of_day,midday,ACI,0.8595505617977528,11.335905595548857,178,1.0,False
A_folds,F3,23,True,False,time_of_day,pm_rush,ACI,0.8473282442748091,8.994749572240034,131,1.0,False
A_folds,F3,23,True,False,time_of_day,evening,ACI,0.9375,3.0743620648256056,96,1.0,False
A_folds,F3,23,True,False,time_of_day,night,ToD-ACI,0.8842592592592593,2.619164063474244,216,1.0,False
A_folds,F3,23,True,False,time_of_day,am_rush,ToD-ACI,0.8541666666666666,9.57483215671931,144,1.0,False
A_folds,F3,23,True,False,time_of_day,midday,ToD-ACI,0.8595505617977528,10.828595171214555,178,1.0,False
A_folds,F3,23,True,False,time_of_day,pm_rush,ToD-ACI,0.8396946564885496,9.64104886765764,131,1.0,False
A_folds,F3,23,True,False,time_of_day,evening,ToD-ACI,0.875,8.525068538810723,96,1.0,False
A_folds,F3,24,True,False,day_of_week,Sun,split-CP,0.98,5.2365119047618975,250,0.2030355830661628,False
A_folds,F3,24,True,False,day_of_week,Mon,split-CP,0.8402777777777778,5.2365119047618975,288,0.2030355830661628,False
A_folds,F3,24,True,False,day_of_week,Tue,split-CP,0.7180616740088106,5.2365119047618975,227,0.2030355830661628,False
A_folds,F3,24,True,False,day_of_week,Sun,Mondrian-split-CP,0.976,4.93102088311688,250,0.2030355830661628,False
A_folds,F3,24,True,False,day_of_week,Mon,Mondrian-split-CP,0.8506944444444444,5.05751515151515,288,0.2030355830661628,False
A_folds,F3,24,True,False,day_of_week,Tue,Mondrian-split-CP,0.7400881057268722,5.322652314523462,227,0.2030355830661628,False
A_folds,F3,24,True,False,day_of_week,Sun,ACI,0.92,3.391002016835017,250,0.2030355830661628,False
A_folds,F3,24,True,False,day_of_week,Mon,ACI,0.8888888888888888,6.205912115116108,288,0.2030355830661628,False
A_folds,F3,24,True,False,day_of_week,Tue,ACI,0.8766519823788547,9.744572903357048,227,0.2030355830661628,False
A_folds,F3,24,True,False,day_of_week,Sun,ToD-ACI,0.952,4.154554070226071,250,0.2030355830661628,False
A_folds,F3,24,True,False,day_of_week,Mon,ToD-ACI,0.8645833333333334,5.381202837735824,288,0.2030355830661628,False
A_folds,F3,24,True,False,day_of_week,Tue,ToD-ACI,0.8502202643171806,12.042725982289856,227,0.2030355830661628,False
A_folds,F3,24,True,False,occupancy_tercile,mid,split-CP,0.9474835886214442,5.2365119047618975,457,0.4723419831666215,False
A_folds,F3,24,True,False,occupancy_tercile,high,split-CP,0.9565217391304348,5.2365119047618975,23,0.4723419831666215,False
A_folds,F3,24,True,False,occupancy_tercile,low,split-CP,0.6842105263157895,5.2365119047618975,285,0.4723419831666215,False
A_folds,F3,24,True,False,occupancy_tercile,mid,Mondrian-split-CP,0.9474835886214442,4.69887614711247,457,0.4723419831666215,False
A_folds,F3,24,True,False,occupancy_tercile,high,Mondrian-split-CP,0.9565217391304348,5.593442489072916,23,0.4723419831666215,False
A_folds,F3,24,True,False,occupancy_tercile,low,Mondrian-split-CP,0.7087719298245614,5.689565204678364,285,0.4723419831666215,False
A_folds,F3,24,True,False,occupancy_tercile,mid,ACI,0.9299781181619255,3.826776143481286,457,0.4723419831666215,False
A_folds,F3,24,True,False,occupancy_tercile,high,ACI,0.8260869565217391,2.8924276198841423,23,0.4723419831666215,False
A_folds,F3,24,True,False,occupancy_tercile,low,ACI,0.8456140350877193,10.637574419634946,285,0.4723419831666215,False
A_folds,F3,24,True,False,occupancy_tercile,mid,ToD-ACI,0.9168490153172868,3.923819786644185,457,0.4723419831666215,False
A_folds,F3,24,True,False,occupancy_tercile,high,ToD-ACI,0.8695652173913043,3.544656889809062,23,0.4723419831666215,False
A_folds,F3,24,True,False,occupancy_tercile,low,ToD-ACI,0.8456140350877193,12.096178883656954,285,0.4723419831666215,False
A_folds,F3,24,True,False,random_5,r0,split-CP,0.8987341772151899,5.236511904761897,158,0.0559484298602347,False
A_folds,F3,24,True,False,random_5,r3,split-CP,0.875,5.2365119047618975,160,0.0559484298602347,False
A_folds,F3,24,True,False,random_5,r2,split-CP,0.8493975903614458,5.236511904761897,166,0.0559484298602347,False
A_folds,F3,24,True,False,random_5,r4,split-CP,0.7814569536423841,5.236511904761897,151,0.0559484298602347,False
A_folds,F3,24,True,False,random_5,r1,split-CP,0.8384615384615385,5.2365119047618975,130,0.0559484298602347,False
A_folds,F3,24,True,False,random_5,r0,Mondrian-split-CP,0.8924050632911392,5.080034806321198,158,0.0559484298602347,False
A_folds,F3,24,True,False,random_5,r3,Mondrian-split-CP,0.90625,5.142794581228955,160,0.0559484298602347,False
A_folds,F3,24,True,False,random_5,r2,Mondrian-split-CP,0.8554216867469879,5.056146708044297,166,0.0559484298602347,False
A_folds,F3,24,True,False,random_5,r4,Mondrian-split-CP,0.7814569536423841,5.076806773983925,151,0.0559484298602347,False
A_folds,F3,24,True,False,random_5,r1,Mondrian-split-CP,0.8538461538461538,5.124237315462313,130,0.0559484298602347,False
A_folds,F3,24,True,False,random_5,r0,ACI,0.9177215189873418,6.398285242418154,158,0.0559484298602347,False
A_folds,F3,24,True,False,random_5,r3,ACI,0.93125,6.617142140903079,160,0.0559484298602347,False
A_folds,F3,24,True,False,random_5,r2,ACI,0.8795180722891566,6.022148378506813,166,0.0559484298602347,False
A_folds,F3,24,True,False,random_5,r4,ACI,0.8675496688741722,6.667120277992796,151,0.0559484298602347,False
A_folds,F3,24,True,False,random_5,r1,ACI,0.8769230769230769,5.930674144374144,130,0.0559484298602347,False
A_folds,F3,24,True,False,random_5,r0,ToD-ACI,0.9177215189873418,6.3906316183230745,158,0.0559484298602347,False
A_folds,F3,24,True,False,random_5,r3,ToD-ACI,0.9125,7.287008426527177,160,0.0559484298602347,False
A_folds,F3,24,True,False,random_5,r2,ToD-ACI,0.8855421686746988,6.439369580776207,166,0.0559484298602347,False
A_folds,F3,24,True,False,random_5,r4,ToD-ACI,0.8410596026490066,8.439012459823719,151,0.0559484298602347,False
A_folds,F3,24,True,False,random_5,r1,ToD-ACI,0.8846153846153846,6.178895054020054,130,0.0559484298602347,False
A_folds,F3,24,True,False,time_of_day,night,split-CP,0.9351851851851852,5.2365119047618975,216,1.0,False
A_folds,F3,24,True,False,time_of_day,am_rush,split-CP,0.7222222222222222,5.2365119047618975,144,1.0,False
A_folds,F3,24,True,False,time_of_day,midday,split-CP,0.8089887640449438,5.2365119047618975,178,1.0,False
A_folds,F3,24,True,False,time_of_day,pm_rush,split-CP,0.8015267175572519,5.236511904761897,131,1.0,False
A_folds,F3,24,True,False,time_of_day,evening,split-CP,0.9895833333333334,5.2365119047618975,96,1.0,False
A_folds,F3,24,True,False,time_of_day,night,Mondrian-split-CP,0.9120370370370372,3.952484126984132,216,1.0,False
A_folds,F3,24,True,False,time_of_day,am_rush,Mondrian-split-CP,0.7430555555555556,5.602830687830675,144,1.0,False
A_folds,F3,24,True,False,time_of_day,midday,Mondrian-split-CP,0.8258426966292135,5.889714285714291,178,1.0,False
A_folds,F3,24,True,False,time_of_day,pm_rush,Mondrian-split-CP,0.8854961832061069,6.590511904761911,131,1.0,False
A_folds,F3,24,True,False,time_of_day,evening,Mondrian-split-CP,0.9375,3.388450697450679,96,1.0,False
A_folds,F3,24,True,False,time_of_day,night,ACI,0.9305555555555556,3.688532778735325,216,1.0,False
A_folds,F3,24,True,False,time_of_day,am_rush,ACI,0.7777777777777778,7.088999702714983,144,1.0,False
A_folds,F3,24,True,False,time_of_day,midday,ACI,0.9157303370786516,9.722748665764115,178,1.0,False
A_folds,F3,24,True,False,time_of_day,pm_rush,ACI,0.8778625954198473,6.947233746957031,131,1.0,False
A_folds,F3,24,True,False,time_of_day,evening,ACI,0.9791666666666666,4.04995126738616,96,1.0,False
A_folds,F3,24,True,False,time_of_day,night,ToD-ACI,0.8888888888888888,4.99690910983735,216,1.0,False
A_folds,F3,24,True,False,time_of_day,am_rush,ToD-ACI,0.8819444444444444,9.597658776087597,144,1.0,False
A_folds,F3,24,True,False,time_of_day,midday,ToD-ACI,0.8764044943820225,9.029390704125255,178,1.0,False
A_folds,F3,24,True,False,time_of_day,pm_rush,ToD-ACI,0.8854961832061069,7.047719152631369,131,1.0,False
A_folds,F3,24,True,False,time_of_day,evening,ToD-ACI,0.9270833333333334,3.440059864518195,96,1.0,False
B_bham_coarse,main,1,True,False,day_of_week,Mon,split-CP,0.88,78.06559523809528,25,,False
B_bham_coarse,main,1,True,False,day_of_week,Tue,split-CP,0.9411764705882352,78.06559523809528,17,,False
B_bham_coarse,main,1,True,False,day_of_week,Wed,split-CP,1.0,78.06559523809528,19,,False
B_bham_coarse,main,1,True,False,day_of_week,Thu,split-CP,1.0,78.06559523809528,20,,False
B_bham_coarse,main,1,True,False,day_of_week,Fri,split-CP,1.0,78.06559523809528,18,,False
B_bham_coarse,main,1,True,False,day_of_week,Sat,split-CP,0.6842105263157895,78.06559523809528,19,,False
B_bham_coarse,main,1,True,False,day_of_week,Sun,split-CP,0.8235294117647058,78.06559523809528,17,,False
B_bham_coarse,main,1,True,False,day_of_week,Mon,Mondrian-split-CP,0.88,78.06559523809528,25,,False
B_bham_coarse,main,1,True,False,day_of_week,Tue,Mondrian-split-CP,0.9411764705882352,78.06559523809528,17,,False
B_bham_coarse,main,1,True,False,day_of_week,Wed,Mondrian-split-CP,1.0,78.06559523809528,19,,False
B_bham_coarse,main,1,True,False,day_of_week,Thu,Mondrian-split-CP,1.0,78.06559523809528,20,,False
B_bham_coarse,main,1,True,False,day_of_week,Fri,Mondrian-split-CP,1.0,78.06559523809528,18,,False
B_bham_coarse,main,1,True,False,day_of_week,Sat,Mondrian-split-CP,0.6842105263157895,78.06559523809528,19,,False
B_bham_coarse,main,1,True,False,day_of_week,Sun,Mondrian-split-CP,0.8235294117647058,78.06559523809528,17,,False
B_bham_coarse,main,1,True,False,day_of_week,Mon,ACI,0.96,92.59835373015872,25,,False
B_bham_coarse,main,1,True,False,day_of_week,Tue,ACI,0.7647058823529411,73.64292728758171,17,,False
B_bham_coarse,main,1,True,False,day_of_week,Wed,ACI,1.0,89.03069157742843,19,,False
B_bham_coarse,main,1,True,False,day_of_week,Thu,ACI,0.9,56.63536418650794,20,,False
B_bham_coarse,main,1,True,False,day_of_week,Fri,ACI,0.7777777777777778,63.04295238095238,18,,False
B_bham_coarse,main,1,True,False,day_of_week,Sat,ACI,0.7368421052631579,108.70001133515608,19,,False
B_bham_coarse,main,1,True,False,day_of_week,Sun,ACI,0.8823529411764706,104.55224989389696,17,,False
B_bham_coarse,main,1,True,False,day_of_week,Mon,ToD-ACI,0.96,92.59835373015872,25,,False
B_bham_coarse,main,1,True,False,day_of_week,Tue,ToD-ACI,0.7647058823529411,73.64292728758171,17,,False
B_bham_coarse,main,1,True,False,day_of_week,Wed,ToD-ACI,1.0,89.03069157742843,19,,False
B_bham_coarse,main,1,True,False,day_of_week,Thu,ToD-ACI,0.9,56.63536418650794,20,,False
B_bham_coarse,main,1,True,False,day_of_week,Fri,ToD-ACI,0.7777777777777778,63.04295238095238,18,,False
B_bham_coarse,main,1,True,False,day_of_week,Sat,ToD-ACI,0.7368421052631579,108.70001133515608,19,,False
B_bham_coarse,main,1,True,False,day_of_week,Sun,ToD-ACI,0.8823529411764706,104.55224989389696,17,,False
B_bham_coarse,main,1,True,False,occupancy_tercile,low,split-CP,0.975,78.06559523809528,40,,False
B_bham_coarse,main,1,True,False,occupancy_tercile,mid,split-CP,0.9230769230769232,78.06559523809528,52,,False
B_bham_coarse,main,1,True,False,occupancy_tercile,high,split-CP,0.813953488372093,78.06559523809528,43,,False
B_bham_coarse,main,1,True,False,occupancy_tercile,low,Mondrian-split-CP,0.975,78.06559523809528,40,,False
B_bham_coarse,main,1,True,False,occupancy_tercile,mid,Mondrian-split-CP,0.9230769230769232,78.06559523809528,52,,False
B_bham_coarse,main,1,True,False,occupancy_tercile,high,Mondrian-split-CP,0.813953488372093,78.06559523809528,43,,False
B_bham_coarse,main,1,True,False,occupancy_tercile,low,ACI,0.95,84.56604819173882,40,,False
B_bham_coarse,main,1,True,False,occupancy_tercile,mid,ACI,0.8653846153846154,75.16394120115996,52,,False
B_bham_coarse,main,1,True,False,occupancy_tercile,high,ACI,0.7906976744186046,94.82497132873586,43,,False
B_bham_coarse,main,1,True,False,occupancy_tercile,low,ToD-ACI,0.95,84.56604819173882,40,,False
B_bham_coarse,main,1,True,False,occupancy_tercile,mid,ToD-ACI,0.8653846153846154,75.16394120115996,52,,False
B_bham_coarse,main,1,True,False,occupancy_tercile,high,ToD-ACI,0.7906976744186046,94.82497132873586,43,,False
B_bham_coarse,main,1,True,False,random_5,r0,split-CP,0.88,78.06559523809528,25,,False
B_bham_coarse,main,1,True,False,random_5,r3,split-CP,0.8918918918918919,78.06559523809528,37,,False
B_bham_coarse,main,1,True,False,random_5,r2,split-CP,0.8529411764705882,78.06559523809528,34,,False
B_bham_coarse,main,1,True,False,random_5,r4,split-CP,0.9545454545454546,78.06559523809528,22,,False
B_bham_coarse,main,1,True,False,random_5,r1,split-CP,1.0,78.06559523809528,17,,False
B_bham_coarse,main,1,True,False,random_5,r0,Mondrian-split-CP,0.88,78.06559523809528,25,,False
B_bham_coarse,main,1,True,False,random_5,r3,Mondrian-split-CP,0.8918918918918919,78.06559523809528,37,,False
B_bham_coarse,main,1,True,False,random_5,r2,Mondrian-split-CP,0.8529411764705882,78.06559523809528,34,,False
B_bham_coarse,main,1,True,False,random_5,r4,Mondrian-split-CP,0.9545454545454546,78.06559523809528,22,,False
B_bham_coarse,main,1,True,False,random_5,r1,Mondrian-split-CP,1.0,78.06559523809528,17,,False
B_bham_coarse,main,1,True,False,random_5,r0,ACI,0.8,76.15596698412699,25,,False
B_bham_coarse,main,1,True,False,random_5,r3,ACI,0.918918918918919,92.26278483678485,37,,False
B_bham_coarse,main,1,True,False,random_5,r2,ACI,0.8235294117647058,86.80149833948731,34,,False
B_bham_coarse,main,1,True,False,random_5,r4,ACI,0.8636363636363636,74.93161976911978,22,,False
B_bham_coarse,main,1,True,False,random_5,r1,ACI,0.9411764705882352,85.36893207282915,17,,False
B_bham_coarse,main,1,True,False,random_5,r0,ToD-ACI,0.8,76.15596698412699,25,,False
B_bham_coarse,main,1,True,False,random_5,r3,ToD-ACI,0.918918918918919,92.26278483678485,37,,False
B_bham_coarse,main,1,True,False,random_5,r2,ToD-ACI,0.8235294117647058,86.80149833948731,34,,False
B_bham_coarse,main,1,True,False,random_5,r4,ToD-ACI,0.8636363636363636,74.93161976911978,22,,False
B_bham_coarse,main,1,True,False,random_5,r1,ToD-ACI,0.9411764705882352,85.36893207282915,17,,False
B_bham_coarse,main,1,True,False,time_of_day,midday,split-CP,0.9037037037037036,78.06559523809526,135,,False
B_bham_coarse,main,1,True,False,time_of_day,midday,Mondrian-split-CP,0.9037037037037036,78.06559523809526,135,,False
B_bham_coarse,main,1,True,False,time_of_day,midday,ACI,0.8666666666666667,84.21215286863342,135,,False
B_bham_coarse,main,1,True,False,time_of_day,midday,ToD-ACI,0.8666666666666667,84.21215286863342,135,,False
B_bham_coarse,main,1,True,False,(P14 control),one_group,ToD-ACI==ACI,1.0,,0,,False
B_bham_coarse,main,2,True,False,day_of_week,Mon,split-CP,0.84,58.58219047619048,25,,False
B_bham_coarse,main,2,True,False,day_of_week,Thu,split-CP,1.0,58.58219047619048,20,,False
B_bham_coarse,main,2,True,False,day_of_week,Fri,split-CP,1.0,58.58219047619048,18,,False
B_bham_coarse,main,2,True,False,day_of_week,Sat,split-CP,0.7368421052631579,58.58219047619047,19,,False
B_bham_coarse,main,2,True,False,day_of_week,Sun,split-CP,0.5882352941176471,58.58219047619048,17,,False
B_bham_coarse,main,2,True,False,day_of_week,Tue,split-CP,1.0,58.58219047619048,8,,False
B_bham_coarse,main,2,True,False,day_of_week,Wed,split-CP,1.0,58.58219047619048,9,,False
B_bham_coarse,main,2,True,False,day_of_week,Mon,Mondrian-split-CP,0.84,58.58219047619048,25,,False
B_bham_coarse,main,2,True,False,day_of_week,Thu,Mondrian-split-CP,1.0,58.58219047619048,20,,False
B_bham_coarse,main,2,True,False,day_of_week,Fri,Mondrian-split-CP,1.0,58.58219047619048,18,,False
B_bham_coarse,main,2,True,False,day_of_week,Sat,Mondrian-split-CP,0.7368421052631579,58.58219047619047,19,,False
B_bham_coarse,main,2,True,False,day_of_week,Sun,Mondrian-split-CP,0.5882352941176471,58.58219047619048,17,,False
B_bham_coarse,main,2,True,False,day_of_week,Tue,Mondrian-split-CP,1.0,58.58219047619048,8,,False
B_bham_coarse,main,2,True,False,day_of_week,Wed,Mondrian-split-CP,1.0,58.58219047619048,9,,False
B_bham_coarse,main,2,True,False,day_of_week,Mon,ACI,0.84,61.85619833333334,25,,False
B_bham_coarse,main,2,True,False,day_of_week,Thu,ACI,1.0,60.30591517857143,20,,False
B_bham_coarse,main,2,True,False,day_of_week,Fri,ACI,1.0,58.53505423280423,18,,False
B_bham_coarse,main,2,True,False,day_of_week,Sat,ACI,0.7368421052631579,57.82194768170425,19,,False
B_bham_coarse,main,2,True,False,day_of_week,Sun,ACI,0.6470588235294118,60.054509687208224,17,,False
B_bham_coarse,main,2,True,False,day_of_week,Tue,ACI,1.0,64.35405208333339,8,,False
B_bham_coarse,main,2,True,False,day_of_week,Wed,ACI,1.0,61.30339021164021,9,,False
B_bham_coarse,main,2,True,False,day_of_week,Mon,ToD-ACI,0.84,61.85619833333334,25,,False
B_bham_coarse,main,2,True,False,day_of_week,Thu,ToD-ACI,1.0,60.30591517857143,20,,False
B_bham_coarse,main,2,True,False,day_of_week,Fri,ToD-ACI,1.0,58.53505423280423,18,,False
B_bham_coarse,main,2,True,False,day_of_week,Sat,ToD-ACI,0.7368421052631579,57.82194768170425,19,,False
B_bham_coarse,main,2,True,False,day_of_week,Sun,ToD-ACI,0.6470588235294118,60.054509687208224,17,,False
B_bham_coarse,main,2,True,False,day_of_week,Tue,ToD-ACI,1.0,64.35405208333339,8,,False
B_bham_coarse,main,2,True,False,day_of_week,Wed,ToD-ACI,1.0,61.30339021164021,9,,False
B_bham_coarse,main,2,True,False,occupancy_tercile,low,split-CP,0.95,58.58219047619048,40,,False
B_bham_coarse,main,2,True,False,occupancy_tercile,mid,split-CP,0.90625,58.58219047619048,32,,False
B_bham_coarse,main,2,True,False,occupancy_tercile,high,split-CP,0.75,58.58219047619048,44,,False
B_bham_coarse,main,2,True,False,occupancy_tercile,low,Mondrian-split-CP,0.95,58.58219047619048,40,,False
B_bham_coarse,main,2,True,False,occupancy_tercile,mid,Mondrian-split-CP,0.90625,58.58219047619048,32,,False
B_bham_coarse,main,2,True,False,occupancy_tercile,high,Mondrian-split-CP,0.75,58.58219047619048,44,,False
B_bham_coarse,main,2,True,False,occupancy_tercile,low,ACI,0.95,60.3683185515873,40,,False
B_bham_coarse,main,2,True,False,occupancy_tercile,mid,ACI,0.90625,61.04103050595239,32,,False
B_bham_coarse,main,2,True,False,occupancy_tercile,high,ACI,0.7727272727272727,59.641252705627714,44,,False
B_bham_coarse,main,2,True,False,occupancy_tercile,low,ToD-ACI,0.95,60.3683185515873,40,,False
B_bham_coarse,main,2,True,False,occupancy_tercile,mid,ToD-ACI,0.90625,61.04103050595239,32,,False
B_bham_coarse,main,2,True,False,occupancy_tercile,high,ToD-ACI,0.7727272727272727,59.641252705627714,44,,False
B_bham_coarse,main,2,True,False,random_5,r0,split-CP,0.85,58.58219047619048,20,,False
B_bham_coarse,main,2,True,False,random_5,r3,split-CP,0.9375,58.58219047619048,32,,False
B_bham_coarse,main,2,True,False,random_5,r2,split-CP,0.7777777777777778,58.58219047619049,27,,False
B_bham_coarse,main,2,True,False,random_5,r4,split-CP,0.8095238095238095,58.58219047619048,21,,False
B_bham_coarse,main,2,True,False,random_5,r1,split-CP,0.9375,58.58219047619048,16,,False
B_bham_coarse,main,2,True,False,random_5,r0,Mondrian-split-CP,0.85,58.58219047619048,20,,False
B_bham_coarse,main,2,True,False,random_5,r3,Mondrian-split-CP,0.9375,58.58219047619048,32,,False
B_bham_coarse,main,2,True,False,random_5,r2,Mondrian-split-CP,0.7777777777777778,58.58219047619049,27,,False
B_bham_coarse,main,2,True,False,random_5,r4,Mondrian-split-CP,0.8095238095238095,58.58219047619048,21,,False
B_bham_coarse,main,2,True,False,random_5,r1,Mondrian-split-CP,0.9375,58.58219047619048,16,,False
B_bham_coarse,main,2,True,False,random_5,r0,ACI,0.85,60.7744023809524,20,,False
B_bham_coarse,main,2,True,False,random_5,r3,ACI,0.9375,60.26494066220238,32,,False
B_bham_coarse,main,2,True,False,random_5,r2,ACI,0.7777777777777778,60.67790410052911,27,,False
B_bham_coarse,main,2,True,False,random_5,r4,ACI,0.8571428571428571,59.47262773998487,21,,False
B_bham_coarse,main,2,True,False,random_5,r1,ACI,0.9375,60.06663095238096,16,,False
B_bham_coarse,main,2,True,False,random_5,r0,ToD-ACI,0.85,60.7744023809524,20,,False
B_bham_coarse,main,2,True,False,random_5,r3,ToD-ACI,0.9375,60.26494066220238,32,,False
B_bham_coarse,main,2,True,False,random_5,r2,ToD-ACI,0.7777777777777778,60.67790410052911,27,,False
B_bham_coarse,main,2,True,False,random_5,r4,ToD-ACI,0.8571428571428571,59.47262773998487,21,,False
B_bham_coarse,main,2,True,False,random_5,r1,ToD-ACI,0.9375,60.06663095238096,16,,False
B_bham_coarse,main,2,True,False,time_of_day,midday,split-CP,0.8620689655172413,58.58219047619048,116,,False
B_bham_coarse,main,2,True,False,time_of_day,midday,Mondrian-split-CP,0.8620689655172413,58.58219047619048,116,,False
B_bham_coarse,main,2,True,False,time_of_day,midday,ACI,0.8706896551724138,60.278110666393,116,,False
B_bham_coarse,main,2,True,False,time_of_day,midday,ToD-ACI,0.8706896551724138,60.278110666393,116,,False
B_bham_coarse,main,2,True,False,(P14 control),one_group,ToD-ACI==ACI,1.0,,0,,False
B_bham_coarse,main,3,True,False,day_of_week,Tue,split-CP,1.0,117.31910317460324,17,,False
B_bham_coarse,main,3,True,False,day_of_week,Wed,split-CP,1.0,117.31910317460324,19,,False
B_bham_coarse,main,3,True,False,day_of_week,Thu,split-CP,1.0,117.31910317460324,20,,False
B_bham_coarse,main,3,True,False,day_of_week,Fri,split-CP,1.0,117.31910317460324,18,,False
B_bham_coarse,main,3,True,False,day_of_week,Sat,split-CP,0.7368421052631579,117.31910317460324,19,,False
B_bham_coarse,main,3,True,False,day_of_week,Sun,split-CP,0.5294117647058824,117.31910317460324,17,,False
B_bham_coarse,main,3,True,False,day_of_week,Mon,split-CP,1.0,117.31910317460324,17,,False
B_bham_coarse,main,3,True,False,day_of_week,Tue,Mondrian-split-CP,1.0,117.31910317460324,17,,False
B_bham_coarse,main,3,True,False,day_of_week,Wed,Mondrian-split-CP,1.0,117.31910317460324,19,,False
B_bham_coarse,main,3,True,False,day_of_week,Thu,Mondrian-split-CP,1.0,117.31910317460324,20,,False
B_bham_coarse,main,3,True,False,day_of_week,Fri,Mondrian-split-CP,1.0,117.31910317460324,18,,False
B_bham_coarse,main,3,True,False,day_of_week,Sat,Mondrian-split-CP,0.7368421052631579,117.31910317460324,19,,False
B_bham_coarse,main,3,True,False,day_of_week,Sun,Mondrian-split-CP,0.5294117647058824,117.31910317460324,17,,False
B_bham_coarse,main,3,True,False,day_of_week,Mon,Mondrian-split-CP,1.0,117.31910317460324,17,,False
B_bham_coarse,main,3,True,False,day_of_week,Tue,ACI,1.0,127.79621055088704,17,,False
B_bham_coarse,main,3,True,False,day_of_week,Wed,ACI,1.0,94.20028613199666,19,,False
B_bham_coarse,main,3,True,False,day_of_week,Thu,ACI,1.0,77.57476636904764,20,,False
B_bham_coarse,main,3,True,False,day_of_week,Fri,ACI,1.0,63.37544268077602,18,,False
B_bham_coarse,main,3,True,False,day_of_week,Sat,ACI,0.3684210526315789,108.17237625313288,19,,False
B_bham_coarse,main,3,True,False,day_of_week,Sun,ACI,0.8823529411764706,246.2617411297853,17,,False
B_bham_coarse,main,3,True,False,day_of_week,Mon,ACI,1.0,183.05656022408965,17,,False
B_bham_coarse,main,3,True,False,day_of_week,Tue,ToD-ACI,1.0,127.79621055088704,17,,False
B_bham_coarse,main,3,True,False,day_of_week,Wed,ToD-ACI,1.0,94.20028613199666,19,,False
B_bham_coarse,main,3,True,False,day_of_week,Thu,ToD-ACI,1.0,77.57476636904764,20,,False
B_bham_coarse,main,3,True,False,day_of_week,Fri,ToD-ACI,1.0,63.37544268077602,18,,False
B_bham_coarse,main,3,True,False,day_of_week,Sat,ToD-ACI,0.3684210526315789,108.17237625313288,19,,False
B_bham_coarse,main,3,True,False,day_of_week,Sun,ToD-ACI,0.8823529411764706,246.2617411297853,17,,False
B_bham_coarse,main,3,True,False,day_of_week,Mon,ToD-ACI,1.0,183.05656022408965,17,,False
B_bham_coarse,main,3,True,False,occupancy_tercile,high,split-CP,0.979591836734694,117.31910317460324,98,,False
B_bham_coarse,main,3,True,False,occupancy_tercile,low,split-CP,0.6363636363636364,117.31910317460324,11,,False
B_bham_coarse,main,3,True,False,occupancy_tercile,mid,split-CP,0.6111111111111112,117.31910317460324,18,,False
B_bham_coarse,main,3,True,False,occupancy_tercile,high,Mondrian-split-CP,0.979591836734694,117.31910317460324,98,,False
B_bham_coarse,main,3,True,False,occupancy_tercile,low,Mondrian-split-CP,0.6363636363636364,117.31910317460324,11,,False
B_bham_coarse,main,3,True,False,occupancy_tercile,mid,Mondrian-split-CP,0.6111111111111112,117.31910317460324,18,,False
B_bham_coarse,main,3,True,False,occupancy_tercile,high,ACI,0.9897959183673468,119.73918021137024,98,,False
B_bham_coarse,main,3,True,False,occupancy_tercile,low,ACI,0.5454545454545454,138.76537229437233,11,,False
B_bham_coarse,main,3,True,False,occupancy_tercile,mid,ACI,0.5555555555555556,152.63454596560848,18,,False
B_bham_coarse,main,3,True,False,occupancy_tercile,high,ToD-ACI,0.9897959183673468,119.73918021137024,98,,False
B_bham_coarse,main,3,True,False,occupancy_tercile,low,ToD-ACI,0.5454545454545454,138.76537229437233,11,,False
B_bham_coarse,main,3,True,False,occupancy_tercile,mid,ToD-ACI,0.5555555555555556,152.63454596560848,18,,False
B_bham_coarse,main,3,True,False,random_5,r0,split-CP,1.0,117.31910317460324,24,,False
B_bham_coarse,main,3,True,False,random_5,r3,split-CP,0.7352941176470589,117.31910317460324,34,,False
B_bham_coarse,main,3,True,False,random_5,r2,split-CP,0.9333333333333332,117.31910317460324,30,,False
B_bham_coarse,main,3,True,False,random_5,r4,split-CP,1.0,117.31910317460324,22,,False
B_bham_coarse,main,3,True,False,random_5,r1,split-CP,0.8823529411764706,117.31910317460324,17,,False
B_bham_coarse,main,3,True,False,random_5,r0,Mondrian-split-CP,1.0,117.31910317460324,24,,False
B_bham_coarse,main,3,True,False,random_5,r3,Mondrian-split-CP,0.7352941176470589,117.31910317460324,34,,False
B_bham_coarse,main,3,True,False,random_5,r2,Mondrian-split-CP,0.9333333333333332,117.31910317460324,30,,False
B_bham_coarse,main,3,True,False,random_5,r4,Mondrian-split-CP,1.0,117.31910317460324,22,,False
B_bham_coarse,main,3,True,False,random_5,r1,Mondrian-split-CP,0.8823529411764706,117.31910317460324,17,,False
B_bham_coarse,main,3,True,False,random_5,r0,ACI,0.875,128.07787433862435,24,,False
B_bham_coarse,main,3,True,False,random_5,r3,ACI,0.7647058823529411,124.8073052054155,34,,False
B_bham_coarse,main,3,True,False,random_5,r2,ACI,1.0,144.26243280423284,30,,False
B_bham_coarse,main,3,True,False,random_5,r4,ACI,0.9090909090909092,98.55308712121214,22,,False
B_bham_coarse,main,3,True,False,random_5,r1,ACI,0.9411764705882352,129.11307773109246,17,,False
B_bham_coarse,main,3,True,False,random_5,r0,ToD-ACI,0.875,128.07787433862435,24,,False
B_bham_coarse,main,3,True,False,random_5,r3,ToD-ACI,0.7647058823529411,124.8073052054155,34,,False
B_bham_coarse,main,3,True,False,random_5,r2,ToD-ACI,1.0,144.26243280423284,30,,False
B_bham_coarse,main,3,True,False,random_5,r4,ToD-ACI,0.9090909090909092,98.55308712121214,22,,False
B_bham_coarse,main,3,True,False,random_5,r1,ToD-ACI,0.9411764705882352,129.11307773109246,17,,False
B_bham_coarse,main,3,True,False,time_of_day,midday,split-CP,0.8976377952755905,117.3191031746032,127,,False
B_bham_coarse,main,3,True,False,time_of_day,midday,Mondrian-split-CP,0.8976377952755905,117.3191031746032,127,,False
B_bham_coarse,main,3,True,False,time_of_day,midday,ACI,0.889763779527559,126.04945341207352,127,,False
B_bham_coarse,main,3,True,False,time_of_day,midday,ToD-ACI,0.889763779527559,126.04945341207352,127,,False
B_bham_coarse,main,3,True,False,(P14 control),one_group,ToD-ACI==ACI,1.0,,0,,False
B_bham_coarse,main,4,True,False,day_of_week,Mon,split-CP,0.92,53.02149404761905,25,,False
B_bham_coarse,main,4,True,False,day_of_week,Tue,split-CP,0.8823529411764706,53.02149404761906,17,,False
B_bham_coarse,main,4,True,False,day_of_week,Wed,split-CP,1.0,53.02149404761906,19,,False
B_bham_coarse,main,4,True,False,day_of_week,Thu,split-CP,0.9,53.02149404761906,20,,False
B_bham_coarse,main,4,True,False,day_of_week,Fri,split-CP,0.8333333333333334,53.02149404761906,18,,False
B_bham_coarse,main,4,True,False,day_of_week,Sat,split-CP,0.7894736842105263,53.02149404761906,19,,False
B_bham_coarse,main,4,True,False,day_of_week,Sun,split-CP,0.8823529411764706,53.02149404761906,17,,False
B_bham_coarse,main,4,True,False,day_of_week,Mon,Mondrian-split-CP,0.92,53.02149404761905,25,,False
B_bham_coarse,main,4,True,False,day_of_week,Tue,Mondrian-split-CP,0.8823529411764706,53.02149404761906,17,,False
B_bham_coarse,main,4,True,False,day_of_week,Wed,Mondrian-split-CP,1.0,53.02149404761906,19,,False
B_bham_coarse,main,4,True,False,day_of_week,Thu,Mondrian-split-CP,0.9,53.02149404761906,20,,False
B_bham_coarse,main,4,True,False,day_of_week,Fri,Mondrian-split-CP,0.8333333333333334,53.02149404761906,18,,False
B_bham_coarse,main,4,True,False,day_of_week,Sat,Mondrian-split-CP,0.7894736842105263,53.02149404761906,19,,False
B_bham_coarse,main,4,True,False,day_of_week,Sun,Mondrian-split-CP,0.8823529411764706,53.02149404761906,17,,False
B_bham_coarse,main,4,True,False,day_of_week,Mon,ACI,0.96,62.01477786435788,25,,False
B_bham_coarse,main,4,True,False,day_of_week,Tue,ACI,0.8823529411764706,59.07362698412696,17,,False
B_bham_coarse,main,4,True,False,day_of_week,Wed,ACI,1.0,54.90502506265665,19,,False
B_bham_coarse,main,4,True,False,day_of_week,Thu,ACI,0.85,54.54920287698413,20,,False
B_bham_coarse,main,4,True,False,day_of_week,Fri,ACI,0.8888888888888888,58.82231513548181,18,,False
B_bham_coarse,main,4,True,False,day_of_week,Sat,ACI,0.7368421052631579,59.30592238171186,19,,False
B_bham_coarse,main,4,True,False,day_of_week,Sun,ACI,0.8823529411764706,61.67658432009166,17,,False
B_bham_coarse,main,4,True,False,day_of_week,Mon,ToD-ACI,0.96,62.01477786435788,25,,False
B_bham_coarse,main,4,True,False,day_of_week,Tue,ToD-ACI,0.8823529411764706,59.07362698412696,17,,False
B_bham_coarse,main,4,True,False,day_of_week,Wed,ToD-ACI,1.0,54.90502506265665,19,,False
B_bham_coarse,main,4,True,False,day_of_week,Thu,ToD-ACI,0.85,54.54920287698413,20,,False
B_bham_coarse,main,4,True,False,day_of_week,Fri,ToD-ACI,0.8888888888888888,58.82231513548181,18,,False
B_bham_coarse,main,4,True,False,day_of_week,Sat,ToD-ACI,0.7368421052631579,59.30592238171186,19,,False
B_bham_coarse,main,4,True,False,day_of_week,Sun,ToD-ACI,0.8823529411764706,61.67658432009166,17,,False
B_bham_coarse,main,4,True,False,occupancy_tercile,high,split-CP,0.9153846153846154,53.02149404761906,130,,False
B_bham_coarse,main,4,True,False,occupancy_tercile,mid,split-CP,0.0,53.02149404761906,4,,False
B_bham_coarse,main,4,True,False,occupancy_tercile,low,split-CP,1.0,53.02149404761906,1,,False
B_bham_coarse,main,4,True,False,occupancy_tercile,high,Mondrian-split-CP,0.9153846153846154,53.02149404761906,130,,False
B_bham_coarse,main,4,True,False,occupancy_tercile,mid,Mondrian-split-CP,0.0,53.02149404761906,4,,False
B_bham_coarse,main,4,True,False,occupancy_tercile,low,Mondrian-split-CP,1.0,53.02149404761906,1,,False
B_bham_coarse,main,4,True,False,occupancy_tercile,high,ACI,0.9153846153846154,58.51400093240093,130,,False
B_bham_coarse,main,4,True,False,occupancy_tercile,mid,ACI,0.0,61.261035263347765,4,,False
B_bham_coarse,main,4,True,False,occupancy_tercile,low,ACI,1.0,71.05250793650794,1,,False
B_bham_coarse,main,4,True,False,occupancy_tercile,high,ToD-ACI,0.9153846153846154,58.51400093240093,130,,False
B_bham_coarse,main,4,True,False,occupancy_tercile,mid,ToD-ACI,0.0,61.261035263347765,4,,False
B_bham_coarse,main,4,True,False,occupancy_tercile,low,ToD-ACI,1.0,71.05250793650794,1,,False
B_bham_coarse,main,4,True,False,random_5,r0,split-CP,0.92,53.02149404761905,25,,False
B_bham_coarse,main,4,True,False,random_5,r3,split-CP,0.8378378378378378,53.02149404761904,37,,False
B_bham_coarse,main,4,True,False,random_5,r2,split-CP,0.9411764705882352,53.02149404761905,34,,False
B_bham_coarse,main,4,True,False,random_5,r4,split-CP,0.9090909090909092,53.02149404761905,22,,False
B_bham_coarse,main,4,True,False,random_5,r1,split-CP,0.8235294117647058,53.02149404761906,17,,False
B_bham_coarse,main,4,True,False,random_5,r0,Mondrian-split-CP,0.92,53.02149404761905,25,,False
B_bham_coarse,main,4,True,False,random_5,r3,Mondrian-split-CP,0.8378378378378378,53.02149404761904,37,,False
B_bham_coarse,main,4,True,False,random_5,r2,Mondrian-split-CP,0.9411764705882352,53.02149404761905,34,,False
B_bham_coarse,main,4,True,False,random_5,r4,Mondrian-split-CP,0.9090909090909092,53.02149404761905,22,,False
B_bham_coarse,main,4,True,False,random_5,r1,Mondrian-split-CP,0.8235294117647058,53.02149404761906,17,,False
B_bham_coarse,main,4,True,False,random_5,r0,ACI,0.96,58.95440940836941,25,,False
B_bham_coarse,main,4,True,False,random_5,r3,ACI,0.8648648648648649,58.7020679088179,37,,False
B_bham_coarse,main,4,True,False,random_5,r2,ACI,0.9117647058823528,61.59233082399626,34,,False
B_bham_coarse,main,4,True,False,random_5,r4,ACI,0.8636363636363636,56.5915328692772,22,,False
B_bham_coarse,main,4,True,False,random_5,r1,ACI,0.8235294117647058,55.17217948391479,17,,False
B_bham_coarse,main,4,True,False,random_5,r0,ToD-ACI,0.96,58.95440940836941,25,,False
B_bham_coarse,main,4,True,False,random_5,r3,ToD-ACI,0.8648648648648649,58.7020679088179,37,,False
B_bham_coarse,main,4,True,False,random_5,r2,ToD-ACI,0.9117647058823528,61.59233082399626,34,,False
B_bham_coarse,main,4,True,False,random_5,r4,ToD-ACI,0.8636363636363636,56.5915328692772,22,,False
B_bham_coarse,main,4,True,False,random_5,r1,ToD-ACI,0.8235294117647058,55.17217948391479,17,,False
B_bham_coarse,main,4,True,False,time_of_day,midday,split-CP,0.8888888888888888,53.02149404761905,135,,False
B_bham_coarse,main,4,True,False,time_of_day,midday,Mondrian-split-CP,0.8888888888888888,53.02149404761905,135,,False
B_bham_coarse,main,4,True,False,time_of_day,midday,ACI,0.8888888888888888,58.68827237186681,135,,False
B_bham_coarse,main,4,True,False,time_of_day,midday,ToD-ACI,0.8888888888888888,58.68827237186681,135,,False
B_bham_coarse,main,4,True,False,(P14 control),one_group,ToD-ACI==ACI,1.0,,0,,False
B_bham_coarse,main,5,True,False,day_of_week,Mon,split-CP,0.92,231.6333452380952,25,,False
B_bham_coarse,main,5,True,False,day_of_week,Tue,split-CP,1.0,231.6333452380952,17,,False
B_bham_coarse,main,5,True,False,day_of_week,Wed,split-CP,1.0,231.6333452380952,19,,False
B_bham_coarse,main,5,True,False,day_of_week,Thu,split-CP,0.95,231.6333452380952,20,,False
B_bham_coarse,main,5,True,False,day_of_week,Fri,split-CP,1.0,231.63334523809525,18,,False
B_bham_coarse,main,5,True,False,day_of_week,Sat,split-CP,1.0,231.6333452380952,19,,False
B_bham_coarse,main,5,True,False,day_of_week,Sun,split-CP,0.8333333333333334,231.63334523809525,18,,False
B_bham_coarse,main,5,True,False,day_of_week,Mon,Mondrian-split-CP,0.92,231.6333452380952,25,,False
B_bham_coarse,main,5,True,False,day_of_week,Tue,Mondrian-split-CP,1.0,231.6333452380952,17,,False
B_bham_coarse,main,5,True,False,day_of_week,Wed,Mondrian-split-CP,1.0,231.6333452380952,19,,False
B_bham_coarse,main,5,True,False,day_of_week,Thu,Mondrian-split-CP,0.95,231.6333452380952,20,,False
B_bham_coarse,main,5,True,False,day_of_week,Fri,Mondrian-split-CP,1.0,231.63334523809525,18,,False
B_bham_coarse,main,5,True,False,day_of_week,Sat,Mondrian-split-CP,1.0,231.6333452380952,19,,False
B_bham_coarse,main,5,True,False,day_of_week,Sun,Mondrian-split-CP,0.8333333333333334,231.63334523809525,18,,False
B_bham_coarse,main,5,True,False,day_of_week,Mon,ACI,0.84,171.16477079365075,25,,False
B_bham_coarse,main,5,True,False,day_of_week,Tue,ACI,0.9411764705882352,330.76205438842203,17,,False
B_bham_coarse,main,5,True,False,day_of_week,Wed,ACI,1.0,229.2395398913952,19,,False
B_bham_coarse,main,5,True,False,day_of_week,Thu,ACI,0.8,237.62501230158733,20,,False
B_bham_coarse,main,5,True,False,day_of_week,Fri,ACI,1.0,253.3717007275132,18,,False
B_bham_coarse,main,5,True,False,day_of_week,Sat,ACI,1.0,175.56702234753547,19,,False
B_bham_coarse,main,5,True,False,day_of_week,Sun,ACI,0.8333333333333334,174.14739098324517,18,,False
B_bham_coarse,main,5,True,False,day_of_week,Mon,ToD-ACI,0.84,171.16477079365075,25,,False
B_bham_coarse,main,5,True,False,day_of_week,Tue,ToD-ACI,0.9411764705882352,330.76205438842203,17,,False
B_bham_coarse,main,5,True,False,day_of_week,Wed,ToD-ACI,1.0,229.2395398913952,19,,False
B_bham_coarse,main,5,True,False,day_of_week,Thu,ToD-ACI,0.8,237.62501230158733,20,,False
B_bham_coarse,main,5,True,False,day_of_week,Fri,ToD-ACI,1.0,253.3717007275132,18,,False
B_bham_coarse,main,5,True,False,day_of_week,Sat,ToD-ACI,1.0,175.56702234753547,19,,False
B_bham_coarse,main,5,True,False,day_of_week,Sun,ToD-ACI,0.8333333333333334,174.14739098324517,18,,False
B_bham_coarse,main,5,True,False,occupancy_tercile,mid,split-CP,0.975609756097561,231.6333452380952,41,,False
B_bham_coarse,main,5,True,False,occupancy_tercile,high,split-CP,0.9506172839506172,231.63334523809527,81,,False
B_bham_coarse,main,5,True,False,occupancy_tercile,low,split-CP,0.9285714285714286,231.6333452380952,14,,False
B_bham_coarse,main,5,True,False,occupancy_tercile,mid,Mondrian-split-CP,0.975609756097561,231.6333452380952,41,,False
B_bham_coarse,main,5,True,False,occupancy_tercile,high,Mondrian-split-CP,0.9506172839506172,231.63334523809527,81,,False
B_bham_coarse,main,5,True,False,occupancy_tercile,low,Mondrian-split-CP,0.9285714285714286,231.6333452380952,14,,False
B_bham_coarse,main,5,True,False,occupancy_tercile,mid,ACI,0.926829268292683,256.7805806716996,41,,False
B_bham_coarse,main,5,True,False,occupancy_tercile,high,ACI,0.925925925925926,196.579761659808,81,,False
B_bham_coarse,main,5,True,False,occupancy_tercile,low,ACI,0.7857142857142857,256.4484479875284,14,,False
B_bham_coarse,main,5,True,False,occupancy_tercile,mid,ToD-ACI,0.926829268292683,256.7805806716996,41,,False
B_bham_coarse,main,5,True,False,occupancy_tercile,high,ToD-ACI,0.925925925925926,196.579761659808,81,,False
B_bham_coarse,main,5,True,False,occupancy_tercile,low,ToD-ACI,0.7857142857142857,256.4484479875284,14,,False
B_bham_coarse,main,5,True,False,random_5,r0,split-CP,0.88,231.6333452380952,25,,False
B_bham_coarse,main,5,True,False,random_5,r3,split-CP,1.0,231.63334523809525,37,,False
B_bham_coarse,main,5,True,False,random_5,r2,split-CP,0.9117647058823528,231.6333452380952,34,,False
B_bham_coarse,main,5,True,False,random_5,r4,split-CP,1.0,231.6333452380952,22,,False
B_bham_coarse,main,5,True,False,random_5,r1,split-CP,1.0,231.6333452380952,18,,False
B_bham_coarse,main,5,True,False,random_5,r0,Mondrian-split-CP,0.88,231.6333452380952,25,,False
B_bham_coarse,main,5,True,False,random_5,r3,Mondrian-split-CP,1.0,231.63334523809525,37,,False
B_bham_coarse,main,5,True,False,random_5,r2,Mondrian-split-CP,0.9117647058823528,231.6333452380952,34,,False
B_bham_coarse,main,5,True,False,random_5,r4,Mondrian-split-CP,1.0,231.6333452380952,22,,False
B_bham_coarse,main,5,True,False,random_5,r1,Mondrian-split-CP,1.0,231.6333452380952,18,,False
B_bham_coarse,main,5,True,False,random_5,r0,ACI,0.84,214.10864674603167,25,,False
B_bham_coarse,main,5,True,False,random_5,r3,ACI,0.945945945945946,213.55261936936927,37,,False
B_bham_coarse,main,5,True,False,random_5,r2,ACI,0.9117647058823528,201.7154861694678,34,,False
B_bham_coarse,main,5,True,False,random_5,r4,ACI,0.9090909090909092,251.4828363997114,22,,False
B_bham_coarse,main,5,True,False,random_5,r1,ACI,0.9444444444444444,244.2294865520282,18,,False
B_bham_coarse,main,5,True,False,random_5,r0,ToD-ACI,0.84,214.10864674603167,25,,False
B_bham_coarse,main,5,True,False,random_5,r3,ToD-ACI,0.945945945945946,213.55261936936927,37,,False
B_bham_coarse,main,5,True,False,random_5,r2,ToD-ACI,0.9117647058823528,201.7154861694678,34,,False
B_bham_coarse,main,5,True,False,random_5,r4,ToD-ACI,0.9090909090909092,251.4828363997114,22,,False
B_bham_coarse,main,5,True,False,random_5,r1,ToD-ACI,0.9444444444444444,244.2294865520282,18,,False
B_bham_coarse,main,5,True,False,time_of_day,midday,split-CP,0.9558823529411764,231.6333452380952,136,,False
B_bham_coarse,main,5,True,False,time_of_day,midday,Mondrian-split-CP,0.9558823529411764,231.6333452380952,136,,False
B_bham_coarse,main,5,True,False,time_of_day,midday,ACI,0.9117647058823528,220.8914909838936,136,,False
B_bham_coarse,main,5,True,False,time_of_day,midday,ToD-ACI,0.9117647058823528,220.8914909838936,136,,False
B_bham_coarse,main,5,True,False,(P14 control),one_group,ToD-ACI==ACI,1.0,,0,,False
B_bham_coarse,main,6,True,False,day_of_week,Mon,split-CP,0.76,206.8980873015871,25,,False
B_bham_coarse,main,6,True,False,day_of_week,Tue,split-CP,0.9411764705882352,206.8980873015871,17,,False
B_bham_coarse,main,6,True,False,day_of_week,Wed,split-CP,1.0,206.8980873015871,19,,False
B_bham_coarse,main,6,True,False,day_of_week,Thu,split-CP,1.0,206.8980873015871,20,,False
B_bham_coarse,main,6,True,False,day_of_week,Fri,split-CP,1.0,206.8980873015871,18,,False
B_bham_coarse,main,6,True,False,day_of_week,Sat,split-CP,1.0,206.8980873015871,19,,False
B_bham_coarse,main,6,True,False,day_of_week,Sun,split-CP,0.5,206.8980873015871,18,,False
B_bham_coarse,main,6,True,False,day_of_week,Mon,Mondrian-split-CP,0.76,206.8980873015871,25,,False
B_bham_coarse,main,6,True,False,day_of_week,Tue,Mondrian-split-CP,0.9411764705882352,206.8980873015871,17,,False
B_bham_coarse,main,6,True,False,day_of_week,Wed,Mondrian-split-CP,1.0,206.8980873015871,19,,False
B_bham_coarse,main,6,True,False,day_of_week,Thu,Mondrian-split-CP,1.0,206.8980873015871,20,,False
B_bham_coarse,main,6,True,False,day_of_week,Fri,Mondrian-split-CP,1.0,206.8980873015871,18,,False
B_bham_coarse,main,6,True,False,day_of_week,Sat,Mondrian-split-CP,1.0,206.8980873015871,19,,False
B_bham_coarse,main,6,True,False,day_of_week,Sun,Mondrian-split-CP,0.5,206.8980873015871,18,,False
B_bham_coarse,main,6,True,False,day_of_week,Mon,ACI,0.92,304.55177746031745,25,,False
B_bham_coarse,main,6,True,False,day_of_week,Tue,ACI,0.9411764705882352,258.86875723622785,17,,False
B_bham_coarse,main,6,True,False,day_of_week,Wed,ACI,1.0,210.0974542606516,19,,False
B_bham_coarse,main,6,True,False,day_of_week,Thu,ACI,0.95,174.52805486111106,20,,False
B_bham_coarse,main,6,True,False,day_of_week,Fri,ACI,1.0,149.77724680335098,18,,False
B_bham_coarse,main,6,True,False,day_of_week,Sat,ACI,0.8421052631578947,137.98677370509606,19,,False
B_bham_coarse,main,6,True,False,day_of_week,Sun,ACI,0.5555555555555556,280.2116371252205,18,,False
B_bham_coarse,main,6,True,False,day_of_week,Mon,ToD-ACI,0.92,304.55177746031745,25,,False
B_bham_coarse,main,6,True,False,day_of_week,Tue,ToD-ACI,0.9411764705882352,258.86875723622785,17,,False
B_bham_coarse,main,6,True,False,day_of_week,Wed,ToD-ACI,1.0,210.0974542606516,19,,False
B_bham_coarse,main,6,True,False,day_of_week,Thu,ToD-ACI,0.95,174.52805486111106,20,,False
B_bham_coarse,main,6,True,False,day_of_week,Fri,ToD-ACI,1.0,149.77724680335098,18,,False
B_bham_coarse,main,6,True,False,day_of_week,Sat,ToD-ACI,0.8421052631578947,137.98677370509606,19,,False
B_bham_coarse,main,6,True,False,day_of_week,Sun,ToD-ACI,0.5555555555555556,280.2116371252205,18,,False
B_bham_coarse,main,6,True,False,occupancy_tercile,mid,split-CP,0.6666666666666666,206.8980873015871,9,,False
B_bham_coarse,main,6,True,False,occupancy_tercile,high,split-CP,0.907563025210084,206.89808730158703,119,,False
B_bham_coarse,main,6,True,False,occupancy_tercile,low,split-CP,0.75,206.8980873015871,8,,False
B_bham_coarse,main,6,True,False,occupancy_tercile,mid,Mondrian-split-CP,0.6666666666666666,206.8980873015871,9,,False
B_bham_coarse,main,6,True,False,occupancy_tercile,high,Mondrian-split-CP,0.907563025210084,206.89808730158703,119,,False
B_bham_coarse,main,6,True,False,occupancy_tercile,low,Mondrian-split-CP,0.75,206.8980873015871,8,,False
B_bham_coarse,main,6,True,False,occupancy_tercile,mid,ACI,0.7777777777777778,199.52293562610225,9,,False
B_bham_coarse,main,6,True,False,occupancy_tercile,high,ACI,0.907563025210084,222.3273243464052,119,,False
B_bham_coarse,main,6,True,False,occupancy_tercile,low,ACI,0.75,200.73332886904765,8,,False
B_bham_coarse,main,6,True,False,occupancy_tercile,mid,ToD-ACI,0.7777777777777778,199.52293562610225,9,,False
B_bham_coarse,main,6,True,False,occupancy_tercile,high,ToD-ACI,0.907563025210084,222.3273243464052,119,,False
B_bham_coarse,main,6,True,False,occupancy_tercile,low,ToD-ACI,0.75,200.73332886904765,8,,False
B_bham_coarse,main,6,True,False,random_5,r0,split-CP,0.88,206.8980873015871,25,,False
B_bham_coarse,main,6,True,False,random_5,r3,split-CP,0.8378378378378378,206.8980873015871,37,,False
B_bham_coarse,main,6,True,False,random_5,r2,split-CP,0.8823529411764706,206.8980873015871,34,,False
B_bham_coarse,main,6,True,False,random_5,r4,split-CP,0.9545454545454546,206.8980873015871,22,,False
B_bham_coarse,main,6,True,False,random_5,r1,split-CP,0.8888888888888888,206.8980873015871,18,,False
B_bham_coarse,main,6,True,False,random_5,r0,Mondrian-split-CP,0.88,206.8980873015871,25,,False
B_bham_coarse,main,6,True,False,random_5,r3,Mondrian-split-CP,0.8378378378378378,206.8980873015871,37,,False
B_bham_coarse,main,6,True,False,random_5,r2,Mondrian-split-CP,0.8823529411764706,206.8980873015871,34,,False
B_bham_coarse,main,6,True,False,random_5,r4,Mondrian-split-CP,0.9545454545454546,206.8980873015871,22,,False
B_bham_coarse,main,6,True,False,random_5,r1,Mondrian-split-CP,0.8888888888888888,206.8980873015871,18,,False
B_bham_coarse,main,6,True,False,random_5,r0,ACI,0.84,204.7174442063492,25,,False
B_bham_coarse,main,6,True,False,random_5,r3,ACI,0.8918918918918919,220.69457818532817,37,,False
B_bham_coarse,main,6,True,False,random_5,r2,ACI,0.8529411764705882,225.4664297969188,34,,False
B_bham_coarse,main,6,True,False,random_5,r4,ACI,1.0,228.19922772366527,22,,False
B_bham_coarse,main,6,True,False,random_5,r1,ACI,0.8888888888888888,216.0359737654321,18,,False
B_bham_coarse,main,6,True,False,random_5,r0,ToD-ACI,0.84,204.7174442063492,25,,False
B_bham_coarse,main,6,True,False,random_5,r3,ToD-ACI,0.8918918918918919,220.69457818532817,37,,False
B_bham_coarse,main,6,True,False,random_5,r2,ToD-ACI,0.8529411764705882,225.4664297969188,34,,False
B_bham_coarse,main,6,True,False,random_5,r4,ToD-ACI,1.0,228.19922772366527,22,,False
B_bham_coarse,main,6,True,False,random_5,r1,ToD-ACI,0.8888888888888888,216.0359737654321,18,,False
B_bham_coarse,main,6,True,False,time_of_day,midday,split-CP,0.8823529411764706,206.8980873015871,136,,False
B_bham_coarse,main,6,True,False,time_of_day,midday,Mondrian-split-CP,0.8823529411764706,206.8980873015871,136,,False
B_bham_coarse,main,6,True,False,time_of_day,midday,ACI,0.8897058823529411,219.54797535889355,136,,False
B_bham_coarse,main,6,True,False,time_of_day,midday,ToD-ACI,0.8897058823529411,219.54797535889355,136,,False
B_bham_coarse,main,6,True,False,(P14 control),one_group,ToD-ACI==ACI,1.0,,0,,False
B_bham_coarse,main,7,True,False,day_of_week,Mon,split-CP,0.5,72.34301587301584,26,,False
B_bham_coarse,main,7,True,False,day_of_week,Tue,split-CP,0.8235294117647058,72.34301587301582,17,,False
B_bham_coarse,main,7,True,False,day_of_week,Wed,split-CP,0.9473684210526316,72.3430158730158,19,,False
B_bham_coarse,main,7,True,False,day_of_week,Thu,split-CP,0.7,72.34301587301579,20,,False
B_bham_coarse,main,7,True,False,day_of_week,Fri,split-CP,0.8888888888888888,72.3430158730158,18,,False
B_bham_coarse,main,7,True,False,day_of_week,Sat,split-CP,0.9473684210526316,72.34301587301582,19,,False
B_bham_coarse,main,7,True,False,day_of_week,Sun,split-CP,0.8235294117647058,72.34301587301582,17,,False
B_bham_coarse,main,7,True,False,day_of_week,Mon,Mondrian-split-CP,0.5,72.34301587301584,26,,False
B_bham_coarse,main,7,True,False,day_of_week,Tue,Mondrian-split-CP,0.8235294117647058,72.34301587301582,17,,False
B_bham_coarse,main,7,True,False,day_of_week,Wed,Mondrian-split-CP,0.9473684210526316,72.3430158730158,19,,False
B_bham_coarse,main,7,True,False,day_of_week,Thu,Mondrian-split-CP,0.7,72.34301587301579,20,,False
B_bham_coarse,main,7,True,False,day_of_week,Fri,Mondrian-split-CP,0.8888888888888888,72.3430158730158,18,,False
B_bham_coarse,main,7,True,False,day_of_week,Sat,Mondrian-split-CP,0.9473684210526316,72.34301587301582,19,,False
B_bham_coarse,main,7,True,False,day_of_week,Sun,Mondrian-split-CP,0.8235294117647058,72.34301587301582,17,,False
B_bham_coarse,main,7,True,False,day_of_week,Mon,ACI,0.7692307692307693,92.14569047619048,26,,False
B_bham_coarse,main,7,True,False,day_of_week,Tue,ACI,0.9411764705882352,81.7880731792717,17,,False
B_bham_coarse,main,7,True,False,day_of_week,Wed,ACI,0.9473684210526316,74.21822744360902,19,,False
B_bham_coarse,main,7,True,False,day_of_week,Thu,ACI,0.8,83.89089494047616,20,,False
B_bham_coarse,main,7,True,False,day_of_week,Fri,ACI,1.0,85.0165295414462,18,,False
B_bham_coarse,main,7,True,False,day_of_week,Sat,ACI,0.8947368421052632,72.41470352965749,19,,False
B_bham_coarse,main,7,True,False,day_of_week,Sun,ACI,0.8823529411764706,80.98250385154063,17,,False
B_bham_coarse,main,7,True,False,day_of_week,Mon,ToD-ACI,0.7692307692307693,92.14569047619048,26,,False
B_bham_coarse,main,7,True,False,day_of_week,Tue,ToD-ACI,0.9411764705882352,81.7880731792717,17,,False
B_bham_coarse,main,7,True,False,day_of_week,Wed,ToD-ACI,0.9473684210526316,74.21822744360902,19,,False
B_bham_coarse,main,7,True,False,day_of_week,Thu,ToD-ACI,0.8,83.89089494047616,20,,False
B_bham_coarse,main,7,True,False,day_of_week,Fri,ToD-ACI,1.0,85.0165295414462,18,,False
B_bham_coarse,main,7,True,False,day_of_week,Sat,ToD-ACI,0.8947368421052632,72.41470352965749,19,,False
B_bham_coarse,main,7,True,False,day_of_week,Sun,ToD-ACI,0.8823529411764706,80.98250385154063,17,,False
B_bham_coarse,main,7,True,False,occupancy_tercile,low,split-CP,0.5555555555555556,72.34301587301582,9,,False
B_bham_coarse,main,7,True,False,occupancy_tercile,mid,split-CP,0.625,72.34301587301582,8,,False
B_bham_coarse,main,7,True,False,occupancy_tercile,high,split-CP,0.8151260504201681,72.3430158730158,119,,False
B_bham_coarse,main,7,True,False,occupancy_tercile,low,Mondrian-split-CP,0.5555555555555556,72.34301587301582,9,,False
B_bham_coarse,main,7,True,False,occupancy_tercile,mid,Mondrian-split-CP,0.625,72.34301587301582,8,,False
B_bham_coarse,main,7,True,False,occupancy_tercile,high,Mondrian-split-CP,0.8151260504201681,72.3430158730158,119,,False
B_bham_coarse,main,7,True,False,occupancy_tercile,low,ACI,0.6666666666666666,71.95784501763667,9,,False
B_bham_coarse,main,7,True,False,occupancy_tercile,mid,ACI,0.625,72.50954588293651,8,,False
B_bham_coarse,main,7,True,False,occupancy_tercile,high,ACI,0.9159663865546218,83.43976393890892,119,,False
B_bham_coarse,main,7,True,False,occupancy_tercile,low,ToD-ACI,0.6666666666666666,71.95784501763667,9,,False
B_bham_coarse,main,7,True,False,occupancy_tercile,mid,ToD-ACI,0.625,72.50954588293651,8,,False
B_bham_coarse,main,7,True,False,occupancy_tercile,high,ToD-ACI,0.9159663865546218,83.43976393890892,119,,False
B_bham_coarse,main,7,True,False,random_5,r0,split-CP,0.72,72.34301587301582,25,,False
B_bham_coarse,main,7,True,False,random_5,r3,split-CP,0.8648648648648649,72.34301587301582,37,,False
B_bham_coarse,main,7,True,False,random_5,r2,split-CP,0.7352941176470589,72.34301587301583,34,,False
B_bham_coarse,main,7,True,False,random_5,r4,split-CP,0.8181818181818182,72.34301587301579,22,,False
B_bham_coarse,main,7,True,False,random_5,r1,split-CP,0.7777777777777778,72.34301587301582,18,,False
B_bham_coarse,main,7,True,False,random_5,r0,Mondrian-split-CP,0.72,72.34301587301582,25,,False
B_bham_coarse,main,7,True,False,random_5,r3,Mondrian-split-CP,0.8648648648648649,72.34301587301582,37,,False
B_bham_coarse,main,7,True,False,random_5,r2,Mondrian-split-CP,0.7352941176470589,72.34301587301583,34,,False
B_bham_coarse,main,7,True,False,random_5,r4,Mondrian-split-CP,0.8181818181818182,72.34301587301579,22,,False
B_bham_coarse,main,7,True,False,random_5,r1,Mondrian-split-CP,0.7777777777777778,72.34301587301582,18,,False
B_bham_coarse,main,7,True,False,random_5,r0,ACI,0.84,82.81451746031748,25,,False
B_bham_coarse,main,7,True,False,random_5,r3,ACI,0.945945945945946,81.95654536679535,37,,False
B_bham_coarse,main,7,True,False,random_5,r2,ACI,0.8235294117647058,80.28329674369746,34,,False
B_bham_coarse,main,7,True,False,random_5,r4,ACI,0.8636363636363636,81.78869074675322,22,,False
B_bham_coarse,main,7,True,False,random_5,r1,ACI,0.9444444444444444,84.73836000881833,18,,False
B_bham_coarse,main,7,True,False,random_5,r0,ToD-ACI,0.84,82.81451746031748,25,,False
B_bham_coarse,main,7,True,False,random_5,r3,ToD-ACI,0.945945945945946,81.95654536679535,37,,False
B_bham_coarse,main,7,True,False,random_5,r2,ToD-ACI,0.8235294117647058,80.28329674369746,34,,False
B_bham_coarse,main,7,True,False,random_5,r4,ToD-ACI,0.8636363636363636,81.78869074675322,22,,False
B_bham_coarse,main,7,True,False,random_5,r1,ToD-ACI,0.9444444444444444,84.73836000881833,18,,False
B_bham_coarse,main,7,True,False,time_of_day,midday,split-CP,0.7867647058823529,72.34301587301582,136,,False
B_bham_coarse,main,7,True,False,time_of_day,midday,Mondrian-split-CP,0.7867647058823529,72.34301587301582,136,,False
B_bham_coarse,main,7,True,False,time_of_day,midday,ACI,0.8823529411764706,82.03697706582633,136,,False
B_bham_coarse,main,7,True,False,time_of_day,midday,ToD-ACI,0.8823529411764706,82.03697706582633,136,,False
B_bham_coarse,main,7,True,False,(P14 control),one_group,ToD-ACI==ACI,1.0,,0,,False
B_bham_coarse,main,9,True,False,day_of_week,Mon,split-CP,0.92,39.36757142857141,25,,False
B_bham_coarse,main,9,True,False,day_of_week,Tue,split-CP,0.9411764705882352,39.36757142857141,17,,False
B_bham_coarse,main,9,True,False,day_of_week,Wed,split-CP,0.8947368421052632,39.36757142857141,19,,False
B_bham_coarse,main,9,True,False,day_of_week,Thu,split-CP,0.9,39.36757142857141,20,,False
B_bham_coarse,main,9,True,False,day_of_week,Fri,split-CP,1.0,39.36757142857141,18,,False
B_bham_coarse,main,9,True,False,day_of_week,Sat,split-CP,0.8421052631578947,39.36757142857141,19,,False
B_bham_coarse,main,9,True,False,day_of_week,Sun,split-CP,0.7647058823529411,39.36757142857141,17,,False
B_bham_coarse,main,9,True,False,day_of_week,Mon,Mondrian-split-CP,0.92,39.36757142857141,25,,False
B_bham_coarse,main,9,True,False,day_of_week,Tue,Mondrian-split-CP,0.9411764705882352,39.36757142857141,17,,False
B_bham_coarse,main,9,True,False,day_of_week,Wed,Mondrian-split-CP,0.8947368421052632,39.36757142857141,19,,False
B_bham_coarse,main,9,True,False,day_of_week,Thu,Mondrian-split-CP,0.9,39.36757142857141,20,,False
B_bham_coarse,main,9,True,False,day_of_week,Fri,Mondrian-split-CP,1.0,39.36757142857141,18,,False
B_bham_coarse,main,9,True,False,day_of_week,Sat,Mondrian-split-CP,0.8421052631578947,39.36757142857141,19,,False
B_bham_coarse,main,9,True,False,day_of_week,Sun,Mondrian-split-CP,0.7647058823529411,39.36757142857141,17,,False
B_bham_coarse,main,9,True,False,day_of_week,Mon,ACI,0.96,40.3794030952381,25,,False
B_bham_coarse,main,9,True,False,day_of_week,Tue,ACI,0.8823529411764706,28.22489045105221,17,,False
B_bham_coarse,main,9,True,False,day_of_week,Wed,ACI,0.8421052631578947,62.468172201336685,19,,False
B_bham_coarse,main,9,True,False,day_of_week,Thu,ACI,0.9,38.251714384920646,20,,False
B_bham_coarse,main,9,True,False,day_of_week,Fri,ACI,1.0,32.25747491012075,18,,False
B_bham_coarse,main,9,True,False,day_of_week,Sat,ACI,0.7368421052631579,32.99710714285715,19,,False
B_bham_coarse,main,9,True,False,day_of_week,Sun,ACI,0.7058823529411765,50.77637457803635,17,,False
B_bham_coarse,main,9,True,False,day_of_week,Mon,ToD-ACI,0.96,40.3794030952381,25,,False
B_bham_coarse,main,9,True,False,day_of_week,Tue,ToD-ACI,0.8823529411764706,28.22489045105221,17,,False
B_bham_coarse,main,9,True,False,day_of_week,Wed,ToD-ACI,0.8421052631578947,62.468172201336685,19,,False
B_bham_coarse,main,9,True,False,day_of_week,Thu,ToD-ACI,0.9,38.251714384920646,20,,False
B_bham_coarse,main,9,True,False,day_of_week,Fri,ToD-ACI,1.0,32.25747491012075,18,,False
B_bham_coarse,main,9,True,False,day_of_week,Sat,ToD-ACI,0.7368421052631579,32.99710714285715,19,,False
B_bham_coarse,main,9,True,False,day_of_week,Sun,ToD-ACI,0.7058823529411765,50.77637457803635,17,,False
B_bham_coarse,main,9,True,False,occupancy_tercile,mid,split-CP,0.9242424242424242,39.36757142857141,66,,False
B_bham_coarse,main,9,True,False,occupancy_tercile,high,split-CP,0.9130434782608696,39.36757142857141,23,,False
B_bham_coarse,main,9,True,False,occupancy_tercile,low,split-CP,0.8478260869565217,39.36757142857141,46,,False
B_bham_coarse,main,9,True,False,occupancy_tercile,mid,Mondrian-split-CP,0.9242424242424242,39.36757142857141,66,,False
B_bham_coarse,main,9,True,False,occupancy_tercile,high,Mondrian-split-CP,0.9130434782608696,39.36757142857141,23,,False
B_bham_coarse,main,9,True,False,occupancy_tercile,low,Mondrian-split-CP,0.8478260869565217,39.36757142857141,46,,False
B_bham_coarse,main,9,True,False,occupancy_tercile,mid,ACI,0.9242424242424242,37.72811842786843,66,,False
B_bham_coarse,main,9,True,False,occupancy_tercile,high,ACI,0.8695652173913043,52.9988334527791,23,,False
B_bham_coarse,main,9,True,False,occupancy_tercile,low,ACI,0.782608695652174,39.19536393135851,46,,False
B_bham_coarse,main,9,True,False,occupancy_tercile,mid,ToD-ACI,0.9242424242424242,37.72811842786843,66,,False
B_bham_coarse,main,9,True,False,occupancy_tercile,high,ToD-ACI,0.8695652173913043,52.9988334527791,23,,False
B_bham_coarse,main,9,True,False,occupancy_tercile,low,ToD-ACI,0.782608695652174,39.19536393135851,46,,False
B_bham_coarse,main,9,True,False,random_5,r0,split-CP,1.0,39.36757142857141,25,,False
B_bham_coarse,main,9,True,False,random_5,r3,split-CP,0.7837837837837838,39.36757142857141,37,,False
B_bham_coarse,main,9,True,False,random_5,r2,split-CP,0.9117647058823528,39.36757142857141,34,,False
B_bham_coarse,main,9,True,False,random_5,r4,split-CP,0.9090909090909092,39.36757142857141,22,,False
B_bham_coarse,main,9,True,False,random_5,r1,split-CP,0.9411764705882352,39.36757142857141,17,,False
B_bham_coarse,main,9,True,False,random_5,r0,Mondrian-split-CP,1.0,39.36757142857141,25,,False
B_bham_coarse,main,9,True,False,random_5,r3,Mondrian-split-CP,0.7837837837837838,39.36757142857141,37,,False
B_bham_coarse,main,9,True,False,random_5,r2,Mondrian-split-CP,0.9117647058823528,39.36757142857141,34,,False
B_bham_coarse,main,9,True,False,random_5,r4,Mondrian-split-CP,0.9090909090909092,39.36757142857141,22,,False
B_bham_coarse,main,9,True,False,random_5,r1,Mondrian-split-CP,0.9411764705882352,39.36757142857141,17,,False
B_bham_coarse,main,9,True,False,random_5,r0,ACI,0.96,40.09759828449328,25,,False
B_bham_coarse,main,9,True,False,random_5,r3,ACI,0.7567567567567568,36.6086183917434,37,,False
B_bham_coarse,main,9,True,False,random_5,r2,ACI,0.8529411764705882,46.06231547619049,34,,False
B_bham_coarse,main,9,True,False,random_5,r4,ACI,0.9090909090909092,41.7320386904762,22,,False
B_bham_coarse,main,9,True,False,random_5,r1,ACI,0.9411764705882352,39.46078302987864,17,,False
B_bham_coarse,main,9,True,False,random_5,r0,ToD-ACI,0.96,40.09759828449328,25,,False
B_bham_coarse,main,9,True,False,random_5,r3,ToD-ACI,0.7567567567567568,36.6086183917434,37,,False
B_bham_coarse,main,9,True,False,random_5,r2,ToD-ACI,0.8529411764705882,46.06231547619049,34,,False
B_bham_coarse,main,9,True,False,random_5,r4,ToD-ACI,0.9090909090909092,41.7320386904762,22,,False
B_bham_coarse,main,9,True,False,random_5,r1,ToD-ACI,0.9411764705882352,39.46078302987864,17,,False
B_bham_coarse,main,9,True,False,time_of_day,midday,split-CP,0.8962962962962963,39.36757142857141,135,,False
B_bham_coarse,main,9,True,False,time_of_day,midday,Mondrian-split-CP,0.8962962962962963,39.36757142857141,135,,False
B_bham_coarse,main,9,True,False,time_of_day,midday,ACI,0.8666666666666667,40.82974612219057,135,,False
B_bham_coarse,main,9,True,False,time_of_day,midday,ToD-ACI,0.8666666666666667,40.82974612219057,135,,False
B_bham_coarse,main,9,True,False,(P14 control),one_group,ToD-ACI==ACI,1.0,,0,,False
B_bham_coarse,main,10,True,False,day_of_week,Mon,split-CP,0.96,20.77528373015872,25,,False
B_bham_coarse,main,10,True,False,day_of_week,Tue,split-CP,1.0,20.77528373015872,17,,False
B_bham_coarse,main,10,True,False,day_of_week,Wed,split-CP,0.7894736842105263,20.77528373015872,19,,False
B_bham_coarse,main,10,True,False,day_of_week,Thu,split-CP,1.0,20.77528373015872,20,,False
B_bham_coarse,main,10,True,False,day_of_week,Fri,split-CP,0.9444444444444444,20.77528373015872,18,,False
B_bham_coarse,main,10,True,False,day_of_week,Sat,split-CP,1.0,20.77528373015873,19,,False
B_bham_coarse,main,10,True,False,day_of_week,Sun,split-CP,1.0,20.775283730158733,17,,False
B_bham_coarse,main,10,True,False,day_of_week,Mon,Mondrian-split-CP,0.96,20.77528373015872,25,,False
B_bham_coarse,main,10,True,False,day_of_week,Tue,Mondrian-split-CP,1.0,20.77528373015872,17,,False
B_bham_coarse,main,10,True,False,day_of_week,Wed,Mondrian-split-CP,0.7894736842105263,20.77528373015872,19,,False
B_bham_coarse,main,10,True,False,day_of_week,Thu,Mondrian-split-CP,1.0,20.77528373015872,20,,False
B_bham_coarse,main,10,True,False,day_of_week,Fri,Mondrian-split-CP,0.9444444444444444,20.77528373015872,18,,False
B_bham_coarse,main,10,True,False,day_of_week,Sat,Mondrian-split-CP,1.0,20.77528373015873,19,,False
B_bham_coarse,main,10,True,False,day_of_week,Sun,Mondrian-split-CP,1.0,20.775283730158733,17,,False
B_bham_coarse,main,10,True,False,day_of_week,Mon,ACI,0.88,18.198776428571435,25,,False
B_bham_coarse,main,10,True,False,day_of_week,Tue,ACI,1.0,19.382803104575167,17,,False
B_bham_coarse,main,10,True,False,day_of_week,Wed,ACI,0.7894736842105263,20.12869475772764,19,,False
B_bham_coarse,main,10,True,False,day_of_week,Thu,ACI,0.95,20.273516567460312,20,,False
B_bham_coarse,main,10,True,False,day_of_week,Fri,ACI,0.8888888888888888,19.656845348324502,18,,False
B_bham_coarse,main,10,True,False,day_of_week,Sat,ACI,1.0,17.763164682539678,19,,False
B_bham_coarse,main,10,True,False,day_of_week,Sun,ACI,1.0,16.79872058823529,17,,False
B_bham_coarse,main,10,True,False,day_of_week,Mon,ToD-ACI,0.88,18.198776428571435,25,,False
B_bham_coarse,main,10,True,False,day_of_week,Tue,ToD-ACI,1.0,19.382803104575167,17,,False
B_bham_coarse,main,10,True,False,day_of_week,Wed,ToD-ACI,0.7894736842105263,20.12869475772764,19,,False
B_bham_coarse,main,10,True,False,day_of_week,Thu,ToD-ACI,0.95,20.273516567460312,20,,False
B_bham_coarse,main,10,True,False,day_of_week,Fri,ToD-ACI,0.8888888888888888,19.656845348324502,18,,False
B_bham_coarse,main,10,True,False,day_of_week,Sat,ToD-ACI,1.0,17.763164682539678,19,,False
B_bham_coarse,main,10,True,False,day_of_week,Sun,ToD-ACI,1.0,16.79872058823529,17,,False
B_bham_coarse,main,10,True,False,occupancy_tercile,mid,split-CP,0.9574468085106383,20.775283730158712,47,,False
B_bham_coarse,main,10,True,False,occupancy_tercile,high,split-CP,0.9090909090909092,20.77528373015872,33,,False
B_bham_coarse,main,10,True,False,occupancy_tercile,low,split-CP,0.9818181818181818,20.775283730158723,55,,False
B_bham_coarse,main,10,True,False,occupancy_tercile,mid,Mondrian-split-CP,0.9574468085106383,20.775283730158712,47,,False
B_bham_coarse,main,10,True,False,occupancy_tercile,high,Mondrian-split-CP,0.9090909090909092,20.77528373015872,33,,False
B_bham_coarse,main,10,True,False,occupancy_tercile,low,Mondrian-split-CP,0.9818181818181818,20.775283730158723,55,,False
B_bham_coarse,main,10,True,False,occupancy_tercile,mid,ACI,0.8936170212765957,19.281568262411344,47,,False
B_bham_coarse,main,10,True,False,occupancy_tercile,high,ACI,0.9090909090909092,19.712536856661856,33,,False
B_bham_coarse,main,10,True,False,occupancy_tercile,low,ACI,0.9636363636363636,18.04630483405484,55,,False
B_bham_coarse,main,10,True,False,occupancy_tercile,mid,ToD-ACI,0.8936170212765957,19.281568262411344,47,,False
B_bham_coarse,main,10,True,False,occupancy_tercile,high,ToD-ACI,0.9090909090909092,19.712536856661856,33,,False
B_bham_coarse,main,10,True,False,occupancy_tercile,low,ToD-ACI,0.9636363636363636,18.04630483405484,55,,False
B_bham_coarse,main,10,True,False,random_5,r0,split-CP,0.96,20.775283730158726,25,,False
B_bham_coarse,main,10,True,False,random_5,r3,split-CP,0.945945945945946,20.775283730158723,37,,False
B_bham_coarse,main,10,True,False,random_5,r2,split-CP,0.9411764705882352,20.775283730158723,34,,False
B_bham_coarse,main,10,True,False,random_5,r4,split-CP,0.9545454545454546,20.775283730158723,22,,False
B_bham_coarse,main,10,True,False,random_5,r1,split-CP,1.0,20.77528373015872,17,,False
B_bham_coarse,main,10,True,False,random_5,r0,Mondrian-split-CP,0.96,20.775283730158726,25,,False
B_bham_coarse,main,10,True,False,random_5,r3,Mondrian-split-CP,0.945945945945946,20.775283730158723,37,,False
B_bham_coarse,main,10,True,False,random_5,r2,Mondrian-split-CP,0.9411764705882352,20.775283730158723,34,,False
B_bham_coarse,main,10,True,False,random_5,r4,Mondrian-split-CP,0.9545454545454546,20.775283730158723,22,,False
B_bham_coarse,main,10,True,False,random_5,r1,Mondrian-split-CP,1.0,20.77528373015872,17,,False
B_bham_coarse,main,10,True,False,random_5,r0,ACI,0.96,18.881988809523808,25,,False
B_bham_coarse,main,10,True,False,random_5,r3,ACI,0.8918918918918919,18.775467449592448,37,,False
B_bham_coarse,main,10,True,False,random_5,r2,ACI,0.9411764705882352,18.626780462184872,34,,False
B_bham_coarse,main,10,True,False,random_5,r4,ACI,0.9090909090909092,19.45464258658009,22,,False
B_bham_coarse,main,10,True,False,random_5,r1,ACI,0.9411764705882352,18.896441293183933,17,,False
B_bham_coarse,main,10,True,False,random_5,r0,ToD-ACI,0.96,18.881988809523808,25,,False
B_bham_coarse,main,10,True,False,random_5,r3,ToD-ACI,0.8918918918918919,18.775467449592448,37,,False
B_bham_coarse,main,10,True,False,random_5,r2,ToD-ACI,0.9411764705882352,18.626780462184872,34,,False
B_bham_coarse,main,10,True,False,random_5,r4,ToD-ACI,0.9090909090909092,19.45464258658009,22,,False
B_bham_coarse,main,10,True,False,random_5,r1,ToD-ACI,0.9411764705882352,18.896441293183933,17,,False
B_bham_coarse,main,10,True,False,time_of_day,midday,split-CP,0.9555555555555556,20.775283730158723,135,,False
B_bham_coarse,main,10,True,False,time_of_day,midday,Mondrian-split-CP,0.9555555555555556,20.775283730158723,135,,False
B_bham_coarse,main,10,True,False,time_of_day,midday,ACI,0.925925925925926,18.883660670194,135,,False
B_bham_coarse,main,10,True,False,time_of_day,midday,ToD-ACI,0.925925925925926,18.883660670194,135,,False
B_bham_coarse,main,10,True,False,(P14 control),one_group,ToD-ACI==ACI,1.0,,0,,False
B_bham_coarse,main,11,True,False,day_of_week,Mon,split-CP,0.84,97.4987579365079,25,,False
B_bham_coarse,main,11,True,False,day_of_week,Tue,split-CP,0.7647058823529411,97.4987579365079,17,,False
B_bham_coarse,main,11,True,False,day_of_week,Wed,split-CP,0.9473684210526316,97.4987579365079,19,,False
B_bham_coarse,main,11,True,False,day_of_week,Thu,split-CP,0.9,97.4987579365079,20,,False
B_bham_coarse,main,11,True,False,day_of_week,Fri,split-CP,0.8888888888888888,97.4987579365079,18,,False
B_bham_coarse,main,11,True,False,day_of_week,Sat,split-CP,0.8947368421052632,97.49875793650789,19,,False
B_bham_coarse,main,11,True,False,day_of_week,Sun,split-CP,0.9411764705882352,97.4987579365079,17,,False
B_bham_coarse,main,11,True,False,day_of_week,Mon,Mondrian-split-CP,0.84,97.4987579365079,25,,False
B_bham_coarse,main,11,True,False,day_of_week,Tue,Mondrian-split-CP,0.7647058823529411,97.4987579365079,17,,False
B_bham_coarse,main,11,True,False,day_of_week,Wed,Mondrian-split-CP,0.9473684210526316,97.4987579365079,19,,False
B_bham_coarse,main,11,True,False,day_of_week,Thu,Mondrian-split-CP,0.9,97.4987579365079,20,,False
B_bham_coarse,main,11,True,False,day_of_week,Fri,Mondrian-split-CP,0.8888888888888888,97.4987579365079,18,,False
B_bham_coarse,main,11,True,False,day_of_week,Sat,Mondrian-split-CP,0.8947368421052632,97.49875793650789,19,,False
B_bham_coarse,main,11,True,False,day_of_week,Sun,Mondrian-split-CP,0.9411764705882352,97.4987579365079,17,,False
B_bham_coarse,main,11,True,False,day_of_week,Mon,ACI,0.92,111.1953186507936,25,,False
B_bham_coarse,main,11,True,False,day_of_week,Tue,ACI,0.8235294117647058,123.36482282913164,17,,False
B_bham_coarse,main,11,True,False,day_of_week,Wed,ACI,1.0,113.90985964912278,19,,False
B_bham_coarse,main,11,True,False,day_of_week,Thu,ACI,0.9,95.58517063492064,20,,False
B_bham_coarse,main,11,True,False,day_of_week,Fri,ACI,0.8888888888888888,97.69493992504412,18,,False
B_bham_coarse,main,11,True,False,day_of_week,Sat,ACI,0.8421052631578947,80.30059273182958,19,,False
B_bham_coarse,main,11,True,False,day_of_week,Sun,ACI,0.8823529411764706,105.3876533613445,17,,False
B_bham_coarse,main,11,True,False,day_of_week,Mon,ToD-ACI,0.92,111.1953186507936,25,,False
B_bham_coarse,main,11,True,False,day_of_week,Tue,ToD-ACI,0.8235294117647058,123.36482282913164,17,,False
B_bham_coarse,main,11,True,False,day_of_week,Wed,ToD-ACI,1.0,113.90985964912278,19,,False
B_bham_coarse,main,11,True,False,day_of_week,Thu,ToD-ACI,0.9,95.58517063492064,20,,False
B_bham_coarse,main,11,True,False,day_of_week,Fri,ToD-ACI,0.8888888888888888,97.69493992504412,18,,False
B_bham_coarse,main,11,True,False,day_of_week,Sat,ToD-ACI,0.8421052631578947,80.30059273182958,19,,False
B_bham_coarse,main,11,True,False,day_of_week,Sun,ToD-ACI,0.8823529411764706,105.3876533613445,17,,False
B_bham_coarse,main,11,True,False,occupancy_tercile,mid,split-CP,0.875,97.4987579365079,48,,False
B_bham_coarse,main,11,True,False,occupancy_tercile,high,split-CP,0.8666666666666667,97.4987579365079,60,,False
B_bham_coarse,main,11,True,False,occupancy_tercile,low,split-CP,0.925925925925926,97.4987579365079,27,,False
B_bham_coarse,main,11,True,False,occupancy_tercile,mid,Mondrian-split-CP,0.875,97.4987579365079,48,,False
B_bham_coarse,main,11,True,False,occupancy_tercile,high,Mondrian-split-CP,0.8666666666666667,97.4987579365079,60,,False
B_bham_coarse,main,11,True,False,occupancy_tercile,low,Mondrian-split-CP,0.925925925925926,97.4987579365079,27,,False
B_bham_coarse,main,11,True,False,occupancy_tercile,mid,ACI,0.8541666666666666,102.49972118882276,48,,False
B_bham_coarse,main,11,True,False,occupancy_tercile,high,ACI,0.9333333333333332,110.24080578703702,60,,False
B_bham_coarse,main,11,True,False,occupancy_tercile,low,ACI,0.8888888888888888,92.38707495590828,27,,False
B_bham_coarse,main,11,True,False,occupancy_tercile,mid,ToD-ACI,0.8541666666666666,102.49972118882276,48,,False
B_bham_coarse,main,11,True,False,occupancy_tercile,high,ToD-ACI,0.9333333333333332,110.24080578703702,60,,False
B_bham_coarse,main,11,True,False,occupancy_tercile,low,ToD-ACI,0.8888888888888888,92.38707495590828,27,,False
B_bham_coarse,main,11,True,False,random_5,r0,split-CP,0.92,97.4987579365079,25,,False
B_bham_coarse,main,11,True,False,random_5,r3,split-CP,0.918918918918919,97.4987579365079,37,,False
B_bham_coarse,main,11,True,False,random_5,r2,split-CP,0.8235294117647058,97.4987579365079,34,,False
B_bham_coarse,main,11,True,False,random_5,r4,split-CP,0.8636363636363636,97.4987579365079,22,,False
B_bham_coarse,main,11,True,False,random_5,r1,split-CP,0.8823529411764706,97.4987579365079,17,,False
B_bham_coarse,main,11,True,False,random_5,r0,Mondrian-split-CP,0.92,97.4987579365079,25,,False
B_bham_coarse,main,11,True,False,random_5,r3,Mondrian-split-CP,0.918918918918919,97.4987579365079,37,,False
B_bham_coarse,main,11,True,False,random_5,r2,Mondrian-split-CP,0.8235294117647058,97.4987579365079,34,,False
B_bham_coarse,main,11,True,False,random_5,r4,Mondrian-split-CP,0.8636363636363636,97.4987579365079,22,,False
B_bham_coarse,main,11,True,False,random_5,r1,Mondrian-split-CP,0.8823529411764706,97.4987579365079,17,,False
B_bham_coarse,main,11,True,False,random_5,r0,ACI,0.84,98.9407011904762,25,,False
B_bham_coarse,main,11,True,False,random_5,r3,ACI,0.945945945945946,106.8941601780352,37,,False
B_bham_coarse,main,11,True,False,random_5,r2,ACI,0.9117647058823528,102.74309325396824,34,,False
B_bham_coarse,main,11,True,False,random_5,r4,ACI,0.9090909090909092,100.54530744949491,22,,False
B_bham_coarse,main,11,True,False,random_5,r1,ACI,0.8235294117647058,111.47191748366016,17,,False
B_bham_coarse,main,11,True,False,random_5,r0,ToD-ACI,0.84,98.9407011904762,25,,False
B_bham_coarse,main,11,True,False,random_5,r3,ToD-ACI,0.945945945945946,106.8941601780352,37,,False
B_bham_coarse,main,11,True,False,random_5,r2,ToD-ACI,0.9117647058823528,102.74309325396824,34,,False
B_bham_coarse,main,11,True,False,random_5,r4,ToD-ACI,0.9090909090909092,100.54530744949491,22,,False
B_bham_coarse,main,11,True,False,random_5,r1,ToD-ACI,0.8235294117647058,111.47191748366016,17,,False
B_bham_coarse,main,11,True,False,time_of_day,midday,split-CP,0.8814814814814815,97.4987579365079,135,,False
B_bham_coarse,main,11,True,False,time_of_day,midday,Mondrian-split-CP,0.8814814814814815,97.4987579365079,135,,False
B_bham_coarse,main,11,True,False,time_of_day,midday,ACI,0.8962962962962963,103.91767398589064,135,,False
B_bham_coarse,main,11,True,False,time_of_day,midday,ToD-ACI,0.8962962962962963,103.91767398589064,135,,False
B_bham_coarse,main,11,True,False,(P14 control),one_group,ToD-ACI==ACI,1.0,,0,,False
B_bham_coarse,main,12,True,False,day_of_week,Mon,split-CP,0.96,126.1171071428571,25,,False
B_bham_coarse,main,12,True,False,day_of_week,Tue,split-CP,1.0,126.1171071428571,17,,False
B_bham_coarse,main,12,True,False,day_of_week,Wed,split-CP,1.0,126.1171071428571,19,,False
B_bham_coarse,main,12,True,False,day_of_week,Thu,split-CP,1.0,126.1171071428571,20,,False
B_bham_coarse,main,12,True,False,day_of_week,Fri,split-CP,1.0,126.1171071428571,18,,False
B_bham_coarse,main,12,True,False,day_of_week,Sat,split-CP,0.9473684210526316,126.1171071428571,19,,False
B_bham_coarse,main,12,True,False,day_of_week,Sun,split-CP,0.4705882352941176,126.1171071428571,17,,False
B_bham_coarse,main,12,True,False,day_of_week,Mon,Mondrian-split-CP,0.96,126.1171071428571,25,,False
B_bham_coarse,main,12,True,False,day_of_week,Tue,Mondrian-split-CP,1.0,126.1171071428571,17,,False
B_bham_coarse,main,12,True,False,day_of_week,Wed,Mondrian-split-CP,1.0,126.1171071428571,19,,False
B_bham_coarse,main,12,True,False,day_of_week,Thu,Mondrian-split-CP,1.0,126.1171071428571,20,,False
B_bham_coarse,main,12,True,False,day_of_week,Fri,Mondrian-split-CP,1.0,126.1171071428571,18,,False
B_bham_coarse,main,12,True,False,day_of_week,Sat,Mondrian-split-CP,0.9473684210526316,126.1171071428571,19,,False
B_bham_coarse,main,12,True,False,day_of_week,Sun,Mondrian-split-CP,0.4705882352941176,126.1171071428571,17,,False
B_bham_coarse,main,12,True,False,day_of_week,Mon,ACI,1.0,171.7552338888889,25,,False
B_bham_coarse,main,12,True,False,day_of_week,Tue,ACI,1.0,139.84278758169935,17,,False
B_bham_coarse,main,12,True,False,day_of_week,Wed,ACI,0.9473684210526316,112.95154166666664,19,,False
B_bham_coarse,main,12,True,False,day_of_week,Thu,ACI,0.9,106.44379454365078,20,,False
B_bham_coarse,main,12,True,False,day_of_week,Fri,ACI,1.0,90.66526256613756,18,,False
B_bham_coarse,main,12,True,False,day_of_week,Sat,ACI,0.6842105263157895,91.1529898705096,19,,False
B_bham_coarse,main,12,True,False,day_of_week,Sun,ACI,0.6470588235294118,195.68776739028945,17,,False
B_bham_coarse,main,12,True,False,day_of_week,Mon,ToD-ACI,1.0,171.7552338888889,25,,False
B_bham_coarse,main,12,True,False,day_of_week,Tue,ToD-ACI,1.0,139.84278758169935,17,,False
B_bham_coarse,main,12,True,False,day_of_week,Wed,ToD-ACI,0.9473684210526316,112.95154166666664,19,,False
B_bham_coarse,main,12,True,False,day_of_week,Thu,ToD-ACI,0.9,106.44379454365078,20,,False
B_bham_coarse,main,12,True,False,day_of_week,Fri,ToD-ACI,1.0,90.66526256613756,18,,False
B_bham_coarse,main,12,True,False,day_of_week,Sat,ToD-ACI,0.6842105263157895,91.1529898705096,19,,False
B_bham_coarse,main,12,True,False,day_of_week,Sun,ToD-ACI,0.6470588235294118,195.68776739028945,17,,False
B_bham_coarse,main,12,True,False,occupancy_tercile,high,split-CP,0.989247311827957,126.11710714285714,93,,False
B_bham_coarse,main,12,True,False,occupancy_tercile,mid,split-CP,0.9285714285714286,126.1171071428571,14,,False
B_bham_coarse,main,12,True,False,occupancy_tercile,low,split-CP,0.6785714285714286,126.1171071428571,28,,False
B_bham_coarse,main,12,True,False,occupancy_tercile,high,Mondrian-split-CP,0.989247311827957,126.11710714285714,93,,False
B_bham_coarse,main,12,True,False,occupancy_tercile,mid,Mondrian-split-CP,0.9285714285714286,126.1171071428571,14,,False
B_bham_coarse,main,12,True,False,occupancy_tercile,low,Mondrian-split-CP,0.6785714285714286,126.1171071428571,28,,False
B_bham_coarse,main,12,True,False,occupancy_tercile,high,ACI,0.967741935483871,129.6520135475337,93,,False
B_bham_coarse,main,12,True,False,occupancy_tercile,mid,ACI,0.9285714285714286,133.54459141156465,14,,False
B_bham_coarse,main,12,True,False,occupancy_tercile,low,ACI,0.6071428571428571,132.48126636904763,28,,False
B_bham_coarse,main,12,True,False,occupancy_tercile,high,ToD-ACI,0.967741935483871,129.6520135475337,93,,False
B_bham_coarse,main,12,True,False,occupancy_tercile,mid,ToD-ACI,0.9285714285714286,133.54459141156465,14,,False
B_bham_coarse,main,12,True,False,occupancy_tercile,low,ToD-ACI,0.6071428571428571,132.48126636904763,28,,False
B_bham_coarse,main,12,True,False,random_5,r0,split-CP,0.84,126.1171071428571,25,,False
B_bham_coarse,main,12,True,False,random_5,r3,split-CP,0.918918918918919,126.1171071428571,37,,False
B_bham_coarse,main,12,True,False,random_5,r2,split-CP,0.9117647058823528,126.1171071428571,34,,False
B_bham_coarse,main,12,True,False,random_5,r4,split-CP,1.0,126.1171071428571,22,,False
B_bham_coarse,main,12,True,False,random_5,r1,split-CP,0.9411764705882352,126.1171071428571,17,,False
B_bham_coarse,main,12,True,False,random_5,r0,Mondrian-split-CP,0.84,126.1171071428571,25,,False
B_bham_coarse,main,12,True,False,random_5,r3,Mondrian-split-CP,0.918918918918919,126.1171071428571,37,,False
B_bham_coarse,main,12,True,False,random_5,r2,Mondrian-split-CP,0.9117647058823528,126.1171071428571,34,,False
B_bham_coarse,main,12,True,False,random_5,r4,Mondrian-split-CP,1.0,126.1171071428571,22,,False
B_bham_coarse,main,12,True,False,random_5,r1,Mondrian-split-CP,0.9411764705882352,126.1171071428571,17,,False
B_bham_coarse,main,12,True,False,random_5,r0,ACI,0.88,125.23984166666663,25,,False
B_bham_coarse,main,12,True,False,random_5,r3,ACI,0.945945945945946,132.0139045474046,37,,False
B_bham_coarse,main,12,True,False,random_5,r2,ACI,0.8235294117647058,134.7606014239029,34,,False
B_bham_coarse,main,12,True,False,random_5,r4,ACI,0.8636363636363636,128.6989525613276,22,,False
B_bham_coarse,main,12,True,False,random_5,r1,ACI,0.9411764705882352,129.8817107843137,17,,False
B_bham_coarse,main,12,True,False,random_5,r0,ToD-ACI,0.88,125.23984166666663,25,,False
B_bham_coarse,main,12,True,False,random_5,r3,ToD-ACI,0.945945945945946,132.0139045474046,37,,False
B_bham_coarse,main,12,True,False,random_5,r2,ToD-ACI,0.8235294117647058,134.7606014239029,34,,False
B_bham_coarse,main,12,True,False,random_5,r4,ToD-ACI,0.8636363636363636,128.6989525613276,22,,False
B_bham_coarse,main,12,True,False,random_5,r1,ToD-ACI,0.9411764705882352,129.8817107843137,17,,False
B_bham_coarse,main,12,True,False,time_of_day,midday,split-CP,0.9185185185185184,126.11710714285714,135,,False
B_bham_coarse,main,12,True,False,time_of_day,midday,Mondrian-split-CP,0.9185185185185184,126.11710714285714,135,,False
B_bham_coarse,main,12,True,False,time_of_day,midday,ACI,0.8888888888888888,130.64249628159905,135,,False
B_bham_coarse,main,12,True,False,time_of_day,midday,ToD-ACI,0.8888888888888888,130.64249628159905,135,,False
B_bham_coarse,main,12,True,False,(P14 control),one_group,ToD-ACI==ACI,1.0,,0,,False
B_bham_coarse,main,13,True,False,day_of_week,Wed,split-CP,1.0,87.1542539682539,19,,False
B_bham_coarse,main,13,True,False,day_of_week,Thu,split-CP,1.0,87.1542539682539,14,,False
B_bham_coarse,main,13,True,False,day_of_week,Fri,split-CP,1.0,87.1542539682539,18,,False
B_bham_coarse,main,13,True,False,day_of_week,Sat,split-CP,0.9473684210526316,87.1542539682539,19,,False
B_bham_coarse,main,13,True,False,day_of_week,Sun,split-CP,0.7647058823529411,87.1542539682539,17,,False
B_bham_coarse,main,13,True,False,day_of_week,Mon,split-CP,0.9411764705882352,87.1542539682539,17,,False
B_bham_coarse,main,13,True,False,day_of_week,Tue,split-CP,1.0,87.1542539682539,8,,False
B_bham_coarse,main,13,True,False,day_of_week,Wed,Mondrian-split-CP,1.0,87.1542539682539,19,,False
B_bham_coarse,main,13,True,False,day_of_week,Thu,Mondrian-split-CP,1.0,87.1542539682539,14,,False
B_bham_coarse,main,13,True,False,day_of_week,Fri,Mondrian-split-CP,1.0,87.1542539682539,18,,False
B_bham_coarse,main,13,True,False,day_of_week,Sat,Mondrian-split-CP,0.9473684210526316,87.1542539682539,19,,False
B_bham_coarse,main,13,True,False,day_of_week,Sun,Mondrian-split-CP,0.7647058823529411,87.1542539682539,17,,False
B_bham_coarse,main,13,True,False,day_of_week,Mon,Mondrian-split-CP,0.9411764705882352,87.1542539682539,17,,False
B_bham_coarse,main,13,True,False,day_of_week,Tue,Mondrian-split-CP,1.0,87.1542539682539,8,,False
B_bham_coarse,main,13,True,False,day_of_week,Wed,ACI,1.0,64.8822331871345,19,,False
B_bham_coarse,main,13,True,False,day_of_week,Thu,ACI,0.9285714285714286,47.85474589002266,14,,False
B_bham_coarse,main,13,True,False,day_of_week,Fri,ACI,0.8888888888888888,46.59787455908291,18,,False
B_bham_coarse,main,13,True,False,day_of_week,Sat,ACI,0.7368421052631579,74.70232027986633,19,,False
B_bham_coarse,main,13,True,False,day_of_week,Sun,ACI,0.8235294117647058,89.88984208683472,17,,False
B_bham_coarse,main,13,True,False,day_of_week,Mon,ACI,0.9411764705882352,88.0233323996265,17,,False
B_bham_coarse,main,13,True,False,day_of_week,Tue,ACI,1.0,67.15564310515873,8,,False
B_bham_coarse,main,13,True,False,day_of_week,Wed,ToD-ACI,1.0,64.8822331871345,19,,False
B_bham_coarse,main,13,True,False,day_of_week,Thu,ToD-ACI,0.9285714285714286,47.85474589002266,14,,False
B_bham_coarse,main,13,True,False,day_of_week,Fri,ToD-ACI,0.8888888888888888,46.59787455908291,18,,False
B_bham_coarse,main,13,True,False,day_of_week,Sat,ToD-ACI,0.7368421052631579,74.70232027986633,19,,False
B_bham_coarse,main,13,True,False,day_of_week,Sun,ToD-ACI,0.8235294117647058,89.88984208683472,17,,False
B_bham_coarse,main,13,True,False,day_of_week,Mon,ToD-ACI,0.9411764705882352,88.0233323996265,17,,False
B_bham_coarse,main,13,True,False,day_of_week,Tue,ToD-ACI,1.0,67.15564310515873,8,,False
B_bham_coarse,main,13,True,False,occupancy_tercile,high,split-CP,1.0,87.1542539682539,41,,False
B_bham_coarse,main,13,True,False,occupancy_tercile,mid,split-CP,0.96875,87.1542539682539,32,,False
B_bham_coarse,main,13,True,False,occupancy_tercile,low,split-CP,0.8717948717948718,87.15425396825394,39,,False
B_bham_coarse,main,13,True,False,occupancy_tercile,high,Mondrian-split-CP,1.0,87.1542539682539,41,,False
B_bham_coarse,main,13,True,False,occupancy_tercile,mid,Mondrian-split-CP,0.96875,87.1542539682539,32,,False
B_bham_coarse,main,13,True,False,occupancy_tercile,low,Mondrian-split-CP,0.8717948717948718,87.15425396825394,39,,False
B_bham_coarse,main,13,True,False,occupancy_tercile,high,ACI,1.0,66.55748243321717,41,,False
B_bham_coarse,main,13,True,False,occupancy_tercile,mid,ACI,0.90625,58.94909312996031,32,,False
B_bham_coarse,main,13,True,False,occupancy_tercile,low,ACI,0.7692307692307693,79.676309015059,39,,False
B_bham_coarse,main,13,True,False,occupancy_tercile,high,ToD-ACI,1.0,66.55748243321717,41,,False
B_bham_coarse,main,13,True,False,occupancy_tercile,mid,ToD-ACI,0.90625,58.94909312996031,32,,False
B_bham_coarse,main,13,True,False,occupancy_tercile,low,ToD-ACI,0.7692307692307693,79.676309015059,39,,False
B_bham_coarse,main,13,True,False,random_5,r0,split-CP,0.9,87.1542539682539,20,,False
B_bham_coarse,main,13,True,False,random_5,r3,split-CP,0.96875,87.1542539682539,32,,False
B_bham_coarse,main,13,True,False,random_5,r2,split-CP,1.0,87.1542539682539,23,,False
B_bham_coarse,main,13,True,False,random_5,r4,split-CP,0.9047619047619048,87.1542539682539,21,,False
B_bham_coarse,main,13,True,False,random_5,r1,split-CP,0.9375,87.1542539682539,16,,False
B_bham_coarse,main,13,True,False,random_5,r0,Mondrian-split-CP,0.9,87.1542539682539,20,,False
B_bham_coarse,main,13,True,False,random_5,r3,Mondrian-split-CP,0.96875,87.1542539682539,32,,False
B_bham_coarse,main,13,True,False,random_5,r2,Mondrian-split-CP,1.0,87.1542539682539,23,,False
B_bham_coarse,main,13,True,False,random_5,r4,Mondrian-split-CP,0.9047619047619048,87.1542539682539,21,,False
B_bham_coarse,main,13,True,False,random_5,r1,Mondrian-split-CP,0.9375,87.1542539682539,16,,False
B_bham_coarse,main,13,True,False,random_5,r0,ACI,0.75,67.89988392857141,20,,False
B_bham_coarse,main,13,True,False,random_5,r3,ACI,0.9375,74.00118266369047,32,,False
B_bham_coarse,main,13,True,False,random_5,r2,ACI,0.9130434782608696,59.67315441683918,23,,False
B_bham_coarse,main,13,True,False,random_5,r4,ACI,0.9047619047619048,71.59033210506426,21,,False
B_bham_coarse,main,13,True,False,random_5,r1,ACI,0.9375,70.04304761904764,16,,False
B_bham_coarse,main,13,True,False,random_5,r0,ToD-ACI,0.75,67.89988392857141,20,,False
B_bham_coarse,main,13,True,False,random_5,r3,ToD-ACI,0.9375,74.00118266369047,32,,False
B_bham_coarse,main,13,True,False,random_5,r2,ToD-ACI,0.9130434782608696,59.67315441683918,23,,False
B_bham_coarse,main,13,True,False,random_5,r4,ToD-ACI,0.9047619047619048,71.59033210506426,21,,False
B_bham_coarse,main,13,True,False,random_5,r1,ToD-ACI,0.9375,70.04304761904764,16,,False
B_bham_coarse,main,13,True,False,time_of_day,midday,split-CP,0.9464285714285714,87.1542539682539,112,,False
B_bham_coarse,main,13,True,False,time_of_day,midday,Mondrian-split-CP,0.9464285714285714,87.1542539682539,112,,False
B_bham_coarse,main,13,True,False,time_of_day,midday,ACI,0.8928571428571429,68.95181974560657,112,,False
B_bham_coarse,main,13,True,False,time_of_day,midday,ToD-ACI,0.8928571428571429,68.95181974560657,112,,False
B_bham_coarse,main,13,True,False,(P14 control),one_group,ToD-ACI==ACI,1.0,,0,,False
B_bham_coarse,main,14,True,False,day_of_week,Mon,split-CP,1.0,38.37450000000001,25,,False
B_bham_coarse,main,14,True,False,day_of_week,Tue,split-CP,0.9411764705882352,38.37450000000002,17,,False
B_bham_coarse,main,14,True,False,day_of_week,Wed,split-CP,0.8421052631578947,38.37450000000001,19,,False
B_bham_coarse,main,14,True,False,day_of_week,Thu,split-CP,1.0,38.37450000000001,20,,False
B_bham_coarse,main,14,True,False,day_of_week,Fri,split-CP,1.0,38.37450000000001,18,,False
B_bham_coarse,main,14,True,False,day_of_week,Sat,split-CP,0.6,38.37450000000001,10,,False
B_bham_coarse,main,14,True,False,day_of_week,Sun,split-CP,0.5,38.37450000000001,6,,False
B_bham_coarse,main,14,True,False,day_of_week,Mon,Mondrian-split-CP,1.0,38.37450000000001,25,,False
B_bham_coarse,main,14,True,False,day_of_week,Tue,Mondrian-split-CP,0.9411764705882352,38.37450000000002,17,,False
B_bham_coarse,main,14,True,False,day_of_week,Wed,Mondrian-split-CP,0.8421052631578947,38.37450000000001,19,,False
B_bham_coarse,main,14,True,False,day_of_week,Thu,Mondrian-split-CP,1.0,38.37450000000001,20,,False
B_bham_coarse,main,14,True,False,day_of_week,Fri,Mondrian-split-CP,1.0,38.37450000000001,18,,False
B_bham_coarse,main,14,True,False,day_of_week,Sat,Mondrian-split-CP,0.6,38.37450000000001,10,,False
B_bham_coarse,main,14,True,False,day_of_week,Sun,Mondrian-split-CP,0.5,38.37450000000001,6,,False
B_bham_coarse,main,14,True,False,day_of_week,Mon,ACI,1.0,35.79164544011547,25,,False
B_bham_coarse,main,14,True,False,day_of_week,Tue,ACI,0.9411764705882352,35.32917592946272,17,,False
B_bham_coarse,main,14,True,False,day_of_week,Wed,ACI,0.8421052631578947,35.82600955039117,19,,False
B_bham_coarse,main,14,True,False,day_of_week,Thu,ACI,0.95,35.97269057539684,20,,False
B_bham_coarse,main,14,True,False,day_of_week,Fri,ACI,1.0,32.91505257936507,18,,False
B_bham_coarse,main,14,True,False,day_of_week,Sat,ACI,0.6,32.411911904761894,10,,False
B_bham_coarse,main,14,True,False,day_of_week,Sun,ACI,0.5,33.103330357142816,6,,False
B_bham_coarse,main,14,True,False,day_of_week,Mon,ToD-ACI,1.0,35.79164544011547,25,,False
B_bham_coarse,main,14,True,False,day_of_week,Tue,ToD-ACI,0.9411764705882352,35.32917592946272,17,,False
B_bham_coarse,main,14,True,False,day_of_week,Wed,ToD-ACI,0.8421052631578947,35.82600955039117,19,,False
B_bham_coarse,main,14,True,False,day_of_week,Thu,ToD-ACI,0.95,35.97269057539684,20,,False
B_bham_coarse,main,14,True,False,day_of_week,Fri,ToD-ACI,1.0,32.91505257936507,18,,False
B_bham_coarse,main,14,True,False,day_of_week,Sat,ToD-ACI,0.6,32.411911904761894,10,,False
B_bham_coarse,main,14,True,False,day_of_week,Sun,ToD-ACI,0.5,33.103330357142816,6,,False
B_bham_coarse,main,14,True,False,occupancy_tercile,mid,split-CP,0.9285714285714286,38.37450000000001,56,,False
B_bham_coarse,main,14,True,False,occupancy_tercile,high,split-CP,1.0,38.37450000000002,14,,False
B_bham_coarse,main,14,True,False,occupancy_tercile,low,split-CP,0.8444444444444444,38.3745,45,,False
B_bham_coarse,main,14,True,False,occupancy_tercile,mid,Mondrian-split-CP,0.9285714285714286,38.37450000000001,56,,False
B_bham_coarse,main,14,True,False,occupancy_tercile,high,Mondrian-split-CP,1.0,38.37450000000002,14,,False
B_bham_coarse,main,14,True,False,occupancy_tercile,low,Mondrian-split-CP,0.8444444444444444,38.3745,45,,False
B_bham_coarse,main,14,True,False,occupancy_tercile,mid,ACI,0.9107142857142856,35.66300346578027,56,,False
B_bham_coarse,main,14,True,False,occupancy_tercile,high,ACI,1.0,35.65128259637193,14,,False
B_bham_coarse,main,14,True,False,occupancy_tercile,low,ACI,0.8444444444444444,33.655533710117034,45,,False
B_bham_coarse,main,14,True,False,occupancy_tercile,mid,ToD-ACI,0.9107142857142856,35.66300346578027,56,,False
B_bham_coarse,main,14,True,False,occupancy_tercile,high,ToD-ACI,1.0,35.65128259637193,14,,False
B_bham_coarse,main,14,True,False,occupancy_tercile,low,ToD-ACI,0.8444444444444444,33.655533710117034,45,,False
B_bham_coarse,main,14,True,False,random_5,r0,split-CP,0.85,38.37450000000001,20,,False
B_bham_coarse,main,14,True,False,random_5,r3,split-CP,0.875,38.37450000000001,32,,False
B_bham_coarse,main,14,True,False,random_5,r2,split-CP,0.9230769230769232,38.37450000000002,26,,False
B_bham_coarse,main,14,True,False,random_5,r4,split-CP,1.0,38.37450000000001,21,,False
B_bham_coarse,main,14,True,False,random_5,r1,split-CP,0.875,38.37450000000001,16,,False
B_bham_coarse,main,14,True,False,random_5,r0,Mondrian-split-CP,0.85,38.37450000000001,20,,False
B_bham_coarse,main,14,True,False,random_5,r3,Mondrian-split-CP,0.875,38.37450000000001,32,,False
B_bham_coarse,main,14,True,False,random_5,r2,Mondrian-split-CP,0.9230769230769232,38.37450000000002,26,,False
B_bham_coarse,main,14,True,False,random_5,r4,Mondrian-split-CP,1.0,38.37450000000001,21,,False
B_bham_coarse,main,14,True,False,random_5,r1,Mondrian-split-CP,0.875,38.37450000000001,16,,False
B_bham_coarse,main,14,True,False,random_5,r0,ACI,0.8,34.62049259559885,20,,False
B_bham_coarse,main,14,True,False,random_5,r3,ACI,0.875,34.90070716089467,32,,False
B_bham_coarse,main,14,True,False,random_5,r2,ACI,0.9230769230769232,35.930284583472115,26,,False
B_bham_coarse,main,14,True,False,random_5,r4,ACI,1.0,34.38788571085,21,,False
B_bham_coarse,main,14,True,False,random_5,r1,ACI,0.875,34.07373045183984,16,,False
B_bham_coarse,main,14,True,False,random_5,r0,ToD-ACI,0.8,34.62049259559885,20,,False
B_bham_coarse,main,14,True,False,random_5,r3,ToD-ACI,0.875,34.90070716089467,32,,False
B_bham_coarse,main,14,True,False,random_5,r2,ToD-ACI,0.9230769230769232,35.930284583472115,26,,False
B_bham_coarse,main,14,True,False,random_5,r4,ToD-ACI,1.0,34.38788571085,21,,False
B_bham_coarse,main,14,True,False,random_5,r1,ToD-ACI,0.875,34.07373045183984,16,,False
B_bham_coarse,main,14,True,False,time_of_day,midday,split-CP,0.9043478260869564,38.37450000000001,115,,False
B_bham_coarse,main,14,True,False,time_of_day,midday,Mondrian-split-CP,0.9043478260869564,38.37450000000001,115,,False
B_bham_coarse,main,14,True,False,time_of_day,midday,ACI,0.8956521739130435,34.87604493381017,115,,False
B_bham_coarse,main,14,True,False,time_of_day,midday,ToD-ACI,0.8956521739130435,34.87604493381017,115,,False
B_bham_coarse,main,14,True,False,(P14 control),one_group,ToD-ACI==ACI,1.0,,0,,False
B_bham_coarse,main,15,True,False,day_of_week,Mon,split-CP,0.9615384615384616,44.990833333333335,26,,False
B_bham_coarse,main,15,True,False,day_of_week,Tue,split-CP,0.9411764705882352,44.990833333333335,17,,False
B_bham_coarse,main,15,True,False,day_of_week,Wed,split-CP,0.75,44.99083333333332,20,,False
B_bham_coarse,main,15,True,False,day_of_week,Thu,split-CP,1.0,44.99083333333333,20,,False
B_bham_coarse,main,15,True,False,day_of_week,Fri,split-CP,0.8333333333333334,44.99083333333334,18,,False
B_bham_coarse,main,15,True,False,day_of_week,Sat,split-CP,0.4210526315789473,44.99083333333334,19,,False
B_bham_coarse,main,15,True,False,day_of_week,Sun,split-CP,0.6470588235294118,44.99083333333334,17,,False
B_bham_coarse,main,15,True,False,day_of_week,Mon,Mondrian-split-CP,0.9615384615384616,44.990833333333335,26,,False
B_bham_coarse,main,15,True,False,day_of_week,Tue,Mondrian-split-CP,0.9411764705882352,44.990833333333335,17,,False
B_bham_coarse,main,15,True,False,day_of_week,Wed,Mondrian-split-CP,0.75,44.99083333333332,20,,False
B_bham_coarse,main,15,True,False,day_of_week,Thu,Mondrian-split-CP,1.0,44.99083333333333,20,,False
B_bham_coarse,main,15,True,False,day_of_week,Fri,Mondrian-split-CP,0.8333333333333334,44.99083333333334,18,,False
B_bham_coarse,main,15,True,False,day_of_week,Sat,Mondrian-split-CP,0.4210526315789473,44.99083333333334,19,,False
B_bham_coarse,main,15,True,False,day_of_week,Sun,Mondrian-split-CP,0.6470588235294118,44.99083333333334,17,,False
B_bham_coarse,main,15,True,False,day_of_week,Mon,ACI,0.9615384615384616,62.30834758083797,26,,False
B_bham_coarse,main,15,True,False,day_of_week,Tue,ACI,0.8823529411764706,43.48803310415074,17,,False
B_bham_coarse,main,15,True,False,day_of_week,Wed,ACI,0.8,54.48617983405482,20,,False
B_bham_coarse,main,15,True,False,day_of_week,Thu,ACI,1.0,62.510199408230655,20,,False
B_bham_coarse,main,15,True,False,day_of_week,Fri,ACI,0.8333333333333334,36.56532217011384,18,,False
B_bham_coarse,main,15,True,False,day_of_week,Sat,ACI,0.7368421052631579,82.04069406835856,19,,False
B_bham_coarse,main,15,True,False,day_of_week,Sun,ACI,0.8235294117647058,85.16603745111101,17,,False
B_bham_coarse,main,15,True,False,day_of_week,Mon,ToD-ACI,0.9615384615384616,62.30834758083797,26,,False
B_bham_coarse,main,15,True,False,day_of_week,Tue,ToD-ACI,0.8823529411764706,43.48803310415074,17,,False
B_bham_coarse,main,15,True,False,day_of_week,Wed,ToD-ACI,0.8,54.48617983405482,20,,False
B_bham_coarse,main,15,True,False,day_of_week,Thu,ToD-ACI,1.0,62.510199408230655,20,,False
B_bham_coarse,main,15,True,False,day_of_week,Fri,ToD-ACI,0.8333333333333334,36.56532217011384,18,,False
B_bham_coarse,main,15,True,False,day_of_week,Sat,ToD-ACI,0.7368421052631579,82.04069406835856,19,,False
B_bham_coarse,main,15,True,False,day_of_week,Sun,ToD-ACI,0.8235294117647058,85.16603745111101,17,,False
B_bham_coarse,main,15,True,False,occupancy_tercile,low,split-CP,0.7878787878787878,44.99083333333334,99,,False
B_bham_coarse,main,15,True,False,occupancy_tercile,mid,split-CP,0.7916666666666666,44.99083333333332,24,,False
B_bham_coarse,main,15,True,False,occupancy_tercile,high,split-CP,0.9285714285714286,44.99083333333332,14,,False
B_bham_coarse,main,15,True,False,occupancy_tercile,low,Mondrian-split-CP,0.7878787878787878,44.99083333333334,99,,False
B_bham_coarse,main,15,True,False,occupancy_tercile,mid,Mondrian-split-CP,0.7916666666666666,44.99083333333332,24,,False
B_bham_coarse,main,15,True,False,occupancy_tercile,high,Mondrian-split-CP,0.9285714285714286,44.99083333333332,14,,False
B_bham_coarse,main,15,True,False,occupancy_tercile,low,ACI,0.8585858585858586,57.89159957396699,99,,False
B_bham_coarse,main,15,True,False,occupancy_tercile,mid,ACI,0.9166666666666666,66.8043493167712,24,,False
B_bham_coarse,main,15,True,False,occupancy_tercile,high,ACI,0.8571428571428571,73.53143330875476,14,,False
B_bham_coarse,main,15,True,False,occupancy_tercile,low,ToD-ACI,0.8585858585858586,57.89159957396699,99,,False
B_bham_coarse,main,15,True,False,occupancy_tercile,mid,ToD-ACI,0.9166666666666666,66.8043493167712,24,,False
B_bham_coarse,main,15,True,False,occupancy_tercile,high,ToD-ACI,0.8571428571428571,73.53143330875476,14,,False
B_bham_coarse,main,15,True,False,random_5,r0,split-CP,0.88,44.99083333333332,25,,False
B_bham_coarse,main,15,True,False,random_5,r3,split-CP,0.631578947368421,44.990833333333335,38,,False
B_bham_coarse,main,15,True,False,random_5,r2,split-CP,0.8529411764705882,44.99083333333334,34,,False
B_bham_coarse,main,15,True,False,random_5,r4,split-CP,0.9090909090909092,44.99083333333333,22,,False
B_bham_coarse,main,15,True,False,random_5,r1,split-CP,0.8333333333333334,44.990833333333335,18,,False
B_bham_coarse,main,15,True,False,random_5,r0,Mondrian-split-CP,0.88,44.99083333333332,25,,False
B_bham_coarse,main,15,True,False,random_5,r3,Mondrian-split-CP,0.631578947368421,44.990833333333335,38,,False
B_bham_coarse,main,15,True,False,random_5,r2,Mondrian-split-CP,0.8529411764705882,44.99083333333334,34,,False
B_bham_coarse,main,15,True,False,random_5,r4,Mondrian-split-CP,0.9090909090909092,44.99083333333333,22,,False
B_bham_coarse,main,15,True,False,random_5,r1,Mondrian-split-CP,0.8333333333333334,44.990833333333335,18,,False
B_bham_coarse,main,15,True,False,random_5,r0,ACI,0.92,60.24575670995672,25,,False
B_bham_coarse,main,15,True,False,random_5,r3,ACI,0.7368421052631579,54.857002781940295,38,,False
B_bham_coarse,main,15,True,False,random_5,r2,ACI,0.9117647058823528,67.75149705931324,34,,False
B_bham_coarse,main,15,True,False,random_5,r4,ACI,0.9090909090909092,56.556217434081056,22,,False
B_bham_coarse,main,15,True,False,random_5,r1,ACI,0.9444444444444444,68.08417226215145,18,,False
B_bham_coarse,main,15,True,False,random_5,r0,ToD-ACI,0.92,60.24575670995672,25,,False
B_bham_coarse,main,15,True,False,random_5,r3,ToD-ACI,0.7368421052631579,54.857002781940295,38,,False
B_bham_coarse,main,15,True,False,random_5,r2,ToD-ACI,0.9117647058823528,67.75149705931324,34,,False
B_bham_coarse,main,15,True,False,random_5,r4,ToD-ACI,0.9090909090909092,56.556217434081056,22,,False
B_bham_coarse,main,15,True,False,random_5,r1,ToD-ACI,0.9444444444444444,68.08417226215145,18,,False
B_bham_coarse,main,15,True,False,time_of_day,midday,split-CP,0.8029197080291971,44.990833333333335,137,,False
B_bham_coarse,main,15,True,False,time_of_day,midday,Mondrian-split-CP,0.8029197080291971,44.990833333333335,137,,False
B_bham_coarse,main,15,True,False,time_of_day,midday,ACI,0.8686131386861314,61.051188377721225,137,,False
B_bham_coarse,main,15,True,False,time_of_day,midday,ToD-ACI,0.8686131386861314,61.051188377721225,137,,False
B_bham_coarse,main,15,True,False,(P14 control),one_group,ToD-ACI==ACI,1.0,,0,,False
B_bham_coarse,main,16,True,False,day_of_week,Mon,split-CP,0.7692307692307693,63.55884920634925,26,,False
B_bham_coarse,main,16,True,False,day_of_week,Tue,split-CP,1.0,63.55884920634924,18,,False
B_bham_coarse,main,16,True,False,day_of_week,Wed,split-CP,1.0,63.55884920634926,19,,False
B_bham_coarse,main,16,True,False,day_of_week,Thu,split-CP,1.0,63.55884920634924,18,,False
B_bham_coarse,main,16,True,False,day_of_week,Fri,split-CP,0.9444444444444444,63.55884920634924,18,,False
B_bham_coarse,main,16,True,False,day_of_week,Sat,split-CP,1.0,63.55884920634926,19,,False
B_bham_coarse,main,16,True,False,day_of_week,Sun,split-CP,0.7857142857142857,63.55884920634924,14,,False
B_bham_coarse,main,16,True,False,day_of_week,Mon,Mondrian-split-CP,0.7692307692307693,63.55884920634925,26,,False
B_bham_coarse,main,16,True,False,day_of_week,Tue,Mondrian-split-CP,1.0,63.55884920634924,18,,False
B_bham_coarse,main,16,True,False,day_of_week,Wed,Mondrian-split-CP,1.0,63.55884920634926,19,,False
B_bham_coarse,main,16,True,False,day_of_week,Thu,Mondrian-split-CP,1.0,63.55884920634924,18,,False
B_bham_coarse,main,16,True,False,day_of_week,Fri,Mondrian-split-CP,0.9444444444444444,63.55884920634924,18,,False
B_bham_coarse,main,16,True,False,day_of_week,Sat,Mondrian-split-CP,1.0,63.55884920634926,19,,False
B_bham_coarse,main,16,True,False,day_of_week,Sun,Mondrian-split-CP,0.7857142857142857,63.55884920634924,14,,False
B_bham_coarse,main,16,True,False,day_of_week,Mon,ACI,0.7692307692307693,62.09624374236873,26,,False
B_bham_coarse,main,16,True,False,day_of_week,Tue,ACI,1.0,66.2105256834215,18,,False
B_bham_coarse,main,16,True,False,day_of_week,Wed,ACI,1.0,65.55833949456974,19,,False
B_bham_coarse,main,16,True,False,day_of_week,Thu,ACI,1.0,58.71322145061728,18,,False
B_bham_coarse,main,16,True,False,day_of_week,Fri,ACI,0.9444444444444444,54.03440432098765,18,,False
B_bham_coarse,main,16,True,False,day_of_week,Sat,ACI,1.0,54.98298987050961,19,,False
B_bham_coarse,main,16,True,False,day_of_week,Sun,ACI,0.7857142857142857,58.60856505102041,14,,False
B_bham_coarse,main,16,True,False,day_of_week,Mon,ToD-ACI,0.7692307692307693,62.09624374236873,26,,False
B_bham_coarse,main,16,True,False,day_of_week,Tue,ToD-ACI,1.0,66.2105256834215,18,,False
B_bham_coarse,main,16,True,False,day_of_week,Wed,ToD-ACI,1.0,65.55833949456974,19,,False
B_bham_coarse,main,16,True,False,day_of_week,Thu,ToD-ACI,1.0,58.71322145061728,18,,False
B_bham_coarse,main,16,True,False,day_of_week,Fri,ToD-ACI,0.9444444444444444,54.03440432098765,18,,False
B_bham_coarse,main,16,True,False,day_of_week,Sat,ToD-ACI,1.0,54.98298987050961,19,,False
B_bham_coarse,main,16,True,False,day_of_week,Sun,ToD-ACI,0.7857142857142857,58.60856505102041,14,,False
B_bham_coarse,main,16,True,False,occupancy_tercile,mid,split-CP,0.9,63.55884920634924,10,,False
B_bham_coarse,main,16,True,False,occupancy_tercile,high,split-CP,0.925,63.55884920634924,120,,False
B_bham_coarse,main,16,True,False,occupancy_tercile,low,split-CP,1.0,63.55884920634924,2,,False
B_bham_coarse,main,16,True,False,occupancy_tercile,mid,Mondrian-split-CP,0.9,63.55884920634924,10,,False
B_bham_coarse,main,16,True,False,occupancy_tercile,high,Mondrian-split-CP,0.925,63.55884920634924,120,,False
B_bham_coarse,main,16,True,False,occupancy_tercile,low,Mondrian-split-CP,1.0,63.55884920634924,2,,False
B_bham_coarse,main,16,True,False,occupancy_tercile,mid,ACI,0.9,63.80535238095238,10,,False
B_bham_coarse,main,16,True,False,occupancy_tercile,high,ACI,0.925,59.80479350198413,120,,False
B_bham_coarse,main,16,True,False,occupancy_tercile,low,ACI,1.0,65.96274404761903,2,,False
B_bham_coarse,main,16,True,False,occupancy_tercile,mid,ToD-ACI,0.9,63.80535238095238,10,,False
B_bham_coarse,main,16,True,False,occupancy_tercile,high,ToD-ACI,0.925,59.80479350198413,120,,False
B_bham_coarse,main,16,True,False,occupancy_tercile,low,ToD-ACI,1.0,65.96274404761903,2,,False
B_bham_coarse,main,16,True,False,random_5,r0,split-CP,0.875,63.55884920634924,24,,False
B_bham_coarse,main,16,True,False,random_5,r3,split-CP,0.9722222222222222,63.55884920634925,36,,False
B_bham_coarse,main,16,True,False,random_5,r2,split-CP,0.8787878787878788,63.55884920634924,33,,False
B_bham_coarse,main,16,True,False,random_5,r4,split-CP,0.9545454545454546,63.55884920634927,22,,False
B_bham_coarse,main,16,True,False,random_5,r1,split-CP,0.9411764705882352,63.55884920634925,17,,False
B_bham_coarse,main,16,True,False,random_5,r0,Mondrian-split-CP,0.875,63.55884920634924,24,,False
B_bham_coarse,main,16,True,False,random_5,r3,Mondrian-split-CP,0.9722222222222222,63.55884920634925,36,,False
B_bham_coarse,main,16,True,False,random_5,r2,Mondrian-split-CP,0.8787878787878788,63.55884920634924,33,,False
B_bham_coarse,main,16,True,False,random_5,r4,Mondrian-split-CP,0.9545454545454546,63.55884920634927,22,,False
B_bham_coarse,main,16,True,False,random_5,r1,Mondrian-split-CP,0.9411764705882352,63.55884920634925,17,,False
B_bham_coarse,main,16,True,False,random_5,r0,ACI,0.875,59.67614062499999,24,,False
B_bham_coarse,main,16,True,False,random_5,r3,ACI,0.9722222222222222,59.9442227733686,36,,False
B_bham_coarse,main,16,True,False,random_5,r2,ACI,0.8787878787878788,60.51200715488215,33,,False
B_bham_coarse,main,16,True,False,random_5,r4,ACI,0.9545454545454546,60.56550387806637,22,,False
B_bham_coarse,main,16,True,False,random_5,r1,ACI,0.9411764705882352,60.411618580765634,17,,False
B_bham_coarse,main,16,True,False,random_5,r0,ToD-ACI,0.875,59.67614062499999,24,,False
B_bham_coarse,main,16,True,False,random_5,r3,ToD-ACI,0.9722222222222222,59.9442227733686,36,,False
B_bham_coarse,main,16,True,False,random_5,r2,ToD-ACI,0.8787878787878788,60.51200715488215,33,,False
B_bham_coarse,main,16,True,False,random_5,r4,ToD-ACI,0.9545454545454546,60.56550387806637,22,,False
B_bham_coarse,main,16,True,False,random_5,r1,ToD-ACI,0.9411764705882352,60.411618580765634,17,,False
B_bham_coarse,main,16,True,False,time_of_day,midday,split-CP,0.9242424242424242,63.55884920634923,132,,False
B_bham_coarse,main,16,True,False,time_of_day,midday,Mondrian-split-CP,0.9242424242424242,63.55884920634923,132,,False
B_bham_coarse,main,16,True,False,time_of_day,midday,ACI,0.9242424242424242,60.201168425324674,132,,False
B_bham_coarse,main,16,True,False,time_of_day,midday,ToD-ACI,0.9242424242424242,60.201168425324674,132,,False
B_bham_coarse,main,16,True,False,(P14 control),one_group,ToD-ACI==ACI,1.0,,0,,False
B_bham_coarse,main,17,True,False,day_of_week,Mon,split-CP,1.0,34.51123809523802,25,,False
B_bham_coarse,main,17,True,False,day_of_week,Tue,split-CP,0.8823529411764706,34.511238095238014,17,,False
B_bham_coarse,main,17,True,False,day_of_week,Wed,split-CP,0.8947368421052632,34.511238095238014,19,,False
B_bham_coarse,main,17,True,False,day_of_week,Thu,split-CP,1.0,34.511238095238014,20,,False
B_bham_coarse,main,17,True,False,day_of_week,Fri,split-CP,0.8888888888888888,34.511238095238014,18,,False
B_bham_coarse,main,17,True,False,day_of_week,Sun,split-CP,0.9444444444444444,34.511238095238014,18,,False
B_bham_coarse,main,17,True,False,day_of_week,Mon,Mondrian-split-CP,1.0,34.51123809523802,25,,False
B_bham_coarse,main,17,True,False,day_of_week,Tue,Mondrian-split-CP,0.8823529411764706,34.511238095238014,17,,False
B_bham_coarse,main,17,True,False,day_of_week,Wed,Mondrian-split-CP,0.8947368421052632,34.511238095238014,19,,False
B_bham_coarse,main,17,True,False,day_of_week,Thu,Mondrian-split-CP,1.0,34.511238095238014,20,,False
B_bham_coarse,main,17,True,False,day_of_week,Fri,Mondrian-split-CP,0.8888888888888888,34.511238095238014,18,,False
B_bham_coarse,main,17,True,False,day_of_week,Sun,Mondrian-split-CP,0.9444444444444444,34.511238095238014,18,,False
B_bham_coarse,main,17,True,False,day_of_week,Mon,ACI,0.84,32.28607896825397,25,,False
B_bham_coarse,main,17,True,False,day_of_week,Tue,ACI,0.8823529411764706,31.75228688141921,17,,False
B_bham_coarse,main,17,True,False,day_of_week,Wed,ACI,0.8421052631578947,39.44111998746865,19,,False
B_bham_coarse,main,17,True,False,day_of_week,Thu,ACI,0.9,31.77488521825397,20,,False
B_bham_coarse,main,17,True,False,day_of_week,Fri,ACI,0.8333333333333334,38.3186975308642,18,,False
B_bham_coarse,main,17,True,False,day_of_week,Sun,ACI,1.0,33.03357561728396,18,,False
B_bham_coarse,main,17,True,False,day_of_week,Mon,ToD-ACI,0.84,32.28607896825397,25,,False
B_bham_coarse,main,17,True,False,day_of_week,Tue,ToD-ACI,0.8823529411764706,31.75228688141921,17,,False
B_bham_coarse,main,17,True,False,day_of_week,Wed,ToD-ACI,0.8421052631578947,39.44111998746865,19,,False
B_bham_coarse,main,17,True,False,day_of_week,Thu,ToD-ACI,0.9,31.77488521825397,20,,False
B_bham_coarse,main,17,True,False,day_of_week,Fri,ToD-ACI,0.8333333333333334,38.3186975308642,18,,False
B_bham_coarse,main,17,True,False,day_of_week,Sun,ToD-ACI,1.0,33.03357561728396,18,,False
B_bham_coarse,main,17,True,False,occupancy_tercile,high,split-CP,0.9310344827586208,34.511238095238014,58,,False
B_bham_coarse,main,17,True,False,occupancy_tercile,mid,split-CP,0.96875,34.511238095238014,32,,False
B_bham_coarse,main,17,True,False,occupancy_tercile,low,split-CP,0.925925925925926,34.511238095238014,27,,False
B_bham_coarse,main,17,True,False,occupancy_tercile,high,Mondrian-split-CP,0.9310344827586208,34.511238095238014,58,,False
B_bham_coarse,main,17,True,False,occupancy_tercile,mid,Mondrian-split-CP,0.96875,34.511238095238014,32,,False
B_bham_coarse,main,17,True,False,occupancy_tercile,low,Mondrian-split-CP,0.925925925925926,34.511238095238014,27,,False
B_bham_coarse,main,17,True,False,occupancy_tercile,high,ACI,0.896551724137931,32.68656698139024,58,,False
B_bham_coarse,main,17,True,False,occupancy_tercile,mid,ACI,0.78125,35.248652715773815,32,,False
B_bham_coarse,main,17,True,False,occupancy_tercile,low,ACI,0.9629629629629628,36.75492519106409,27,,False
B_bham_coarse,main,17,True,False,occupancy_tercile,high,ToD-ACI,0.896551724137931,32.68656698139024,58,,False
B_bham_coarse,main,17,True,False,occupancy_tercile,mid,ToD-ACI,0.78125,35.248652715773815,32,,False
B_bham_coarse,main,17,True,False,occupancy_tercile,low,ToD-ACI,0.9629629629629628,36.75492519106409,27,,False
B_bham_coarse,main,17,True,False,random_5,r0,split-CP,1.0,34.511238095238014,21,,False
B_bham_coarse,main,17,True,False,random_5,r3,split-CP,0.90625,34.511238095238014,32,,False
B_bham_coarse,main,17,True,False,random_5,r2,split-CP,0.925925925925926,34.511238095238014,27,,False
B_bham_coarse,main,17,True,False,random_5,r4,split-CP,0.9523809523809524,34.511238095238014,21,,False
B_bham_coarse,main,17,True,False,random_5,r1,split-CP,0.9375,34.511238095238014,16,,False
B_bham_coarse,main,17,True,False,random_5,r0,Mondrian-split-CP,1.0,34.511238095238014,21,,False
B_bham_coarse,main,17,True,False,random_5,r3,Mondrian-split-CP,0.90625,34.511238095238014,32,,False
B_bham_coarse,main,17,True,False,random_5,r2,Mondrian-split-CP,0.925925925925926,34.511238095238014,27,,False
B_bham_coarse,main,17,True,False,random_5,r4,Mondrian-split-CP,0.9523809523809524,34.511238095238014,21,,False
B_bham_coarse,main,17,True,False,random_5,r1,Mondrian-split-CP,0.9375,34.511238095238014,16,,False
B_bham_coarse,main,17,True,False,random_5,r0,ACI,0.9047619047619048,32.681052154195,21,,False
B_bham_coarse,main,17,True,False,random_5,r3,ACI,0.84375,33.07654966517859,32,,False
B_bham_coarse,main,17,True,False,random_5,r2,ACI,0.8518518518518519,34.48497721928276,27,,False
B_bham_coarse,main,17,True,False,random_5,r4,ACI,0.9523809523809524,36.79309108087678,21,,False
B_bham_coarse,main,17,True,False,random_5,r1,ACI,0.875,35.47873561507937,16,,False
B_bham_coarse,main,17,True,False,random_5,r0,ToD-ACI,0.9047619047619048,32.681052154195,21,,False
B_bham_coarse,main,17,True,False,random_5,r3,ToD-ACI,0.84375,33.07654966517859,32,,False
B_bham_coarse,main,17,True,False,random_5,r2,ToD-ACI,0.8518518518518519,34.48497721928276,27,,False
B_bham_coarse,main,17,True,False,random_5,r4,ToD-ACI,0.9523809523809524,36.79309108087678,21,,False
B_bham_coarse,main,17,True,False,random_5,r1,ToD-ACI,0.875,35.47873561507937,16,,False
B_bham_coarse,main,17,True,False,time_of_day,midday,split-CP,0.9401709401709402,34.51123809523801,117,,False
B_bham_coarse,main,17,True,False,time_of_day,midday,Mondrian-split-CP,0.9401709401709402,34.51123809523801,117,,False
B_bham_coarse,main,17,True,False,time_of_day,midday,ACI,0.8803418803418803,34.32616027336861,117,,False
B_bham_coarse,main,17,True,False,time_of_day,midday,ToD-ACI,0.8803418803418803,34.32616027336861,117,,False
B_bham_coarse,main,17,True,False,(P14 control),one_group,ToD-ACI==ACI,1.0,,0,,False
B_bham_coarse,main,18,True,False,day_of_week,Mon,split-CP,1.0,64.34268452380957,25,,False
B_bham_coarse,main,18,True,False,day_of_week,Tue,split-CP,1.0,64.34268452380957,17,,False
B_bham_coarse,main,18,True,False,day_of_week,Wed,split-CP,0.9473684210526316,64.34268452380957,19,,False
B_bham_coarse,main,18,True,False,day_of_week,Thu,split-CP,1.0,64.34268452380957,20,,False
B_bham_coarse,main,18,True,False,day_of_week,Fri,split-CP,1.0,64.34268452380957,18,,False
B_bham_coarse,main,18,True,False,day_of_week,Sat,split-CP,0.9473684210526316,64.34268452380957,19,,False
B_bham_coarse,main,18,True,False,day_of_week,Sun,split-CP,0.8235294117647058,64.34268452380957,17,,False
B_bham_coarse,main,18,True,False,day_of_week,Mon,Mondrian-split-CP,1.0,64.34268452380957,25,,False
B_bham_coarse,main,18,True,False,day_of_week,Tue,Mondrian-split-CP,1.0,64.34268452380957,17,,False
B_bham_coarse,main,18,True,False,day_of_week,Wed,Mondrian-split-CP,0.9473684210526316,64.34268452380957,19,,False
B_bham_coarse,main,18,True,False,day_of_week,Thu,Mondrian-split-CP,1.0,64.34268452380957,20,,False
B_bham_coarse,main,18,True,False,day_of_week,Fri,Mondrian-split-CP,1.0,64.34268452380957,18,,False
B_bham_coarse,main,18,True,False,day_of_week,Sat,Mondrian-split-CP,0.9473684210526316,64.34268452380957,19,,False
B_bham_coarse,main,18,True,False,day_of_week,Sun,Mondrian-split-CP,0.8235294117647058,64.34268452380957,17,,False
B_bham_coarse,main,18,True,False,day_of_week,Mon,ACI,1.0,50.46044507936514,25,,False
B_bham_coarse,main,18,True,False,day_of_week,Tue,ACI,1.0,50.58644152661065,17,,False
B_bham_coarse,main,18,True,False,day_of_week,Wed,ACI,0.7368421052631579,49.99636121553883,19,,False
B_bham_coarse,main,18,True,False,day_of_week,Thu,ACI,0.9,47.08911488095234,20,,False
B_bham_coarse,main,18,True,False,day_of_week,Fri,ACI,0.8888888888888888,43.86115652557318,18,,False
B_bham_coarse,main,18,True,False,day_of_week,Sat,ACI,0.8947368421052632,43.42249603174605,19,,False
B_bham_coarse,main,18,True,False,day_of_week,Sun,ACI,0.8235294117647058,45.28880088702155,17,,False
B_bham_coarse,main,18,True,False,day_of_week,Mon,ToD-ACI,1.0,50.46044507936514,25,,False
B_bham_coarse,main,18,True,False,day_of_week,Tue,ToD-ACI,1.0,50.58644152661065,17,,False
B_bham_coarse,main,18,True,False,day_of_week,Wed,ToD-ACI,0.7368421052631579,49.99636121553883,19,,False
B_bham_coarse,main,18,True,False,day_of_week,Thu,ToD-ACI,0.9,47.08911488095234,20,,False
B_bham_coarse,main,18,True,False,day_of_week,Fri,ToD-ACI,0.8888888888888888,43.86115652557318,18,,False
B_bham_coarse,main,18,True,False,day_of_week,Sat,ToD-ACI,0.8947368421052632,43.42249603174605,19,,False
B_bham_coarse,main,18,True,False,day_of_week,Sun,ToD-ACI,0.8235294117647058,45.28880088702155,17,,False
B_bham_coarse,main,18,True,False,occupancy_tercile,mid,split-CP,1.0,64.34268452380957,61,,False
B_bham_coarse,main,18,True,False,occupancy_tercile,high,split-CP,0.9545454545454546,64.34268452380957,22,,False
B_bham_coarse,main,18,True,False,occupancy_tercile,low,split-CP,0.9230769230769232,64.34268452380957,52,,False
B_bham_coarse,main,18,True,False,occupancy_tercile,mid,Mondrian-split-CP,1.0,64.34268452380957,61,,False
B_bham_coarse,main,18,True,False,occupancy_tercile,high,Mondrian-split-CP,0.9545454545454546,64.34268452380957,22,,False
B_bham_coarse,main,18,True,False,occupancy_tercile,low,Mondrian-split-CP,0.9230769230769232,64.34268452380957,52,,False
B_bham_coarse,main,18,True,False,occupancy_tercile,mid,ACI,0.918032786885246,48.51061283502476,61,,False
B_bham_coarse,main,18,True,False,occupancy_tercile,high,ACI,0.9090909090909092,52.25377408008656,22,,False
B_bham_coarse,main,18,True,False,occupancy_tercile,low,ACI,0.8653846153846154,44.017331501831535,52,,False
B_bham_coarse,main,18,True,False,occupancy_tercile,mid,ToD-ACI,0.918032786885246,48.51061283502476,61,,False
B_bham_coarse,main,18,True,False,occupancy_tercile,high,ToD-ACI,0.9090909090909092,52.25377408008656,22,,False
B_bham_coarse,main,18,True,False,occupancy_tercile,low,ToD-ACI,0.8653846153846154,44.017331501831535,52,,False
B_bham_coarse,main,18,True,False,random_5,r0,split-CP,1.0,64.34268452380957,25,,False
B_bham_coarse,main,18,True,False,random_5,r3,split-CP,0.945945945945946,64.34268452380957,37,,False
B_bham_coarse,main,18,True,False,random_5,r2,split-CP,0.9411764705882352,64.34268452380957,34,,False
B_bham_coarse,main,18,True,False,random_5,r4,split-CP,1.0,64.34268452380957,22,,False
B_bham_coarse,main,18,True,False,random_5,r1,split-CP,0.9411764705882352,64.34268452380957,17,,False
B_bham_coarse,main,18,True,False,random_5,r0,Mondrian-split-CP,1.0,64.34268452380957,25,,False
B_bham_coarse,main,18,True,False,random_5,r3,Mondrian-split-CP,0.945945945945946,64.34268452380957,37,,False
B_bham_coarse,main,18,True,False,random_5,r2,Mondrian-split-CP,0.9411764705882352,64.34268452380957,34,,False
B_bham_coarse,main,18,True,False,random_5,r4,Mondrian-split-CP,1.0,64.34268452380957,22,,False
B_bham_coarse,main,18,True,False,random_5,r1,Mondrian-split-CP,0.9411764705882352,64.34268452380957,17,,False
B_bham_coarse,main,18,True,False,random_5,r0,ACI,0.96,47.73259817460322,25,,False
B_bham_coarse,main,18,True,False,random_5,r3,ACI,0.8918918918918919,47.58716076791078,37,,False
B_bham_coarse,main,18,True,False,random_5,r2,ACI,0.8823529411764706,48.26886764705885,34,,False
B_bham_coarse,main,18,True,False,random_5,r4,ACI,0.8181818181818182,47.03400559163055,22,,False
B_bham_coarse,main,18,True,False,random_5,r1,ACI,0.9411764705882352,45.15894852941178,17,,False
B_bham_coarse,main,18,True,False,random_5,r0,ToD-ACI,0.96,47.73259817460322,25,,False
B_bham_coarse,main,18,True,False,random_5,r3,ToD-ACI,0.8918918918918919,47.58716076791078,37,,False
B_bham_coarse,main,18,True,False,random_5,r2,ToD-ACI,0.8823529411764706,48.26886764705885,34,,False
B_bham_coarse,main,18,True,False,random_5,r4,ToD-ACI,0.8181818181818182,47.03400559163055,22,,False
B_bham_coarse,main,18,True,False,random_5,r1,ToD-ACI,0.9411764705882352,45.15894852941178,17,,False
B_bham_coarse,main,18,True,False,time_of_day,midday,split-CP,0.9629629629629628,64.3426845238096,135,,False
B_bham_coarse,main,18,True,False,time_of_day,midday,Mondrian-split-CP,0.9629629629629628,64.3426845238096,135,,False
B_bham_coarse,main,18,True,False,time_of_day,midday,ACI,0.8962962962962963,47.38986407995299,135,,False
B_bham_coarse,main,18,True,False,time_of_day,midday,ToD-ACI,0.8962962962962963,47.38986407995299,135,,False
B_bham_coarse,main,18,True,False,(P14 control),one_group,ToD-ACI==ACI,1.0,,0,,False
B_bham_coarse,main,19,True,False,day_of_week,Mon,split-CP,0.84,418.8957738095241,25,,False
B_bham_coarse,main,19,True,False,day_of_week,Tue,split-CP,0.9411764705882352,418.89577380952414,17,,False
B_bham_coarse,main,19,True,False,day_of_week,Wed,split-CP,1.0,418.89577380952414,19,,False
B_bham_coarse,main,19,True,False,day_of_week,Thu,split-CP,0.8,418.89577380952414,20,,False
B_bham_coarse,main,19,True,False,day_of_week,Fri,split-CP,1.0,418.89577380952414,18,,False
B_bham_coarse,main,19,True,False,day_of_week,Sat,split-CP,1.0,418.89577380952414,19,,False
B_bham_coarse,main,19,True,False,day_of_week,Sun,split-CP,0.7058823529411765,418.89577380952414,17,,False
B_bham_coarse,main,19,True,False,day_of_week,Mon,Mondrian-split-CP,0.84,418.8957738095241,25,,False
B_bham_coarse,main,19,True,False,day_of_week,Tue,Mondrian-split-CP,0.9411764705882352,418.89577380952414,17,,False
B_bham_coarse,main,19,True,False,day_of_week,Wed,Mondrian-split-CP,1.0,418.89577380952414,19,,False
B_bham_coarse,main,19,True,False,day_of_week,Thu,Mondrian-split-CP,0.8,418.89577380952414,20,,False
B_bham_coarse,main,19,True,False,day_of_week,Fri,Mondrian-split-CP,1.0,418.89577380952414,18,,False
B_bham_coarse,main,19,True,False,day_of_week,Sat,Mondrian-split-CP,1.0,418.89577380952414,19,,False
B_bham_coarse,main,19,True,False,day_of_week,Sun,Mondrian-split-CP,0.7058823529411765,418.89577380952414,17,,False
B_bham_coarse,main,19,True,False,day_of_week,Mon,ACI,0.84,425.3463495238095,25,,False
B_bham_coarse,main,19,True,False,day_of_week,Tue,ACI,0.9411764705882352,460.49041226339017,17,,False
B_bham_coarse,main,19,True,False,day_of_week,Wed,ACI,1.0,447.56682859611146,19,,False
B_bham_coarse,main,19,True,False,day_of_week,Thu,ACI,0.85,445.85623157467535,20,,False
B_bham_coarse,main,19,True,False,day_of_week,Fri,ACI,1.0,447.3129009139008,18,,False
B_bham_coarse,main,19,True,False,day_of_week,Sat,ACI,1.0,416.8800967285638,19,,False
B_bham_coarse,main,19,True,False,day_of_week,Sun,ACI,0.7058823529411765,407.98715552584673,17,,False
B_bham_coarse,main,19,True,False,day_of_week,Mon,ToD-ACI,0.84,425.3463495238095,25,,False
B_bham_coarse,main,19,True,False,day_of_week,Tue,ToD-ACI,0.9411764705882352,460.49041226339017,17,,False
B_bham_coarse,main,19,True,False,day_of_week,Wed,ToD-ACI,1.0,447.56682859611146,19,,False
B_bham_coarse,main,19,True,False,day_of_week,Thu,ToD-ACI,0.85,445.85623157467535,20,,False
B_bham_coarse,main,19,True,False,day_of_week,Fri,ToD-ACI,1.0,447.3129009139008,18,,False
B_bham_coarse,main,19,True,False,day_of_week,Sat,ToD-ACI,1.0,416.8800967285638,19,,False
B_bham_coarse,main,19,True,False,day_of_week,Sun,ToD-ACI,0.7058823529411765,407.98715552584673,17,,False
B_bham_coarse,main,19,True,False,occupancy_tercile,mid,split-CP,1.0,418.89577380952414,13,,False
B_bham_coarse,main,19,True,False,occupancy_tercile,high,split-CP,0.912280701754386,418.8957738095242,114,,False
B_bham_coarse,main,19,True,False,occupancy_tercile,low,split-CP,0.5,418.89577380952414,8,,False
B_bham_coarse,main,19,True,False,occupancy_tercile,mid,Mondrian-split-CP,1.0,418.89577380952414,13,,False
B_bham_coarse,main,19,True,False,occupancy_tercile,high,Mondrian-split-CP,0.912280701754386,418.8957738095242,114,,False
B_bham_coarse,main,19,True,False,occupancy_tercile,low,Mondrian-split-CP,0.5,418.89577380952414,8,,False
B_bham_coarse,main,19,True,False,occupancy_tercile,mid,ACI,1.0,442.9210467032968,13,,False
B_bham_coarse,main,19,True,False,occupancy_tercile,high,ACI,0.912280701754386,434.5564814435077,114,,False
B_bham_coarse,main,19,True,False,occupancy_tercile,low,ACI,0.625,436.7016659902598,8,,False
B_bham_coarse,main,19,True,False,occupancy_tercile,mid,ToD-ACI,1.0,442.9210467032968,13,,False
B_bham_coarse,main,19,True,False,occupancy_tercile,high,ToD-ACI,0.912280701754386,434.5564814435077,114,,False
B_bham_coarse,main,19,True,False,occupancy_tercile,low,ToD-ACI,0.625,436.7016659902598,8,,False
B_bham_coarse,main,19,True,False,random_5,r0,split-CP,0.84,418.8957738095241,25,,False
B_bham_coarse,main,19,True,False,random_5,r3,split-CP,1.0,418.895773809524,37,,False
B_bham_coarse,main,19,True,False,random_5,r2,split-CP,0.8823529411764706,418.8957738095241,34,,False
B_bham_coarse,main,19,True,False,random_5,r4,split-CP,0.8181818181818182,418.8957738095241,22,,False
B_bham_coarse,main,19,True,False,random_5,r1,split-CP,0.8823529411764706,418.89577380952414,17,,False
B_bham_coarse,main,19,True,False,random_5,r0,Mondrian-split-CP,0.84,418.8957738095241,25,,False
B_bham_coarse,main,19,True,False,random_5,r3,Mondrian-split-CP,1.0,418.895773809524,37,,False
B_bham_coarse,main,19,True,False,random_5,r2,Mondrian-split-CP,0.8823529411764706,418.8957738095241,34,,False
B_bham_coarse,main,19,True,False,random_5,r4,Mondrian-split-CP,0.8181818181818182,418.8957738095241,22,,False
B_bham_coarse,main,19,True,False,random_5,r1,Mondrian-split-CP,0.8823529411764706,418.89577380952414,17,,False
B_bham_coarse,main,19,True,False,random_5,r0,ACI,0.84,434.7823044300145,25,,False
B_bham_coarse,main,19,True,False,random_5,r3,ACI,1.0,434.8548847792596,37,,False
B_bham_coarse,main,19,True,False,random_5,r2,ACI,0.8823529411764706,427.0419411234191,34,,False
B_bham_coarse,main,19,True,False,random_5,r4,ACI,0.8181818181818182,444.59660049357205,22,,False
B_bham_coarse,main,19,True,False,random_5,r1,ACI,0.9411764705882352,443.016838999236,17,,False
B_bham_coarse,main,19,True,False,random_5,r0,ToD-ACI,0.84,434.7823044300145,25,,False
B_bham_coarse,main,19,True,False,random_5,r3,ToD-ACI,1.0,434.8548847792596,37,,False
B_bham_coarse,main,19,True,False,random_5,r2,ToD-ACI,0.8823529411764706,427.0419411234191,34,,False
B_bham_coarse,main,19,True,False,random_5,r4,ToD-ACI,0.8181818181818182,444.59660049357205,22,,False
B_bham_coarse,main,19,True,False,random_5,r1,ToD-ACI,0.9411764705882352,443.016838999236,17,,False
B_bham_coarse,main,19,True,False,time_of_day,midday,split-CP,0.8962962962962963,418.89577380952414,135,,False
B_bham_coarse,main,19,True,False,time_of_day,midday,Mondrian-split-CP,0.8962962962962963,418.89577380952414,135,,False
B_bham_coarse,main,19,True,False,time_of_day,midday,ACI,0.9037037037037036,435.489080145369,135,,False
B_bham_coarse,main,19,True,False,time_of_day,midday,ToD-ACI,0.9037037037037036,435.489080145369,135,,False
B_bham_coarse,main,19,True,False,(P14 control),one_group,ToD-ACI==ACI,1.0,,0,,False
B_bham_coarse,main,20,True,False,day_of_week,Mon,split-CP,1.0,84.81449999999995,16,,False
B_bham_coarse,main,20,True,False,day_of_week,Tue,split-CP,1.0,84.81449999999995,17,,False
B_bham_coarse,main,20,True,False,day_of_week,Wed,split-CP,1.0,84.81449999999995,19,,False
B_bham_coarse,main,20,True,False,day_of_week,Thu,split-CP,1.0,84.81449999999995,20,,False
B_bham_coarse,main,20,True,False,day_of_week,Fri,split-CP,1.0,84.81449999999995,10,,False
B_bham_coarse,main,20,True,False,day_of_week,Mon,Mondrian-split-CP,1.0,84.81449999999995,16,,False
B_bham_coarse,main,20,True,False,day_of_week,Tue,Mondrian-split-CP,1.0,84.81449999999995,17,,False
B_bham_coarse,main,20,True,False,day_of_week,Wed,Mondrian-split-CP,1.0,84.81449999999995,19,,False
B_bham_coarse,main,20,True,False,day_of_week,Thu,Mondrian-split-CP,1.0,84.81449999999995,20,,False
B_bham_coarse,main,20,True,False,day_of_week,Fri,Mondrian-split-CP,1.0,84.81449999999995,10,,False
B_bham_coarse,main,20,True,False,day_of_week,Mon,ACI,0.875,48.74294716134558,16,,False
B_bham_coarse,main,20,True,False,day_of_week,Tue,ACI,1.0,34.6301165011459,17,,False
B_bham_coarse,main,20,True,False,day_of_week,Wed,ACI,0.7894736842105263,26.7051670179236,19,,False
B_bham_coarse,main,20,True,False,day_of_week,Thu,ACI,0.85,33.08698126803752,20,,False
B_bham_coarse,main,20,True,False,day_of_week,Fri,ACI,0.8,104.7836007936508,10,,False
B_bham_coarse,main,20,True,False,day_of_week,Mon,ToD-ACI,0.875,48.74294716134558,16,,False
B_bham_coarse,main,20,True,False,day_of_week,Tue,ToD-ACI,1.0,34.6301165011459,17,,False
B_bham_coarse,main,20,True,False,day_of_week,Wed,ToD-ACI,0.7894736842105263,26.7051670179236,19,,False
B_bham_coarse,main,20,True,False,day_of_week,Thu,ToD-ACI,0.85,33.08698126803752,20,,False
B_bham_coarse,main,20,True,False,day_of_week,Fri,ToD-ACI,0.8,104.7836007936508,10,,False
B_bham_coarse,main,20,True,False,occupancy_tercile,mid,split-CP,1.0,84.81449999999995,45,,False
B_bham_coarse,main,20,True,False,occupancy_tercile,low,split-CP,1.0,84.81449999999995,27,,False
B_bham_coarse,main,20,True,False,occupancy_tercile,high,split-CP,1.0,84.81449999999995,10,,False
B_bham_coarse,main,20,True,False,occupancy_tercile,mid,Mondrian-split-CP,1.0,84.81449999999995,45,,False
B_bham_coarse,main,20,True,False,occupancy_tercile,low,Mondrian-split-CP,1.0,84.81449999999995,27,,False
B_bham_coarse,main,20,True,False,occupancy_tercile,high,Mondrian-split-CP,1.0,84.81449999999995,10,,False
B_bham_coarse,main,20,True,False,occupancy_tercile,mid,ACI,0.9555555555555556,38.59943540163541,45,,False
B_bham_coarse,main,20,True,False,occupancy_tercile,low,ACI,0.7777777777777778,57.36060259339428,27,,False
B_bham_coarse,main,20,True,False,occupancy_tercile,high,ACI,0.7,29.98620786435786,10,,False
B_bham_coarse,main,20,True,False,occupancy_tercile,mid,ToD-ACI,0.9555555555555556,38.59943540163541,45,,False
B_bham_coarse,main,20,True,False,occupancy_tercile,low,ToD-ACI,0.7777777777777778,57.36060259339428,27,,False
B_bham_coarse,main,20,True,False,occupancy_tercile,high,ToD-ACI,0.7,29.98620786435786,10,,False
B_bham_coarse,main,20,True,False,random_5,r0,split-CP,1.0,84.81449999999995,15,,False
B_bham_coarse,main,20,True,False,random_5,r3,split-CP,1.0,84.81449999999995,21,,False
B_bham_coarse,main,20,True,False,random_5,r2,split-CP,1.0,84.81449999999995,21,,False
B_bham_coarse,main,20,True,False,random_5,r4,split-CP,1.0,84.81449999999995,14,,False
B_bham_coarse,main,20,True,False,random_5,r1,split-CP,1.0,84.81449999999995,11,,False
B_bham_coarse,main,20,True,False,random_5,r0,Mondrian-split-CP,1.0,84.81449999999995,15,,False
B_bham_coarse,main,20,True,False,random_5,r3,Mondrian-split-CP,1.0,84.81449999999995,21,,False
B_bham_coarse,main,20,True,False,random_5,r2,Mondrian-split-CP,1.0,84.81449999999995,21,,False
B_bham_coarse,main,20,True,False,random_5,r4,Mondrian-split-CP,1.0,84.81449999999995,14,,False
B_bham_coarse,main,20,True,False,random_5,r1,Mondrian-split-CP,1.0,84.81449999999995,11,,False
B_bham_coarse,main,20,True,False,random_5,r0,ACI,0.9333333333333332,43.49478056758057,15,,False
B_bham_coarse,main,20,True,False,random_5,r3,ACI,0.8095238095238095,42.21945388407888,21,,False
B_bham_coarse,main,20,True,False,random_5,r2,ACI,0.9047619047619048,52.68910848278705,21,,False
B_bham_coarse,main,20,True,False,random_5,r4,ACI,0.8571428571428571,34.03044571995464,14,,False
B_bham_coarse,main,20,True,False,random_5,r1,ACI,0.8181818181818182,42.14956213105077,11,,False
B_bham_coarse,main,20,True,False,random_5,r0,ToD-ACI,0.9333333333333332,43.49478056758057,15,,False
B_bham_coarse,main,20,True,False,random_5,r3,ToD-ACI,0.8095238095238095,42.21945388407888,21,,False
B_bham_coarse,main,20,True,False,random_5,r2,ToD-ACI,0.9047619047619048,52.68910848278705,21,,False
B_bham_coarse,main,20,True,False,random_5,r4,ToD-ACI,0.8571428571428571,34.03044571995464,14,,False
B_bham_coarse,main,20,True,False,random_5,r1,ToD-ACI,0.8181818181818182,42.14956213105077,11,,False
B_bham_coarse,main,20,True,False,time_of_day,midday,split-CP,1.0,84.81449999999997,82,,False
B_bham_coarse,main,20,True,False,time_of_day,midday,Mondrian-split-CP,1.0,84.81449999999997,82,,False
B_bham_coarse,main,20,True,False,time_of_day,midday,ACI,0.8658536585365854,43.72649928949776,82,,False
B_bham_coarse,main,20,True,False,time_of_day,midday,ToD-ACI,0.8658536585365854,43.72649928949776,82,,False
B_bham_coarse,main,20,True,False,(P14 control),one_group,ToD-ACI==ACI,1.0,,0,,False
B_bham_coarse,main,22,True,False,day_of_week,Mon,split-CP,1.0,89.25191666666666,16,,False
B_bham_coarse,main,22,True,False,day_of_week,Tue,split-CP,1.0,89.25191666666666,17,,False
B_bham_coarse,main,22,True,False,day_of_week,Wed,split-CP,1.0,89.25191666666666,19,,False
B_bham_coarse,main,22,True,False,day_of_week,Thu,split-CP,1.0,89.25191666666665,20,,False
B_bham_coarse,main,22,True,False,day_of_week,Fri,split-CP,1.0,89.25191666666665,10,,False
B_bham_coarse,main,22,True,False,day_of_week,Mon,Mondrian-split-CP,1.0,89.25191666666666,16,,False
B_bham_coarse,main,22,True,False,day_of_week,Tue,Mondrian-split-CP,1.0,89.25191666666666,17,,False
B_bham_coarse,main,22,True,False,day_of_week,Wed,Mondrian-split-CP,1.0,89.25191666666666,19,,False
B_bham_coarse,main,22,True,False,day_of_week,Thu,Mondrian-split-CP,1.0,89.25191666666665,20,,False
B_bham_coarse,main,22,True,False,day_of_week,Fri,Mondrian-split-CP,1.0,89.25191666666665,10,,False
B_bham_coarse,main,22,True,False,day_of_week,Mon,ACI,0.9375,53.59949491567461,16,,False
B_bham_coarse,main,22,True,False,day_of_week,Tue,ACI,0.8823529411764706,37.144874766573295,17,,False
B_bham_coarse,main,22,True,False,day_of_week,Wed,ACI,0.8947368421052632,30.122252819548866,19,,False
B_bham_coarse,main,22,True,False,day_of_week,Thu,ACI,0.8,29.62784027777778,20,,False
B_bham_coarse,main,22,True,False,day_of_week,Fri,ACI,1.0,101.8139839285714,10,,False
B_bham_coarse,main,22,True,False,day_of_week,Mon,ToD-ACI,0.9375,53.59949491567461,16,,False
B_bham_coarse,main,22,True,False,day_of_week,Tue,ToD-ACI,0.8823529411764706,37.144874766573295,17,,False
B_bham_coarse,main,22,True,False,day_of_week,Wed,ToD-ACI,0.8947368421052632,30.122252819548866,19,,False
B_bham_coarse,main,22,True,False,day_of_week,Thu,ToD-ACI,0.8,29.62784027777778,20,,False
B_bham_coarse,main,22,True,False,day_of_week,Fri,ToD-ACI,1.0,101.8139839285714,10,,False
B_bham_coarse,main,22,True,False,occupancy_tercile,low,split-CP,1.0,89.25191666666667,24,,False
B_bham_coarse,main,22,True,False,occupancy_tercile,mid,split-CP,1.0,89.25191666666665,39,,False
B_bham_coarse,main,22,True,False,occupancy_tercile,high,split-CP,1.0,89.25191666666665,19,,False
B_bham_coarse,main,22,True,False,occupancy_tercile,low,Mondrian-split-CP,1.0,89.25191666666667,24,,False
B_bham_coarse,main,22,True,False,occupancy_tercile,mid,Mondrian-split-CP,1.0,89.25191666666665,39,,False
B_bham_coarse,main,22,True,False,occupancy_tercile,high,Mondrian-split-CP,1.0,89.25191666666665,19,,False
B_bham_coarse,main,22,True,False,occupancy_tercile,low,ACI,0.875,61.98754786706348,24,,False
B_bham_coarse,main,22,True,False,occupancy_tercile,mid,ACI,0.9230769230769232,39.47406990231988,39,,False
B_bham_coarse,main,22,True,False,occupancy_tercile,high,ACI,0.8421052631578947,33.941282268170426,19,,False
B_bham_coarse,main,22,True,False,occupancy_tercile,low,ToD-ACI,0.875,61.98754786706348,24,,False
B_bham_coarse,main,22,True,False,occupancy_tercile,mid,ToD-ACI,0.9230769230769232,39.47406990231988,39,,False
B_bham_coarse,main,22,True,False,occupancy_tercile,high,ToD-ACI,0.8421052631578947,33.941282268170426,19,,False
B_bham_coarse,main,22,True,False,random_5,r0,split-CP,1.0,89.25191666666665,15,,False
B_bham_coarse,main,22,True,False,random_5,r3,split-CP,1.0,89.25191666666665,21,,False
B_bham_coarse,main,22,True,False,random_5,r2,split-CP,1.0,89.25191666666665,21,,False
B_bham_coarse,main,22,True,False,random_5,r4,split-CP,1.0,89.25191666666665,14,,False
B_bham_coarse,main,22,True,False,random_5,r1,split-CP,1.0,89.25191666666665,11,,False
B_bham_coarse,main,22,True,False,random_5,r0,Mondrian-split-CP,1.0,89.25191666666665,15,,False
B_bham_coarse,main,22,True,False,random_5,r3,Mondrian-split-CP,1.0,89.25191666666665,21,,False
B_bham_coarse,main,22,True,False,random_5,r2,Mondrian-split-CP,1.0,89.25191666666665,21,,False
B_bham_coarse,main,22,True,False,random_5,r4,Mondrian-split-CP,1.0,89.25191666666665,14,,False
B_bham_coarse,main,22,True,False,random_5,r1,Mondrian-split-CP,1.0,89.25191666666665,11,,False
B_bham_coarse,main,22,True,False,random_5,r0,ACI,0.8666666666666667,44.0901246031746,15,,False
B_bham_coarse,main,22,True,False,random_5,r3,ACI,0.8571428571428571,45.0969111866969,21,,False
B_bham_coarse,main,22,True,False,random_5,r2,ACI,0.8571428571428571,48.42579195011337,21,,False
B_bham_coarse,main,22,True,False,random_5,r4,ACI,1.0,38.23523696145124,14,,False
B_bham_coarse,main,22,True,False,random_5,r1,ACI,0.9090909090909092,46.49566233766232,11,,False
B_bham_coarse,main,22,True,False,random_5,r0,ToD-ACI,0.8666666666666667,44.0901246031746,15,,False
B_bham_coarse,main,22,True,False,random_5,r3,ToD-ACI,0.8571428571428571,45.0969111866969,21,,False
B_bham_coarse,main,22,True,False,random_5,r2,ToD-ACI,0.8571428571428571,48.42579195011337,21,,False
B_bham_coarse,main,22,True,False,random_5,r4,ToD-ACI,1.0,38.23523696145124,14,,False
B_bham_coarse,main,22,True,False,random_5,r1,ToD-ACI,0.9090909090909092,46.49566233766232,11,,False
B_bham_coarse,main,22,True,False,time_of_day,midday,split-CP,1.0,89.25191666666666,82,,False
B_bham_coarse,main,22,True,False,time_of_day,midday,Mondrian-split-CP,1.0,89.25191666666666,82,,False
B_bham_coarse,main,22,True,False,time_of_day,midday,ACI,0.8902439024390244,44.7813931475029,82,,False
B_bham_coarse,main,22,True,False,time_of_day,midday,ToD-ACI,0.8902439024390244,44.7813931475029,82,,False
B_bham_coarse,main,22,True,False,(P14 control),one_group,ToD-ACI==ACI,1.0,,0,,False
B_bham_coarse,main,23,True,False,day_of_week,Mon,split-CP,0.72,174.97439285714287,25,,False
B_bham_coarse,main,23,True,False,day_of_week,Tue,split-CP,0.8823529411764706,174.9743928571429,17,,False
B_bham_coarse,main,23,True,False,day_of_week,Wed,split-CP,0.9473684210526316,174.9743928571429,19,,False
B_bham_coarse,main,23,True,False,day_of_week,Thu,split-CP,0.85,174.9743928571429,20,,False
B_bham_coarse,main,23,True,False,day_of_week,Fri,split-CP,1.0,174.9743928571429,18,,False
B_bham_coarse,main,23,True,False,day_of_week,Sat,split-CP,0.9473684210526316,174.9743928571429,19,,False
B_bham_coarse,main,23,True,False,day_of_week,Sun,split-CP,0.8823529411764706,174.9743928571429,17,,False
B_bham_coarse,main,23,True,False,day_of_week,Mon,Mondrian-split-CP,0.72,174.97439285714287,25,,False
B_bham_coarse,main,23,True,False,day_of_week,Tue,Mondrian-split-CP,0.8823529411764706,174.9743928571429,17,,False
B_bham_coarse,main,23,True,False,day_of_week,Wed,Mondrian-split-CP,0.9473684210526316,174.9743928571429,19,,False
B_bham_coarse,main,23,True,False,day_of_week,Thu,Mondrian-split-CP,0.85,174.9743928571429,20,,False
B_bham_coarse,main,23,True,False,day_of_week,Fri,Mondrian-split-CP,1.0,174.9743928571429,18,,False
B_bham_coarse,main,23,True,False,day_of_week,Sat,Mondrian-split-CP,0.9473684210526316,174.9743928571429,19,,False
B_bham_coarse,main,23,True,False,day_of_week,Sun,Mondrian-split-CP,0.8823529411764706,174.9743928571429,17,,False
B_bham_coarse,main,23,True,False,day_of_week,Mon,ACI,0.76,190.3528361255412,25,,False
B_bham_coarse,main,23,True,False,day_of_week,Tue,ACI,0.9411764705882352,188.1389268843901,17,,False
B_bham_coarse,main,23,True,False,day_of_week,Wed,ACI,0.9473684210526316,187.63462662337665,19,,False
B_bham_coarse,main,23,True,False,day_of_week,Thu,ACI,0.95,185.1838676948052,20,,False
B_bham_coarse,main,23,True,False,day_of_week,Fri,ACI,1.0,175.109851461039,18,,False
B_bham_coarse,main,23,True,False,day_of_week,Sat,ACI,0.8947368421052632,167.1532883344725,19,,False
B_bham_coarse,main,23,True,False,day_of_week,Sun,ACI,0.8235294117647058,170.7968113912232,17,,False
B_bham_coarse,main,23,True,False,day_of_week,Mon,ToD-ACI,0.76,190.3528361255412,25,,False
B_bham_coarse,main,23,True,False,day_of_week,Tue,ToD-ACI,0.9411764705882352,188.1389268843901,17,,False
B_bham_coarse,main,23,True,False,day_of_week,Wed,ToD-ACI,0.9473684210526316,187.63462662337665,19,,False
B_bham_coarse,main,23,True,False,day_of_week,Thu,ToD-ACI,0.95,185.1838676948052,20,,False
B_bham_coarse,main,23,True,False,day_of_week,Fri,ToD-ACI,1.0,175.109851461039,18,,False
B_bham_coarse,main,23,True,False,day_of_week,Sat,ToD-ACI,0.8947368421052632,167.1532883344725,19,,False
B_bham_coarse,main,23,True,False,day_of_week,Sun,ToD-ACI,0.8235294117647058,170.7968113912232,17,,False
B_bham_coarse,main,23,True,False,occupancy_tercile,low,split-CP,0.9285714285714286,174.9743928571429,14,,False
B_bham_coarse,main,23,True,False,occupancy_tercile,mid,split-CP,0.8518518518518519,174.97439285714285,27,,False
B_bham_coarse,main,23,True,False,occupancy_tercile,high,split-CP,0.8829787234042553,174.97439285714287,94,,False
B_bham_coarse,main,23,True,False,occupancy_tercile,low,Mondrian-split-CP,0.9285714285714286,174.9743928571429,14,,False
B_bham_coarse,main,23,True,False,occupancy_tercile,mid,Mondrian-split-CP,0.8518518518518519,174.97439285714285,27,,False
B_bham_coarse,main,23,True,False,occupancy_tercile,high,Mondrian-split-CP,0.8829787234042553,174.97439285714287,94,,False
B_bham_coarse,main,23,True,False,occupancy_tercile,low,ACI,0.8571428571428571,170.52592634250666,14,,False
B_bham_coarse,main,23,True,False,occupancy_tercile,mid,ACI,0.8888888888888888,178.066123703971,27,,False
B_bham_coarse,main,23,True,False,occupancy_tercile,high,ACI,0.9042553191489362,183.64048095122965,94,,False
B_bham_coarse,main,23,True,False,occupancy_tercile,low,ToD-ACI,0.8571428571428571,170.52592634250666,14,,False
B_bham_coarse,main,23,True,False,occupancy_tercile,mid,ToD-ACI,0.8888888888888888,178.066123703971,27,,False
B_bham_coarse,main,23,True,False,occupancy_tercile,high,ToD-ACI,0.9042553191489362,183.64048095122965,94,,False
B_bham_coarse,main,23,True,False,random_5,r0,split-CP,0.84,174.97439285714287,25,,False
B_bham_coarse,main,23,True,False,random_5,r3,split-CP,0.918918918918919,174.97439285714285,37,,False
B_bham_coarse,main,23,True,False,random_5,r2,split-CP,0.8235294117647058,174.97439285714287,34,,False
B_bham_coarse,main,23,True,False,random_5,r4,split-CP,0.9090909090909092,174.9743928571429,22,,False
B_bham_coarse,main,23,True,False,random_5,r1,split-CP,0.9411764705882352,174.9743928571429,17,,False
B_bham_coarse,main,23,True,False,random_5,r0,Mondrian-split-CP,0.84,174.97439285714287,25,,False
B_bham_coarse,main,23,True,False,random_5,r3,Mondrian-split-CP,0.918918918918919,174.97439285714285,37,,False
B_bham_coarse,main,23,True,False,random_5,r2,Mondrian-split-CP,0.8235294117647058,174.97439285714287,34,,False
B_bham_coarse,main,23,True,False,random_5,r4,Mondrian-split-CP,0.9090909090909092,174.9743928571429,22,,False
B_bham_coarse,main,23,True,False,random_5,r1,Mondrian-split-CP,0.9411764705882352,174.9743928571429,17,,False
B_bham_coarse,main,23,True,False,random_5,r0,ACI,0.88,180.6173102813853,25,,False
B_bham_coarse,main,23,True,False,random_5,r3,ACI,0.8918918918918919,178.73707936995442,37,,False
B_bham_coarse,main,23,True,False,random_5,r2,ACI,0.8529411764705882,180.53654926364487,34,,False
B_bham_coarse,main,23,True,False,random_5,r4,ACI,1.0,183.892807572478,22,,False
B_bham_coarse,main,23,True,False,random_5,r1,ACI,0.8823529411764706,184.98614017273576,17,,False
B_bham_coarse,main,23,True,False,random_5,r0,ToD-ACI,0.88,180.6173102813853,25,,False
B_bham_coarse,main,23,True,False,random_5,r3,ToD-ACI,0.8918918918918919,178.73707936995442,37,,False
B_bham_coarse,main,23,True,False,random_5,r2,ToD-ACI,0.8529411764705882,180.53654926364487,34,,False
B_bham_coarse,main,23,True,False,random_5,r4,ToD-ACI,1.0,183.892807572478,22,,False
B_bham_coarse,main,23,True,False,random_5,r1,ToD-ACI,0.8823529411764706,184.98614017273576,17,,False
B_bham_coarse,main,23,True,False,time_of_day,midday,split-CP,0.8814814814814815,174.9743928571429,135,,False
B_bham_coarse,main,23,True,False,time_of_day,midday,Mondrian-split-CP,0.8814814814814815,174.9743928571429,135,,False
B_bham_coarse,main,23,True,False,time_of_day,midday,ACI,0.8962962962962963,181.16558161642885,135,,False
B_bham_coarse,main,23,True,False,time_of_day,midday,ToD-ACI,0.8962962962962963,181.16558161642885,135,,False
B_bham_coarse,main,23,True,False,(P14 control),one_group,ToD-ACI==ACI,1.0,,0,,False
B_bham_coarse,main,24,True,False,day_of_week,Mon,split-CP,1.0,143.38263690476197,25,,False
B_bham_coarse,main,24,True,False,day_of_week,Tue,split-CP,1.0,143.38263690476197,17,,False
B_bham_coarse,main,24,True,False,day_of_week,Wed,split-CP,1.0,143.38263690476197,19,,False
B_bham_coarse,main,24,True,False,day_of_week,Thu,split-CP,0.95,143.38263690476197,20,,False
B_bham_coarse,main,24,True,False,day_of_week,Fri,split-CP,1.0,143.38263690476197,18,,False
B_bham_coarse,main,24,True,False,day_of_week,Sat,split-CP,0.8421052631578947,143.38263690476197,19,,False
B_bham_coarse,main,24,True,False,day_of_week,Sun,split-CP,0.7058823529411765,143.38263690476197,17,,False
B_bham_coarse,main,24,True,False,day_of_week,Mon,Mondrian-split-CP,1.0,143.38263690476197,25,,False
B_bham_coarse,main,24,True,False,day_of_week,Tue,Mondrian-split-CP,1.0,143.38263690476197,17,,False
B_bham_coarse,main,24,True,False,day_of_week,Wed,Mondrian-split-CP,1.0,143.38263690476197,19,,False
B_bham_coarse,main,24,True,False,day_of_week,Thu,Mondrian-split-CP,0.95,143.38263690476197,20,,False
B_bham_coarse,main,24,True,False,day_of_week,Fri,Mondrian-split-CP,1.0,143.38263690476197,18,,False
B_bham_coarse,main,24,True,False,day_of_week,Sat,Mondrian-split-CP,0.8421052631578947,143.38263690476197,19,,False
B_bham_coarse,main,24,True,False,day_of_week,Sun,Mondrian-split-CP,0.7058823529411765,143.38263690476197,17,,False
B_bham_coarse,main,24,True,False,day_of_week,Mon,ACI,1.0,159.36212436507947,25,,False
B_bham_coarse,main,24,True,False,day_of_week,Tue,ACI,1.0,122.7340402661064,17,,False
B_bham_coarse,main,24,True,False,day_of_week,Wed,ACI,0.8947368421052632,104.48479615705932,19,,False
B_bham_coarse,main,24,True,False,day_of_week,Thu,ACI,0.9,109.1115351190476,20,,False
B_bham_coarse,main,24,True,False,day_of_week,Fri,ACI,0.9444444444444444,98.62285052910052,18,,False
B_bham_coarse,main,24,True,False,day_of_week,Sat,ACI,0.4736842105263157,99.90715715424932,19,,False
B_bham_coarse,main,24,True,False,day_of_week,Sun,ACI,0.8823529411764706,172.09367355275458,17,,False
B_bham_coarse,main,24,True,False,day_of_week,Mon,ToD-ACI,1.0,159.36212436507947,25,,False
B_bham_coarse,main,24,True,False,day_of_week,Tue,ToD-ACI,1.0,122.7340402661064,17,,False
B_bham_coarse,main,24,True,False,day_of_week,Wed,ToD-ACI,0.8947368421052632,104.48479615705932,19,,False
B_bham_coarse,main,24,True,False,day_of_week,Thu,ToD-ACI,0.9,109.1115351190476,20,,False
B_bham_coarse,main,24,True,False,day_of_week,Fri,ToD-ACI,0.9444444444444444,98.62285052910052,18,,False
B_bham_coarse,main,24,True,False,day_of_week,Sat,ToD-ACI,0.4736842105263157,99.90715715424932,19,,False
B_bham_coarse,main,24,True,False,day_of_week,Sun,ToD-ACI,0.8823529411764706,172.09367355275458,17,,False
B_bham_coarse,main,24,True,False,occupancy_tercile,mid,split-CP,1.0,143.38263690476197,16,,False
B_bham_coarse,main,24,True,False,occupancy_tercile,high,split-CP,0.9224137931034484,143.38263690476197,116,,False
B_bham_coarse,main,24,True,False,occupancy_tercile,low,split-CP,1.0,143.38263690476197,3,,False
B_bham_coarse,main,24,True,False,occupancy_tercile,mid,Mondrian-split-CP,1.0,143.38263690476197,16,,False
B_bham_coarse,main,24,True,False,occupancy_tercile,high,Mondrian-split-CP,0.9224137931034484,143.38263690476197,116,,False
B_bham_coarse,main,24,True,False,occupancy_tercile,low,Mondrian-split-CP,1.0,143.38263690476197,3,,False
B_bham_coarse,main,24,True,False,occupancy_tercile,mid,ACI,1.0,117.4992771577381,16,,False
B_bham_coarse,main,24,True,False,occupancy_tercile,high,ACI,0.853448275862069,125.85974348161425,116,,False
B_bham_coarse,main,24,True,False,occupancy_tercile,low,ACI,1.0,119.09823015873016,3,,False
B_bham_coarse,main,24,True,False,occupancy_tercile,mid,ToD-ACI,1.0,117.4992771577381,16,,False
B_bham_coarse,main,24,True,False,occupancy_tercile,high,ToD-ACI,0.853448275862069,125.85974348161425,116,,False
B_bham_coarse,main,24,True,False,occupancy_tercile,low,ToD-ACI,1.0,119.09823015873016,3,,False
B_bham_coarse,main,24,True,False,random_5,r0,split-CP,0.92,143.38263690476197,25,,False
B_bham_coarse,main,24,True,False,random_5,r3,split-CP,1.0,143.38263690476197,37,,False
B_bham_coarse,main,24,True,False,random_5,r2,split-CP,0.8529411764705882,143.38263690476197,34,,False
B_bham_coarse,main,24,True,False,random_5,r4,split-CP,0.9545454545454546,143.38263690476197,22,,False
B_bham_coarse,main,24,True,False,random_5,r1,split-CP,0.9411764705882352,143.38263690476197,17,,False
B_bham_coarse,main,24,True,False,random_5,r0,Mondrian-split-CP,0.92,143.38263690476197,25,,False
B_bham_coarse,main,24,True,False,random_5,r3,Mondrian-split-CP,1.0,143.38263690476197,37,,False
B_bham_coarse,main,24,True,False,random_5,r2,Mondrian-split-CP,0.8529411764705882,143.38263690476197,34,,False
B_bham_coarse,main,24,True,False,random_5,r4,Mondrian-split-CP,0.9545454545454546,143.38263690476197,22,,False
B_bham_coarse,main,24,True,False,random_5,r1,Mondrian-split-CP,0.9411764705882352,143.38263690476197,17,,False
B_bham_coarse,main,24,True,False,random_5,r0,ACI,0.88,129.22100165945167,25,,False
B_bham_coarse,main,24,True,False,random_5,r3,ACI,0.8918918918918919,122.38555673530678,37,,False
B_bham_coarse,main,24,True,False,random_5,r2,ACI,0.7941176470588235,132.3774184757237,34,,False
B_bham_coarse,main,24,True,False,random_5,r4,ACI,1.0,116.16033315295812,22,,False
B_bham_coarse,main,24,True,False,random_5,r1,ACI,0.8235294117647058,118.93312768440715,17,,False
B_bham_coarse,main,24,True,False,random_5,r0,ToD-ACI,0.88,129.22100165945167,25,,False
B_bham_coarse,main,24,True,False,random_5,r3,ToD-ACI,0.8918918918918919,122.38555673530678,37,,False
B_bham_coarse,main,24,True,False,random_5,r2,ToD-ACI,0.7941176470588235,132.3774184757237,34,,False
B_bham_coarse,main,24,True,False,random_5,r4,ToD-ACI,1.0,116.16033315295812,22,,False
B_bham_coarse,main,24,True,False,random_5,r1,ToD-ACI,0.8235294117647058,118.93312768440715,17,,False
B_bham_coarse,main,24,True,False,time_of_day,midday,split-CP,0.9333333333333332,143.38263690476197,135,,False
B_bham_coarse,main,24,True,False,time_of_day,midday,Mondrian-split-CP,0.9333333333333332,143.38263690476197,135,,False
B_bham_coarse,main,24,True,False,time_of_day,midday,ACI,0.8740740740740741,124.7186175471648,135,,False
B_bham_coarse,main,24,True,False,time_of_day,midday,ToD-ACI,0.8740740740740741,124.7186175471648,135,,False
B_bham_coarse,main,24,True,False,(P14 control),one_group,ToD-ACI==ACI,1.0,,0,,False
B_bham_coarse,main,25,True,False,day_of_week,Mon,split-CP,0.64,497.1444166666661,25,,False
B_bham_coarse,main,25,True,False,day_of_week,Tue,split-CP,0.9411764705882352,497.1444166666661,17,,False
B_bham_coarse,main,25,True,False,day_of_week,Wed,split-CP,0.9473684210526316,497.1444166666661,19,,False
B_bham_coarse,main,25,True,False,day_of_week,Thu,split-CP,0.8,497.1444166666661,20,,False
B_bham_coarse,main,25,True,False,day_of_week,Fri,split-CP,1.0,497.1444166666661,18,,False
B_bham_coarse,main,25,True,False,day_of_week,Sat,split-CP,1.0,497.1444166666661,19,,False
B_bham_coarse,main,25,True,False,day_of_week,Sun,split-CP,0.9411764705882352,497.1444166666661,17,,False
B_bham_coarse,main,25,True,False,day_of_week,Mon,Mondrian-split-CP,0.64,497.1444166666661,25,,False
B_bham_coarse,main,25,True,False,day_of_week,Tue,Mondrian-split-CP,0.9411764705882352,497.1444166666661,17,,False
B_bham_coarse,main,25,True,False,day_of_week,Wed,Mondrian-split-CP,0.9473684210526316,497.1444166666661,19,,False
B_bham_coarse,main,25,True,False,day_of_week,Thu,Mondrian-split-CP,0.8,497.1444166666661,20,,False
B_bham_coarse,main,25,True,False,day_of_week,Fri,Mondrian-split-CP,1.0,497.1444166666661,18,,False
B_bham_coarse,main,25,True,False,day_of_week,Sat,Mondrian-split-CP,1.0,497.1444166666661,19,,False
B_bham_coarse,main,25,True,False,day_of_week,Sun,Mondrian-split-CP,0.9411764705882352,497.1444166666661,17,,False
B_bham_coarse,main,25,True,False,day_of_week,Mon,ACI,0.68,522.7666667460315,25,,False
B_bham_coarse,main,25,True,False,day_of_week,Tue,ACI,0.9411764705882352,554.385490079365,17,,False
B_bham_coarse,main,25,True,False,day_of_week,Wed,ACI,0.9473684210526316,535.8717967836255,19,,False
B_bham_coarse,main,25,True,False,day_of_week,Thu,ACI,0.85,550.1706721230156,20,,False
B_bham_coarse,main,25,True,False,day_of_week,Fri,ACI,1.0,545.2285813492061,18,,False
B_bham_coarse,main,25,True,False,day_of_week,Sat,ACI,1.0,524.0992246240597,19,,False
B_bham_coarse,main,25,True,False,day_of_week,Sun,ACI,0.9411764705882352,512.5028779178336,17,,False
B_bham_coarse,main,25,True,False,day_of_week,Mon,ToD-ACI,0.68,522.7666667460315,25,,False
B_bham_coarse,main,25,True,False,day_of_week,Tue,ToD-ACI,0.9411764705882352,554.385490079365,17,,False
B_bham_coarse,main,25,True,False,day_of_week,Wed,ToD-ACI,0.9473684210526316,535.8717967836255,19,,False
B_bham_coarse,main,25,True,False,day_of_week,Thu,ToD-ACI,0.85,550.1706721230156,20,,False
B_bham_coarse,main,25,True,False,day_of_week,Fri,ToD-ACI,1.0,545.2285813492061,18,,False
B_bham_coarse,main,25,True,False,day_of_week,Sat,ToD-ACI,1.0,524.0992246240597,19,,False
B_bham_coarse,main,25,True,False,day_of_week,Sun,ToD-ACI,0.9411764705882352,512.5028779178336,17,,False
B_bham_coarse,main,25,True,False,occupancy_tercile,mid,split-CP,0.8333333333333334,497.1444166666661,12,,False
B_bham_coarse,main,25,True,False,occupancy_tercile,high,split-CP,0.913793103448276,497.144416666666,116,,False
B_bham_coarse,main,25,True,False,occupancy_tercile,low,split-CP,0.4285714285714285,497.1444166666661,7,,False
B_bham_coarse,main,25,True,False,occupancy_tercile,mid,Mondrian-split-CP,0.8333333333333334,497.1444166666661,12,,False
B_bham_coarse,main,25,True,False,occupancy_tercile,high,Mondrian-split-CP,0.913793103448276,497.144416666666,116,,False
B_bham_coarse,main,25,True,False,occupancy_tercile,low,Mondrian-split-CP,0.4285714285714285,497.1444166666661,7,,False
B_bham_coarse,main,25,True,False,occupancy_tercile,mid,ACI,0.8333333333333334,526.6811557539681,12,,False
B_bham_coarse,main,25,True,False,occupancy_tercile,high,ACI,0.9310344827586208,535.4823339148876,116,,False
B_bham_coarse,main,25,True,False,occupancy_tercile,low,ACI,0.4285714285714285,532.4459478458049,7,,False
B_bham_coarse,main,25,True,False,occupancy_tercile,mid,ToD-ACI,0.8333333333333334,526.6811557539681,12,,False
B_bham_coarse,main,25,True,False,occupancy_tercile,high,ToD-ACI,0.9310344827586208,535.4823339148876,116,,False
B_bham_coarse,main,25,True,False,occupancy_tercile,low,ToD-ACI,0.4285714285714285,532.4459478458049,7,,False
B_bham_coarse,main,25,True,False,random_5,r0,split-CP,0.8,497.1444166666661,25,,False
B_bham_coarse,main,25,True,False,random_5,r3,split-CP,0.945945945945946,497.1444166666661,37,,False
B_bham_coarse,main,25,True,False,random_5,r2,split-CP,0.9411764705882352,497.1444166666661,34,,False
B_bham_coarse,main,25,True,False,random_5,r4,split-CP,0.8181818181818182,497.1444166666661,22,,False
B_bham_coarse,main,25,True,False,random_5,r1,split-CP,0.8235294117647058,497.1444166666661,17,,False
B_bham_coarse,main,25,True,False,random_5,r0,Mondrian-split-CP,0.8,497.1444166666661,25,,False
B_bham_coarse,main,25,True,False,random_5,r3,Mondrian-split-CP,0.945945945945946,497.1444166666661,37,,False
B_bham_coarse,main,25,True,False,random_5,r2,Mondrian-split-CP,0.9411764705882352,497.1444166666661,34,,False
B_bham_coarse,main,25,True,False,random_5,r4,Mondrian-split-CP,0.8181818181818182,497.1444166666661,22,,False
B_bham_coarse,main,25,True,False,random_5,r1,Mondrian-split-CP,0.8235294117647058,497.1444166666661,17,,False
B_bham_coarse,main,25,True,False,random_5,r0,ACI,0.8,531.4227604761903,25,,False
B_bham_coarse,main,25,True,False,random_5,r3,ACI,0.972972972972973,534.8779432646932,37,,False
B_bham_coarse,main,25,True,False,random_5,r2,ACI,0.9411764705882352,529.758461951447,34,,False
B_bham_coarse,main,25,True,False,random_5,r4,ACI,0.8636363636363636,542.0798597582971,22,,False
B_bham_coarse,main,25,True,False,random_5,r1,ACI,0.8235294117647058,538.2146296685339,17,,False
B_bham_coarse,main,25,True,False,random_5,r0,ToD-ACI,0.8,531.4227604761903,25,,False
B_bham_coarse,main,25,True,False,random_5,r3,ToD-ACI,0.972972972972973,534.8779432646932,37,,False
B_bham_coarse,main,25,True,False,random_5,r2,ToD-ACI,0.9411764705882352,529.758461951447,34,,False
B_bham_coarse,main,25,True,False,random_5,r4,ToD-ACI,0.8636363636363636,542.0798597582971,22,,False
B_bham_coarse,main,25,True,False,random_5,r1,ToD-ACI,0.8235294117647058,538.2146296685339,17,,False
B_bham_coarse,main,25,True,False,time_of_day,midday,split-CP,0.8814814814814815,497.144416666666,135,,False
B_bham_coarse,main,25,True,False,time_of_day,midday,Mondrian-split-CP,0.8814814814814815,497.144416666666,135,,False
B_bham_coarse,main,25,True,False,time_of_day,midday,ACI,0.8962962962962963,534.5425647266312,135,,False
B_bham_coarse,main,25,True,False,time_of_day,midday,ToD-ACI,0.8962962962962963,534.5425647266312,135,,False
B_bham_coarse,main,25,True,False,(P14 control),one_group,ToD-ACI==ACI,1.0,,0,,False
B_bham_coarse,main,26,True,False,day_of_week,Mon,split-CP,1.0,352.4030714285719,25,,False
B_bham_coarse,main,26,True,False,day_of_week,Tue,split-CP,1.0,352.4030714285718,17,,False
B_bham_coarse,main,26,True,False,day_of_week,Wed,split-CP,1.0,352.4030714285718,19,,False
B_bham_coarse,main,26,True,False,day_of_week,Thu,split-CP,1.0,352.4030714285718,20,,False
B_bham_coarse,main,26,True,False,day_of_week,Fri,split-CP,1.0,352.4030714285718,18,,False
B_bham_coarse,main,26,True,False,day_of_week,Sat,split-CP,0.7894736842105263,352.4030714285718,19,,False
B_bham_coarse,main,26,True,False,day_of_week,Sun,split-CP,0.6470588235294118,352.4030714285718,17,,False
B_bham_coarse,main,26,True,False,day_of_week,Mon,Mondrian-split-CP,1.0,352.4030714285719,25,,False
B_bham_coarse,main,26,True,False,day_of_week,Tue,Mondrian-split-CP,1.0,352.4030714285718,17,,False
B_bham_coarse,main,26,True,False,day_of_week,Wed,Mondrian-split-CP,1.0,352.4030714285718,19,,False
B_bham_coarse,main,26,True,False,day_of_week,Thu,Mondrian-split-CP,1.0,352.4030714285718,20,,False
B_bham_coarse,main,26,True,False,day_of_week,Fri,Mondrian-split-CP,1.0,352.4030714285718,18,,False
B_bham_coarse,main,26,True,False,day_of_week,Sat,Mondrian-split-CP,0.7894736842105263,352.4030714285718,19,,False
B_bham_coarse,main,26,True,False,day_of_week,Sun,Mondrian-split-CP,0.6470588235294118,352.4030714285718,17,,False
B_bham_coarse,main,26,True,False,day_of_week,Mon,ACI,1.0,365.5549192063494,25,,False
B_bham_coarse,main,26,True,False,day_of_week,Tue,ACI,0.9411764705882352,307.28993732493024,17,,False
B_bham_coarse,main,26,True,False,day_of_week,Wed,ACI,0.9473684210526316,203.75332301397444,19,,False
B_bham_coarse,main,26,True,False,day_of_week,Thu,ACI,0.8,193.0647038870853,20,,False
B_bham_coarse,main,26,True,False,day_of_week,Fri,ACI,1.0,204.63536766474263,18,,False
B_bham_coarse,main,26,True,False,day_of_week,Sat,ACI,0.631578947368421,375.5968411654135,19,,False
B_bham_coarse,main,26,True,False,day_of_week,Sun,ACI,0.8235294117647058,560.4255436507937,17,,False
B_bham_coarse,main,26,True,False,day_of_week,Mon,ToD-ACI,1.0,365.5549192063494,25,,False
B_bham_coarse,main,26,True,False,day_of_week,Tue,ToD-ACI,0.9411764705882352,307.28993732493024,17,,False
B_bham_coarse,main,26,True,False,day_of_week,Wed,ToD-ACI,0.9473684210526316,203.75332301397444,19,,False
B_bham_coarse,main,26,True,False,day_of_week,Thu,ToD-ACI,0.8,193.0647038870853,20,,False
B_bham_coarse,main,26,True,False,day_of_week,Fri,ToD-ACI,1.0,204.63536766474263,18,,False
B_bham_coarse,main,26,True,False,day_of_week,Sat,ToD-ACI,0.631578947368421,375.5968411654135,19,,False
B_bham_coarse,main,26,True,False,day_of_week,Sun,ToD-ACI,0.8235294117647058,560.4255436507937,17,,False
B_bham_coarse,main,26,True,False,occupancy_tercile,high,split-CP,1.0,352.4030714285719,78,,False
B_bham_coarse,main,26,True,False,occupancy_tercile,mid,split-CP,1.0,352.4030714285718,21,,False
B_bham_coarse,main,26,True,False,occupancy_tercile,low,split-CP,0.7222222222222222,352.40307142857193,36,,False
B_bham_coarse,main,26,True,False,occupancy_tercile,high,Mondrian-split-CP,1.0,352.4030714285719,78,,False
B_bham_coarse,main,26,True,False,occupancy_tercile,mid,Mondrian-split-CP,1.0,352.4030714285718,21,,False
B_bham_coarse,main,26,True,False,occupancy_tercile,low,Mondrian-split-CP,0.7222222222222222,352.40307142857193,36,,False
B_bham_coarse,main,26,True,False,occupancy_tercile,high,ACI,0.9230769230769232,269.35342936924206,78,,False
B_bham_coarse,main,26,True,False,occupancy_tercile,mid,ACI,1.0,227.1084884216313,21,,False
B_bham_coarse,main,26,True,False,occupancy_tercile,low,ACI,0.7222222222222222,462.8770617835096,36,,False
B_bham_coarse,main,26,True,False,occupancy_tercile,high,ToD-ACI,0.9230769230769232,269.35342936924206,78,,False
B_bham_coarse,main,26,True,False,occupancy_tercile,mid,ToD-ACI,1.0,227.1084884216313,21,,False
B_bham_coarse,main,26,True,False,occupancy_tercile,low,ToD-ACI,0.7222222222222222,462.8770617835096,36,,False
B_bham_coarse,main,26,True,False,random_5,r0,split-CP,0.88,352.4030714285719,25,,False
B_bham_coarse,main,26,True,False,random_5,r3,split-CP,1.0,352.40307142857193,37,,False
B_bham_coarse,main,26,True,False,random_5,r2,split-CP,0.8529411764705882,352.4030714285719,34,,False
B_bham_coarse,main,26,True,False,random_5,r4,split-CP,1.0,352.4030714285718,22,,False
B_bham_coarse,main,26,True,False,random_5,r1,split-CP,0.8823529411764706,352.4030714285718,17,,False
B_bham_coarse,main,26,True,False,random_5,r0,Mondrian-split-CP,0.88,352.4030714285719,25,,False
B_bham_coarse,main,26,True,False,random_5,r3,Mondrian-split-CP,1.0,352.40307142857193,37,,False
B_bham_coarse,main,26,True,False,random_5,r2,Mondrian-split-CP,0.8529411764705882,352.4030714285719,34,,False
B_bham_coarse,main,26,True,False,random_5,r4,Mondrian-split-CP,1.0,352.4030714285718,22,,False
B_bham_coarse,main,26,True,False,random_5,r1,Mondrian-split-CP,0.8823529411764706,352.4030714285718,17,,False
B_bham_coarse,main,26,True,False,random_5,r0,ACI,0.96,331.8365817027419,25,,False
B_bham_coarse,main,26,True,False,random_5,r3,ACI,0.918918918918919,316.8018433855934,37,,False
B_bham_coarse,main,26,True,False,random_5,r2,ACI,0.8529411764705882,335.8334300727868,34,,False
B_bham_coarse,main,26,True,False,random_5,r4,ACI,0.9090909090909092,269.75149595795625,22,,False
B_bham_coarse,main,26,True,False,random_5,r1,ACI,0.7058823529411765,298.3510406162465,17,,False
B_bham_coarse,main,26,True,False,random_5,r0,ToD-ACI,0.96,331.8365817027419,25,,False
B_bham_coarse,main,26,True,False,random_5,r3,ToD-ACI,0.918918918918919,316.8018433855934,37,,False
B_bham_coarse,main,26,True,False,random_5,r2,ToD-ACI,0.8529411764705882,335.8334300727868,34,,False
B_bham_coarse,main,26,True,False,random_5,r4,ToD-ACI,0.9090909090909092,269.75149595795625,22,,False
B_bham_coarse,main,26,True,False,random_5,r1,ToD-ACI,0.7058823529411765,298.3510406162465,17,,False
B_bham_coarse,main,26,True,False,time_of_day,midday,split-CP,0.925925925925926,352.4030714285718,135,,False
B_bham_coarse,main,26,True,False,time_of_day,midday,Mondrian-split-CP,0.925925925925926,352.4030714285718,135,,False
B_bham_coarse,main,26,True,False,time_of_day,midday,ACI,0.8814814814814815,314.38829608786284,135,,False
B_bham_coarse,main,26,True,False,time_of_day,midday,ToD-ACI,0.8814814814814815,314.38829608786284,135,,False
B_bham_coarse,main,26,True,False,(P14 control),one_group,ToD-ACI==ACI,1.0,,0,,False
B_bham_coarse,main,27,True,False,day_of_week,Mon,split-CP,0.92,83.98454761904759,25,,False
B_bham_coarse,main,27,True,False,day_of_week,Tue,split-CP,0.8823529411764706,83.98454761904759,17,,False
B_bham_coarse,main,27,True,False,day_of_week,Wed,split-CP,0.8421052631578947,83.98454761904759,19,,False
B_bham_coarse,main,27,True,False,day_of_week,Thu,split-CP,0.9,83.98454761904759,20,,False
B_bham_coarse,main,27,True,False,day_of_week,Fri,split-CP,0.9444444444444444,83.98454761904759,18,,False
B_bham_coarse,main,27,True,False,day_of_week,Sat,split-CP,0.8421052631578947,83.98454761904759,19,,False
B_bham_coarse,main,27,True,False,day_of_week,Sun,split-CP,0.8823529411764706,83.98454761904759,17,,False
B_bham_coarse,main,27,True,False,day_of_week,Mon,Mondrian-split-CP,0.92,83.98454761904759,25,,False
B_bham_coarse,main,27,True,False,day_of_week,Tue,Mondrian-split-CP,0.8823529411764706,83.98454761904759,17,,False
B_bham_coarse,main,27,True,False,day_of_week,Wed,Mondrian-split-CP,0.8421052631578947,83.98454761904759,19,,False
B_bham_coarse,main,27,True,False,day_of_week,Thu,Mondrian-split-CP,0.9,83.98454761904759,20,,False
B_bham_coarse,main,27,True,False,day_of_week,Fri,Mondrian-split-CP,0.9444444444444444,83.98454761904759,18,,False
B_bham_coarse,main,27,True,False,day_of_week,Sat,Mondrian-split-CP,0.8421052631578947,83.98454761904759,19,,False
B_bham_coarse,main,27,True,False,day_of_week,Sun,Mondrian-split-CP,0.8823529411764706,83.98454761904759,17,,False
B_bham_coarse,main,27,True,False,day_of_week,Mon,ACI,1.0,83.49443309523808,25,,False
B_bham_coarse,main,27,True,False,day_of_week,Tue,ACI,0.8235294117647058,76.74369911297853,17,,False
B_bham_coarse,main,27,True,False,day_of_week,Wed,ACI,0.8421052631578947,82.75073861737677,19,,False
B_bham_coarse,main,27,True,False,day_of_week,Thu,ACI,0.9,82.62335575396818,20,,False
B_bham_coarse,main,27,True,False,day_of_week,Fri,ACI,0.9444444444444444,80.55933564814808,18,,False
B_bham_coarse,main,27,True,False,day_of_week,Sat,ACI,0.8947368421052632,85.64669778613195,19,,False
B_bham_coarse,main,27,True,False,day_of_week,Sun,ACI,0.8235294117647058,88.91434531236739,17,,False
B_bham_coarse,main,27,True,False,day_of_week,Mon,ToD-ACI,1.0,83.49443309523808,25,,False
B_bham_coarse,main,27,True,False,day_of_week,Tue,ToD-ACI,0.8235294117647058,76.74369911297853,17,,False
B_bham_coarse,main,27,True,False,day_of_week,Wed,ToD-ACI,0.8421052631578947,82.75073861737677,19,,False
B_bham_coarse,main,27,True,False,day_of_week,Thu,ToD-ACI,0.9,82.62335575396818,20,,False
B_bham_coarse,main,27,True,False,day_of_week,Fri,ToD-ACI,0.9444444444444444,80.55933564814808,18,,False
B_bham_coarse,main,27,True,False,day_of_week,Sat,ToD-ACI,0.8947368421052632,85.64669778613195,19,,False
B_bham_coarse,main,27,True,False,day_of_week,Sun,ToD-ACI,0.8235294117647058,88.91434531236739,17,,False
B_bham_coarse,main,27,True,False,occupancy_tercile,mid,split-CP,0.8780487804878049,83.98454761904759,41,,False
B_bham_coarse,main,27,True,False,occupancy_tercile,high,split-CP,0.9090909090909092,83.98454761904759,55,,False
B_bham_coarse,main,27,True,False,occupancy_tercile,low,split-CP,0.8717948717948718,83.98454761904759,39,,False
B_bham_coarse,main,27,True,False,occupancy_tercile,mid,Mondrian-split-CP,0.8780487804878049,83.98454761904759,41,,False
B_bham_coarse,main,27,True,False,occupancy_tercile,high,Mondrian-split-CP,0.9090909090909092,83.98454761904759,55,,False
B_bham_coarse,main,27,True,False,occupancy_tercile,low,Mondrian-split-CP,0.8717948717948718,83.98454761904759,39,,False
B_bham_coarse,main,27,True,False,occupancy_tercile,mid,ACI,0.902439024390244,81.15517823267513,41,,False
B_bham_coarse,main,27,True,False,occupancy_tercile,high,ACI,0.9090909090909092,81.3672918109668,55,,False
B_bham_coarse,main,27,True,False,occupancy_tercile,low,ACI,0.8717948717948718,87.25822240722239,39,,False
B_bham_coarse,main,27,True,False,occupancy_tercile,mid,ToD-ACI,0.902439024390244,81.15517823267513,41,,False
B_bham_coarse,main,27,True,False,occupancy_tercile,high,ToD-ACI,0.9090909090909092,81.3672918109668,55,,False
B_bham_coarse,main,27,True,False,occupancy_tercile,low,ToD-ACI,0.8717948717948718,87.25822240722239,39,,False
B_bham_coarse,main,27,True,False,random_5,r0,split-CP,0.96,83.98454761904759,25,,False
B_bham_coarse,main,27,True,False,random_5,r3,split-CP,0.8378378378378378,83.98454761904759,37,,False
B_bham_coarse,main,27,True,False,random_5,r2,split-CP,0.8235294117647058,83.98454761904759,34,,False
B_bham_coarse,main,27,True,False,random_5,r4,split-CP,1.0,83.98454761904759,22,,False
B_bham_coarse,main,27,True,False,random_5,r1,split-CP,0.8823529411764706,83.98454761904759,17,,False
B_bham_coarse,main,27,True,False,random_5,r0,Mondrian-split-CP,0.96,83.98454761904759,25,,False
B_bham_coarse,main,27,True,False,random_5,r3,Mondrian-split-CP,0.8378378378378378,83.98454761904759,37,,False
B_bham_coarse,main,27,True,False,random_5,r2,Mondrian-split-CP,0.8235294117647058,83.98454761904759,34,,False
B_bham_coarse,main,27,True,False,random_5,r4,Mondrian-split-CP,1.0,83.98454761904759,22,,False
B_bham_coarse,main,27,True,False,random_5,r1,Mondrian-split-CP,0.8823529411764706,83.98454761904759,17,,False
B_bham_coarse,main,27,True,False,random_5,r0,ACI,0.88,82.86589047619049,25,,False
B_bham_coarse,main,27,True,False,random_5,r3,ACI,0.8918918918918919,82.74448734936233,37,,False
B_bham_coarse,main,27,True,False,random_5,r2,ACI,0.8529411764705882,85.33624915648075,34,,False
B_bham_coarse,main,27,True,False,random_5,r4,ACI,1.0,81.57844390331886,22,,False
B_bham_coarse,main,27,True,False,random_5,r1,ACI,0.8823529411764706,80.957794117647,17,,False
B_bham_coarse,main,27,True,False,random_5,r0,ToD-ACI,0.88,82.86589047619049,25,,False
B_bham_coarse,main,27,True,False,random_5,r3,ToD-ACI,0.8918918918918919,82.74448734936233,37,,False
B_bham_coarse,main,27,True,False,random_5,r2,ToD-ACI,0.8529411764705882,85.33624915648075,34,,False
B_bham_coarse,main,27,True,False,random_5,r4,ToD-ACI,1.0,81.57844390331886,22,,False
B_bham_coarse,main,27,True,False,random_5,r1,ToD-ACI,0.8823529411764706,80.957794117647,17,,False
B_bham_coarse,main,27,True,False,time_of_day,midday,split-CP,0.8888888888888888,83.98454761904759,135,,False
B_bham_coarse,main,27,True,False,time_of_day,midday,Mondrian-split-CP,0.8888888888888888,83.98454761904759,135,,False
B_bham_coarse,main,27,True,False,time_of_day,midday,ACI,0.8962962962962963,83.00469652610761,135,,False
B_bham_coarse,main,27,True,False,time_of_day,midday,ToD-ACI,0.8962962962962963,83.00469652610761,135,,False
B_bham_coarse,main,27,True,False,(P14 control),one_group,ToD-ACI==ACI,1.0,,0,,False
B_bham_coarse,main,28,True,False,day_of_week,Mon,split-CP,0.56,98.23991792929291,25,,False
B_bham_coarse,main,28,True,False,day_of_week,Tue,split-CP,0.8235294117647058,98.23991792929291,17,,False
B_bham_coarse,main,28,True,False,day_of_week,Wed,split-CP,0.9473684210526316,98.23991792929291,19,,False
B_bham_coarse,main,28,True,False,day_of_week,Thu,split-CP,0.95,98.23991792929291,20,,False
B_bham_coarse,main,28,True,False,day_of_week,Fri,split-CP,1.0,98.23991792929291,18,,False
B_bham_coarse,main,28,True,False,day_of_week,Sat,split-CP,0.631578947368421,98.23991792929291,19,,False
B_bham_coarse,main,28,True,False,day_of_week,Sun,split-CP,0.8235294117647058,98.2399179292929,17,,False
B_bham_coarse,main,28,True,False,day_of_week,Mon,Mondrian-split-CP,0.56,98.23991792929291,25,,False
B_bham_coarse,main,28,True,False,day_of_week,Tue,Mondrian-split-CP,0.8235294117647058,98.23991792929291,17,,False
B_bham_coarse,main,28,True,False,day_of_week,Wed,Mondrian-split-CP,0.9473684210526316,98.23991792929291,19,,False
B_bham_coarse,main,28,True,False,day_of_week,Thu,Mondrian-split-CP,0.95,98.23991792929291,20,,False
B_bham_coarse,main,28,True,False,day_of_week,Fri,Mondrian-split-CP,1.0,98.23991792929291,18,,False
B_bham_coarse,main,28,True,False,day_of_week,Sat,Mondrian-split-CP,0.631578947368421,98.23991792929291,19,,False
B_bham_coarse,main,28,True,False,day_of_week,Sun,Mondrian-split-CP,0.8235294117647058,98.2399179292929,17,,False
B_bham_coarse,main,28,True,False,day_of_week,Mon,ACI,0.8,146.8356707070707,25,,False
B_bham_coarse,main,28,True,False,day_of_week,Tue,ACI,0.9411764705882352,162.3865526377217,17,,False
B_bham_coarse,main,28,True,False,day_of_week,Wed,ACI,1.0,119.6516687837017,19,,False
B_bham_coarse,main,28,True,False,day_of_week,Thu,ACI,0.95,112.06754623015873,20,,False
B_bham_coarse,main,28,True,False,day_of_week,Fri,ACI,1.0,99.67850937950938,18,,False
B_bham_coarse,main,28,True,False,day_of_week,Sat,ACI,0.6842105263157895,126.83366631540976,19,,False
B_bham_coarse,main,28,True,False,day_of_week,Sun,ACI,0.8235294117647058,128.646561698922,17,,False
B_bham_coarse,main,28,True,False,day_of_week,Mon,ToD-ACI,0.8,146.8356707070707,25,,False
B_bham_coarse,main,28,True,False,day_of_week,Tue,ToD-ACI,0.9411764705882352,162.3865526377217,17,,False
B_bham_coarse,main,28,True,False,day_of_week,Wed,ToD-ACI,1.0,119.6516687837017,19,,False
B_bham_coarse,main,28,True,False,day_of_week,Thu,ToD-ACI,0.95,112.06754623015873,20,,False
B_bham_coarse,main,28,True,False,day_of_week,Fri,ToD-ACI,1.0,99.67850937950938,18,,False
B_bham_coarse,main,28,True,False,day_of_week,Sat,ToD-ACI,0.6842105263157895,126.83366631540976,19,,False
B_bham_coarse,main,28,True,False,day_of_week,Sun,ToD-ACI,0.8235294117647058,128.646561698922,17,,False
B_bham_coarse,main,28,True,False,occupancy_tercile,low,split-CP,0.4285714285714285,98.23991792929291,7,,False
B_bham_coarse,main,28,True,False,occupancy_tercile,mid,split-CP,0.7272727272727273,98.23991792929291,22,,False
B_bham_coarse,main,28,True,False,occupancy_tercile,high,split-CP,0.8490566037735849,98.23991792929291,106,,False
B_bham_coarse,main,28,True,False,occupancy_tercile,low,Mondrian-split-CP,0.4285714285714285,98.23991792929291,7,,False
B_bham_coarse,main,28,True,False,occupancy_tercile,mid,Mondrian-split-CP,0.7272727272727273,98.23991792929291,22,,False
B_bham_coarse,main,28,True,False,occupancy_tercile,high,Mondrian-split-CP,0.8490566037735849,98.23991792929291,106,,False
B_bham_coarse,main,28,True,False,occupancy_tercile,low,ACI,0.5714285714285714,145.83974507833435,7,,False
B_bham_coarse,main,28,True,False,occupancy_tercile,mid,ACI,0.7727272727272727,125.3024363931523,22,,False
B_bham_coarse,main,28,True,False,occupancy_tercile,high,ACI,0.9245283018867924,127.92177693886302,106,,False
B_bham_coarse,main,28,True,False,occupancy_tercile,low,ToD-ACI,0.5714285714285714,145.83974507833435,7,,False
B_bham_coarse,main,28,True,False,occupancy_tercile,mid,ToD-ACI,0.7727272727272727,125.3024363931523,22,,False
B_bham_coarse,main,28,True,False,occupancy_tercile,high,ToD-ACI,0.9245283018867924,127.92177693886302,106,,False
B_bham_coarse,main,28,True,False,random_5,r0,split-CP,0.8,98.23991792929291,25,,False
B_bham_coarse,main,28,True,False,random_5,r3,split-CP,0.7837837837837838,98.23991792929291,37,,False
B_bham_coarse,main,28,True,False,random_5,r2,split-CP,0.8235294117647058,98.23991792929291,34,,False
B_bham_coarse,main,28,True,False,random_5,r4,split-CP,0.9090909090909092,98.23991792929291,22,,False
B_bham_coarse,main,28,True,False,random_5,r1,split-CP,0.7058823529411765,98.23991792929291,17,,False
B_bham_coarse,main,28,True,False,random_5,r0,Mondrian-split-CP,0.8,98.23991792929291,25,,False
B_bham_coarse,main,28,True,False,random_5,r3,Mondrian-split-CP,0.7837837837837838,98.23991792929291,37,,False
B_bham_coarse,main,28,True,False,random_5,r2,Mondrian-split-CP,0.8235294117647058,98.23991792929291,34,,False
B_bham_coarse,main,28,True,False,random_5,r4,Mondrian-split-CP,0.9090909090909092,98.23991792929291,22,,False
B_bham_coarse,main,28,True,False,random_5,r1,Mondrian-split-CP,0.7058823529411765,98.23991792929291,17,,False
B_bham_coarse,main,28,True,False,random_5,r0,ACI,0.84,127.5974071933622,25,,False
B_bham_coarse,main,28,True,False,random_5,r3,ACI,0.8378378378378378,120.10196417846414,37,,False
B_bham_coarse,main,28,True,False,random_5,r2,ACI,0.9411764705882352,143.59032955606483,34,,False
B_bham_coarse,main,28,True,False,random_5,r4,ACI,0.9090909090909092,120.2759573084744,22,,False
B_bham_coarse,main,28,True,False,random_5,r1,ACI,0.8823529411764706,127.96412068160596,17,,False
B_bham_coarse,main,28,True,False,random_5,r0,ToD-ACI,0.84,127.5974071933622,25,,False
B_bham_coarse,main,28,True,False,random_5,r3,ToD-ACI,0.8378378378378378,120.10196417846414,37,,False
B_bham_coarse,main,28,True,False,random_5,r2,ToD-ACI,0.9411764705882352,143.59032955606483,34,,False
B_bham_coarse,main,28,True,False,random_5,r4,ToD-ACI,0.9090909090909092,120.2759573084744,22,,False
B_bham_coarse,main,28,True,False,random_5,r1,ToD-ACI,0.8823529411764706,127.96412068160596,17,,False
B_bham_coarse,main,28,True,False,time_of_day,midday,split-CP,0.8074074074074075,98.23991792929294,135,,False
B_bham_coarse,main,28,True,False,time_of_day,midday,Mondrian-split-CP,0.8074074074074075,98.23991792929294,135,,False
B_bham_coarse,main,28,True,False,time_of_day,midday,ACI,0.8814814814814815,128.42400127197908,135,,False
B_bham_coarse,main,28,True,False,time_of_day,midday,ToD-ACI,0.8814814814814815,128.42400127197908,135,,False
B_bham_coarse,main,28,True,False,(P14 control),one_group,ToD-ACI==ACI,1.0,,0,,False
B_bham_coarse,main,29,True,False,day_of_week,Mon,split-CP,1.0,203.1304583333335,25,,False
B_bham_coarse,main,29,True,False,day_of_week,Tue,split-CP,0.9411764705882352,203.1304583333336,17,,False
B_bham_coarse,main,29,True,False,day_of_week,Wed,split-CP,1.0,203.1304583333336,19,,False
B_bham_coarse,main,29,True,False,day_of_week,Thu,split-CP,1.0,203.1304583333336,20,,False
B_bham_coarse,main,29,True,False,day_of_week,Fri,split-CP,1.0,203.1304583333336,18,,False
B_bham_coarse,main,29,True,False,day_of_week,Sat,split-CP,0.7894736842105263,203.1304583333336,19,,False
B_bham_coarse,main,29,True,False,day_of_week,Sun,split-CP,0.7647058823529411,203.1304583333336,17,,False
B_bham_coarse,main,29,True,False,day_of_week,Mon,Mondrian-split-CP,1.0,203.1304583333335,25,,False
B_bham_coarse,main,29,True,False,day_of_week,Tue,Mondrian-split-CP,0.9411764705882352,203.1304583333336,17,,False
B_bham_coarse,main,29,True,False,day_of_week,Wed,Mondrian-split-CP,1.0,203.1304583333336,19,,False
B_bham_coarse,main,29,True,False,day_of_week,Thu,Mondrian-split-CP,1.0,203.1304583333336,20,,False
B_bham_coarse,main,29,True,False,day_of_week,Fri,Mondrian-split-CP,1.0,203.1304583333336,18,,False
B_bham_coarse,main,29,True,False,day_of_week,Sat,Mondrian-split-CP,0.7894736842105263,203.1304583333336,19,,False
B_bham_coarse,main,29,True,False,day_of_week,Sun,Mondrian-split-CP,0.7647058823529411,203.1304583333336,17,,False
B_bham_coarse,main,29,True,False,day_of_week,Mon,ACI,0.96,192.89685904761907,25,,False
B_bham_coarse,main,29,True,False,day_of_week,Tue,ACI,0.9411764705882352,136.74111673865352,17,,False
B_bham_coarse,main,29,True,False,day_of_week,Wed,ACI,0.9473684210526316,131.61657050770864,19,,False
B_bham_coarse,main,29,True,False,day_of_week,Thu,ACI,0.85,153.5376661796537,20,,False
B_bham_coarse,main,29,True,False,day_of_week,Fri,ACI,0.9444444444444444,132.5934700176367,18,,False
B_bham_coarse,main,29,True,False,day_of_week,Sat,ACI,0.5789473684210527,200.7330516917293,19,,False
B_bham_coarse,main,29,True,False,day_of_week,Sun,ACI,0.9411764705882352,251.2004788748833,17,,False
B_bham_coarse,main,29,True,False,day_of_week,Mon,ToD-ACI,0.96,192.89685904761907,25,,False
B_bham_coarse,main,29,True,False,day_of_week,Tue,ToD-ACI,0.9411764705882352,136.74111673865352,17,,False
B_bham_coarse,main,29,True,False,day_of_week,Wed,ToD-ACI,0.9473684210526316,131.61657050770864,19,,False
B_bham_coarse,main,29,True,False,day_of_week,Thu,ToD-ACI,0.85,153.5376661796537,20,,False
B_bham_coarse,main,29,True,False,day_of_week,Fri,ToD-ACI,0.9444444444444444,132.5934700176367,18,,False
B_bham_coarse,main,29,True,False,day_of_week,Sat,ToD-ACI,0.5789473684210527,200.7330516917293,19,,False
B_bham_coarse,main,29,True,False,day_of_week,Sun,ToD-ACI,0.9411764705882352,251.2004788748833,17,,False
B_bham_coarse,main,29,True,False,occupancy_tercile,low,split-CP,0.9696969696969696,203.1304583333336,33,,False
B_bham_coarse,main,29,True,False,occupancy_tercile,mid,split-CP,0.9824561403508772,203.1304583333336,57,,False
B_bham_coarse,main,29,True,False,occupancy_tercile,high,split-CP,0.8444444444444444,203.13045833333348,45,,False
B_bham_coarse,main,29,True,False,occupancy_tercile,low,Mondrian-split-CP,0.9696969696969696,203.1304583333336,33,,False
B_bham_coarse,main,29,True,False,occupancy_tercile,mid,Mondrian-split-CP,0.9824561403508772,203.1304583333336,57,,False
B_bham_coarse,main,29,True,False,occupancy_tercile,high,Mondrian-split-CP,0.8444444444444444,203.13045833333348,45,,False
B_bham_coarse,main,29,True,False,occupancy_tercile,low,ACI,0.9090909090909092,159.72955653605655,33,,False
B_bham_coarse,main,29,True,False,occupancy_tercile,mid,ACI,0.912280701754386,152.0953317700818,57,,False
B_bham_coarse,main,29,True,False,occupancy_tercile,high,ACI,0.8222222222222222,205.53328734968736,45,,False
B_bham_coarse,main,29,True,False,occupancy_tercile,low,ToD-ACI,0.9090909090909092,159.72955653605655,33,,False
B_bham_coarse,main,29,True,False,occupancy_tercile,mid,ToD-ACI,0.912280701754386,152.0953317700818,57,,False
B_bham_coarse,main,29,True,False,occupancy_tercile,high,ToD-ACI,0.8222222222222222,205.53328734968736,45,,False
B_bham_coarse,main,29,True,False,random_5,r0,split-CP,0.92,203.1304583333335,25,,False
B_bham_coarse,main,29,True,False,random_5,r3,split-CP,0.972972972972973,203.13045833333348,37,,False
B_bham_coarse,main,29,True,False,random_5,r2,split-CP,0.8529411764705882,203.1304583333335,34,,False
B_bham_coarse,main,29,True,False,random_5,r4,split-CP,1.0,203.1304583333335,22,,False
B_bham_coarse,main,29,True,False,random_5,r1,split-CP,0.9411764705882352,203.1304583333336,17,,False
B_bham_coarse,main,29,True,False,random_5,r0,Mondrian-split-CP,0.92,203.1304583333335,25,,False
B_bham_coarse,main,29,True,False,random_5,r3,Mondrian-split-CP,0.972972972972973,203.13045833333348,37,,False
B_bham_coarse,main,29,True,False,random_5,r2,Mondrian-split-CP,0.8529411764705882,203.1304583333335,34,,False
B_bham_coarse,main,29,True,False,random_5,r4,Mondrian-split-CP,1.0,203.1304583333335,22,,False
B_bham_coarse,main,29,True,False,random_5,r1,Mondrian-split-CP,0.9411764705882352,203.1304583333336,17,,False
B_bham_coarse,main,29,True,False,random_5,r0,ACI,0.96,189.6934847546898,25,,False
B_bham_coarse,main,29,True,False,random_5,r3,ACI,0.918918918918919,157.45269145119147,37,,False
B_bham_coarse,main,29,True,False,random_5,r2,ACI,0.8235294117647058,182.72919969124013,34,,False
B_bham_coarse,main,29,True,False,random_5,r4,ACI,0.8181818181818182,141.42261175882203,22,,False
B_bham_coarse,main,29,True,False,random_5,r1,ACI,0.8823529411764706,193.96060332722823,17,,False
B_bham_coarse,main,29,True,False,random_5,r0,ToD-ACI,0.96,189.6934847546898,25,,False
B_bham_coarse,main,29,True,False,random_5,r3,ToD-ACI,0.918918918918919,157.45269145119147,37,,False
B_bham_coarse,main,29,True,False,random_5,r2,ToD-ACI,0.8235294117647058,182.72919969124013,34,,False
B_bham_coarse,main,29,True,False,random_5,r4,ToD-ACI,0.8181818181818182,141.42261175882203,22,,False
B_bham_coarse,main,29,True,False,random_5,r1,ToD-ACI,0.8823529411764706,193.96060332722823,17,,False
B_bham_coarse,main,29,True,False,time_of_day,midday,split-CP,0.9333333333333332,203.1304583333335,135,,False
B_bham_coarse,main,29,True,False,time_of_day,midday,Mondrian-split-CP,0.9333333333333332,203.1304583333335,135,,False
B_bham_coarse,main,29,True,False,time_of_day,midday,ACI,0.8814814814814815,171.774127461633,135,,False
B_bham_coarse,main,29,True,False,time_of_day,midday,ToD-ACI,0.8814814814814815,171.774127461633,135,,False
B_bham_coarse,main,29,True,False,(P14 control),one_group,ToD-ACI==ACI,1.0,,0,,False
B_bham_coarse,main,30,True,False,day_of_week,Mon,split-CP,1.0,183.27345238095225,25,,False
B_bham_coarse,main,30,True,False,day_of_week,Tue,split-CP,0.9411764705882352,183.27345238095225,17,,False
B_bham_coarse,main,30,True,False,day_of_week,Wed,split-CP,1.0,183.27345238095225,19,,False
B_bham_coarse,main,30,True,False,day_of_week,Thu,split-CP,1.0,183.27345238095225,20,,False
B_bham_coarse,main,30,True,False,day_of_week,Fri,split-CP,1.0,183.27345238095225,18,,False
B_bham_coarse,main,30,True,False,day_of_week,Sat,split-CP,0.8947368421052632,183.27345238095225,19,,False
B_bham_coarse,main,30,True,False,day_of_week,Sun,split-CP,0.5882352941176471,183.27345238095225,17,,False
B_bham_coarse,main,30,True,False,day_of_week,Mon,Mondrian-split-CP,1.0,183.27345238095225,25,,False
B_bham_coarse,main,30,True,False,day_of_week,Tue,Mondrian-split-CP,0.9411764705882352,183.27345238095225,17,,False
B_bham_coarse,main,30,True,False,day_of_week,Wed,Mondrian-split-CP,1.0,183.27345238095225,19,,False
B_bham_coarse,main,30,True,False,day_of_week,Thu,Mondrian-split-CP,1.0,183.27345238095225,20,,False
B_bham_coarse,main,30,True,False,day_of_week,Fri,Mondrian-split-CP,1.0,183.27345238095225,18,,False
B_bham_coarse,main,30,True,False,day_of_week,Sat,Mondrian-split-CP,0.8947368421052632,183.27345238095225,19,,False
B_bham_coarse,main,30,True,False,day_of_week,Sun,Mondrian-split-CP,0.5882352941176471,183.27345238095225,17,,False
B_bham_coarse,main,30,True,False,day_of_week,Mon,ACI,1.0,212.1707431746032,25,,False
B_bham_coarse,main,30,True,False,day_of_week,Tue,ACI,0.9411764705882352,185.6095595238095,17,,False
B_bham_coarse,main,30,True,False,day_of_week,Wed,ACI,1.0,160.72062824675317,19,,False
B_bham_coarse,main,30,True,False,day_of_week,Thu,ACI,1.0,126.59631762265512,20,,False
B_bham_coarse,main,30,True,False,day_of_week,Fri,ACI,0.7777777777777778,95.28647112995029,18,,False
B_bham_coarse,main,30,True,False,day_of_week,Sat,ACI,0.6842105263157895,136.0881341516671,19,,False
B_bham_coarse,main,30,True,False,day_of_week,Sun,ACI,0.7647058823529411,260.73326604278066,17,,False
B_bham_coarse,main,30,True,False,day_of_week,Mon,ToD-ACI,1.0,212.1707431746032,25,,False
B_bham_coarse,main,30,True,False,day_of_week,Tue,ToD-ACI,0.9411764705882352,185.6095595238095,17,,False
B_bham_coarse,main,30,True,False,day_of_week,Wed,ToD-ACI,1.0,160.72062824675317,19,,False
B_bham_coarse,main,30,True,False,day_of_week,Thu,ToD-ACI,1.0,126.59631762265512,20,,False
B_bham_coarse,main,30,True,False,day_of_week,Fri,ToD-ACI,0.7777777777777778,95.28647112995029,18,,False
B_bham_coarse,main,30,True,False,day_of_week,Sat,ToD-ACI,0.6842105263157895,136.0881341516671,19,,False
B_bham_coarse,main,30,True,False,day_of_week,Sun,ToD-ACI,0.7647058823529411,260.73326604278066,17,,False
B_bham_coarse,main,30,True,False,occupancy_tercile,high,split-CP,0.9876543209876544,183.27345238095225,81,,False
B_bham_coarse,main,30,True,False,occupancy_tercile,mid,split-CP,1.0,183.27345238095225,18,,False
B_bham_coarse,main,30,True,False,occupancy_tercile,low,split-CP,0.75,183.27345238095225,36,,False
B_bham_coarse,main,30,True,False,occupancy_tercile,high,Mondrian-split-CP,0.9876543209876544,183.27345238095225,81,,False
B_bham_coarse,main,30,True,False,occupancy_tercile,mid,Mondrian-split-CP,1.0,183.27345238095225,18,,False
B_bham_coarse,main,30,True,False,occupancy_tercile,low,Mondrian-split-CP,0.75,183.27345238095225,36,,False
B_bham_coarse,main,30,True,False,occupancy_tercile,high,ACI,0.9753086419753086,168.0661841986888,81,,False
B_bham_coarse,main,30,True,False,occupancy_tercile,mid,ACI,0.8333333333333334,119.2802744809203,18,,False
B_bham_coarse,main,30,True,False,occupancy_tercile,low,ACI,0.7222222222222222,194.9483353224708,36,,False
B_bham_coarse,main,30,True,False,occupancy_tercile,high,ToD-ACI,0.9753086419753086,168.0661841986888,81,,False
B_bham_coarse,main,30,True,False,occupancy_tercile,mid,ToD-ACI,0.8333333333333334,119.2802744809203,18,,False
B_bham_coarse,main,30,True,False,occupancy_tercile,low,ToD-ACI,0.7222222222222222,194.9483353224708,36,,False
B_bham_coarse,main,30,True,False,random_5,r0,split-CP,0.88,183.27345238095225,25,,False
B_bham_coarse,main,30,True,False,random_5,r3,split-CP,0.972972972972973,183.27345238095225,37,,False
B_bham_coarse,main,30,True,False,random_5,r2,split-CP,0.8823529411764706,183.27345238095225,34,,False
B_bham_coarse,main,30,True,False,random_5,r4,split-CP,1.0,183.27345238095225,22,,False
B_bham_coarse,main,30,True,False,random_5,r1,split-CP,0.8823529411764706,183.27345238095225,17,,False
B_bham_coarse,main,30,True,False,random_5,r0,Mondrian-split-CP,0.88,183.27345238095225,25,,False
B_bham_coarse,main,30,True,False,random_5,r3,Mondrian-split-CP,0.972972972972973,183.27345238095225,37,,False
B_bham_coarse,main,30,True,False,random_5,r2,Mondrian-split-CP,0.8823529411764706,183.27345238095225,34,,False
B_bham_coarse,main,30,True,False,random_5,r4,Mondrian-split-CP,1.0,183.27345238095225,22,,False
B_bham_coarse,main,30,True,False,random_5,r1,Mondrian-split-CP,0.8823529411764706,183.27345238095225,17,,False
B_bham_coarse,main,30,True,False,random_5,r0,ACI,0.92,167.26249643578635,25,,False
B_bham_coarse,main,30,True,False,random_5,r3,ACI,0.8648648648648649,169.6601014927265,37,,False
B_bham_coarse,main,30,True,False,random_5,r2,ACI,0.8823529411764706,181.0588936157796,34,,False
B_bham_coarse,main,30,True,False,random_5,r4,ACI,0.9545454545454546,158.21588867571816,22,,False
B_bham_coarse,main,30,True,False,random_5,r1,ACI,0.8235294117647058,157.81222543714452,17,,False
B_bham_coarse,main,30,True,False,random_5,r0,ToD-ACI,0.92,167.26249643578635,25,,False
B_bham_coarse,main,30,True,False,random_5,r3,ToD-ACI,0.8648648648648649,169.6601014927265,37,,False
B_bham_coarse,main,30,True,False,random_5,r2,ToD-ACI,0.8823529411764706,181.0588936157796,34,,False
B_bham_coarse,main,30,True,False,random_5,r4,ToD-ACI,0.9545454545454546,158.21588867571816,22,,False
B_bham_coarse,main,30,True,False,random_5,r1,ToD-ACI,0.8235294117647058,157.81222543714452,17,,False
B_bham_coarse,main,30,True,False,time_of_day,midday,split-CP,0.925925925925926,183.27345238095225,135,,False
B_bham_coarse,main,30,True,False,time_of_day,midday,Mondrian-split-CP,0.925925925925926,183.27345238095225,135,,False
B_bham_coarse,main,30,True,False,time_of_day,midday,ACI,0.8888888888888888,168.72996986932822,135,,False
B_bham_coarse,main,30,True,False,time_of_day,midday,ToD-ACI,0.8888888888888888,168.72996986932822,135,,False
B_bham_coarse,main,30,True,False,(P14 control),one_group,ToD-ACI==ACI,1.0,,0,,False
C_bham_hour,main,1,True,False,day_of_week,Mon,split-CP,0.88,78.06559523809528,25,0.1023956894881034,False
C_bham_hour,main,1,True,False,day_of_week,Tue,split-CP,0.9411764705882352,78.06559523809528,17,0.1023956894881034,False
C_bham_hour,main,1,True,False,day_of_week,Wed,split-CP,1.0,78.06559523809528,19,0.1023956894881034,False
C_bham_hour,main,1,True,False,day_of_week,Thu,split-CP,1.0,78.06559523809528,20,0.1023956894881034,False
C_bham_hour,main,1,True,False,day_of_week,Fri,split-CP,1.0,78.06559523809528,18,0.1023956894881034,False
C_bham_hour,main,1,True,False,day_of_week,Sat,split-CP,0.6842105263157895,78.06559523809528,19,0.1023956894881034,False
C_bham_hour,main,1,True,False,day_of_week,Sun,split-CP,0.8235294117647058,78.06559523809528,17,0.1023956894881034,False
C_bham_hour,main,1,True,False,day_of_week,Mon,Mondrian-split-CP,0.92,78.72588619047619,25,0.1023956894881034,False
C_bham_hour,main,1,True,False,day_of_week,Tue,Mondrian-split-CP,0.9411764705882352,78.60986694677871,17,0.1023956894881034,False
C_bham_hour,main,1,True,False,day_of_week,Wed,Mondrian-split-CP,1.0,78.82924310776944,19,0.1023956894881034,False
C_bham_hour,main,1,True,False,day_of_week,Thu,Mondrian-split-CP,1.0,78.7910607142857,20,0.1023956894881034,False
C_bham_hour,main,1,True,False,day_of_week,Fri,Mondrian-split-CP,1.0,78.72564880952382,18,0.1023956894881034,False
C_bham_hour,main,1,True,False,day_of_week,Sat,Mondrian-split-CP,0.6842105263157895,78.69090914786969,19,0.1023956894881034,False
C_bham_hour,main,1,True,False,day_of_week,Sun,Mondrian-split-CP,0.8235294117647058,78.76447549019609,17,0.1023956894881034,False
C_bham_hour,main,1,True,False,day_of_week,Mon,ACI,0.96,92.59835373015872,25,0.1023956894881034,False
C_bham_hour,main,1,True,False,day_of_week,Tue,ACI,0.7647058823529411,73.64292728758171,17,0.1023956894881034,False
C_bham_hour,main,1,True,False,day_of_week,Wed,ACI,1.0,89.03069157742843,19,0.1023956894881034,False
C_bham_hour,main,1,True,False,day_of_week,Thu,ACI,0.9,56.63536418650794,20,0.1023956894881034,False
C_bham_hour,main,1,True,False,day_of_week,Fri,ACI,0.7777777777777778,63.04295238095238,18,0.1023956894881034,False
C_bham_hour,main,1,True,False,day_of_week,Sat,ACI,0.7368421052631579,108.70001133515608,19,0.1023956894881034,False
C_bham_hour,main,1,True,False,day_of_week,Sun,ACI,0.8823529411764706,104.55224989389696,17,0.1023956894881034,False
C_bham_hour,main,1,True,False,day_of_week,Mon,ToD-ACI,0.92,89.00618492063495,25,0.1023956894881034,False
C_bham_hour,main,1,True,False,day_of_week,Tue,ToD-ACI,0.8823529411764706,81.51104388422034,17,0.1023956894881034,False
C_bham_hour,main,1,True,False,day_of_week,Wed,ToD-ACI,1.0,83.46579427736009,19,0.1023956894881034,False
C_bham_hour,main,1,True,False,day_of_week,Thu,ToD-ACI,0.95,73.64781310425685,20,0.1023956894881034,False
C_bham_hour,main,1,True,False,day_of_week,Fri,ToD-ACI,0.9444444444444444,68.46712235449735,18,0.1023956894881034,False
C_bham_hour,main,1,True,False,day_of_week,Sat,ToD-ACI,0.631578947368421,64.12977130325817,19,0.1023956894881034,False
C_bham_hour,main,1,True,False,day_of_week,Sun,ToD-ACI,0.8235294117647058,91.0553346277905,17,0.1023956894881034,False
C_bham_hour,main,1,True,False,occupancy_tercile,low,split-CP,0.975,78.06559523809528,40,0.3477985449061394,False
C_bham_hour,main,1,True,False,occupancy_tercile,mid,split-CP,0.9230769230769232,78.06559523809528,52,0.3477985449061394,False
C_bham_hour,main,1,True,False,occupancy_tercile,high,split-CP,0.813953488372093,78.06559523809528,43,0.3477985449061394,False
C_bham_hour,main,1,True,False,occupancy_tercile,low,Mondrian-split-CP,0.975,78.47135535714287,40,0.3477985449061394,False
C_bham_hour,main,1,True,False,occupancy_tercile,mid,Mondrian-split-CP,0.9423076923076924,78.53222550366299,52,0.3477985449061394,False
C_bham_hour,main,1,True,False,occupancy_tercile,high,Mondrian-split-CP,0.813953488372093,79.22667026578074,43,0.3477985449061394,False
C_bham_hour,main,1,True,False,occupancy_tercile,low,ACI,0.95,84.56604819173882,40,0.3477985449061394,False
C_bham_hour,main,1,True,False,occupancy_tercile,mid,ACI,0.8653846153846154,75.16394120115996,52,0.3477985449061394,False
C_bham_hour,main,1,True,False,occupancy_tercile,high,ACI,0.7906976744186046,94.82497132873586,43,0.3477985449061394,False
C_bham_hour,main,1,True,False,occupancy_tercile,low,ToD-ACI,0.975,83.23846780753969,40,0.3477985449061394,False
C_bham_hour,main,1,True,False,occupancy_tercile,mid,ToD-ACI,0.903846153846154,80.28143193611943,52,0.3477985449061394,False
C_bham_hour,main,1,True,False,occupancy_tercile,high,ToD-ACI,0.7674418604651163,73.58814174972315,43,0.3477985449061394,False
C_bham_hour,main,1,True,False,random_6,r0,split-CP,0.8571428571428571,78.06559523809528,21,0.1233096294479124,False
C_bham_hour,main,1,True,False,random_6,r4,split-CP,0.8888888888888888,78.06559523809528,36,0.1233096294479124,False
C_bham_hour,main,1,True,False,random_6,r3,split-CP,0.8695652173913043,78.06559523809528,23,0.1233096294479124,False
C_bham_hour,main,1,True,False,random_6,r2,split-CP,0.92,78.06559523809528,25,0.1233096294479124,False
C_bham_hour,main,1,True,False,random_6,r5,split-CP,0.9333333333333332,78.06559523809528,15,0.1233096294479124,False
C_bham_hour,main,1,True,False,random_6,r1,split-CP,1.0,78.06559523809528,15,0.1233096294479124,False
C_bham_hour,main,1,True,False,random_6,r0,Mondrian-split-CP,0.8571428571428571,78.6593492063492,21,0.1233096294479124,False
C_bham_hour,main,1,True,False,random_6,r4,Mondrian-split-CP,0.8888888888888888,78.20038095238095,36,0.1233096294479124,False
C_bham_hour,main,1,True,False,random_6,r3,Mondrian-split-CP,0.9130434782608696,79.04945186335404,23,0.1233096294479124,False
C_bham_hour,main,1,True,False,random_6,r2,Mondrian-split-CP,0.92,79.3190338095238,25,0.1233096294479124,False
C_bham_hour,main,1,True,False,random_6,r5,Mondrian-split-CP,0.9333333333333332,78.14114365079364,15,0.1233096294479124,False
C_bham_hour,main,1,True,False,random_6,r1,Mondrian-split-CP,1.0,79.26575476190479,15,0.1233096294479124,False
C_bham_hour,main,1,True,False,random_6,r0,ACI,0.7619047619047619,75.53432690854119,21,0.1233096294479124,False
C_bham_hour,main,1,True,False,random_6,r4,ACI,0.9166666666666666,87.18069172378547,36,0.1233096294479124,False
C_bham_hour,main,1,True,False,random_6,r3,ACI,0.8695652173913043,92.61841240040155,23,0.1233096294479124,False
C_bham_hour,main,1,True,False,random_6,r2,ACI,0.84,82.14276603174605,25,0.1233096294479124,False
C_bham_hour,main,1,True,False,random_6,r5,ACI,0.8,80.29314695767196,15,0.1233096294479124,False
C_bham_hour,main,1,True,False,random_6,r1,ACI,1.0,83.715001984127,15,0.1233096294479124,False
C_bham_hour,main,1,True,False,random_6,r0,ToD-ACI,0.8571428571428571,84.2174202140452,21,0.1233096294479124,False
C_bham_hour,main,1,True,False,random_6,r4,ToD-ACI,0.8888888888888888,76.3537610229277,36,0.1233096294479124,False
C_bham_hour,main,1,True,False,random_6,r3,ToD-ACI,0.8260869565217391,72.99278809053267,23,0.1233096294479124,False
C_bham_hour,main,1,True,False,random_6,r2,ToD-ACI,0.84,84.31864932900433,25,0.1233096294479124,False
C_bham_hour,main,1,True,False,random_6,r5,ToD-ACI,0.9333333333333332,78.35164054834055,15,0.1233096294479124,False
C_bham_hour,main,1,True,False,random_6,r1,ToD-ACI,1.0,79.27247195767195,15,0.1233096294479124,False
C_bham_hour,main,1,True,False,hour_of_day,h11,split-CP,0.8333333333333334,78.06559523809528,30,1.0,False
C_bham_hour,main,1,True,False,hour_of_day,h12,split-CP,0.9,78.06559523809528,30,1.0,False
C_bham_hour,main,1,True,False,hour_of_day,h13,split-CP,0.9666666666666668,78.06559523809528,30,1.0,False
C_bham_hour,main,1,True,False,hour_of_day,h14,split-CP,0.9333333333333332,78.06559523809528,30,1.0,False
C_bham_hour,main,1,True,False,hour_of_day,h10,split-CP,1.0,78.06559523809528,7,1.0,False
C_bham_hour,main,1,True,False,hour_of_day,h15,split-CP,0.75,78.06559523809528,8,1.0,False
C_bham_hour,main,1,True,False,hour_of_day,h11,Mondrian-split-CP,0.8333333333333334,76.02511904761901,30,1.0,False
C_bham_hour,main,1,True,False,hour_of_day,h12,Mondrian-split-CP,0.9333333333333332,84.45970238095242,30,1.0,False
C_bham_hour,main,1,True,False,hour_of_day,h13,Mondrian-split-CP,0.9666666666666668,76.02511904761901,30,1.0,False
C_bham_hour,main,1,True,False,hour_of_day,h14,Mondrian-split-CP,0.9333333333333332,78.06559523809528,30,1.0,False
C_bham_hour,main,1,True,False,hour_of_day,h10,Mondrian-split-CP,1.0,78.06559523809528,7,1.0,False
C_bham_hour,main,1,True,False,hour_of_day,h15,Mondrian-split-CP,0.75,80.6939404761905,8,1.0,False
C_bham_hour,main,1,True,False,hour_of_day,h11,ACI,0.8333333333333334,86.5918633958634,30,1.0,False
C_bham_hour,main,1,True,False,hour_of_day,h12,ACI,0.9,88.20896862073114,30,1.0,False
C_bham_hour,main,1,True,False,hour_of_day,h13,ACI,0.8666666666666667,83.87313392857143,30,1.0,False
C_bham_hour,main,1,True,False,hour_of_day,h14,ACI,0.8666666666666667,80.60482536676287,30,1.0,False
C_bham_hour,main,1,True,False,hour_of_day,h10,ACI,1.0,78.25974433106578,7,1.0,False
C_bham_hour,main,1,True,False,hour_of_day,h15,ACI,0.75,80.30733594877346,8,1.0,False
C_bham_hour,main,1,True,False,hour_of_day,h11,ToD-ACI,0.8666666666666667,78.56916931216932,30,1.0,False
C_bham_hour,main,1,True,False,hour_of_day,h12,ToD-ACI,0.8666666666666667,85.4857277176527,30,1.0,False
C_bham_hour,main,1,True,False,hour_of_day,h13,ToD-ACI,0.9,79.50202599807602,30,1.0,False
C_bham_hour,main,1,True,False,hour_of_day,h14,ToD-ACI,0.9,74.84603703703705,30,1.0,False
C_bham_hour,main,1,True,False,hour_of_day,h10,ToD-ACI,1.0,65.7114571995465,7,1.0,False
C_bham_hour,main,1,True,False,hour_of_day,h15,ToD-ACI,0.75,82.04928323412699,8,1.0,False
C_bham_hour,main,2,True,False,day_of_week,Mon,split-CP,0.84,58.58219047619048,25,0.1168344755017736,False
C_bham_hour,main,2,True,False,day_of_week,Thu,split-CP,1.0,58.58219047619048,20,0.1168344755017736,False
C_bham_hour,main,2,True,False,day_of_week,Fri,split-CP,1.0,58.58219047619048,18,0.1168344755017736,False
C_bham_hour,main,2,True,False,day_of_week,Sat,split-CP,0.7368421052631579,58.58219047619047,19,0.1168344755017736,False
C_bham_hour,main,2,True,False,day_of_week,Sun,split-CP,0.5882352941176471,58.58219047619048,17,0.1168344755017736,False
C_bham_hour,main,2,True,False,day_of_week,Tue,split-CP,1.0,58.58219047619048,8,0.1168344755017736,False
C_bham_hour,main,2,True,False,day_of_week,Wed,split-CP,1.0,58.58219047619048,9,0.1168344755017736,False
C_bham_hour,main,2,True,False,day_of_week,Mon,Mondrian-split-CP,0.84,58.45598619047618,25,0.1168344755017736,False
C_bham_hour,main,2,True,False,day_of_week,Thu,Mondrian-split-CP,1.0,58.47702023809525,20,0.1168344755017736,False
C_bham_hour,main,2,True,False,day_of_week,Fri,Mondrian-split-CP,1.0,58.46533465608465,18,0.1168344755017736,False
C_bham_hour,main,2,True,False,day_of_week,Sat,Mondrian-split-CP,0.7368421052631579,58.471484962406,19,0.1168344755017736,False
C_bham_hour,main,2,True,False,day_of_week,Sun,Mondrian-split-CP,0.5882352941176471,58.45846078431372,17,0.1168344755017736,False
C_bham_hour,main,2,True,False,day_of_week,Tue,Mondrian-split-CP,1.0,58.45072767857143,8,0.1168344755017736,False
C_bham_hour,main,2,True,False,day_of_week,Wed,Mondrian-split-CP,1.0,58.46533465608465,9,0.1168344755017736,False
C_bham_hour,main,2,True,False,day_of_week,Mon,ACI,0.84,61.85619833333334,25,0.1168344755017736,False
C_bham_hour,main,2,True,False,day_of_week,Thu,ACI,1.0,60.30591517857143,20,0.1168344755017736,False
C_bham_hour,main,2,True,False,day_of_week,Fri,ACI,1.0,58.53505423280423,18,0.1168344755017736,False
C_bham_hour,main,2,True,False,day_of_week,Sat,ACI,0.7368421052631579,57.82194768170425,19,0.1168344755017736,False
C_bham_hour,main,2,True,False,day_of_week,Sun,ACI,0.6470588235294118,60.054509687208224,17,0.1168344755017736,False
C_bham_hour,main,2,True,False,day_of_week,Tue,ACI,1.0,64.35405208333339,8,0.1168344755017736,False
C_bham_hour,main,2,True,False,day_of_week,Wed,ACI,1.0,61.30339021164021,9,0.1168344755017736,False
C_bham_hour,main,2,True,False,day_of_week,Mon,ToD-ACI,0.84,59.01804952380953,25,0.1168344755017736,False
C_bham_hour,main,2,True,False,day_of_week,Thu,ToD-ACI,1.0,59.36048660714287,20,0.1168344755017736,False
C_bham_hour,main,2,True,False,day_of_week,Fri,ToD-ACI,1.0,58.88096593915344,18,0.1168344755017736,False
C_bham_hour,main,2,True,False,day_of_week,Sat,ToD-ACI,0.7368421052631579,58.100356829573926,19,0.1168344755017736,False
C_bham_hour,main,2,True,False,day_of_week,Sun,ToD-ACI,0.7058823529411765,58.30802941176471,17,0.1168344755017736,False
C_bham_hour,main,2,True,False,day_of_week,Tue,ToD-ACI,1.0,59.57300595238095,8,0.1168344755017736,False
C_bham_hour,main,2,True,False,day_of_week,Wed,ToD-ACI,1.0,59.17722222222223,9,0.1168344755017736,False
C_bham_hour,main,2,True,False,occupancy_tercile,low,split-CP,0.95,58.58219047619048,40,0.336665310759115,False
C_bham_hour,main,2,True,False,occupancy_tercile,mid,split-CP,0.90625,58.58219047619048,32,0.336665310759115,False
C_bham_hour,main,2,True,False,occupancy_tercile,high,split-CP,0.75,58.58219047619048,44,0.336665310759115,False
C_bham_hour,main,2,True,False,occupancy_tercile,low,Mondrian-split-CP,0.95,58.682131101190464,40,0.336665310759115,False
C_bham_hour,main,2,True,False,occupancy_tercile,mid,Mondrian-split-CP,0.90625,58.0751954985119,32,0.336665310759115,False
C_bham_hour,main,2,True,False,occupancy_tercile,high,Mondrian-split-CP,0.75,58.549328733766224,44,0.336665310759115,False
C_bham_hour,main,2,True,False,occupancy_tercile,low,ACI,0.95,60.3683185515873,40,0.336665310759115,False
C_bham_hour,main,2,True,False,occupancy_tercile,mid,ACI,0.90625,61.04103050595239,32,0.336665310759115,False
C_bham_hour,main,2,True,False,occupancy_tercile,high,ACI,0.7727272727272727,59.641252705627714,44,0.336665310759115,False
C_bham_hour,main,2,True,False,occupancy_tercile,low,ToD-ACI,0.95,60.29448630952381,40,0.336665310759115,False
C_bham_hour,main,2,True,False,occupancy_tercile,mid,ToD-ACI,0.90625,58.36998679315476,32,0.336665310759115,False
C_bham_hour,main,2,True,False,occupancy_tercile,high,ToD-ACI,0.7954545454545454,57.89140124458874,44,0.336665310759115,False
C_bham_hour,main,2,True,False,random_6,r0,split-CP,0.8125,58.58219047619048,16,0.1932296924537959,False
C_bham_hour,main,2,True,False,random_6,r4,split-CP,0.8787878787878788,58.58219047619048,33,0.1932296924537959,False
C_bham_hour,main,2,True,False,random_6,r3,split-CP,0.8125,58.58219047619048,16,0.1932296924537959,False
C_bham_hour,main,2,True,False,random_6,r2,split-CP,0.8695652173913043,58.58219047619049,23,0.1932296924537959,False
C_bham_hour,main,2,True,False,random_6,r5,split-CP,0.8571428571428571,58.58219047619048,14,0.1932296924537959,False
C_bham_hour,main,2,True,False,random_6,r1,split-CP,0.9285714285714286,58.58219047619048,14,0.1932296924537959,False
C_bham_hour,main,2,True,False,random_6,r0,Mondrian-split-CP,0.8125,59.47169233630952,16,0.1932296924537959,False
C_bham_hour,main,2,True,False,random_6,r4,Mondrian-split-CP,0.8484848484848485,58.09744227994228,33,0.1932296924537959,False
C_bham_hour,main,2,True,False,random_6,r3,Mondrian-split-CP,0.8125,58.77608482142856,16,0.1932296924537959,False
C_bham_hour,main,2,True,False,random_6,r2,Mondrian-split-CP,0.8695652173913043,58.1249730848861,23,0.1932296924537959,False
C_bham_hour,main,2,True,False,random_6,r5,Mondrian-split-CP,0.9285714285714286,59.31307397959183,14,0.1932296924537959,False
C_bham_hour,main,2,True,False,random_6,r1,Mondrian-split-CP,0.9285714285714286,57.530322704081634,14,0.1932296924537959,False
C_bham_hour,main,2,True,False,random_6,r0,ACI,0.8125,60.921158482142864,16,0.1932296924537959,False
C_bham_hour,main,2,True,False,random_6,r4,ACI,0.8787878787878788,59.91303493265993,33,0.1932296924537959,False
C_bham_hour,main,2,True,False,random_6,r3,ACI,0.8125,60.49937648809525,16,0.1932296924537959,False
C_bham_hour,main,2,True,False,random_6,r2,ACI,0.8695652173913043,60.5560864389234,23,0.1932296924537959,False
C_bham_hour,main,2,True,False,random_6,r5,ACI,0.9285714285714286,60.353136054421775,14,0.1932296924537959,False
C_bham_hour,main,2,True,False,random_6,r1,ACI,0.9285714285714286,59.61915943877552,14,0.1932296924537959,False
C_bham_hour,main,2,True,False,random_6,r0,ToD-ACI,0.8125,58.84957775297619,16,0.1932296924537959,False
C_bham_hour,main,2,True,False,random_6,r4,ToD-ACI,0.9090909090909092,58.806691738816745,33,0.1932296924537959,False
C_bham_hour,main,2,True,False,random_6,r3,ToD-ACI,0.8125,57.79232589285714,16,0.1932296924537959,False
C_bham_hour,main,2,True,False,random_6,r2,ToD-ACI,0.8695652173913043,59.500879658385095,23,0.1932296924537959,False
C_bham_hour,main,2,True,False,random_6,r5,ToD-ACI,0.9285714285714286,58.56333078231292,14,0.1932296924537959,False
C_bham_hour,main,2,True,False,random_6,r1,ToD-ACI,0.9285714285714286,59.395895408163256,14,0.1932296924537959,False
C_bham_hour,main,2,True,False,hour_of_day,h11,split-CP,0.8461538461538461,58.58219047619048,26,1.0,False
C_bham_hour,main,2,True,False,hour_of_day,h12,split-CP,0.9230769230769232,58.58219047619048,26,1.0,False
C_bham_hour,main,2,True,False,hour_of_day,h13,split-CP,0.9230769230769232,58.58219047619048,26,1.0,False
C_bham_hour,main,2,True,False,hour_of_day,h14,split-CP,0.7307692307692307,58.58219047619048,26,1.0,False
C_bham_hour,main,2,True,False,hour_of_day,h10,split-CP,0.8,58.58219047619048,5,1.0,False
C_bham_hour,main,2,True,False,hour_of_day,h15,split-CP,1.0,58.58219047619048,7,1.0,False
C_bham_hour,main,2,True,False,hour_of_day,h11,Mondrian-split-CP,0.8846153846153846,60.60106547619045,26,1.0,False
C_bham_hour,main,2,True,False,hour_of_day,h12,Mondrian-split-CP,0.8846153846153846,55.97933333333333,26,1.0,False
C_bham_hour,main,2,True,False,hour_of_day,h13,Mondrian-split-CP,0.9230769230769232,61.86525,26,1.0,False
C_bham_hour,main,2,True,False,hour_of_day,h14,Mondrian-split-CP,0.7307692307692307,55.35726190476191,26,1.0,False
C_bham_hour,main,2,True,False,hour_of_day,h10,Mondrian-split-CP,0.8,58.58219047619048,5,1.0,False
C_bham_hour,main,2,True,False,hour_of_day,h15,Mondrian-split-CP,1.0,58.58219047619048,7,1.0,False
C_bham_hour,main,2,True,False,hour_of_day,h11,ACI,0.8846153846153846,60.45817971611722,26,1.0,False
C_bham_hour,main,2,True,False,hour_of_day,h12,ACI,0.9230769230769232,60.28553746947499,26,1.0,False
C_bham_hour,main,2,True,False,hour_of_day,h13,ACI,0.9230769230769232,60.48912522893774,26,1.0,False
C_bham_hour,main,2,True,False,hour_of_day,h14,ACI,0.7307692307692307,60.12673008241758,26,1.0,False
C_bham_hour,main,2,True,False,hour_of_day,h10,ACI,0.8,59.26846071428571,5,1.0,False
C_bham_hour,main,2,True,False,hour_of_day,h15,ACI,1.0,60.08137840136054,7,1.0,False
C_bham_hour,main,2,True,False,hour_of_day,h11,ToD-ACI,0.8846153846153846,61.208841117216096,26,1.0,False
C_bham_hour,main,2,True,False,hour_of_day,h12,ToD-ACI,0.9230769230769232,58.24325686813187,26,1.0,False
C_bham_hour,main,2,True,False,hour_of_day,h13,ToD-ACI,0.9230769230769232,56.126428113553104,26,1.0,False
C_bham_hour,main,2,True,False,hour_of_day,h14,ToD-ACI,0.7692307692307693,60.14575366300368,26,1.0,False
C_bham_hour,main,2,True,False,hour_of_day,h10,ToD-ACI,0.8,59.793515476190464,5,1.0,False
C_bham_hour,main,2,True,False,hour_of_day,h15,ToD-ACI,1.0,57.00597619047619,7,1.0,False
C_bham_hour,main,3,True,False,day_of_week,Tue,split-CP,1.0,117.31910317460324,17,0.0972450883298751,False
C_bham_hour,main,3,True,False,day_of_week,Wed,split-CP,1.0,117.31910317460324,19,0.0972450883298751,False
C_bham_hour,main,3,True,False,day_of_week,Thu,split-CP,1.0,117.31910317460324,20,0.0972450883298751,False
C_bham_hour,main,3,True,False,day_of_week,Fri,split-CP,1.0,117.31910317460324,18,0.0972450883298751,False
C_bham_hour,main,3,True,False,day_of_week,Sat,split-CP,0.7368421052631579,117.31910317460324,19,0.0972450883298751,False
C_bham_hour,main,3,True,False,day_of_week,Sun,split-CP,0.5294117647058824,117.31910317460324,17,0.0972450883298751,False
C_bham_hour,main,3,True,False,day_of_week,Mon,split-CP,1.0,117.31910317460324,17,0.0972450883298751,False
C_bham_hour,main,3,True,False,day_of_week,Tue,Mondrian-split-CP,1.0,120.71940943043884,17,0.0972450883298751,False
C_bham_hour,main,3,True,False,day_of_week,Wed,Mondrian-split-CP,1.0,120.18938011695904,19,0.0972450883298751,False
C_bham_hour,main,3,True,False,day_of_week,Thu,Mondrian-split-CP,1.0,120.04586626984128,20,0.0972450883298751,False
C_bham_hour,main,3,True,False,day_of_week,Fri,Mondrian-split-CP,1.0,120.43967173721336,18,0.0972450883298751,False
C_bham_hour,main,3,True,False,day_of_week,Sat,Mondrian-split-CP,0.7368421052631579,120.27543128654976,19,0.0972450883298751,False
C_bham_hour,main,3,True,False,day_of_week,Sun,Mondrian-split-CP,0.5882352941176471,120.62323459383757,17,0.0972450883298751,False
C_bham_hour,main,3,True,False,day_of_week,Mon,Mondrian-split-CP,1.0,120.62323459383752,17,0.0972450883298751,False
C_bham_hour,main,3,True,False,day_of_week,Tue,ACI,1.0,127.79621055088704,17,0.0972450883298751,False
C_bham_hour,main,3,True,False,day_of_week,Wed,ACI,1.0,94.20028613199666,19,0.0972450883298751,False
C_bham_hour,main,3,True,False,day_of_week,Thu,ACI,1.0,77.57476636904764,20,0.0972450883298751,False
C_bham_hour,main,3,True,False,day_of_week,Fri,ACI,1.0,63.37544268077602,18,0.0972450883298751,False
C_bham_hour,main,3,True,False,day_of_week,Sat,ACI,0.3684210526315789,108.17237625313288,19,0.0972450883298751,False
C_bham_hour,main,3,True,False,day_of_week,Sun,ACI,0.8823529411764706,246.2617411297853,17,0.0972450883298751,False
C_bham_hour,main,3,True,False,day_of_week,Mon,ACI,1.0,183.05656022408965,17,0.0972450883298751,False
C_bham_hour,main,3,True,False,day_of_week,Tue,ToD-ACI,1.0,135.32361204481796,17,0.0972450883298751,False
C_bham_hour,main,3,True,False,day_of_week,Wed,ToD-ACI,1.0,126.22140977443608,19,0.0972450883298751,False
C_bham_hour,main,3,True,False,day_of_week,Thu,ToD-ACI,1.0,119.03869146825396,20,0.0972450883298751,False
C_bham_hour,main,3,True,False,day_of_week,Fri,ToD-ACI,1.0,108.35351697530862,18,0.0972450883298751,False
C_bham_hour,main,3,True,False,day_of_week,Sat,ToD-ACI,0.631578947368421,99.71563304093569,19,0.0972450883298751,False
C_bham_hour,main,3,True,False,day_of_week,Sun,ToD-ACI,0.5882352941176471,125.9888572595705,17,0.0972450883298751,False
C_bham_hour,main,3,True,False,day_of_week,Mon,ToD-ACI,1.0,168.4098817693744,17,0.0972450883298751,False
C_bham_hour,main,3,True,False,occupancy_tercile,high,split-CP,0.979591836734694,117.31910317460324,98,0.2984866759621755,False
C_bham_hour,main,3,True,False,occupancy_tercile,low,split-CP,0.6363636363636364,117.31910317460324,11,0.2984866759621755,False
C_bham_hour,main,3,True,False,occupancy_tercile,mid,split-CP,0.6111111111111112,117.31910317460324,18,0.2984866759621755,False
C_bham_hour,main,3,True,False,occupancy_tercile,high,Mondrian-split-CP,0.979591836734694,120.23711908811144,98,0.2984866759621755,False
C_bham_hour,main,3,True,False,occupancy_tercile,low,Mondrian-split-CP,0.7272727272727273,121.06935317460312,11,0.2984866759621755,False
C_bham_hour,main,3,True,False,occupancy_tercile,mid,Mondrian-split-CP,0.6111111111111112,120.8934563492064,18,0.2984866759621755,False
C_bham_hour,main,3,True,False,occupancy_tercile,high,ACI,0.9897959183673468,119.73918021137024,98,0.2984866759621755,False
C_bham_hour,main,3,True,False,occupancy_tercile,low,ACI,0.5454545454545454,138.76537229437233,11,0.2984866759621755,False
C_bham_hour,main,3,True,False,occupancy_tercile,mid,ACI,0.5555555555555556,152.63454596560848,18,0.2984866759621755,False
C_bham_hour,main,3,True,False,occupancy_tercile,high,ToD-ACI,0.979591836734694,129.89776712827987,98,0.2984866759621755,False
C_bham_hour,main,3,True,False,occupancy_tercile,low,ToD-ACI,0.5454545454545454,102.72357972582972,11,0.2984866759621755,False
C_bham_hour,main,3,True,False,occupancy_tercile,mid,ToD-ACI,0.6111111111111112,114.9600200617284,18,0.2984866759621755,False
C_bham_hour,main,3,True,False,random_6,r0,split-CP,1.0,117.31910317460324,20,0.2053293225989757,False
C_bham_hour,main,3,True,False,random_6,r4,split-CP,0.7647058823529411,117.31910317460324,34,0.2053293225989757,False
C_bham_hour,main,3,True,False,random_6,r3,split-CP,0.8888888888888888,117.31910317460324,18,0.2053293225989757,False
C_bham_hour,main,3,True,False,random_6,r2,split-CP,0.92,117.31910317460324,25,0.2053293225989757,False
C_bham_hour,main,3,True,False,random_6,r5,split-CP,1.0,117.31910317460324,15,0.2053293225989757,False
C_bham_hour,main,3,True,False,random_6,r1,split-CP,0.9333333333333332,117.31910317460324,15,0.2053293225989757,False
C_bham_hour,main,3,True,False,random_6,r0,Mondrian-split-CP,1.0,121.66732916666668,20,0.2053293225989757,False
C_bham_hour,main,3,True,False,random_6,r4,Mondrian-split-CP,0.7941176470588235,121.05582317927174,34,0.2053293225989757,False
C_bham_hour,main,3,True,False,random_6,r3,Mondrian-split-CP,0.8888888888888888,118.32726587301588,18,0.2053293225989757,False
C_bham_hour,main,3,True,False,random_6,r2,Mondrian-split-CP,0.92,121.01117746031746,25,0.2053293225989757,False
C_bham_hour,main,3,True,False,random_6,r5,Mondrian-split-CP,1.0,118.85589285714283,15,0.2053293225989757,False
C_bham_hour,main,3,True,False,random_6,r1,Mondrian-split-CP,0.9333333333333332,120.25530555555558,15,0.2053293225989757,False
C_bham_hour,main,3,True,False,random_6,r0,ACI,0.85,124.74140714285718,20,0.2053293225989757,False
C_bham_hour,main,3,True,False,random_6,r4,ACI,0.7352941176470589,117.98205888188608,34,0.2053293225989757,False
C_bham_hour,main,3,True,False,random_6,r3,ACI,0.9444444444444444,119.9123612213404,18,0.2053293225989757,False
C_bham_hour,main,3,True,False,random_6,r2,ACI,1.0,152.04836500000002,25,0.2053293225989757,False
C_bham_hour,main,3,True,False,random_6,r5,ACI,1.0,112.65016600529104,15,0.2053293225989757,False
C_bham_hour,main,3,True,False,random_6,r1,ACI,0.9333333333333332,123.5118880952381,15,0.2053293225989757,False
C_bham_hour,main,3,True,False,random_6,r0,ToD-ACI,0.95,117.24573948412696,20,0.2053293225989757,False
C_bham_hour,main,3,True,False,random_6,r4,ToD-ACI,0.7647058823529411,126.23429003267977,34,0.2053293225989757,False
C_bham_hour,main,3,True,False,random_6,r3,ToD-ACI,0.8888888888888888,126.00329056437393,18,0.2053293225989757,False
C_bham_hour,main,3,True,False,random_6,r2,ToD-ACI,0.92,135.37932555555554,25,0.2053293225989757,False
C_bham_hour,main,3,True,False,random_6,r5,ToD-ACI,1.0,124.86031732804234,15,0.2053293225989757,False
C_bham_hour,main,3,True,False,random_6,r1,ToD-ACI,0.9333333333333332,117.7928757936508,15,0.2053293225989757,False
C_bham_hour,main,3,True,False,hour_of_day,h10,split-CP,1.0,117.31910317460324,7,1.0000000000000002,False
C_bham_hour,main,3,True,False,hour_of_day,h11,split-CP,0.8928571428571429,117.31910317460324,28,1.0000000000000002,False
C_bham_hour,main,3,True,False,hour_of_day,h12,split-CP,0.8928571428571429,117.31910317460324,28,1.0000000000000002,False
C_bham_hour,main,3,True,False,hour_of_day,h13,split-CP,0.8214285714285714,117.31910317460324,28,1.0000000000000002,False
C_bham_hour,main,3,True,False,hour_of_day,h14,split-CP,0.9285714285714286,117.31910317460324,28,1.0000000000000002,False
C_bham_hour,main,3,True,False,hour_of_day,h15,split-CP,1.0,117.31910317460324,8,1.0000000000000002,False
C_bham_hour,main,3,True,False,hour_of_day,h10,Mondrian-split-CP,1.0,117.31910317460324,7,1.0000000000000002,False
C_bham_hour,main,3,True,False,hour_of_day,h11,Mondrian-split-CP,0.8928571428571429,118.48115476190468,28,1.0000000000000002,False
C_bham_hour,main,3,True,False,hour_of_day,h12,Mondrian-split-CP,0.9285714285714286,133.87829761904757,28,1.0000000000000002,False
C_bham_hour,main,3,True,False,hour_of_day,h13,Mondrian-split-CP,0.8214285714285714,115.68413095238104,28,1.0000000000000002,False
C_bham_hour,main,3,True,False,hour_of_day,h14,Mondrian-split-CP,0.9285714285714286,115.684130952381,28,1.0000000000000002,False
C_bham_hour,main,3,True,False,hour_of_day,h15,Mondrian-split-CP,1.0,115.68413095238094,8,1.0000000000000002,False
C_bham_hour,main,3,True,False,hour_of_day,h10,ACI,0.7142857142857143,80.64640986394559,7,1.0000000000000002,False
C_bham_hour,main,3,True,False,hour_of_day,h11,ACI,0.8928571428571429,135.08629485544222,28,1.0000000000000002,False
C_bham_hour,main,3,True,False,hour_of_day,h12,ACI,0.8214285714285714,119.4041828939909,28,1.0000000000000002,False
C_bham_hour,main,3,True,False,hour_of_day,h13,ACI,0.8928571428571429,125.19542963435374,28,1.0000000000000002,False
C_bham_hour,main,3,True,False,hour_of_day,h14,ACI,0.9642857142857144,135.65740681689346,28,1.0000000000000002,False
C_bham_hour,main,3,True,False,hour_of_day,h15,ACI,1.0,126.76786458333336,8,1.0000000000000002,False
C_bham_hour,main,3,True,False,hour_of_day,h10,ToD-ACI,1.0,107.91288690476192,7,1.0000000000000002,False
C_bham_hour,main,3,True,False,hour_of_day,h11,ToD-ACI,0.8571428571428571,125.1074193594104,28,1.0000000000000002,False
C_bham_hour,main,3,True,False,hour_of_day,h12,ToD-ACI,0.8928571428571429,122.45291142290247,28,1.0000000000000002,False
C_bham_hour,main,3,True,False,hour_of_day,h13,ToD-ACI,0.8571428571428571,161.963308106576,28,1.0000000000000002,False
C_bham_hour,main,3,True,False,hour_of_day,h14,ToD-ACI,0.8928571428571429,102.67045195578228,28,1.0000000000000002,False
C_bham_hour,main,3,True,False,hour_of_day,h15,ToD-ACI,1.0,104.04952058531742,8,1.0000000000000002,False
C_bham_hour,main,4,True,False,day_of_week,Mon,split-CP,0.92,53.02149404761905,25,0.1023956894881034,False
C_bham_hour,main,4,True,False,day_of_week,Tue,split-CP,0.8823529411764706,53.02149404761906,17,0.1023956894881034,False
C_bham_hour,main,4,True,False,day_of_week,Wed,split-CP,1.0,53.02149404761906,19,0.1023956894881034,False
C_bham_hour,main,4,True,False,day_of_week,Thu,split-CP,0.9,53.02149404761906,20,0.1023956894881034,False
C_bham_hour,main,4,True,False,day_of_week,Fri,split-CP,0.8333333333333334,53.02149404761906,18,0.1023956894881034,False
C_bham_hour,main,4,True,False,day_of_week,Sat,split-CP,0.7894736842105263,53.02149404761906,19,0.1023956894881034,False
C_bham_hour,main,4,True,False,day_of_week,Sun,split-CP,0.8823529411764706,53.02149404761906,17,0.1023956894881034,False
C_bham_hour,main,4,True,False,day_of_week,Mon,Mondrian-split-CP,0.96,54.57474499999999,25,0.1023956894881034,False
C_bham_hour,main,4,True,False,day_of_week,Tue,Mondrian-split-CP,0.8823529411764706,54.95528267973855,17,0.1023956894881034,False
C_bham_hour,main,4,True,False,day_of_week,Wed,Mondrian-split-CP,1.0,55.06288011695906,19,0.1023956894881034,False
C_bham_hour,main,4,True,False,day_of_week,Thu,Mondrian-split-CP,0.95,55.40868749999999,20,0.1023956894881034,False
C_bham_hour,main,4,True,False,day_of_week,Fri,Mondrian-split-CP,0.8888888888888888,55.012070216049366,18,0.1023956894881034,False
C_bham_hour,main,4,True,False,day_of_week,Sat,Mondrian-split-CP,0.8421052631578947,55.37875219298244,19,0.1023956894881034,False
C_bham_hour,main,4,True,False,day_of_week,Sun,Mondrian-split-CP,0.8823529411764706,54.60224918300652,17,0.1023956894881034,False
C_bham_hour,main,4,True,False,day_of_week,Mon,ACI,0.96,62.01477786435788,25,0.1023956894881034,False
C_bham_hour,main,4,True,False,day_of_week,Tue,ACI,0.8823529411764706,59.07362698412696,17,0.1023956894881034,False
C_bham_hour,main,4,True,False,day_of_week,Wed,ACI,1.0,54.90502506265665,19,0.1023956894881034,False
C_bham_hour,main,4,True,False,day_of_week,Thu,ACI,0.85,54.54920287698413,20,0.1023956894881034,False
C_bham_hour,main,4,True,False,day_of_week,Fri,ACI,0.8888888888888888,58.82231513548181,18,0.1023956894881034,False
C_bham_hour,main,4,True,False,day_of_week,Sat,ACI,0.7368421052631579,59.30592238171186,19,0.1023956894881034,False
C_bham_hour,main,4,True,False,day_of_week,Sun,ACI,0.8823529411764706,61.67658432009166,17,0.1023956894881034,False
C_bham_hour,main,4,True,False,day_of_week,Mon,ToD-ACI,0.96,52.36456047619048,25,0.1023956894881034,False
C_bham_hour,main,4,True,False,day_of_week,Tue,ToD-ACI,0.8823529411764706,51.34225676937442,17,0.1023956894881034,False
C_bham_hour,main,4,True,False,day_of_week,Wed,ToD-ACI,1.0,52.418807852965735,19,0.1023956894881034,False
C_bham_hour,main,4,True,False,day_of_week,Thu,ToD-ACI,0.9,51.66837440476191,20,0.1023956894881034,False
C_bham_hour,main,4,True,False,day_of_week,Fri,ToD-ACI,0.8333333333333334,49.90398414702583,18,0.1023956894881034,False
C_bham_hour,main,4,True,False,day_of_week,Sat,ToD-ACI,0.7894736842105263,51.81785584225717,19,0.1023956894881034,False
C_bham_hour,main,4,True,False,day_of_week,Sun,ToD-ACI,0.8235294117647058,51.5638339169001,17,0.1023956894881034,False
C_bham_hour,main,4,True,False,occupancy_tercile,high,split-CP,0.9153846153846154,53.02149404761906,130,0.3817733827166526,False
C_bham_hour,main,4,True,False,occupancy_tercile,mid,split-CP,0.0,53.02149404761906,4,0.3817733827166526,False
C_bham_hour,main,4,True,False,occupancy_tercile,low,split-CP,1.0,53.02149404761906,1,0.3817733827166526,False
C_bham_hour,main,4,True,False,occupancy_tercile,high,Mondrian-split-CP,0.946153846153846,54.684899664224645,130,0.3817733827166526,False
C_bham_hour,main,4,True,False,occupancy_tercile,mid,Mondrian-split-CP,0.0,63.15317757936509,4,0.3817733827166526,False
C_bham_hour,main,4,True,False,occupancy_tercile,low,Mondrian-split-CP,1.0,61.97902777777779,1,0.3817733827166526,False
C_bham_hour,main,4,True,False,occupancy_tercile,high,ACI,0.9153846153846154,58.51400093240093,130,0.3817733827166526,False
C_bham_hour,main,4,True,False,occupancy_tercile,mid,ACI,0.0,61.261035263347765,4,0.3817733827166526,False
C_bham_hour,main,4,True,False,occupancy_tercile,low,ACI,1.0,71.05250793650794,1,0.3817733827166526,False
C_bham_hour,main,4,True,False,occupancy_tercile,high,ToD-ACI,0.9153846153846154,51.06457705488956,130,0.3817733827166526,False
C_bham_hour,main,4,True,False,occupancy_tercile,mid,ToD-ACI,0.0,65.25043330627707,4,0.3817733827166526,False
C_bham_hour,main,4,True,False,occupancy_tercile,low,ToD-ACI,1.0,71.2566161616162,1,0.3817733827166526,False
C_bham_hour,main,4,True,False,random_6,r0,split-CP,0.9047619047619048,53.02149404761905,21,0.1233096294479124,False
C_bham_hour,main,4,True,False,random_6,r4,split-CP,0.8611111111111112,53.02149404761904,36,0.1233096294479124,False
C_bham_hour,main,4,True,False,random_6,r3,split-CP,0.9565217391304348,53.02149404761904,23,0.1233096294479124,False
C_bham_hour,main,4,True,False,random_6,r2,split-CP,0.92,53.02149404761905,25,0.1233096294479124,False
C_bham_hour,main,4,True,False,random_6,r5,split-CP,0.8666666666666667,53.02149404761906,15,0.1233096294479124,False
C_bham_hour,main,4,True,False,random_6,r1,split-CP,0.8,53.02149404761906,15,0.1233096294479124,False
C_bham_hour,main,4,True,False,random_6,r0,Mondrian-split-CP,0.9523809523809524,56.07203259637187,21,0.1233096294479124,False
C_bham_hour,main,4,True,False,random_6,r4,Mondrian-split-CP,0.9166666666666666,54.938089451058175,36,0.1233096294479124,False
C_bham_hour,main,4,True,False,random_6,r3,Mondrian-split-CP,0.9565217391304348,54.23194832643198,23,0.1233096294479124,False
C_bham_hour,main,4,True,False,random_6,r2,Mondrian-split-CP,0.92,54.46821269841268,25,0.1233096294479124,False
C_bham_hour,main,4,True,False,random_6,r5,Mondrian-split-CP,0.9333333333333332,55.01157089947089,15,0.1233096294479124,False
C_bham_hour,main,4,True,False,random_6,r1,Mondrian-split-CP,0.8,55.6087398148148,15,0.1233096294479124,False
C_bham_hour,main,4,True,False,random_6,r0,ACI,0.9523809523809524,59.983602049405626,21,0.1233096294479124,False
C_bham_hour,main,4,True,False,random_6,r4,ACI,0.8611111111111112,58.22231403819946,36,0.1233096294479124,False
C_bham_hour,main,4,True,False,random_6,r3,ACI,0.9565217391304348,64.43578170681975,23,0.1233096294479124,False
C_bham_hour,main,4,True,False,random_6,r2,ACI,0.84,56.15373375180376,25,0.1233096294479124,False
C_bham_hour,main,4,True,False,random_6,r5,ACI,0.8666666666666667,55.56867260702261,15,0.1233096294479124,False
C_bham_hour,main,4,True,False,random_6,r1,ACI,0.8666666666666667,56.524093975468986,15,0.1233096294479124,False
C_bham_hour,main,4,True,False,random_6,r0,ToD-ACI,0.9523809523809524,54.765400029203605,21,0.1233096294479124,False
C_bham_hour,main,4,True,False,random_6,r4,ToD-ACI,0.8333333333333334,50.32450482002567,36,0.1233096294479124,False
C_bham_hour,main,4,True,False,random_6,r3,ToD-ACI,0.9565217391304348,51.08551504956396,23,0.1233096294479124,False
C_bham_hour,main,4,True,False,random_6,r2,ToD-ACI,0.92,50.61165468253969,25,0.1233096294479124,False
C_bham_hour,main,4,True,False,random_6,r5,ToD-ACI,0.8666666666666667,52.36591124338624,15,0.1233096294479124,False
C_bham_hour,main,4,True,False,random_6,r1,ToD-ACI,0.8,52.21006070226072,15,0.1233096294479124,False
C_bham_hour,main,4,True,False,hour_of_day,h11,split-CP,0.8,53.02149404761904,30,1.0,False
C_bham_hour,main,4,True,False,hour_of_day,h12,split-CP,0.9666666666666668,53.02149404761904,30,1.0,False
C_bham_hour,main,4,True,False,hour_of_day,h13,split-CP,0.9666666666666668,53.02149404761904,30,1.0,False
C_bham_hour,main,4,True,False,hour_of_day,h14,split-CP,0.9333333333333332,53.02149404761904,30,1.0,False
C_bham_hour,main,4,True,False,hour_of_day,h10,split-CP,0.4285714285714285,53.02149404761906,7,1.0,False
C_bham_hour,main,4,True,False,hour_of_day,h15,split-CP,0.875,53.02149404761906,8,1.0,False
C_bham_hour,main,4,True,False,hour_of_day,h11,Mondrian-split-CP,0.8666666666666667,64.32732738095237,30,1.0,False
C_bham_hour,main,4,True,False,hour_of_day,h12,Mondrian-split-CP,0.9666666666666668,50.358186507936445,30,1.0,False
C_bham_hour,main,4,True,False,hour_of_day,h13,Mondrian-split-CP,0.9666666666666668,50.358186507936445,30,1.0,False
C_bham_hour,main,4,True,False,hour_of_day,h14,Mondrian-split-CP,0.9333333333333332,53.02149404761904,30,1.0,False
C_bham_hour,main,4,True,False,hour_of_day,h10,Mondrian-split-CP,0.5714285714285714,61.97902777777779,7,1.0,False
C_bham_hour,main,4,True,False,hour_of_day,h15,Mondrian-split-CP,1.0,55.97745833333329,8,1.0,False
C_bham_hour,main,4,True,False,hour_of_day,h11,ACI,0.8333333333333334,57.25662977392978,30,1.0,False
C_bham_hour,main,4,True,False,hour_of_day,h12,ACI,1.0,60.052653276815775,30,1.0,False
C_bham_hour,main,4,True,False,hour_of_day,h13,ACI,0.9666666666666668,58.98919542448292,30,1.0,False
C_bham_hour,main,4,True,False,hour_of_day,h14,ACI,0.8666666666666667,57.919389430014434,30,1.0,False
C_bham_hour,main,4,True,False,hour_of_day,h10,ACI,0.2857142857142857,56.431276334776335,7,1.0,False
C_bham_hour,main,4,True,False,hour_of_day,h15,ACI,1.0,62.670224837662346,8,1.0,False
C_bham_hour,main,4,True,False,hour_of_day,h11,ToD-ACI,0.8333333333333334,60.47879576719576,30,1.0,False
C_bham_hour,main,4,True,False,hour_of_day,h12,ToD-ACI,0.9333333333333332,44.91485658970658,30,1.0,False
C_bham_hour,main,4,True,False,hour_of_day,h13,ToD-ACI,0.9666666666666668,45.34209656084657,30,1.0,False
C_bham_hour,main,4,True,False,hour_of_day,h14,ToD-ACI,0.9,51.64728108465609,30,1.0,False
C_bham_hour,main,4,True,False,hour_of_day,h10,ToD-ACI,0.5714285714285714,66.17202837043908,7,1.0,False
C_bham_hour,main,4,True,False,hour_of_day,h15,ToD-ACI,0.875,54.49478348214284,8,1.0,False
C_bham_hour,main,5,True,False,day_of_week,Mon,split-CP,0.92,231.6333452380952,25,0.0912967643778966,False
C_bham_hour,main,5,True,False,day_of_week,Tue,split-CP,1.0,231.6333452380952,17,0.0912967643778966,False
C_bham_hour,main,5,True,False,day_of_week,Wed,split-CP,1.0,231.6333452380952,19,0.0912967643778966,False
C_bham_hour,main,5,True,False,day_of_week,Thu,split-CP,0.95,231.6333452380952,20,0.0912967643778966,False
C_bham_hour,main,5,True,False,day_of_week,Fri,split-CP,1.0,231.63334523809525,18,0.0912967643778966,False
C_bham_hour,main,5,True,False,day_of_week,Sat,split-CP,1.0,231.6333452380952,19,0.0912967643778966,False
C_bham_hour,main,5,True,False,day_of_week,Sun,split-CP,0.8333333333333334,231.63334523809525,18,0.0912967643778966,False
C_bham_hour,main,5,True,False,day_of_week,Mon,Mondrian-split-CP,0.92,230.8595938095238,25,0.0912967643778966,False
C_bham_hour,main,5,True,False,day_of_week,Tue,Mondrian-split-CP,1.0,231.4658755835668,17,0.0912967643778966,False
C_bham_hour,main,5,True,False,day_of_week,Wed,Mondrian-split-CP,1.0,231.483503968254,19,0.0912967643778966,False
C_bham_hour,main,5,True,False,day_of_week,Thu,Mondrian-split-CP,0.95,231.9934396825397,20,0.0912967643778966,False
C_bham_hour,main,5,True,False,day_of_week,Fri,Mondrian-split-CP,1.0,231.47517945326285,18,0.0912967643778966,False
C_bham_hour,main,5,True,False,day_of_week,Sat,Mondrian-split-CP,1.0,232.012392021721,19,0.0912967643778966,False
C_bham_hour,main,5,True,False,day_of_week,Sun,Mondrian-split-CP,0.8333333333333334,231.47517945326285,18,0.0912967643778966,False
C_bham_hour,main,5,True,False,day_of_week,Mon,ACI,0.84,171.16477079365083,25,0.0912967643778966,False
C_bham_hour,main,5,True,False,day_of_week,Tue,ACI,0.9411764705882352,330.76205438842203,17,0.0912967643778966,False
C_bham_hour,main,5,True,False,day_of_week,Wed,ACI,1.0,229.2395398913952,19,0.0912967643778966,False
C_bham_hour,main,5,True,False,day_of_week,Thu,ACI,0.8,237.62501230158733,20,0.0912967643778966,False
C_bham_hour,main,5,True,False,day_of_week,Fri,ACI,1.0,253.3717007275132,18,0.0912967643778966,False
C_bham_hour,main,5,True,False,day_of_week,Sat,ACI,1.0,175.56702234753544,19,0.0912967643778966,False
C_bham_hour,main,5,True,False,day_of_week,Sun,ACI,0.8333333333333334,174.14739098324517,18,0.0912967643778966,False
C_bham_hour,main,5,True,False,day_of_week,Mon,ToD-ACI,0.92,192.21524746031744,25,0.0912967643778966,False
C_bham_hour,main,5,True,False,day_of_week,Tue,ToD-ACI,0.9411764705882352,233.6586204481793,17,0.0912967643778966,False
C_bham_hour,main,5,True,False,day_of_week,Wed,ToD-ACI,1.0,222.29359941520465,19,0.0912967643778966,False
C_bham_hour,main,5,True,False,day_of_week,Thu,ToD-ACI,0.85,199.4583681547619,20,0.0912967643778966,False
C_bham_hour,main,5,True,False,day_of_week,Fri,ToD-ACI,1.0,209.35841832010576,18,0.0912967643778966,False
C_bham_hour,main,5,True,False,day_of_week,Sat,ToD-ACI,1.0,195.2784585421888,19,0.0912967643778966,False
C_bham_hour,main,5,True,False,day_of_week,Sun,ToD-ACI,0.8333333333333334,184.4120248015873,18,0.0912967643778966,False
C_bham_hour,main,5,True,False,occupancy_tercile,mid,split-CP,0.975609756097561,231.6333452380952,41,0.5363589631256722,False
C_bham_hour,main,5,True,False,occupancy_tercile,high,split-CP,0.9506172839506172,231.63334523809527,81,0.5363589631256722,False
C_bham_hour,main,5,True,False,occupancy_tercile,low,split-CP,0.9285714285714286,231.6333452380952,14,0.5363589631256722,False
C_bham_hour,main,5,True,False,occupancy_tercile,mid,Mondrian-split-CP,0.975609756097561,231.88763433991485,41,0.5363589631256722,False
C_bham_hour,main,5,True,False,occupancy_tercile,high,Mondrian-split-CP,0.9506172839506172,230.5586904761905,81,0.5363589631256722,False
C_bham_hour,main,5,True,False,occupancy_tercile,low,Mondrian-split-CP,0.9285714285714286,235.9400051020408,14,0.5363589631256722,False
C_bham_hour,main,5,True,False,occupancy_tercile,mid,ACI,0.926829268292683,256.7805806716996,41,0.5363589631256722,False
C_bham_hour,main,5,True,False,occupancy_tercile,high,ACI,0.925925925925926,196.579761659808,81,0.5363589631256722,False
C_bham_hour,main,5,True,False,occupancy_tercile,low,ACI,0.7857142857142857,256.4484479875284,14,0.5363589631256722,False
C_bham_hour,main,5,True,False,occupancy_tercile,mid,ToD-ACI,0.951219512195122,227.0325027584205,41,0.5363589631256722,False
C_bham_hour,main,5,True,False,occupancy_tercile,high,ToD-ACI,0.9382716049382716,190.29079987262395,81,0.5363589631256722,False
C_bham_hour,main,5,True,False,occupancy_tercile,low,ToD-ACI,0.8571428571428571,219.04248370181404,14,0.5363589631256722,False
C_bham_hour,main,5,True,False,random_6,r0,split-CP,0.8571428571428571,231.63334523809525,21,0.1483434717109717,False
C_bham_hour,main,5,True,False,random_6,r4,split-CP,1.0,231.63334523809525,36,0.1483434717109717,False
C_bham_hour,main,5,True,False,random_6,r3,split-CP,0.9565217391304348,231.6333452380952,23,0.1483434717109717,False
C_bham_hour,main,5,True,False,random_6,r2,split-CP,0.92,231.6333452380952,25,0.1483434717109717,False
C_bham_hour,main,5,True,False,random_6,r5,split-CP,1.0,231.63334523809527,15,0.1483434717109717,False
C_bham_hour,main,5,True,False,random_6,r1,split-CP,1.0,231.6333452380952,16,0.1483434717109717,False
C_bham_hour,main,5,True,False,random_6,r0,Mondrian-split-CP,0.8571428571428571,232.1298144368859,21,0.1483434717109717,False
C_bham_hour,main,5,True,False,random_6,r4,Mondrian-split-CP,1.0,231.56473401675487,36,0.1483434717109717,False
C_bham_hour,main,5,True,False,random_6,r3,Mondrian-split-CP,0.9565217391304348,231.22921859903383,23,0.1483434717109717,False
C_bham_hour,main,5,True,False,random_6,r2,Mondrian-split-CP,0.92,230.6016766666667,25,0.1483434717109717,False
C_bham_hour,main,5,True,False,random_6,r5,Mondrian-split-CP,1.0,231.87340820105825,15,0.1483434717109717,False
C_bham_hour,main,5,True,False,random_6,r1,Mondrian-split-CP,1.0,232.0834632936508,16,0.1483434717109717,False
C_bham_hour,main,5,True,False,random_6,r0,ACI,0.8095238095238095,214.59333767951625,21,0.1483434717109717,False
C_bham_hour,main,5,True,False,random_6,r4,ACI,0.9166666666666666,224.48248605599645,36,0.1483434717109717,False
C_bham_hour,main,5,True,False,random_6,r3,ACI,0.9565217391304348,204.75988362663904,23,0.1483434717109717,False
C_bham_hour,main,5,True,False,random_6,r2,ACI,0.92,202.72870166666672,25,0.1483434717109717,False
C_bham_hour,main,5,True,False,random_6,r5,ACI,0.9333333333333332,245.55974391534392,15,0.1483434717109717,False
C_bham_hour,main,5,True,False,random_6,r1,ACI,0.9375,249.5201350446428,16,0.1483434717109717,False
C_bham_hour,main,5,True,False,random_6,r0,ToD-ACI,0.8571428571428571,200.4156617535904,21,0.1483434717109717,False
C_bham_hour,main,5,True,False,random_6,r4,ToD-ACI,0.9722222222222222,207.29842184744265,36,0.1483434717109717,False
C_bham_hour,main,5,True,False,random_6,r3,ToD-ACI,0.9565217391304348,205.0512714803312,23,0.1483434717109717,False
C_bham_hour,main,5,True,False,random_6,r2,ToD-ACI,0.92,187.208283968254,25,0.1483434717109717,False
C_bham_hour,main,5,True,False,random_6,r5,ToD-ACI,0.9333333333333332,206.9791088624339,15,0.1483434717109717,False
C_bham_hour,main,5,True,False,random_6,r1,ToD-ACI,0.9375,225.9960696924604,16,0.1483434717109717,False
C_bham_hour,main,5,True,False,hour_of_day,h11,split-CP,0.9333333333333332,231.6333452380952,30,1.0,False
C_bham_hour,main,5,True,False,hour_of_day,h12,split-CP,1.0,231.6333452380952,30,1.0,False
C_bham_hour,main,5,True,False,hour_of_day,h13,split-CP,0.9666666666666668,231.63334523809525,30,1.0,False
C_bham_hour,main,5,True,False,hour_of_day,h14,split-CP,0.9333333333333332,231.6333452380952,30,1.0,False
C_bham_hour,main,5,True,False,hour_of_day,h10,split-CP,0.875,231.6333452380952,8,1.0,False
C_bham_hour,main,5,True,False,hour_of_day,h15,split-CP,1.0,231.6333452380952,8,1.0,False
C_bham_hour,main,5,True,False,hour_of_day,h11,Mondrian-split-CP,0.9333333333333332,231.6333452380952,30,1.0,False
C_bham_hour,main,5,True,False,hour_of_day,h12,Mondrian-split-CP,1.0,228.40938095238107,30,1.0,False
C_bham_hour,main,5,True,False,hour_of_day,h13,Mondrian-split-CP,0.9666666666666668,231.63334523809525,30,1.0,False
C_bham_hour,main,5,True,False,hour_of_day,h14,Mondrian-split-CP,0.9333333333333332,231.6333452380952,30,1.0,False
C_bham_hour,main,5,True,False,hour_of_day,h10,Mondrian-split-CP,0.875,241.6822182539684,8,1.0,False
C_bham_hour,main,5,True,False,hour_of_day,h15,Mondrian-split-CP,1.0,231.6333452380952,8,1.0,False
C_bham_hour,main,5,True,False,hour_of_day,h11,ACI,0.9333333333333332,243.4478228835979,30,1.0,False
C_bham_hour,main,5,True,False,hour_of_day,h12,ACI,1.0,226.18124940476187,30,1.0,False
C_bham_hour,main,5,True,False,hour_of_day,h13,ACI,0.9333333333333332,204.911593452381,30,1.0,False
C_bham_hour,main,5,True,False,hour_of_day,h14,ACI,0.8333333333333334,216.4824116402116,30,1.0,False
C_bham_hour,main,5,True,False,hour_of_day,h10,ACI,0.625,203.01654563492065,8,1.0,False
C_bham_hour,main,5,True,False,hour_of_day,h15,ACI,1.0,210.8022609126984,8,1.0,False
C_bham_hour,main,5,True,False,hour_of_day,h11,ToD-ACI,0.9333333333333332,182.22475410052908,30,1.0,False
C_bham_hour,main,5,True,False,hour_of_day,h12,ToD-ACI,1.0,148.37217976190476,30,1.0,False
C_bham_hour,main,5,True,False,hour_of_day,h13,ToD-ACI,0.9333333333333332,211.6345273809524,30,1.0,False
C_bham_hour,main,5,True,False,hour_of_day,h14,ToD-ACI,0.9,264.8144932539682,30,1.0,False
C_bham_hour,main,5,True,False,hour_of_day,h10,ToD-ACI,0.75,242.2571351686508,8,1.0,False
C_bham_hour,main,5,True,False,hour_of_day,h15,ToD-ACI,1.0,204.88080729166663,8,1.0,False
C_bham_hour,main,6,True,False,day_of_week,Mon,split-CP,0.76,206.8980873015871,25,0.0912967643778966,False
C_bham_hour,main,6,True,False,day_of_week,Tue,split-CP,0.9411764705882352,206.8980873015871,17,0.0912967643778966,False
C_bham_hour,main,6,True,False,day_of_week,Wed,split-CP,1.0,206.8980873015871,19,0.0912967643778966,False
C_bham_hour,main,6,True,False,day_of_week,Thu,split-CP,1.0,206.8980873015871,20,0.0912967643778966,False
C_bham_hour,main,6,True,False,day_of_week,Fri,split-CP,1.0,206.8980873015871,18,0.0912967643778966,False
C_bham_hour,main,6,True,False,day_of_week,Sat,split-CP,1.0,206.8980873015871,19,0.0912967643778966,False
C_bham_hour,main,6,True,False,day_of_week,Sun,split-CP,0.5,206.8980873015871,18,0.0912967643778966,False
C_bham_hour,main,6,True,False,day_of_week,Mon,Mondrian-split-CP,0.72,202.2935697619048,25,0.0912967643778966,False
C_bham_hour,main,6,True,False,day_of_week,Tue,Mondrian-split-CP,0.9411764705882352,203.86747759103648,17,0.0912967643778966,False
C_bham_hour,main,6,True,False,day_of_week,Wed,Mondrian-split-CP,1.0,201.94385902255644,19,0.0912967643778966,False
C_bham_hour,main,6,True,False,day_of_week,Thu,Mondrian-split-CP,1.0,202.7424839285715,20,0.0912967643778966,False
C_bham_hour,main,6,True,False,day_of_week,Fri,Mondrian-split-CP,1.0,202.852234457672,18,0.0912967643778966,False
C_bham_hour,main,6,True,False,day_of_week,Sat,Mondrian-split-CP,1.0,203.64508302005007,19,0.0912967643778966,False
C_bham_hour,main,6,True,False,day_of_week,Sun,Mondrian-split-CP,0.4444444444444444,202.852234457672,18,0.0912967643778966,False
C_bham_hour,main,6,True,False,day_of_week,Mon,ACI,0.92,304.55177746031745,25,0.0912967643778966,False
C_bham_hour,main,6,True,False,day_of_week,Tue,ACI,0.9411764705882352,258.86875723622785,17,0.0912967643778966,False
C_bham_hour,main,6,True,False,day_of_week,Wed,ACI,1.0,210.0974542606516,19,0.0912967643778966,False
C_bham_hour,main,6,True,False,day_of_week,Thu,ACI,0.95,174.52805486111106,20,0.0912967643778966,False
C_bham_hour,main,6,True,False,day_of_week,Fri,ACI,1.0,149.77724680335098,18,0.0912967643778966,False
C_bham_hour,main,6,True,False,day_of_week,Sat,ACI,0.8421052631578947,137.98677370509606,19,0.0912967643778966,False
C_bham_hour,main,6,True,False,day_of_week,Sun,ACI,0.5555555555555556,280.21163712522053,18,0.0912967643778966,False
C_bham_hour,main,6,True,False,day_of_week,Mon,ToD-ACI,0.84,243.45053873015868,25,0.0912967643778966,False
C_bham_hour,main,6,True,False,day_of_week,Tue,ToD-ACI,0.9411764705882352,241.23537931839405,17,0.0912967643778966,False
C_bham_hour,main,6,True,False,day_of_week,Wed,ToD-ACI,1.0,225.74053393901417,19,0.0912967643778966,False
C_bham_hour,main,6,True,False,day_of_week,Thu,ToD-ACI,1.0,218.9300375,20,0.0912967643778966,False
C_bham_hour,main,6,True,False,day_of_week,Fri,ToD-ACI,1.0,209.79603582451497,18,0.0912967643778966,False
C_bham_hour,main,6,True,False,day_of_week,Sat,ToD-ACI,0.9473684210526316,196.2187442564745,19,0.0912967643778966,False
C_bham_hour,main,6,True,False,day_of_week,Sun,ToD-ACI,0.3333333333333333,183.4993062169312,18,0.0912967643778966,False
C_bham_hour,main,6,True,False,occupancy_tercile,mid,split-CP,0.6666666666666666,206.8980873015871,9,0.548537458564582,False
C_bham_hour,main,6,True,False,occupancy_tercile,high,split-CP,0.907563025210084,206.89808730158703,119,0.548537458564582,False
C_bham_hour,main,6,True,False,occupancy_tercile,low,split-CP,0.75,206.8980873015871,8,0.548537458564582,False
C_bham_hour,main,6,True,False,occupancy_tercile,mid,Mondrian-split-CP,0.6666666666666666,220.95635714285723,9,0.548537458564582,False
C_bham_hour,main,6,True,False,occupancy_tercile,high,Mondrian-split-CP,0.8907563025210085,200.3625428171269,119,0.548537458564582,False
C_bham_hour,main,6,True,False,occupancy_tercile,low,Mondrian-split-CP,0.75,219.38207142857144,8,0.548537458564582,False
C_bham_hour,main,6,True,False,occupancy_tercile,mid,ACI,0.7777777777777778,199.52293562610225,9,0.548537458564582,False
C_bham_hour,main,6,True,False,occupancy_tercile,high,ACI,0.907563025210084,222.3273243464052,119,0.548537458564582,False
C_bham_hour,main,6,True,False,occupancy_tercile,low,ACI,0.75,200.73332886904765,8,0.548537458564582,False
C_bham_hour,main,6,True,False,occupancy_tercile,mid,ToD-ACI,0.7777777777777778,253.70311596119933,9,0.548537458564582,False
C_bham_hour,main,6,True,False,occupancy_tercile,high,ToD-ACI,0.8823529411764706,212.70720473189272,119,0.548537458564582,False
C_bham_hour,main,6,True,False,occupancy_tercile,low,ToD-ACI,0.75,258.365337797619,8,0.548537458564582,False
C_bham_hour,main,6,True,False,random_6,r0,split-CP,0.8571428571428571,206.8980873015871,21,0.0889136924072581,False
C_bham_hour,main,6,True,False,random_6,r4,split-CP,0.8888888888888888,206.8980873015871,36,0.0889136924072581,False
C_bham_hour,main,6,True,False,random_6,r3,split-CP,0.782608695652174,206.8980873015871,23,0.0889136924072581,False
C_bham_hour,main,6,True,False,random_6,r2,split-CP,0.96,206.8980873015871,25,0.0889136924072581,False
C_bham_hour,main,6,True,False,random_6,r5,split-CP,0.9333333333333332,206.8980873015871,15,0.0889136924072581,False
C_bham_hour,main,6,True,False,random_6,r1,split-CP,0.875,206.8980873015871,16,0.0889136924072581,False
C_bham_hour,main,6,True,False,random_6,r0,Mondrian-split-CP,0.7619047619047619,202.11196910430849,21,0.0889136924072581,False
C_bham_hour,main,6,True,False,random_6,r4,Mondrian-split-CP,0.8611111111111112,202.852234457672,36,0.0889136924072581,False
C_bham_hour,main,6,True,False,random_6,r3,Mondrian-split-CP,0.782608695652174,202.1256961697723,23,0.0889136924072581,False
C_bham_hour,main,6,True,False,random_6,r2,Mondrian-split-CP,0.96,203.4301571428572,25,0.0889136924072581,False
C_bham_hour,main,6,True,False,random_6,r5,Mondrian-split-CP,1.0,203.888605952381,15,0.0889136924072581,False
C_bham_hour,main,6,True,False,random_6,r1,Mondrian-split-CP,0.875,202.92503497023813,16,0.0889136924072581,False
C_bham_hour,main,6,True,False,random_6,r0,ACI,0.8095238095238095,205.49083881330304,21,0.0889136924072581,False
C_bham_hour,main,6,True,False,random_6,r4,ACI,0.9166666666666666,217.57756277557323,36,0.0889136924072581,False
C_bham_hour,main,6,True,False,random_6,r3,ACI,0.782608695652174,231.86917857142856,23,0.0889136924072581,False
C_bham_hour,main,6,True,False,random_6,r2,ACI,0.96,213.7756846825397,25,0.0889136924072581,False
C_bham_hour,main,6,True,False,random_6,r5,ACI,1.0,252.0874017195767,15,0.0889136924072581,False
C_bham_hour,main,6,True,False,random_6,r1,ACI,0.875,203.2331577380953,16,0.0889136924072581,False
C_bham_hour,main,6,True,False,random_6,r0,ToD-ACI,0.7619047619047619,211.1420017951626,21,0.0889136924072581,False
C_bham_hour,main,6,True,False,random_6,r4,ToD-ACI,0.8888888888888888,218.41706261022927,36,0.0889136924072581,False
C_bham_hour,main,6,True,False,random_6,r3,ToD-ACI,0.8260869565217391,228.1440383022774,23,0.0889136924072581,False
C_bham_hour,main,6,True,False,random_6,r2,ToD-ACI,0.96,216.92911349206344,25,0.0889136924072581,False
C_bham_hour,main,6,True,False,random_6,r5,ToD-ACI,0.8666666666666667,222.393882010582,15,0.0889136924072581,False
C_bham_hour,main,6,True,False,random_6,r1,ToD-ACI,0.875,209.9351793154761,16,0.0889136924072581,False
C_bham_hour,main,6,True,False,hour_of_day,h11,split-CP,0.7666666666666667,206.8980873015871,30,1.0,False
C_bham_hour,main,6,True,False,hour_of_day,h12,split-CP,0.8666666666666667,206.8980873015871,30,1.0,False
C_bham_hour,main,6,True,False,hour_of_day,h13,split-CP,0.9666666666666668,206.8980873015871,30,1.0,False
C_bham_hour,main,6,True,False,hour_of_day,h14,split-CP,0.9333333333333332,206.8980873015871,30,1.0,False
C_bham_hour,main,6,True,False,hour_of_day,h10,split-CP,0.75,206.8980873015871,8,1.0,False
C_bham_hour,main,6,True,False,hour_of_day,h15,split-CP,1.0,206.8980873015871,8,1.0,False
C_bham_hour,main,6,True,False,hour_of_day,h11,Mondrian-split-CP,0.8,221.8249285714286,30,1.0,False
C_bham_hour,main,6,True,False,hour_of_day,h12,Mondrian-split-CP,0.8666666666666667,221.8249285714286,30,1.0,False
C_bham_hour,main,6,True,False,hour_of_day,h13,Mondrian-split-CP,0.9333333333333332,182.7147321428569,30,1.0,False
C_bham_hour,main,6,True,False,hour_of_day,h14,Mondrian-split-CP,0.8666666666666667,185.59310119047623,30,1.0,False
C_bham_hour,main,6,True,False,hour_of_day,h10,Mondrian-split-CP,0.75,217.91635714285712,8,1.0,False
C_bham_hour,main,6,True,False,hour_of_day,h15,Mondrian-split-CP,1.0,185.59310119047632,8,1.0,False
C_bham_hour,main,6,True,False,hour_of_day,h11,ACI,0.8,205.7941890873016,30,1.0,False
C_bham_hour,main,6,True,False,hour_of_day,h12,ACI,0.8333333333333334,221.17210178571435,30,1.0,False
C_bham_hour,main,6,True,False,hour_of_day,h13,ACI,0.9333333333333332,236.291971957672,30,1.0,False
C_bham_hour,main,6,True,False,hour_of_day,h14,ACI,1.0,231.0687201719577,30,1.0,False
C_bham_hour,main,6,True,False,hour_of_day,h10,ACI,0.75,176.39057961309518,8,1.0,False
C_bham_hour,main,6,True,False,hour_of_day,h15,ACI,1.0,202.19881522817465,8,1.0,False
C_bham_hour,main,6,True,False,hour_of_day,h11,ToD-ACI,0.8333333333333334,230.8144997354497,30,1.0,False
C_bham_hour,main,6,True,False,hour_of_day,h12,ToD-ACI,0.8666666666666667,242.2102951058201,30,1.0,False
C_bham_hour,main,6,True,False,hour_of_day,h13,ToD-ACI,0.9,179.5900838624338,30,1.0,False
C_bham_hour,main,6,True,False,hour_of_day,h14,ToD-ACI,0.8666666666666667,214.23269179894183,30,1.0,False
C_bham_hour,main,6,True,False,hour_of_day,h10,ToD-ACI,0.75,279.8829129464285,8,1.0,False
C_bham_hour,main,6,True,False,hour_of_day,h15,ToD-ACI,1.0,177.23971130952387,8,1.0,False
C_bham_hour,main,7,True,False,day_of_week,Mon,split-CP,0.5,72.34301587301584,26,0.0887039965363789,False
C_bham_hour,main,7,True,False,day_of_week,Tue,split-CP,0.8235294117647058,72.34301587301582,17,0.0887039965363789,False
C_bham_hour,main,7,True,False,day_of_week,Wed,split-CP,0.9473684210526316,72.3430158730158,19,0.0887039965363789,False
C_bham_hour,main,7,True,False,day_of_week,Thu,split-CP,0.7,72.34301587301579,20,0.0887039965363789,False
C_bham_hour,main,7,True,False,day_of_week,Fri,split-CP,0.8888888888888888,72.3430158730158,18,0.0887039965363789,False
C_bham_hour,main,7,True,False,day_of_week,Sat,split-CP,0.9473684210526316,72.34301587301582,19,0.0887039965363789,False
C_bham_hour,main,7,True,False,day_of_week,Sun,split-CP,0.8235294117647058,72.34301587301582,17,0.0887039965363789,False
C_bham_hour,main,7,True,False,day_of_week,Mon,Mondrian-split-CP,0.5,74.57288064713065,26,0.0887039965363789,False
C_bham_hour,main,7,True,False,day_of_week,Tue,Mondrian-split-CP,0.8235294117647058,74.63229831932772,17,0.0887039965363789,False
C_bham_hour,main,7,True,False,day_of_week,Wed,Mondrian-split-CP,0.9473684210526316,74.39132121971593,19,0.0887039965363789,False
C_bham_hour,main,7,True,False,day_of_week,Thu,Mondrian-split-CP,0.7,74.32892777777775,20,0.0887039965363789,False
C_bham_hour,main,7,True,False,day_of_week,Fri,Mondrian-split-CP,0.9444444444444444,74.50511596119928,18,0.0887039965363789,False
C_bham_hour,main,7,True,False,day_of_week,Sat,Mondrian-split-CP,0.9473684210526316,74.43344945697575,19,0.0887039965363789,False
C_bham_hour,main,7,True,False,day_of_week,Sun,Mondrian-split-CP,0.8235294117647058,74.58521381886085,17,0.0887039965363789,False
C_bham_hour,main,7,True,False,day_of_week,Mon,ACI,0.7692307692307693,92.14569047619048,26,0.0887039965363789,False
C_bham_hour,main,7,True,False,day_of_week,Tue,ACI,0.9411764705882352,81.7880731792717,17,0.0887039965363789,False
C_bham_hour,main,7,True,False,day_of_week,Wed,ACI,0.9473684210526316,74.21822744360902,19,0.0887039965363789,False
C_bham_hour,main,7,True,False,day_of_week,Thu,ACI,0.8,83.89089494047619,20,0.0887039965363789,False
C_bham_hour,main,7,True,False,day_of_week,Fri,ACI,1.0,85.0165295414462,18,0.0887039965363789,False
C_bham_hour,main,7,True,False,day_of_week,Sat,ACI,0.8947368421052632,72.41470352965749,19,0.0887039965363789,False
C_bham_hour,main,7,True,False,day_of_week,Sun,ACI,0.8823529411764706,80.98250385154063,17,0.0887039965363789,False
C_bham_hour,main,7,True,False,day_of_week,Mon,ToD-ACI,0.5384615384615384,78.16511126373625,26,0.0887039965363789,False
C_bham_hour,main,7,True,False,day_of_week,Tue,ToD-ACI,0.9411764705882352,82.58371195144724,17,0.0887039965363789,False
C_bham_hour,main,7,True,False,day_of_week,Wed,ToD-ACI,1.0,79.52012865497073,19,0.0887039965363789,False
C_bham_hour,main,7,True,False,day_of_week,Thu,ToD-ACI,0.8,76.27901170634917,20,0.0887039965363789,False
C_bham_hour,main,7,True,False,day_of_week,Fri,ToD-ACI,0.8888888888888888,82.53820568783068,18,0.0887039965363789,False
C_bham_hour,main,7,True,False,day_of_week,Sat,ToD-ACI,0.8947368421052632,82.31999540517961,19,0.0887039965363789,False
C_bham_hour,main,7,True,False,day_of_week,Sun,ToD-ACI,0.9411764705882352,81.73343534080298,17,0.0887039965363789,False
C_bham_hour,main,7,True,False,occupancy_tercile,low,split-CP,0.5555555555555556,72.34301587301582,9,0.5159417823878677,False
C_bham_hour,main,7,True,False,occupancy_tercile,mid,split-CP,0.625,72.34301587301582,8,0.5159417823878677,False
C_bham_hour,main,7,True,False,occupancy_tercile,high,split-CP,0.8151260504201681,72.3430158730158,119,0.5159417823878677,False
C_bham_hour,main,7,True,False,occupancy_tercile,low,Mondrian-split-CP,0.5555555555555556,72.78770282186944,9,0.5159417823878677,False
C_bham_hour,main,7,True,False,occupancy_tercile,mid,Mondrian-split-CP,0.625,73.66095486111107,8,0.5159417823878677,False
C_bham_hour,main,7,True,False,occupancy_tercile,high,Mondrian-split-CP,0.8235294117647058,74.67694894624515,119,0.5159417823878677,False
C_bham_hour,main,7,True,False,occupancy_tercile,low,ACI,0.6666666666666666,71.95784501763667,9,0.5159417823878677,False
C_bham_hour,main,7,True,False,occupancy_tercile,mid,ACI,0.625,72.50954588293651,8,0.5159417823878677,False
C_bham_hour,main,7,True,False,occupancy_tercile,high,ACI,0.9159663865546218,83.43976393890892,119,0.5159417823878677,False
C_bham_hour,main,7,True,False,occupancy_tercile,low,ToD-ACI,0.7777777777777778,84.31117746913579,9,0.5159417823878677,False
C_bham_hour,main,7,True,False,occupancy_tercile,mid,ToD-ACI,0.75,79.83047098214286,8,0.5159417823878677,False
C_bham_hour,main,7,True,False,occupancy_tercile,high,ToD-ACI,0.8487394957983193,79.95353214619183,119,0.5159417823878677,False
C_bham_hour,main,7,True,False,random_6,r0,split-CP,0.6666666666666666,72.34301587301582,21,0.1401790320646986,False
C_bham_hour,main,7,True,False,random_6,r4,split-CP,0.8611111111111112,72.3430158730158,36,0.1401790320646986,False
C_bham_hour,main,7,True,False,random_6,r3,split-CP,0.7391304347826086,72.34301587301582,23,0.1401790320646986,False
C_bham_hour,main,7,True,False,random_6,r2,split-CP,0.8,72.34301587301582,25,0.1401790320646986,False
C_bham_hour,main,7,True,False,random_6,r5,split-CP,0.8,72.34301587301583,15,0.1401790320646986,False
C_bham_hour,main,7,True,False,random_6,r1,split-CP,0.8125,72.34301587301583,16,0.1401790320646986,False
C_bham_hour,main,7,True,False,random_6,r0,Mondrian-split-CP,0.7142857142857143,74.6881386999244,21,0.1401790320646986,False
C_bham_hour,main,7,True,False,random_6,r4,Mondrian-split-CP,0.8611111111111112,75.38967901234565,36,0.1401790320646986,False
C_bham_hour,main,7,True,False,random_6,r3,Mondrian-split-CP,0.7391304347826086,73.52329347826083,23,0.1401790320646986,False
C_bham_hour,main,7,True,False,random_6,r2,Mondrian-split-CP,0.8,74.31291904761902,25,0.1401790320646986,False
C_bham_hour,main,7,True,False,random_6,r5,Mondrian-split-CP,0.8,73.59934576719573,15,0.1401790320646986,False
C_bham_hour,main,7,True,False,random_6,r1,Mondrian-split-CP,0.8125,74.72535119047619,16,0.1401790320646986,False
C_bham_hour,main,7,True,False,random_6,r0,ACI,0.8095238095238095,83.04797789115648,21,0.1401790320646986,False
C_bham_hour,main,7,True,False,random_6,r4,ACI,0.9444444444444444,82.1235496031746,36,0.1401790320646986,False
C_bham_hour,main,7,True,False,random_6,r3,ACI,0.782608695652174,83.66543236714979,23,0.1401790320646986,False
C_bham_hour,main,7,True,False,random_6,r2,ACI,0.92,78.03350468253967,25,0.1401790320646986,False
C_bham_hour,main,7,True,False,random_6,r5,ACI,0.8666666666666667,81.21175502645504,15,0.1401790320646986,False
C_bham_hour,main,7,True,False,random_6,r1,ACI,0.9375,85.20341703869047,16,0.1401790320646986,False
C_bham_hour,main,7,True,False,random_6,r0,ToD-ACI,0.7142857142857143,77.56882539682539,21,0.1401790320646986,False
C_bham_hour,main,7,True,False,random_6,r4,ToD-ACI,0.9166666666666666,81.42060978835977,36,0.1401790320646986,False
C_bham_hour,main,7,True,False,random_6,r3,ToD-ACI,0.7391304347826086,76.89169832643202,23,0.1401790320646986,False
C_bham_hour,main,7,True,False,random_6,r2,ToD-ACI,0.88,82.32533650793651,25,0.1401790320646986,False
C_bham_hour,main,7,True,False,random_6,r5,ToD-ACI,0.8666666666666667,78.90047857142854,15,0.1401790320646986,False
C_bham_hour,main,7,True,False,random_6,r1,ToD-ACI,0.875,83.85485949900794,16,0.1401790320646986,False
C_bham_hour,main,7,True,False,hour_of_day,h10,split-CP,0.625,72.34301587301582,8,1.0,False
C_bham_hour,main,7,True,False,hour_of_day,h11,split-CP,0.7666666666666667,72.34301587301579,30,1.0,False
C_bham_hour,main,7,True,False,hour_of_day,h12,split-CP,0.8666666666666667,72.3430158730158,30,1.0,False
C_bham_hour,main,7,True,False,hour_of_day,h13,split-CP,0.7333333333333333,72.34301587301583,30,1.0,False
C_bham_hour,main,7,True,False,hour_of_day,h14,split-CP,0.8333333333333334,72.34301587301583,30,1.0,False
C_bham_hour,main,7,True,False,hour_of_day,h15,split-CP,0.75,72.34301587301584,8,1.0,False
C_bham_hour,main,7,True,False,hour_of_day,h10,Mondrian-split-CP,0.625,73.14345238095234,8,1.0,False
C_bham_hour,main,7,True,False,hour_of_day,h11,Mondrian-split-CP,0.7666666666666667,72.34301587301579,30,1.0,False
C_bham_hour,main,7,True,False,hour_of_day,h12,Mondrian-split-CP,0.9,82.8865277777778,30,1.0,False
C_bham_hour,main,7,True,False,hour_of_day,h13,Mondrian-split-CP,0.7333333333333333,72.34301587301583,30,1.0,False
C_bham_hour,main,7,True,False,hour_of_day,h14,Mondrian-split-CP,0.8333333333333334,71.32884523809525,30,1.0,False
C_bham_hour,main,7,True,False,hour_of_day,h15,Mondrian-split-CP,0.75,72.34301587301584,8,1.0,False
C_bham_hour,main,7,True,False,hour_of_day,h10,ACI,0.75,71.86334375,8,1.0,False
C_bham_hour,main,7,True,False,hour_of_day,h11,ACI,0.7666666666666667,78.85024880952382,30,1.0,False
C_bham_hour,main,7,True,False,hour_of_day,h12,ACI,0.9666666666666668,83.97534285714286,30,1.0,False
C_bham_hour,main,7,True,False,hour_of_day,h13,ACI,0.8666666666666667,82.82598452380952,30,1.0,False
C_bham_hour,main,7,True,False,hour_of_day,h14,ACI,0.9666666666666668,84.3229281084656,30,1.0,False
C_bham_hour,main,7,True,False,hour_of_day,h15,ACI,0.875,85.36087524801583,8,1.0,False
C_bham_hour,main,7,True,False,hour_of_day,h10,ToD-ACI,0.875,85.7284806547619,8,1.0,False
C_bham_hour,main,7,True,False,hour_of_day,h11,ToD-ACI,0.8,83.72409550264547,30,1.0,False
C_bham_hour,main,7,True,False,hour_of_day,h12,ToD-ACI,0.8666666666666667,76.63560410052908,30,1.0,False
C_bham_hour,main,7,True,False,hour_of_day,h13,ToD-ACI,0.8333333333333334,89.87184351851847,30,1.0,False
C_bham_hour,main,7,True,False,hour_of_day,h14,ToD-ACI,0.8666666666666667,71.33940965608463,30,1.0,False
C_bham_hour,main,7,True,False,hour_of_day,h15,ToD-ACI,0.75,72.36978273809527,8,1.0,False
C_bham_hour,main,9,True,False,day_of_week,Mon,split-CP,0.92,39.36757142857141,25,0.1023956894881034,False
C_bham_hour,main,9,True,False,day_of_week,Tue,split-CP,0.9411764705882352,39.36757142857141,17,0.1023956894881034,False
C_bham_hour,main,9,True,False,day_of_week,Wed,split-CP,0.8947368421052632,39.36757142857141,19,0.1023956894881034,False
C_bham_hour,main,9,True,False,day_of_week,Thu,split-CP,0.9,39.36757142857141,20,0.1023956894881034,False
C_bham_hour,main,9,True,False,day_of_week,Fri,split-CP,1.0,39.36757142857141,18,0.1023956894881034,False
C_bham_hour,main,9,True,False,day_of_week,Sat,split-CP,0.8421052631578947,39.36757142857141,19,0.1023956894881034,False
C_bham_hour,main,9,True,False,day_of_week,Sun,split-CP,0.7647058823529411,39.36757142857141,17,0.1023956894881034,False
C_bham_hour,main,9,True,False,day_of_week,Mon,Mondrian-split-CP,0.88,39.86140999999998,25,0.1023956894881034,False
C_bham_hour,main,9,True,False,day_of_week,Tue,Mondrian-split-CP,0.9411764705882352,39.7984607843137,17,0.1023956894881034,False
C_bham_hour,main,9,True,False,day_of_week,Wed,Mondrian-split-CP,0.8947368421052632,39.89608145363407,19,0.1023956894881034,False
C_bham_hour,main,9,True,False,day_of_week,Thu,Mondrian-split-CP,0.95,39.86965595238094,20,0.1023956894881034,False
C_bham_hour,main,9,True,False,day_of_week,Fri,Mondrian-split-CP,1.0,39.84998280423278,18,0.1023956894881034,False
C_bham_hour,main,9,True,False,day_of_week,Sat,Mondrian-split-CP,0.8421052631578947,39.824592731829554,19,0.1023956894881034,False
C_bham_hour,main,9,True,False,day_of_week,Sun,Mondrian-split-CP,0.7647058823529411,39.87835994397757,17,0.1023956894881034,False
C_bham_hour,main,9,True,False,day_of_week,Mon,ACI,0.96,40.3794030952381,25,0.1023956894881034,False
C_bham_hour,main,9,True,False,day_of_week,Tue,ACI,0.8823529411764706,28.22489045105221,17,0.1023956894881034,False
C_bham_hour,main,9,True,False,day_of_week,Wed,ACI,0.8421052631578947,62.468172201336685,19,0.1023956894881034,False
C_bham_hour,main,9,True,False,day_of_week,Thu,ACI,0.9,38.251714384920646,20,0.1023956894881034,False
C_bham_hour,main,9,True,False,day_of_week,Fri,ACI,1.0,32.25747491012075,18,0.1023956894881034,False
C_bham_hour,main,9,True,False,day_of_week,Sat,ACI,0.7368421052631579,32.99710714285715,19,0.1023956894881034,False
C_bham_hour,main,9,True,False,day_of_week,Sun,ACI,0.7058823529411765,50.77637457803635,17,0.1023956894881034,False
C_bham_hour,main,9,True,False,day_of_week,Mon,ToD-ACI,0.96,54.6337346031746,25,0.1023956894881034,False
C_bham_hour,main,9,True,False,day_of_week,Tue,ToD-ACI,0.9411764705882352,35.84683683473389,17,0.1023956894881034,False
C_bham_hour,main,9,True,False,day_of_week,Wed,ToD-ACI,0.7894736842105263,42.182037176274,19,0.1023956894881034,False
C_bham_hour,main,9,True,False,day_of_week,Thu,ToD-ACI,0.9,45.82168551587301,20,0.1023956894881034,False
C_bham_hour,main,9,True,False,day_of_week,Fri,ToD-ACI,1.0,46.20582341269841,18,0.1023956894881034,False
C_bham_hour,main,9,True,False,day_of_week,Sat,ToD-ACI,0.8421052631578947,43.00802923976607,19,0.1023956894881034,False
C_bham_hour,main,9,True,False,day_of_week,Sun,ToD-ACI,0.6470588235294118,40.561853641456594,17,0.1023956894881034,False
C_bham_hour,main,9,True,False,occupancy_tercile,mid,split-CP,0.9242424242424242,39.36757142857141,66,0.1131872044275582,False
C_bham_hour,main,9,True,False,occupancy_tercile,high,split-CP,0.9130434782608696,39.36757142857141,23,0.1131872044275582,False
C_bham_hour,main,9,True,False,occupancy_tercile,low,split-CP,0.8478260869565217,39.36757142857141,46,0.1131872044275582,False
C_bham_hour,main,9,True,False,occupancy_tercile,mid,Mondrian-split-CP,0.9242424242424242,39.85892514430012,66,0.1131872044275582,False
C_bham_hour,main,9,True,False,occupancy_tercile,high,Mondrian-split-CP,0.9130434782608696,40.28473188405794,23,0.1131872044275582,False
C_bham_hour,main,9,True,False,occupancy_tercile,low,Mondrian-split-CP,0.8478260869565217,39.63454192546583,46,0.1131872044275582,False
C_bham_hour,main,9,True,False,occupancy_tercile,mid,ACI,0.9242424242424242,37.72811842786843,66,0.1131872044275582,False
C_bham_hour,main,9,True,False,occupancy_tercile,high,ACI,0.8695652173913043,52.9988334527791,23,0.1131872044275582,False
C_bham_hour,main,9,True,False,occupancy_tercile,low,ACI,0.782608695652174,39.19536393135851,46,0.1131872044275582,False
C_bham_hour,main,9,True,False,occupancy_tercile,mid,ToD-ACI,0.9242424242424242,45.94777227633477,66,0.1131872044275582,False
C_bham_hour,main,9,True,False,occupancy_tercile,high,ToD-ACI,0.8695652173913043,39.91378709454796,23,0.1131872044275582,False
C_bham_hour,main,9,True,False,occupancy_tercile,low,ToD-ACI,0.8043478260869565,45.23849616114562,46,0.1131872044275582,False
C_bham_hour,main,9,True,False,random_6,r0,split-CP,1.0,39.36757142857141,21,0.1233096294479124,False
C_bham_hour,main,9,True,False,random_6,r4,split-CP,0.8333333333333334,39.36757142857141,36,0.1233096294479124,False
C_bham_hour,main,9,True,False,random_6,r3,split-CP,0.782608695652174,39.36757142857141,23,0.1233096294479124,False
C_bham_hour,main,9,True,False,random_6,r2,split-CP,0.96,39.36757142857141,25,0.1233096294479124,False
C_bham_hour,main,9,True,False,random_6,r5,split-CP,0.9333333333333332,39.36757142857141,15,0.1233096294479124,False
C_bham_hour,main,9,True,False,random_6,r1,split-CP,0.9333333333333332,39.36757142857141,15,0.1233096294479124,False
C_bham_hour,main,9,True,False,random_6,r0,Mondrian-split-CP,0.9523809523809524,39.18412074829931,21,0.1233096294479124,False
C_bham_hour,main,9,True,False,random_6,r4,Mondrian-split-CP,0.8333333333333334,40.41560780423279,36,0.1233096294479124,False
C_bham_hour,main,9,True,False,random_6,r3,Mondrian-split-CP,0.782608695652174,39.95889233954449,23,0.1233096294479124,False
C_bham_hour,main,9,True,False,random_6,r2,Mondrian-split-CP,0.96,39.5524995238095,25,0.1233096294479124,False
C_bham_hour,main,9,True,False,random_6,r5,Mondrian-split-CP,1.0,40.29246746031744,15,0.1233096294479124,False
C_bham_hour,main,9,True,False,random_6,r1,Mondrian-split-CP,0.9333333333333332,39.35629206349204,15,0.1233096294479124,False
C_bham_hour,main,9,True,False,random_6,r0,ACI,0.9523809523809524,39.32146479446479,21,0.1233096294479124,False
C_bham_hour,main,9,True,False,random_6,r4,ACI,0.7777777777777778,35.09238656135531,36,0.1233096294479124,False
C_bham_hour,main,9,True,False,random_6,r3,ACI,0.7391304347826086,46.74666718426503,23,0.1233096294479124,False
C_bham_hour,main,9,True,False,random_6,r2,ACI,0.96,44.81401642857145,25,0.1233096294479124,False
C_bham_hour,main,9,True,False,random_6,r5,ACI,0.9333333333333332,43.759463888888895,15,0.1233096294479124,False
C_bham_hour,main,9,True,False,random_6,r1,ACI,0.9333333333333332,38.06822235449738,15,0.1233096294479124,False
C_bham_hour,main,9,True,False,random_6,r0,ToD-ACI,0.9047619047619048,51.374751889644735,21,0.1233096294479124,False
C_bham_hour,main,9,True,False,random_6,r4,ToD-ACI,0.8333333333333334,44.074445436507936,36,0.1233096294479124,False
C_bham_hour,main,9,True,False,random_6,r3,ToD-ACI,0.782608695652174,51.00798162525878,23,0.1233096294479124,False
C_bham_hour,main,9,True,False,random_6,r2,ToD-ACI,0.92,36.64964666666667,25,0.1233096294479124,False
C_bham_hour,main,9,True,False,random_6,r5,ToD-ACI,0.9333333333333332,40.29185740740742,15,0.1233096294479124,False
C_bham_hour,main,9,True,False,random_6,r1,ToD-ACI,0.9333333333333332,44.81256441798941,15,0.1233096294479124,False
C_bham_hour,main,9,True,False,hour_of_day,h11,split-CP,0.8666666666666667,39.36757142857141,30,1.0,False
C_bham_hour,main,9,True,False,hour_of_day,h12,split-CP,0.9666666666666668,39.36757142857141,30,1.0,False
C_bham_hour,main,9,True,False,hour_of_day,h13,split-CP,0.9,39.36757142857141,30,1.0,False
C_bham_hour,main,9,True,False,hour_of_day,h14,split-CP,0.9,39.36757142857141,30,1.0,False
C_bham_hour,main,9,True,False,hour_of_day,h10,split-CP,0.8571428571428571,39.36757142857141,7,1.0,False
C_bham_hour,main,9,True,False,hour_of_day,h15,split-CP,0.75,39.36757142857141,8,1.0,False
C_bham_hour,main,9,True,False,hour_of_day,h11,Mondrian-split-CP,0.8333333333333334,35.58042857142856,30,1.0,False
C_bham_hour,main,9,True,False,hour_of_day,h12,Mondrian-split-CP,0.9666666666666668,38.666124999999965,30,1.0,False
C_bham_hour,main,9,True,False,hour_of_day,h13,Mondrian-split-CP,0.9,45.68744047619043,30,1.0,False
C_bham_hour,main,9,True,False,hour_of_day,h14,Mondrian-split-CP,0.9,39.36757142857141,30,1.0,False
C_bham_hour,main,9,True,False,hour_of_day,h10,Mondrian-split-CP,0.8571428571428571,39.36757142857141,7,1.0,False
C_bham_hour,main,9,True,False,hour_of_day,h15,Mondrian-split-CP,0.875,40.7258571428572,8,1.0,False
C_bham_hour,main,9,True,False,hour_of_day,h11,ACI,0.8666666666666667,40.56397195767196,30,1.0,False
C_bham_hour,main,9,True,False,hour_of_day,h12,ACI,0.9666666666666668,42.863217684167694,30,1.0,False
C_bham_hour,main,9,True,False,hour_of_day,h13,ACI,0.8333333333333334,39.1755467846968,30,1.0,False
C_bham_hour,main,9,True,False,hour_of_day,h14,ACI,0.8666666666666667,40.30551616300367,30,1.0,False
C_bham_hour,main,9,True,False,hour_of_day,h10,ACI,0.7142857142857143,33.464539115646275,7,1.0,False
C_bham_hour,main,9,True,False,hour_of_day,h15,ACI,0.75,48.81454687500002,8,1.0,False
C_bham_hour,main,9,True,False,hour_of_day,h11,ToD-ACI,0.8666666666666667,46.69286640211638,30,1.0,False
C_bham_hour,main,9,True,False,hour_of_day,h12,ToD-ACI,0.9,28.13541997354497,30,1.0,False
C_bham_hour,main,9,True,False,hour_of_day,h13,ToD-ACI,0.8333333333333334,40.8476189153439,30,1.0,False
C_bham_hour,main,9,True,False,hour_of_day,h14,ToD-ACI,0.9,49.15693981481481,30,1.0,False
C_bham_hour,main,9,True,False,hour_of_day,h10,ToD-ACI,0.8571428571428571,72.04166553287982,7,1.0,False
C_bham_hour,main,9,True,False,hour_of_day,h15,ToD-ACI,0.875,72.78298561507937,8,1.0,False
C_bham_hour,main,10,True,False,day_of_week,Mon,split-CP,0.96,20.77528373015872,25,0.1023956894881034,False
C_bham_hour,main,10,True,False,day_of_week,Tue,split-CP,1.0,20.77528373015872,17,0.1023956894881034,False
C_bham_hour,main,10,True,False,day_of_week,Wed,split-CP,0.7894736842105263,20.77528373015872,19,0.1023956894881034,False
C_bham_hour,main,10,True,False,day_of_week,Thu,split-CP,1.0,20.77528373015872,20,0.1023956894881034,False
C_bham_hour,main,10,True,False,day_of_week,Fri,split-CP,0.9444444444444444,20.77528373015872,18,0.1023956894881034,False
C_bham_hour,main,10,True,False,day_of_week,Sat,split-CP,1.0,20.77528373015873,19,0.1023956894881034,False
C_bham_hour,main,10,True,False,day_of_week,Sun,split-CP,1.0,20.775283730158733,17,0.1023956894881034,False
C_bham_hour,main,10,True,False,day_of_week,Mon,Mondrian-split-CP,0.96,21.189017142857143,25,0.1023956894881034,False
C_bham_hour,main,10,True,False,day_of_week,Tue,Mondrian-split-CP,1.0,21.199390172735765,17,0.1023956894881034,False
C_bham_hour,main,10,True,False,day_of_week,Wed,Mondrian-split-CP,0.7894736842105263,21.105128550543032,19,0.1023956894881034,False
C_bham_hour,main,10,True,False,day_of_week,Thu,Mondrian-split-CP,1.0,21.08863630952381,20,0.1023956894881034,False
C_bham_hour,main,10,True,False,day_of_week,Fri,Mondrian-split-CP,0.9444444444444444,21.14964098324516,18,0.1023956894881034,False
C_bham_hour,main,10,True,False,day_of_week,Sat,Mondrian-split-CP,1.0,21.12993796992481,19,0.1023956894881034,False
C_bham_hour,main,10,True,False,day_of_week,Sun,Mondrian-split-CP,1.0,21.171661998132592,17,0.1023956894881034,False
C_bham_hour,main,10,True,False,day_of_week,Mon,ACI,0.88,18.198776428571435,25,0.1023956894881034,False
C_bham_hour,main,10,True,False,day_of_week,Tue,ACI,1.0,19.382803104575167,17,0.1023956894881034,False
C_bham_hour,main,10,True,False,day_of_week,Wed,ACI,0.7894736842105263,20.12869475772764,19,0.1023956894881034,False
C_bham_hour,main,10,True,False,day_of_week,Thu,ACI,0.95,20.273516567460312,20,0.1023956894881034,False
C_bham_hour,main,10,True,False,day_of_week,Fri,ACI,0.8888888888888888,19.656845348324502,18,0.1023956894881034,False
C_bham_hour,main,10,True,False,day_of_week,Sat,ACI,1.0,17.763164682539678,19,0.1023956894881034,False
C_bham_hour,main,10,True,False,day_of_week,Sun,ACI,1.0,16.79872058823529,17,0.1023956894881034,False
C_bham_hour,main,10,True,False,day_of_week,Mon,ToD-ACI,0.96,20.251114365079363,25,0.1023956894881034,False
C_bham_hour,main,10,True,False,day_of_week,Tue,ToD-ACI,1.0,20.551819911297848,17,0.1023956894881034,False
C_bham_hour,main,10,True,False,day_of_week,Wed,ToD-ACI,0.7368421052631579,20.33312541771096,19,0.1023956894881034,False
C_bham_hour,main,10,True,False,day_of_week,Thu,ToD-ACI,1.0,20.92133571428572,20,0.1023956894881034,False
C_bham_hour,main,10,True,False,day_of_week,Fri,ToD-ACI,0.9444444444444444,20.7633454585538,18,0.1023956894881034,False
C_bham_hour,main,10,True,False,day_of_week,Sat,ToD-ACI,1.0,20.61842335004177,19,0.1023956894881034,False
C_bham_hour,main,10,True,False,day_of_week,Sun,ToD-ACI,1.0,19.95291118113912,17,0.1023956894881034,False
C_bham_hour,main,10,True,False,occupancy_tercile,mid,split-CP,0.9574468085106383,20.775283730158712,47,0.1562062317809227,False
C_bham_hour,main,10,True,False,occupancy_tercile,high,split-CP,0.9090909090909092,20.77528373015872,33,0.1562062317809227,False
C_bham_hour,main,10,True,False,occupancy_tercile,low,split-CP,0.9818181818181818,20.775283730158723,55,0.1562062317809227,False
C_bham_hour,main,10,True,False,occupancy_tercile,mid,Mondrian-split-CP,0.9574468085106383,21.07912888382304,47,0.1562062317809227,False
C_bham_hour,main,10,True,False,occupancy_tercile,high,Mondrian-split-CP,0.9090909090909092,21.268553571428576,33,0.1562062317809227,False
C_bham_hour,main,10,True,False,occupancy_tercile,low,Mondrian-split-CP,0.9818181818181818,21.134263961038965,55,0.1562062317809227,False
C_bham_hour,main,10,True,False,occupancy_tercile,mid,ACI,0.8936170212765957,19.281568262411344,47,0.1562062317809227,False
C_bham_hour,main,10,True,False,occupancy_tercile,high,ACI,0.9090909090909092,19.712536856661856,33,0.1562062317809227,False
C_bham_hour,main,10,True,False,occupancy_tercile,low,ACI,0.9636363636363636,18.04630483405484,55,0.1562062317809227,False
C_bham_hour,main,10,True,False,occupancy_tercile,mid,ToD-ACI,0.9361702127659576,20.460208122256,47,0.1562062317809227,False
C_bham_hour,main,10,True,False,occupancy_tercile,high,ToD-ACI,0.9090909090909092,20.545752405002407,33,0.1562062317809227,False
C_bham_hour,main,10,True,False,occupancy_tercile,low,ToD-ACI,0.9818181818181818,20.46300064935065,55,0.1562062317809227,False
C_bham_hour,main,10,True,False,random_6,r0,split-CP,0.9523809523809524,20.77528373015872,21,0.1233096294479124,False
C_bham_hour,main,10,True,False,random_6,r4,split-CP,0.9444444444444444,20.775283730158726,36,0.1233096294479124,False
C_bham_hour,main,10,True,False,random_6,r3,split-CP,0.9565217391304348,20.775283730158723,23,0.1233096294479124,False
C_bham_hour,main,10,True,False,random_6,r2,split-CP,0.96,20.775283730158726,25,0.1233096294479124,False
C_bham_hour,main,10,True,False,random_6,r5,split-CP,0.9333333333333332,20.775283730158723,15,0.1233096294479124,False
C_bham_hour,main,10,True,False,random_6,r1,split-CP,1.0,20.77528373015872,15,0.1233096294479124,False
C_bham_hour,main,10,True,False,random_6,r0,Mondrian-split-CP,0.9523809523809524,20.96478873771732,21,0.1233096294479124,False
C_bham_hour,main,10,True,False,random_6,r4,Mondrian-split-CP,0.9444444444444444,21.210079309964726,36,0.1233096294479124,False
C_bham_hour,main,10,True,False,random_6,r3,Mondrian-split-CP,0.9565217391304348,21.20751871980677,23,0.1233096294479124,False
C_bham_hour,main,10,True,False,random_6,r2,Mondrian-split-CP,0.96,21.209561031746045,25,0.1233096294479124,False
C_bham_hour,main,10,True,False,random_6,r5,Mondrian-split-CP,0.9333333333333332,21.132051984126985,15,0.1233096294479124,False
C_bham_hour,main,10,True,False,random_6,r1,Mondrian-split-CP,1.0,21.076645899470908,15,0.1233096294479124,False
C_bham_hour,main,10,True,False,random_6,r0,ACI,0.9523809523809524,18.78561290627362,21,0.1233096294479124,False
C_bham_hour,main,10,True,False,random_6,r4,ACI,0.9444444444444444,18.93214930555555,36,0.1233096294479124,False
C_bham_hour,main,10,True,False,random_6,r3,ACI,0.8695652173913043,18.326314095928225,23,0.1233096294479124,False
C_bham_hour,main,10,True,False,random_6,r2,ACI,0.96,19.08666087301588,25,0.1233096294479124,False
C_bham_hour,main,10,True,False,random_6,r5,ACI,0.8666666666666667,19.39518822751323,15,0.1233096294479124,False
C_bham_hour,main,10,True,False,random_6,r1,ACI,0.9333333333333332,18.909291666666658,15,0.1233096294479124,False
C_bham_hour,main,10,True,False,random_6,r0,ToD-ACI,0.9523809523809524,20.40964455782313,21,0.1233096294479124,False
C_bham_hour,main,10,True,False,random_6,r4,ToD-ACI,0.9444444444444444,20.88087885802469,36,0.1233096294479124,False
C_bham_hour,main,10,True,False,random_6,r3,ToD-ACI,0.9565217391304348,20.096504744651487,23,0.1233096294479124,False
C_bham_hour,main,10,True,False,random_6,r2,ToD-ACI,0.96,20.29891309523809,25,0.1233096294479124,False
C_bham_hour,main,10,True,False,random_6,r5,ToD-ACI,0.8666666666666667,20.545251322751323,15,0.1233096294479124,False
C_bham_hour,main,10,True,False,random_6,r1,ToD-ACI,1.0,20.461284391534395,15,0.1233096294479124,False
C_bham_hour,main,10,True,False,hour_of_day,h11,split-CP,0.9,20.775283730158723,30,1.0,False
C_bham_hour,main,10,True,False,hour_of_day,h12,split-CP,1.0,20.775283730158723,30,1.0,False
C_bham_hour,main,10,True,False,hour_of_day,h13,split-CP,0.9666666666666668,20.775283730158723,30,1.0,False
C_bham_hour,main,10,True,False,hour_of_day,h14,split-CP,1.0,20.775283730158723,30,1.0,False
C_bham_hour,main,10,True,False,hour_of_day,h10,split-CP,0.8571428571428571,20.775283730158723,7,1.0,False
C_bham_hour,main,10,True,False,hour_of_day,h15,split-CP,0.875,20.775283730158723,8,1.0,False
C_bham_hour,main,10,True,False,hour_of_day,h11,Mondrian-split-CP,0.9,20.303904761904786,30,1.0,False
C_bham_hour,main,10,True,False,hour_of_day,h12,Mondrian-split-CP,1.0,21.704426587301608,30,1.0,False
C_bham_hour,main,10,True,False,hour_of_day,h13,Mondrian-split-CP,0.9666666666666668,22.119972222222213,30,1.0,False
C_bham_hour,main,10,True,False,hour_of_day,h14,Mondrian-split-CP,1.0,20.775283730158723,30,1.0,False
C_bham_hour,main,10,True,False,hour_of_day,h10,Mondrian-split-CP,0.8571428571428571,20.775283730158723,7,1.0,False
C_bham_hour,main,10,True,False,hour_of_day,h15,Mondrian-split-CP,0.875,20.30390476190479,8,1.0,False
C_bham_hour,main,10,True,False,hour_of_day,h11,ACI,0.8666666666666667,18.89847777777777,30,1.0,False
C_bham_hour,main,10,True,False,hour_of_day,h12,ACI,0.9333333333333332,19.069902843915337,30,1.0,False
C_bham_hour,main,10,True,False,hour_of_day,h13,ACI,0.9666666666666668,18.8686125,30,1.0,False
C_bham_hour,main,10,True,False,hour_of_day,h14,ACI,1.0,18.69107228835979,30,1.0,False
C_bham_hour,main,10,True,False,hour_of_day,h10,ACI,0.8571428571428571,19.554683673469388,7,1.0,False
C_bham_hour,main,10,True,False,hour_of_day,h15,ACI,0.75,18.32118030753967,8,1.0,False
C_bham_hour,main,10,True,False,hour_of_day,h11,ToD-ACI,0.9,21.28330238095237,30,1.0,False
C_bham_hour,main,10,True,False,hour_of_day,h12,ToD-ACI,0.9666666666666668,19.52990132275132,30,1.0,False
C_bham_hour,main,10,True,False,hour_of_day,h13,ToD-ACI,0.9666666666666668,21.34861693121693,30,1.0,False
C_bham_hour,main,10,True,False,hour_of_day,h14,ToD-ACI,1.0,19.396078042328053,30,1.0,False
C_bham_hour,main,10,True,False,hour_of_day,h10,ToD-ACI,0.8571428571428571,21.67641184807255,7,1.0,False
C_bham_hour,main,10,True,False,hour_of_day,h15,ToD-ACI,0.875,20.82910044642859,8,1.0,False
C_bham_hour,main,11,True,False,day_of_week,Mon,split-CP,0.84,97.4987579365079,25,0.1023956894881034,False
C_bham_hour,main,11,True,False,day_of_week,Tue,split-CP,0.7647058823529411,97.4987579365079,17,0.1023956894881034,False
C_bham_hour,main,11,True,False,day_of_week,Wed,split-CP,0.9473684210526316,97.4987579365079,19,0.1023956894881034,False
C_bham_hour,main,11,True,False,day_of_week,Thu,split-CP,0.9,97.4987579365079,20,0.1023956894881034,False
C_bham_hour,main,11,True,False,day_of_week,Fri,split-CP,0.8888888888888888,97.4987579365079,18,0.1023956894881034,False
C_bham_hour,main,11,True,False,day_of_week,Sat,split-CP,0.8947368421052632,97.49875793650789,19,0.1023956894881034,False
C_bham_hour,main,11,True,False,day_of_week,Sun,split-CP,0.9411764705882352,97.4987579365079,17,0.1023956894881034,False
C_bham_hour,main,11,True,False,day_of_week,Mon,Mondrian-split-CP,0.92,102.62506841269838,25,0.1023956894881034,False
C_bham_hour,main,11,True,False,day_of_week,Tue,Mondrian-split-CP,0.7647058823529411,102.52455252100836,17,0.1023956894881034,False
C_bham_hour,main,11,True,False,day_of_week,Wed,Mondrian-split-CP,1.0,101.99552151211358,19,0.1023956894881034,False
C_bham_hour,main,11,True,False,day_of_week,Thu,Mondrian-split-CP,0.95,101.7706833333333,20,0.1023956894881034,False
C_bham_hour,main,11,True,False,day_of_week,Fri,Mondrian-split-CP,0.8888888888888888,102.24534171075832,18,0.1023956894881034,False
C_bham_hour,main,11,True,False,day_of_week,Sat,Mondrian-split-CP,0.8947368421052632,101.9955215121136,19,0.1023956894881034,False
C_bham_hour,main,11,True,False,day_of_week,Sun,Mondrian-split-CP,0.9411764705882352,102.52455252100836,17,0.1023956894881034,False
C_bham_hour,main,11,True,False,day_of_week,Mon,ACI,0.92,111.1953186507936,25,0.1023956894881034,False
C_bham_hour,main,11,True,False,day_of_week,Tue,ACI,0.8235294117647058,123.36482282913164,17,0.1023956894881034,False
C_bham_hour,main,11,True,False,day_of_week,Wed,ACI,1.0,113.90985964912278,19,0.1023956894881034,False
C_bham_hour,main,11,True,False,day_of_week,Thu,ACI,0.9,95.58517063492064,20,0.1023956894881034,False
C_bham_hour,main,11,True,False,day_of_week,Fri,ACI,0.8888888888888888,97.69493992504412,18,0.1023956894881034,False
C_bham_hour,main,11,True,False,day_of_week,Sat,ACI,0.8421052631578947,80.30059273182958,19,0.1023956894881034,False
C_bham_hour,main,11,True,False,day_of_week,Sun,ACI,0.8823529411764706,105.3876533613445,17,0.1023956894881034,False
C_bham_hour,main,11,True,False,day_of_week,Mon,ToD-ACI,0.92,102.37810349206347,25,0.1023956894881034,False
C_bham_hour,main,11,True,False,day_of_week,Tue,ToD-ACI,0.7058823529411765,99.06190242763776,17,0.1023956894881034,False
C_bham_hour,main,11,True,False,day_of_week,Wed,ToD-ACI,1.0,128.7587422723475,19,0.1023956894881034,False
C_bham_hour,main,11,True,False,day_of_week,Thu,ToD-ACI,0.95,111.38060178571428,20,0.1023956894881034,False
C_bham_hour,main,11,True,False,day_of_week,Fri,ToD-ACI,0.8888888888888888,109.16740332892418,18,0.1023956894881034,False
C_bham_hour,main,11,True,False,day_of_week,Sat,ToD-ACI,0.8947368421052632,108.01870739348372,19,0.1023956894881034,False
C_bham_hour,main,11,True,False,day_of_week,Sun,ToD-ACI,0.9411764705882352,107.4951162464986,17,0.1023956894881034,False
C_bham_hour,main,11,True,False,occupancy_tercile,mid,split-CP,0.875,97.4987579365079,48,0.3268044467024274,False
C_bham_hour,main,11,True,False,occupancy_tercile,high,split-CP,0.8666666666666667,97.4987579365079,60,0.3268044467024274,False
C_bham_hour,main,11,True,False,occupancy_tercile,low,split-CP,0.925925925925926,97.4987579365079,27,0.3268044467024274,False
C_bham_hour,main,11,True,False,occupancy_tercile,mid,Mondrian-split-CP,0.875,101.21529257605816,48,0.3268044467024274,False
C_bham_hour,main,11,True,False,occupancy_tercile,high,Mondrian-split-CP,0.9333333333333332,102.07100965608464,60,0.3268044467024274,False
C_bham_hour,main,11,True,False,occupancy_tercile,low,Mondrian-split-CP,0.925925925925926,104.4639447383892,27,0.3268044467024274,False
C_bham_hour,main,11,True,False,occupancy_tercile,mid,ACI,0.8541666666666666,102.49972118882276,48,0.3268044467024274,False
C_bham_hour,main,11,True,False,occupancy_tercile,high,ACI,0.9333333333333332,110.24080578703702,60,0.3268044467024274,False
C_bham_hour,main,11,True,False,occupancy_tercile,low,ACI,0.8888888888888888,92.38707495590828,27,0.3268044467024274,False
C_bham_hour,main,11,True,False,occupancy_tercile,mid,ToD-ACI,0.9166666666666666,118.62466480654764,48,0.3268044467024274,False
C_bham_hour,main,11,True,False,occupancy_tercile,high,ToD-ACI,0.8833333333333333,93.98738039021164,60,0.3268044467024274,False
C_bham_hour,main,11,True,False,occupancy_tercile,low,ToD-ACI,0.925925925925926,127.00340777483834,27,0.3268044467024274,False
C_bham_hour,main,11,True,False,random_6,r0,split-CP,0.9523809523809524,97.4987579365079,21,0.1233096294479124,False
C_bham_hour,main,11,True,False,random_6,r4,split-CP,0.8888888888888888,97.4987579365079,36,0.1233096294479124,False
C_bham_hour,main,11,True,False,random_6,r3,split-CP,0.8695652173913043,97.4987579365079,23,0.1233096294479124,False
C_bham_hour,main,11,True,False,random_6,r2,split-CP,0.8,97.4987579365079,25,0.1233096294479124,False
C_bham_hour,main,11,True,False,random_6,r5,split-CP,0.9333333333333332,97.4987579365079,15,0.1233096294479124,False
C_bham_hour,main,11,True,False,random_6,r1,split-CP,0.8666666666666667,97.4987579365079,15,0.1233096294479124,False
C_bham_hour,main,11,True,False,random_6,r0,Mondrian-split-CP,0.9523809523809524,102.22422543461823,21,0.1233096294479124,False
C_bham_hour,main,11,True,False,random_6,r4,Mondrian-split-CP,0.8888888888888888,101.24913955026452,36,0.1233096294479124,False
C_bham_hour,main,11,True,False,random_6,r3,Mondrian-split-CP,0.9565217391304348,102.45606228433398,23,0.1233096294479124,False
C_bham_hour,main,11,True,False,random_6,r2,Mondrian-split-CP,0.84,104.17961349206348,25,0.1233096294479124,False
C_bham_hour,main,11,True,False,random_6,r5,Mondrian-split-CP,1.0,100.3481084656084,15,0.1233096294479124,False
C_bham_hour,main,11,True,False,random_6,r1,Mondrian-split-CP,0.8666666666666667,103.01613174603172,15,0.1233096294479124,False
C_bham_hour,main,11,True,False,random_6,r0,ACI,0.8571428571428571,100.97331131897204,21,0.1233096294479124,False
C_bham_hour,main,11,True,False,random_6,r4,ACI,0.8888888888888888,106.14387577160493,36,0.1233096294479124,False
C_bham_hour,main,11,True,False,random_6,r3,ACI,0.9565217391304348,104.37255943754312,23,0.1233096294479124,False
C_bham_hour,main,11,True,False,random_6,r2,ACI,0.88,101.480883015873,25,0.1233096294479124,False
C_bham_hour,main,11,True,False,random_6,r5,ACI,1.0,97.6738194444444,15,0.1233096294479124,False
C_bham_hour,main,11,True,False,random_6,r1,ACI,0.8,112.30457923280424,15,0.1233096294479124,False
C_bham_hour,main,11,True,False,random_6,r0,ToD-ACI,0.8571428571428571,108.24306311413454,21,0.1233096294479124,False
C_bham_hour,main,11,True,False,random_6,r4,ToD-ACI,0.9166666666666666,113.98966622574956,36,0.1233096294479124,False
C_bham_hour,main,11,True,False,random_6,r3,ToD-ACI,0.9565217391304348,112.53670169082125,23,0.1233096294479124,False
C_bham_hour,main,11,True,False,random_6,r2,ToD-ACI,0.84,104.42444119047616,25,0.1233096294479124,False
C_bham_hour,main,11,True,False,random_6,r5,ToD-ACI,1.0,106.35146005291004,15,0.1233096294479124,False
C_bham_hour,main,11,True,False,random_6,r1,ToD-ACI,0.8666666666666667,106.09062433862434,15,0.1233096294479124,False
C_bham_hour,main,11,True,False,hour_of_day,h11,split-CP,0.8,97.4987579365079,30,1.0,False
C_bham_hour,main,11,True,False,hour_of_day,h12,split-CP,0.8,97.4987579365079,30,1.0,False
C_bham_hour,main,11,True,False,hour_of_day,h13,split-CP,0.9666666666666668,97.4987579365079,30,1.0,False
C_bham_hour,main,11,True,False,hour_of_day,h14,split-CP,0.9333333333333332,97.4987579365079,30,1.0,False
C_bham_hour,main,11,True,False,hour_of_day,h10,split-CP,0.8571428571428571,97.4987579365079,7,1.0,False
C_bham_hour,main,11,True,False,hour_of_day,h15,split-CP,1.0,97.4987579365079,8,1.0,False
C_bham_hour,main,11,True,False,hour_of_day,h11,Mondrian-split-CP,0.8,105.14699999999992,30,1.0,False
C_bham_hour,main,11,True,False,hour_of_day,h12,Mondrian-split-CP,0.9333333333333332,115.02376190476198,30,1.0,False
C_bham_hour,main,11,True,False,hour_of_day,h13,Mondrian-split-CP,0.9666666666666668,96.3420357142857,30,1.0,False
C_bham_hour,main,11,True,False,hour_of_day,h14,Mondrian-split-CP,0.9333333333333332,94.84186111111104,30,1.0,False
C_bham_hour,main,11,True,False,hour_of_day,h10,Mondrian-split-CP,0.8571428571428571,97.4987579365079,7,1.0,False
C_bham_hour,main,11,True,False,hour_of_day,h15,Mondrian-split-CP,1.0,97.4987579365079,8,1.0,False
C_bham_hour,main,11,True,False,hour_of_day,h11,ACI,0.7666666666666667,98.77291197089944,30,1.0,False
C_bham_hour,main,11,True,False,hour_of_day,h12,ACI,0.9333333333333332,104.34351144179897,30,1.0,False
C_bham_hour,main,11,True,False,hour_of_day,h13,ACI,1.0,111.01047949735448,30,1.0,False
C_bham_hour,main,11,True,False,hour_of_day,h14,ACI,0.9,104.81156283068782,30,1.0,False
C_bham_hour,main,11,True,False,hour_of_day,h10,ACI,0.8571428571428571,93.1692012471655,7,1.0,False
C_bham_hour,main,11,True,False,hour_of_day,h15,ACI,0.875,101.06845089285711,8,1.0,False
C_bham_hour,main,11,True,False,hour_of_day,h11,ToD-ACI,0.8666666666666667,161.4921693121693,30,1.0,False
C_bham_hour,main,11,True,False,hour_of_day,h12,ToD-ACI,0.9,103.00679391534396,30,1.0,False
C_bham_hour,main,11,True,False,hour_of_day,h13,ToD-ACI,0.9333333333333332,85.67783280423282,30,1.0,False
C_bham_hour,main,11,True,False,hour_of_day,h14,ToD-ACI,0.9,90.92538253968252,30,1.0,False
C_bham_hour,main,11,True,False,hour_of_day,h10,ToD-ACI,0.8571428571428571,111.62461507936506,7,1.0,False
C_bham_hour,main,11,True,False,hour_of_day,h15,ToD-ACI,1.0,93.48513516865076,8,1.0,False
C_bham_hour,main,12,True,False,day_of_week,Mon,split-CP,0.96,126.1171071428571,25,0.1023956894881034,False
C_bham_hour,main,12,True,False,day_of_week,Tue,split-CP,1.0,126.1171071428571,17,0.1023956894881034,False
C_bham_hour,main,12,True,False,day_of_week,Wed,split-CP,1.0,126.1171071428571,19,0.1023956894881034,False
C_bham_hour,main,12,True,False,day_of_week,Thu,split-CP,1.0,126.1171071428571,20,0.1023956894881034,False
C_bham_hour,main,12,True,False,day_of_week,Fri,split-CP,1.0,126.1171071428571,18,0.1023956894881034,False
C_bham_hour,main,12,True,False,day_of_week,Sat,split-CP,0.9473684210526316,126.1171071428571,19,0.1023956894881034,False
C_bham_hour,main,12,True,False,day_of_week,Sun,split-CP,0.4705882352941176,126.1171071428571,17,0.1023956894881034,False
C_bham_hour,main,12,True,False,day_of_week,Mon,Mondrian-split-CP,0.96,125.3416876190476,25,0.1023956894881034,False
C_bham_hour,main,12,True,False,day_of_week,Tue,Mondrian-split-CP,1.0,125.56972152194211,17,0.1023956894881034,False
C_bham_hour,main,12,True,False,day_of_week,Wed,Mondrian-split-CP,1.0,125.62734106098578,19,0.1023956894881034,False
C_bham_hour,main,12,True,False,day_of_week,Thu,Mondrian-split-CP,1.0,125.83273452380948,20,0.1023956894881034,False
C_bham_hour,main,12,True,False,day_of_week,Fri,Mondrian-split-CP,1.0,125.60013183421516,18,0.1023956894881034,False
C_bham_hour,main,12,True,False,day_of_week,Sat,Mondrian-split-CP,1.0,125.81776754385965,19,0.1023956894881034,False
C_bham_hour,main,12,True,False,day_of_week,Sun,Mondrian-split-CP,0.4705882352941176,125.356891923436,17,0.1023956894881034,False
C_bham_hour,main,12,True,False,day_of_week,Mon,ACI,1.0,171.7552338888889,25,0.1023956894881034,False
C_bham_hour,main,12,True,False,day_of_week,Tue,ACI,1.0,139.84278758169935,17,0.1023956894881034,False
C_bham_hour,main,12,True,False,day_of_week,Wed,ACI,0.9473684210526316,112.95154166666664,19,0.1023956894881034,False
C_bham_hour,main,12,True,False,day_of_week,Thu,ACI,0.9,106.44379454365078,20,0.1023956894881034,False
C_bham_hour,main,12,True,False,day_of_week,Fri,ACI,1.0,90.66526256613756,18,0.1023956894881034,False
C_bham_hour,main,12,True,False,day_of_week,Sat,ACI,0.6842105263157895,91.1529898705096,19,0.1023956894881034,False
C_bham_hour,main,12,True,False,day_of_week,Sun,ACI,0.6470588235294118,195.68776739028945,17,0.1023956894881034,False
C_bham_hour,main,12,True,False,day_of_week,Mon,ToD-ACI,0.96,147.49070476190474,25,0.1023956894881034,False
C_bham_hour,main,12,True,False,day_of_week,Tue,ToD-ACI,1.0,141.32583753501405,17,0.1023956894881034,False
C_bham_hour,main,12,True,False,day_of_week,Wed,ToD-ACI,1.0,133.77461058897245,19,0.1023956894881034,False
C_bham_hour,main,12,True,False,day_of_week,Thu,ToD-ACI,0.95,124.51815099206352,20,0.1023956894881034,False
C_bham_hour,main,12,True,False,day_of_week,Fri,ToD-ACI,1.0,122.16271075837744,18,0.1023956894881034,False
C_bham_hour,main,12,True,False,day_of_week,Sat,ToD-ACI,0.8421052631578947,113.2815171261487,19,0.1023956894881034,False
C_bham_hour,main,12,True,False,day_of_week,Sun,ToD-ACI,0.4705882352941176,118.34313702147529,17,0.1023956894881034,False
C_bham_hour,main,12,True,False,occupancy_tercile,high,split-CP,0.989247311827957,126.11710714285714,93,0.2687261887834404,False
C_bham_hour,main,12,True,False,occupancy_tercile,mid,split-CP,0.9285714285714286,126.1171071428571,14,0.2687261887834404,False
C_bham_hour,main,12,True,False,occupancy_tercile,low,split-CP,0.6785714285714286,126.1171071428571,28,0.2687261887834404,False
C_bham_hour,main,12,True,False,occupancy_tercile,high,Mondrian-split-CP,0.989247311827957,125.61221040279908,93,0.2687261887834404,False
C_bham_hour,main,12,True,False,occupancy_tercile,mid,Mondrian-split-CP,0.9285714285714286,121.94898880385487,14,0.2687261887834404,False
C_bham_hour,main,12,True,False,occupancy_tercile,low,Mondrian-split-CP,0.7142857142857143,127.32097626133783,28,0.2687261887834404,False
C_bham_hour,main,12,True,False,occupancy_tercile,high,ACI,0.967741935483871,129.6520135475337,93,0.2687261887834404,False
C_bham_hour,main,12,True,False,occupancy_tercile,mid,ACI,0.9285714285714286,133.54459141156465,14,0.2687261887834404,False
C_bham_hour,main,12,True,False,occupancy_tercile,low,ACI,0.6071428571428571,132.48126636904763,28,0.2687261887834404,False
C_bham_hour,main,12,True,False,occupancy_tercile,high,ToD-ACI,0.978494623655914,135.8798752346817,93,0.2687261887834404,False
C_bham_hour,main,12,True,False,occupancy_tercile,mid,ToD-ACI,0.9285714285714286,108.02536125283449,14,0.2687261887834404,False
C_bham_hour,main,12,True,False,occupancy_tercile,low,ToD-ACI,0.6071428571428571,119.13624900793651,28,0.2687261887834404,False
C_bham_hour,main,12,True,False,random_6,r0,split-CP,0.8095238095238095,126.1171071428571,21,0.1233096294479124,False
C_bham_hour,main,12,True,False,random_6,r4,split-CP,0.9166666666666666,126.1171071428571,36,0.1233096294479124,False
C_bham_hour,main,12,True,False,random_6,r3,split-CP,0.9130434782608696,126.1171071428571,23,0.1233096294479124,False
C_bham_hour,main,12,True,False,random_6,r2,split-CP,0.96,126.1171071428571,25,0.1233096294479124,False
C_bham_hour,main,12,True,False,random_6,r5,split-CP,1.0,126.1171071428571,15,0.1233096294479124,False
C_bham_hour,main,12,True,False,random_6,r1,split-CP,0.9333333333333332,126.1171071428571,15,0.1233096294479124,False
C_bham_hour,main,12,True,False,random_6,r0,Mondrian-split-CP,0.8095238095238095,126.15839975434616,21,0.1233096294479124,False
C_bham_hour,main,12,True,False,random_6,r4,Mondrian-split-CP,0.9444444444444444,124.46691837522047,36,0.1233096294479124,False
C_bham_hour,main,12,True,False,random_6,r3,Mondrian-split-CP,0.9130434782608696,125.53311197377504,23,0.1233096294479124,False
C_bham_hour,main,12,True,False,random_6,r2,Mondrian-split-CP,0.96,126.73859547619044,25,0.1233096294479124,False
C_bham_hour,main,12,True,False,random_6,r5,Mondrian-split-CP,1.0,124.00781084656084,15,0.1233096294479124,False
C_bham_hour,main,12,True,False,random_6,r1,Mondrian-split-CP,0.9333333333333332,127.21531097883596,15,0.1233096294479124,False
C_bham_hour,main,12,True,False,random_6,r0,ACI,0.8571428571428571,125.967600718065,21,0.1233096294479124,False
C_bham_hour,main,12,True,False,random_6,r4,ACI,0.9166666666666666,126.59803235229278,36,0.1233096294479124,False
C_bham_hour,main,12,True,False,random_6,r3,ACI,0.8260869565217391,129.90513397170466,23,0.1233096294479124,False
C_bham_hour,main,12,True,False,random_6,r2,ACI,0.92,140.9211429365079,25,0.1233096294479124,False
C_bham_hour,main,12,True,False,random_6,r5,ACI,0.8666666666666667,140.21732341269842,15,0.1233096294479124,False
C_bham_hour,main,12,True,False,random_6,r1,ACI,0.9333333333333332,121.3187808201058,15,0.1233096294479124,False
C_bham_hour,main,12,True,False,random_6,r0,ToD-ACI,0.8095238095238095,127.72159325396828,21,0.1233096294479124,False
C_bham_hour,main,12,True,False,random_6,r4,ToD-ACI,0.9166666666666666,127.95283906525572,36,0.1233096294479124,False
C_bham_hour,main,12,True,False,random_6,r3,ToD-ACI,0.8260869565217391,122.9052508626639,23,0.1233096294479124,False
C_bham_hour,main,12,True,False,random_6,r2,ToD-ACI,0.96,136.40682396825397,25,0.1233096294479124,False
C_bham_hour,main,12,True,False,random_6,r5,ToD-ACI,0.9333333333333332,126.20229841269844,15,0.1233096294479124,False
C_bham_hour,main,12,True,False,random_6,r1,ToD-ACI,0.9333333333333332,137.76779444444446,15,0.1233096294479124,False
C_bham_hour,main,12,True,False,hour_of_day,h11,split-CP,0.8666666666666667,126.1171071428571,30,1.0,False
C_bham_hour,main,12,True,False,hour_of_day,h12,split-CP,0.8666666666666667,126.1171071428571,30,1.0,False
C_bham_hour,main,12,True,False,hour_of_day,h13,split-CP,0.9666666666666668,126.1171071428571,30,1.0,False
C_bham_hour,main,12,True,False,hour_of_day,h14,split-CP,0.9666666666666668,126.1171071428571,30,1.0,False
C_bham_hour,main,12,True,False,hour_of_day,h10,split-CP,1.0,126.1171071428571,7,1.0,False
C_bham_hour,main,12,True,False,hour_of_day,h15,split-CP,0.875,126.1171071428571,8,1.0,False
C_bham_hour,main,12,True,False,hour_of_day,h11,Mondrian-split-CP,0.8666666666666667,129.73521031746031,30,1.0,False
C_bham_hour,main,12,True,False,hour_of_day,h12,Mondrian-split-CP,0.9,135.4749999999999,30,1.0,False
C_bham_hour,main,12,True,False,hour_of_day,h13,Mondrian-split-CP,0.9666666666666668,116.54540476190486,30,1.0,False
C_bham_hour,main,12,True,False,hour_of_day,h14,Mondrian-split-CP,0.9666666666666668,119.48189880952384,30,1.0,False
C_bham_hour,main,12,True,False,hour_of_day,h10,Mondrian-split-CP,1.0,129.73521031746031,7,1.0,False
C_bham_hour,main,12,True,False,hour_of_day,h15,Mondrian-split-CP,0.875,126.1171071428571,8,1.0,False
C_bham_hour,main,12,True,False,hour_of_day,h11,ACI,0.8,126.90751250000002,30,1.0,False
C_bham_hour,main,12,True,False,hour_of_day,h12,ACI,0.8666666666666667,132.80630873015872,30,1.0,False
C_bham_hour,main,12,True,False,hour_of_day,h13,ACI,0.9333333333333332,139.39658525132273,30,1.0,False
C_bham_hour,main,12,True,False,hour_of_day,h14,ACI,0.9333333333333332,135.798851521164,30,1.0,False
C_bham_hour,main,12,True,False,hour_of_day,h10,ACI,0.8571428571428571,95.35079648526076,7,1.0,False
C_bham_hour,main,12,True,False,hour_of_day,h15,ACI,1.0,115.25046031746032,8,1.0,False
C_bham_hour,main,12,True,False,hour_of_day,h11,ToD-ACI,0.8666666666666667,129.66061362433862,30,1.0,False
C_bham_hour,main,12,True,False,hour_of_day,h12,ToD-ACI,0.8666666666666667,161.10319788359794,30,1.0,False
C_bham_hour,main,12,True,False,hour_of_day,h13,ToD-ACI,0.9333333333333332,116.15528214285716,30,1.0,False
C_bham_hour,main,12,True,False,hour_of_day,h14,ToD-ACI,0.9,116.06983584656084,30,1.0,False
C_bham_hour,main,12,True,False,hour_of_day,h10,ToD-ACI,1.0,118.58106717687076,7,1.0,False
C_bham_hour,main,12,True,False,hour_of_day,h15,ToD-ACI,0.875,120.65788392857144,8,1.0,False
C_bham_hour,main,13,True,False,day_of_week,Wed,split-CP,1.0,87.1542539682539,19,0.1127247850866057,False
C_bham_hour,main,13,True,False,day_of_week,Thu,split-CP,1.0,87.1542539682539,14,0.1127247850866057,False
C_bham_hour,main,13,True,False,day_of_week,Fri,split-CP,1.0,87.1542539682539,18,0.1127247850866057,False
C_bham_hour,main,13,True,False,day_of_week,Sat,split-CP,0.9473684210526316,87.1542539682539,19,0.1127247850866057,False
C_bham_hour,main,13,True,False,day_of_week,Sun,split-CP,0.7647058823529411,87.1542539682539,17,0.1127247850866057,False
C_bham_hour,main,13,True,False,day_of_week,Mon,split-CP,0.9411764705882352,87.1542539682539,17,0.1127247850866057,False
C_bham_hour,main,13,True,False,day_of_week,Tue,split-CP,1.0,87.1542539682539,8,0.1127247850866057,False
C_bham_hour,main,13,True,False,day_of_week,Wed,Mondrian-split-CP,1.0,86.66217376775269,19,0.1127247850866057,False
C_bham_hour,main,13,True,False,day_of_week,Thu,Mondrian-split-CP,1.0,86.65338662131516,14,0.1127247850866057,False
C_bham_hour,main,13,True,False,day_of_week,Fri,Mondrian-split-CP,1.0,86.63483597883595,18,0.1127247850866057,False
C_bham_hour,main,13,True,False,day_of_week,Sat,Mondrian-split-CP,0.9473684210526316,86.66217376775269,19,0.1127247850866057,False
C_bham_hour,main,13,True,False,day_of_week,Sun,Mondrian-split-CP,0.7647058823529411,86.60428197945843,17,0.1127247850866057,False
C_bham_hour,main,13,True,False,day_of_week,Mon,Mondrian-split-CP,0.9411764705882352,86.60428197945843,17,0.1127247850866057,False
C_bham_hour,main,13,True,False,day_of_week,Tue,Mondrian-split-CP,1.0,86.56990873015872,8,0.1127247850866057,False
C_bham_hour,main,13,True,False,day_of_week,Wed,ACI,1.0,64.8822331871345,19,0.1127247850866057,False
C_bham_hour,main,13,True,False,day_of_week,Thu,ACI,0.9285714285714286,47.85474589002266,14,0.1127247850866057,False
C_bham_hour,main,13,True,False,day_of_week,Fri,ACI,0.8888888888888888,46.59787455908291,18,0.1127247850866057,False
C_bham_hour,main,13,True,False,day_of_week,Sat,ACI,0.7368421052631579,74.70232027986633,19,0.1127247850866057,False
C_bham_hour,main,13,True,False,day_of_week,Sun,ACI,0.8235294117647058,89.88984208683472,17,0.1127247850866057,False
C_bham_hour,main,13,True,False,day_of_week,Mon,ACI,0.9411764705882352,88.0233323996265,17,0.1127247850866057,False
C_bham_hour,main,13,True,False,day_of_week,Tue,ACI,1.0,67.15564310515873,8,0.1127247850866057,False
C_bham_hour,main,13,True,False,day_of_week,Wed,ToD-ACI,1.0,82.06908187134502,19,0.1127247850866057,False
C_bham_hour,main,13,True,False,day_of_week,Thu,ToD-ACI,1.0,80.80498767006802,14,0.1127247850866057,False
C_bham_hour,main,13,True,False,day_of_week,Fri,ToD-ACI,0.9444444444444444,75.10948192239859,18,0.1127247850866057,False
C_bham_hour,main,13,True,False,day_of_week,Sat,ToD-ACI,0.7368421052631579,74.54100856307431,19,0.1127247850866057,False
C_bham_hour,main,13,True,False,day_of_week,Sun,ToD-ACI,0.7058823529411765,77.3687091503268,17,0.1127247850866057,False
C_bham_hour,main,13,True,False,day_of_week,Mon,ToD-ACI,0.9411764705882352,90.94587231559292,17,0.1127247850866057,False
C_bham_hour,main,13,True,False,day_of_week,Tue,ToD-ACI,1.0,83.38755505952383,8,0.1127247850866057,False
C_bham_hour,main,13,True,False,occupancy_tercile,high,split-CP,1.0,87.1542539682539,41,0.1312555717974837,False
C_bham_hour,main,13,True,False,occupancy_tercile,mid,split-CP,0.96875,87.1542539682539,32,0.1312555717974837,False
C_bham_hour,main,13,True,False,occupancy_tercile,low,split-CP,0.8717948717948718,87.15425396825394,39,0.1312555717974837,False
C_bham_hour,main,13,True,False,occupancy_tercile,high,Mondrian-split-CP,1.0,86.76990166473091,41,0.1312555717974837,False
C_bham_hour,main,13,True,False,occupancy_tercile,mid,Mondrian-split-CP,0.96875,86.64295188492062,32,0.1312555717974837,False
C_bham_hour,main,13,True,False,occupancy_tercile,low,Mondrian-split-CP,0.8717948717948718,86.47952543752541,39,0.1312555717974837,False
C_bham_hour,main,13,True,False,occupancy_tercile,high,ACI,1.0,66.55748243321717,41,0.1312555717974837,False
C_bham_hour,main,13,True,False,occupancy_tercile,mid,ACI,0.90625,58.94909312996031,32,0.1312555717974837,False
C_bham_hour,main,13,True,False,occupancy_tercile,low,ACI,0.7692307692307693,79.676309015059,39,0.1312555717974837,False
C_bham_hour,main,13,True,False,occupancy_tercile,high,ToD-ACI,1.0,82.11724724157956,41,0.1312555717974837,False
C_bham_hour,main,13,True,False,occupancy_tercile,mid,ToD-ACI,0.9375,82.15292447916667,32,0.1312555717974837,False
C_bham_hour,main,13,True,False,occupancy_tercile,low,ToD-ACI,0.7435897435897436,76.70717501017498,39,0.1312555717974837,False
C_bham_hour,main,13,True,False,random_6,r0,split-CP,0.875,87.1542539682539,16,0.2463619040287839,False
C_bham_hour,main,13,True,False,random_6,r4,split-CP,0.9393939393939394,87.1542539682539,33,0.2463619040287839,False
C_bham_hour,main,13,True,False,random_6,r3,split-CP,1.0,87.1542539682539,13,0.2463619040287839,False
C_bham_hour,main,13,True,False,random_6,r2,split-CP,1.0,87.1542539682539,22,0.2463619040287839,False
C_bham_hour,main,13,True,False,random_6,r5,split-CP,0.9285714285714286,87.1542539682539,14,0.2463619040287839,False
C_bham_hour,main,13,True,False,random_6,r1,split-CP,0.9285714285714286,87.1542539682539,14,0.2463619040287839,False
C_bham_hour,main,13,True,False,random_6,r0,Mondrian-split-CP,0.875,86.47801488095236,16,0.2463619040287839,False
C_bham_hour,main,13,True,False,random_6,r4,Mondrian-split-CP,0.9393939393939394,87.36903126503124,33,0.2463619040287839,False
C_bham_hour,main,13,True,False,random_6,r3,Mondrian-split-CP,1.0,88.5984505494505,13,0.2463619040287839,False
C_bham_hour,main,13,True,False,random_6,r2,Mondrian-split-CP,1.0,85.211,22,0.2463619040287839,False
C_bham_hour,main,13,True,False,random_6,r5,Mondrian-split-CP,0.9285714285714286,86.75840816326529,14,0.2463619040287839,False
C_bham_hour,main,13,True,False,random_6,r1,Mondrian-split-CP,0.9285714285714286,85.3554342403628,14,0.2463619040287839,False
C_bham_hour,main,13,True,False,random_6,r0,ACI,0.6875,68.44354241071426,16,0.2463619040287839,False
C_bham_hour,main,13,True,False,random_6,r4,ACI,0.9090909090909092,74.23365957190957,33,0.2463619040287839,False
C_bham_hour,main,13,True,False,random_6,r3,ACI,0.9230769230769232,63.972024267399256,13,0.2463619040287839,False
C_bham_hour,main,13,True,False,random_6,r2,ACI,0.9545454545454546,66.1927912157287,22,0.2463619040287839,False
C_bham_hour,main,13,True,False,random_6,r5,ACI,0.9285714285714286,67.22023937074833,14,0.2463619040287839,False
C_bham_hour,main,13,True,False,random_6,r1,ACI,0.9285714285714286,67.77394954648527,14,0.2463619040287839,False
C_bham_hour,main,13,True,False,random_6,r0,ToD-ACI,0.8125,82.25761681547618,16,0.2463619040287839,False
C_bham_hour,main,13,True,False,random_6,r4,ToD-ACI,0.9090909090909092,76.99936207311207,33,0.2463619040287839,False
C_bham_hour,main,13,True,False,random_6,r3,ToD-ACI,0.9230769230769232,81.18742368742369,13,0.2463619040287839,False
C_bham_hour,main,13,True,False,random_6,r2,ToD-ACI,0.8636363636363636,79.16192694805193,22,0.2463619040287839,False
C_bham_hour,main,13,True,False,random_6,r5,ToD-ACI,0.9285714285714286,81.51153939909298,14,0.2463619040287839,False
C_bham_hour,main,13,True,False,random_6,r1,ToD-ACI,0.9285714285714286,85.14423398526078,14,0.2463619040287839,False
C_bham_hour,main,13,True,False,hour_of_day,h10,split-CP,1.0,87.1542539682539,5,1.0,False
C_bham_hour,main,13,True,False,hour_of_day,h11,split-CP,0.9166666666666666,87.1542539682539,24,1.0,False
C_bham_hour,main,13,True,False,hour_of_day,h12,split-CP,0.9166666666666666,87.1542539682539,24,1.0,False
C_bham_hour,main,13,True,False,hour_of_day,h13,split-CP,1.0,87.15425396825391,25,1.0,False
C_bham_hour,main,13,True,False,hour_of_day,h14,split-CP,0.9230769230769232,87.15425396825391,26,1.0,False
C_bham_hour,main,13,True,False,hour_of_day,h15,split-CP,1.0,87.1542539682539,8,1.0,False
C_bham_hour,main,13,True,False,hour_of_day,h10,Mondrian-split-CP,1.0,87.1542539682539,5,1.0,False
C_bham_hour,main,13,True,False,hour_of_day,h11,Mondrian-split-CP,0.9166666666666666,83.34657142857145,24,1.0,False
C_bham_hour,main,13,True,False,hour_of_day,h12,Mondrian-split-CP,0.9166666666666666,87.1542539682539,24,1.0,False
C_bham_hour,main,13,True,False,hour_of_day,h13,Mondrian-split-CP,1.0,92.43223809523806,25,1.0,False
C_bham_hour,main,13,True,False,hour_of_day,h14,Mondrian-split-CP,0.9230769230769232,83.34657142857144,26,1.0,False
C_bham_hour,main,13,True,False,hour_of_day,h15,Mondrian-split-CP,1.0,87.1542539682539,8,1.0,False
C_bham_hour,main,13,True,False,hour_of_day,h10,ACI,0.8,61.10079087301588,5,1.0,False
C_bham_hour,main,13,True,False,hour_of_day,h11,ACI,0.7916666666666666,66.57982415674603,24,1.0,False
C_bham_hour,main,13,True,False,hour_of_day,h12,ACI,0.875,71.51390972222224,24,1.0,False
C_bham_hour,main,13,True,False,hour_of_day,h13,ACI,0.96,71.17669817460316,25,1.0,False
C_bham_hour,main,13,True,False,hour_of_day,h14,ACI,0.9615384615384616,68.71068429487178,26,1.0,False
C_bham_hour,main,13,True,False,hour_of_day,h15,ACI,0.875,67.11937475198411,8,1.0,False
C_bham_hour,main,13,True,False,hour_of_day,h10,ToD-ACI,1.0,80.54732460317462,5,1.0,False
C_bham_hour,main,13,True,False,hour_of_day,h11,ToD-ACI,0.8333333333333334,85.31801008597883,24,1.0,False
C_bham_hour,main,13,True,False,hour_of_day,h12,ToD-ACI,0.875,85.07721792328043,24,1.0,False
C_bham_hour,main,13,True,False,hour_of_day,h13,ToD-ACI,0.92,66.37252007936507,25,1.0,False
C_bham_hour,main,13,True,False,hour_of_day,h14,ToD-ACI,0.8846153846153846,85.36573336385835,26,1.0,False
C_bham_hour,main,13,True,False,hour_of_day,h15,ToD-ACI,1.0,77.0295476190476,8,1.0,False
C_bham_hour,main,14,True,False,day_of_week,Mon,split-CP,1.0,38.37450000000001,25,0.1223381974701967,False
C_bham_hour,main,14,True,False,day_of_week,Tue,split-CP,0.9411764705882352,38.37450000000002,17,0.1223381974701967,False
C_bham_hour,main,14,True,False,day_of_week,Wed,split-CP,0.8421052631578947,38.37450000000001,19,0.1223381974701967,False
C_bham_hour,main,14,True,False,day_of_week,Thu,split-CP,1.0,38.37450000000001,20,0.1223381974701967,False
C_bham_hour,main,14,True,False,day_of_week,Fri,split-CP,1.0,38.37450000000001,18,0.1223381974701967,False
C_bham_hour,main,14,True,False,day_of_week,Sat,split-CP,0.6,38.37450000000001,10,0.1223381974701967,False
C_bham_hour,main,14,True,False,day_of_week,Sun,split-CP,0.5,38.37450000000001,6,0.1223381974701967,False
C_bham_hour,main,14,True,False,day_of_week,Mon,Mondrian-split-CP,1.0,37.503615411255424,25,0.1223381974701967,False
C_bham_hour,main,14,True,False,day_of_week,Tue,Mondrian-split-CP,0.9411764705882352,37.48567967490028,17,0.1223381974701967,False
C_bham_hour,main,14,True,False,day_of_week,Wed,Mondrian-split-CP,0.8421052631578947,37.5792397091213,19,0.1223381974701967,False
C_bham_hour,main,14,True,False,day_of_week,Thu,Mondrian-split-CP,0.95,37.58924260461762,20,0.1223381974701967,False
C_bham_hour,main,14,True,False,day_of_week,Fri,Mondrian-split-CP,1.0,37.535058581850265,18,0.1223381974701967,False
C_bham_hour,main,14,True,False,day_of_week,Sat,Mondrian-split-CP,0.6,37.58924260461762,10,0.1223381974701967,False
C_bham_hour,main,14,True,False,day_of_week,Sun,Mondrian-split-CP,0.5,38.43120701058201,6,0.1223381974701967,False
C_bham_hour,main,14,True,False,day_of_week,Mon,ACI,1.0,35.79164544011547,25,0.1223381974701967,False
C_bham_hour,main,14,True,False,day_of_week,Tue,ACI,0.9411764705882352,35.32917592946272,17,0.1223381974701967,False
C_bham_hour,main,14,True,False,day_of_week,Wed,ACI,0.8421052631578947,35.82600955039117,19,0.1223381974701967,False
C_bham_hour,main,14,True,False,day_of_week,Thu,ACI,0.95,35.97269057539684,20,0.1223381974701967,False
C_bham_hour,main,14,True,False,day_of_week,Fri,ACI,1.0,32.91505257936507,18,0.1223381974701967,False
C_bham_hour,main,14,True,False,day_of_week,Sat,ACI,0.6,32.411911904761894,10,0.1223381974701967,False
C_bham_hour,main,14,True,False,day_of_week,Sun,ACI,0.5,33.103330357142816,6,0.1223381974701967,False
C_bham_hour,main,14,True,False,day_of_week,Mon,ToD-ACI,1.0,36.56475713564215,25,0.1223381974701967,False
C_bham_hour,main,14,True,False,day_of_week,Tue,ToD-ACI,0.9411764705882352,36.576906650539016,17,0.1223381974701967,False
C_bham_hour,main,14,True,False,day_of_week,Wed,ToD-ACI,0.8421052631578947,36.743660837700325,19,0.1223381974701967,False
C_bham_hour,main,14,True,False,day_of_week,Thu,ToD-ACI,1.0,37.28233704906206,20,0.1223381974701967,False
C_bham_hour,main,14,True,False,day_of_week,Fri,ToD-ACI,1.0,36.3830901875902,18,0.1223381974701967,False
C_bham_hour,main,14,True,False,day_of_week,Sat,ToD-ACI,0.6,36.11390054112556,10,0.1223381974701967,False
C_bham_hour,main,14,True,False,day_of_week,Sun,ToD-ACI,0.5,36.00771726190478,6,0.1223381974701967,False
C_bham_hour,main,14,True,False,occupancy_tercile,mid,split-CP,0.9285714285714286,38.37450000000001,56,0.1800521535035834,False
C_bham_hour,main,14,True,False,occupancy_tercile,high,split-CP,1.0,38.37450000000002,14,0.1800521535035834,False
C_bham_hour,main,14,True,False,occupancy_tercile,low,split-CP,0.8444444444444444,38.3745,45,0.1800521535035834,False
C_bham_hour,main,14,True,False,occupancy_tercile,mid,Mondrian-split-CP,0.9107142857142856,37.7140386936972,56,0.1800521535035834,False
C_bham_hour,main,14,True,False,occupancy_tercile,high,Mondrian-split-CP,1.0,36.74173238765205,14,0.1800521535035834,False
C_bham_hour,main,14,True,False,occupancy_tercile,low,Mondrian-split-CP,0.8444444444444444,37.69728108064776,45,0.1800521535035834,False
C_bham_hour,main,14,True,False,occupancy_tercile,mid,ACI,0.9107142857142856,35.66300346578027,56,0.1800521535035834,False
C_bham_hour,main,14,True,False,occupancy_tercile,high,ACI,1.0,35.65128259637193,14,0.1800521535035834,False
C_bham_hour,main,14,True,False,occupancy_tercile,low,ACI,0.8444444444444444,33.655533710117034,45,0.1800521535035834,False
C_bham_hour,main,14,True,False,occupancy_tercile,mid,ToD-ACI,0.9285714285714286,36.90212775716349,56,0.1800521535035834,False
C_bham_hour,main,14,True,False,occupancy_tercile,high,ToD-ACI,1.0,36.167405071119376,14,0.1800521535035834,False
C_bham_hour,main,14,True,False,occupancy_tercile,low,ToD-ACI,0.8444444444444444,36.42046100689435,45,0.1800521535035834,False
C_bham_hour,main,14,True,False,random_6,r0,split-CP,0.8125,38.37450000000001,16,0.1853400759205846,False
C_bham_hour,main,14,True,False,random_6,r4,split-CP,0.9090909090909092,38.37450000000001,33,0.1853400759205846,False
C_bham_hour,main,14,True,False,random_6,r3,split-CP,0.8666666666666667,38.37450000000001,15,0.1853400759205846,False
C_bham_hour,main,14,True,False,random_6,r2,split-CP,0.9565217391304348,38.37450000000001,23,0.1853400759205846,False
C_bham_hour,main,14,True,False,random_6,r5,split-CP,1.0,38.37450000000001,14,0.1853400759205846,False
C_bham_hour,main,14,True,False,random_6,r1,split-CP,0.8571428571428571,38.37450000000001,14,0.1853400759205846,False
C_bham_hour,main,14,True,False,random_6,r0,Mondrian-split-CP,0.75,37.97127568091632,16,0.1853400759205846,False
C_bham_hour,main,14,True,False,random_6,r4,Mondrian-split-CP,0.9090909090909092,37.84539386833706,33,0.1853400759205846,False
C_bham_hour,main,14,True,False,random_6,r3,Mondrian-split-CP,0.8666666666666667,37.1544051707552,15,0.1853400759205846,False
C_bham_hour,main,14,True,False,random_6,r2,Mondrian-split-CP,0.9565217391304348,37.01244642072905,23,0.1853400759205846,False
C_bham_hour,main,14,True,False,random_6,r5,Mondrian-split-CP,1.0,36.96681548907443,14,0.1853400759205846,False
C_bham_hour,main,14,True,False,random_6,r1,Mondrian-split-CP,0.8571428571428571,38.583707019171314,14,0.1853400759205846,False
C_bham_hour,main,14,True,False,random_6,r0,ACI,0.75,34.61628489132396,16,0.1853400759205846,False
C_bham_hour,main,14,True,False,random_6,r4,ACI,0.9090909090909092,34.5545976266999,33,0.1853400759205846,False
C_bham_hour,main,14,True,False,random_6,r3,ACI,0.8666666666666667,36.517764345839375,15,0.1853400759205846,False
C_bham_hour,main,14,True,False,random_6,r2,ACI,0.9565217391304348,34.88512017692455,23,0.1853400759205846,False
C_bham_hour,main,14,True,False,random_6,r5,ACI,1.0,34.58853902545868,14,0.1853400759205846,False
C_bham_hour,main,14,True,False,random_6,r1,ACI,0.8571428571428571,34.444222273757994,14,0.1853400759205846,False
C_bham_hour,main,14,True,False,random_6,r0,ToD-ACI,0.8125,36.899449213113286,16,0.1853400759205846,False
C_bham_hour,main,14,True,False,random_6,r4,ToD-ACI,0.9090909090909092,36.582395316804416,33,0.1853400759205846,False
C_bham_hour,main,14,True,False,random_6,r3,ToD-ACI,0.8666666666666667,36.91882853535355,15,0.1853400759205846,False
C_bham_hour,main,14,True,False,random_6,r2,ToD-ACI,0.9565217391304348,36.75027377815424,23,0.1853400759205846,False
C_bham_hour,main,14,True,False,random_6,r5,ToD-ACI,1.0,36.56077599979387,14,0.1853400759205846,False
C_bham_hour,main,14,True,False,random_6,r1,ToD-ACI,0.8571428571428571,35.948839208410654,14,0.1853400759205846,False
C_bham_hour,main,14,True,False,hour_of_day,h11,split-CP,0.9583333333333334,38.37450000000001,24,1.0,False
C_bham_hour,main,14,True,False,hour_of_day,h12,split-CP,0.96,38.37450000000001,25,1.0,False
C_bham_hour,main,14,True,False,hour_of_day,h13,split-CP,0.9615384615384616,38.37450000000001,26,1.0,False
C_bham_hour,main,14,True,False,hour_of_day,h14,split-CP,0.8076923076923077,38.37450000000001,26,1.0,False
C_bham_hour,main,14,True,False,hour_of_day,h10,split-CP,0.8333333333333334,38.37450000000001,6,1.0,False
C_bham_hour,main,14,True,False,hour_of_day,h15,split-CP,0.75,38.37450000000001,8,1.0,False
C_bham_hour,main,14,True,False,hour_of_day,h11,Mondrian-split-CP,0.9583333333333334,37.43143722943728,24,1.0,False
C_bham_hour,main,14,True,False,hour_of_day,h12,Mondrian-split-CP,0.92,32.6630119047619,25,1.0,False
C_bham_hour,main,14,True,False,hour_of_day,h13,Mondrian-split-CP,0.9615384615384616,38.88552976190476,26,1.0,False
C_bham_hour,main,14,True,False,hour_of_day,h14,Mondrian-split-CP,0.8076923076923077,40.889335317460336,26,1.0,False
C_bham_hour,main,14,True,False,hour_of_day,h10,Mondrian-split-CP,0.8333333333333334,37.77929761904761,6,1.0,False
C_bham_hour,main,14,True,False,hour_of_day,h15,Mondrian-split-CP,0.75,38.37450000000001,8,1.0,False
C_bham_hour,main,14,True,False,hour_of_day,h11,ACI,0.9583333333333334,34.89069858555798,24,1.0,False
C_bham_hour,main,14,True,False,hour_of_day,h12,ACI,0.92,35.01605770562773,25,1.0,False
C_bham_hour,main,14,True,False,hour_of_day,h13,ACI,0.9615384615384616,35.03917366661118,26,1.0,False
C_bham_hour,main,14,True,False,hour_of_day,h14,ACI,0.8076923076923077,34.58691064491066,26,1.0,False
C_bham_hour,main,14,True,False,hour_of_day,h10,ACI,0.8333333333333334,35.63869787157288,6,1.0,False
C_bham_hour,main,14,True,False,hour_of_day,h15,ACI,0.75,34.23207242063492,8,1.0,False
C_bham_hour,main,14,True,False,hour_of_day,h11,ToD-ACI,0.9583333333333334,37.46042559523814,24,1.0,False
C_bham_hour,main,14,True,False,hour_of_day,h12,ToD-ACI,0.96,33.70947331168831,25,1.0,False
C_bham_hour,main,14,True,False,hour_of_day,h13,ToD-ACI,0.9615384615384616,35.421828504828504,26,1.0,False
C_bham_hour,main,14,True,False,hour_of_day,h14,ToD-ACI,0.8076923076923077,38.9867600871351,26,1.0,False
C_bham_hour,main,14,True,False,hour_of_day,h10,ToD-ACI,0.8333333333333334,38.27529960317461,6,1.0,False
C_bham_hour,main,14,True,False,hour_of_day,h15,ToD-ACI,0.75,38.21517782738096,8,1.0,False
C_bham_hour,main,15,True,False,day_of_week,Mon,split-CP,0.9615384615384616,44.990833333333335,26,0.0897005066625049,False
C_bham_hour,main,15,True,False,day_of_week,Tue,split-CP,0.9411764705882352,44.990833333333335,17,0.0897005066625049,False
C_bham_hour,main,15,True,False,day_of_week,Wed,split-CP,0.75,44.99083333333332,20,0.0897005066625049,False
C_bham_hour,main,15,True,False,day_of_week,Thu,split-CP,1.0,44.99083333333333,20,0.0897005066625049,False
C_bham_hour,main,15,True,False,day_of_week,Fri,split-CP,0.8333333333333334,44.99083333333334,18,0.0897005066625049,False
C_bham_hour,main,15,True,False,day_of_week,Sat,split-CP,0.4210526315789473,44.99083333333334,19,0.0897005066625049,False
C_bham_hour,main,15,True,False,day_of_week,Sun,split-CP,0.6470588235294118,44.99083333333334,17,0.0897005066625049,False
C_bham_hour,main,15,True,False,day_of_week,Mon,Mondrian-split-CP,0.9615384615384616,44.33684035409034,26,0.0897005066625049,False
C_bham_hour,main,15,True,False,day_of_week,Tue,Mondrian-split-CP,0.9411764705882352,44.38068160597571,17,0.0897005066625049,False
C_bham_hour,main,15,True,False,day_of_week,Wed,Mondrian-split-CP,0.75,44.3277095238095,20,0.0897005066625049,False
C_bham_hour,main,15,True,False,day_of_week,Thu,Mondrian-split-CP,1.0,44.3277095238095,20,0.0897005066625049,False
C_bham_hour,main,15,True,False,day_of_week,Fri,Mondrian-split-CP,0.8333333333333334,44.33430401234567,18,0.0897005066625049,False
C_bham_hour,main,15,True,False,day_of_week,Sat,Mondrian-split-CP,0.4210526315789473,44.36885818713449,19,0.0897005066625049,False
C_bham_hour,main,15,True,False,day_of_week,Sun,Mondrian-split-CP,0.6470588235294118,44.29568464052287,17,0.0897005066625049,False
C_bham_hour,main,15,True,False,day_of_week,Mon,ACI,0.9615384615384616,62.30834758083797,26,0.0897005066625049,False
C_bham_hour,main,15,True,False,day_of_week,Tue,ACI,0.8823529411764706,43.48803310415074,17,0.0897005066625049,False
C_bham_hour,main,15,True,False,day_of_week,Wed,ACI,0.8,54.48617983405482,20,0.0897005066625049,False
C_bham_hour,main,15,True,False,day_of_week,Thu,ACI,1.0,62.510199408230655,20,0.0897005066625049,False
C_bham_hour,main,15,True,False,day_of_week,Fri,ACI,0.8333333333333334,36.56532217011384,18,0.0897005066625049,False
C_bham_hour,main,15,True,False,day_of_week,Sat,ACI,0.7368421052631579,82.04069406835856,19,0.0897005066625049,False
C_bham_hour,main,15,True,False,day_of_week,Sun,ACI,0.8235294117647058,85.16603745111101,17,0.0897005066625049,False
C_bham_hour,main,15,True,False,day_of_week,Mon,ToD-ACI,0.9615384615384616,69.33818385460694,26,0.0897005066625049,False
C_bham_hour,main,15,True,False,day_of_week,Tue,ToD-ACI,0.9411764705882352,53.60359270631328,17,0.0897005066625049,False
C_bham_hour,main,15,True,False,day_of_week,Wed,ToD-ACI,0.8,51.41163698593071,20,0.0897005066625049,False
C_bham_hour,main,15,True,False,day_of_week,Thu,ToD-ACI,1.0,62.24850396825396,20,0.0897005066625049,False
C_bham_hour,main,15,True,False,day_of_week,Fri,ToD-ACI,0.8888888888888888,49.37041701431285,18,0.0897005066625049,False
C_bham_hour,main,15,True,False,day_of_week,Sat,ToD-ACI,0.4210526315789473,54.65446232057416,19,0.0897005066625049,False
C_bham_hour,main,15,True,False,day_of_week,Sun,ToD-ACI,0.9411764705882352,102.08956049342814,17,0.0897005066625049,False
C_bham_hour,main,15,True,False,occupancy_tercile,low,split-CP,0.7878787878787878,44.99083333333334,99,0.2753606050302575,False
C_bham_hour,main,15,True,False,occupancy_tercile,mid,split-CP,0.7916666666666666,44.99083333333332,24,0.2753606050302575,False
C_bham_hour,main,15,True,False,occupancy_tercile,high,split-CP,0.9285714285714286,44.99083333333332,14,0.2753606050302575,False
C_bham_hour,main,15,True,False,occupancy_tercile,low,Mondrian-split-CP,0.7878787878787878,44.4455315255732,99,0.2753606050302575,False
C_bham_hour,main,15,True,False,occupancy_tercile,mid,Mondrian-split-CP,0.7916666666666666,43.91728149801585,24,0.2753606050302575,False
C_bham_hour,main,15,True,False,occupancy_tercile,high,Mondrian-split-CP,0.9285714285714286,44.3048469387755,14,0.2753606050302575,False
C_bham_hour,main,15,True,False,occupancy_tercile,low,ACI,0.8585858585858586,57.89159957396699,99,0.2753606050302575,False
C_bham_hour,main,15,True,False,occupancy_tercile,mid,ACI,0.9166666666666666,66.8043493167712,24,0.2753606050302575,False
C_bham_hour,main,15,True,False,occupancy_tercile,high,ACI,0.8571428571428571,73.53143330875476,14,0.2753606050302575,False
C_bham_hour,main,15,True,False,occupancy_tercile,low,ToD-ACI,0.8484848484848485,63.74098852704534,99,0.2753606050302575,False
C_bham_hour,main,15,True,False,occupancy_tercile,mid,ToD-ACI,0.8333333333333334,59.00977852182539,24,0.2753606050302575,False
C_bham_hour,main,15,True,False,occupancy_tercile,high,ToD-ACI,0.9285714285714286,65.94921038188001,14,0.2753606050302575,False
C_bham_hour,main,15,True,False,random_6,r0,split-CP,0.9047619047619048,44.99083333333332,21,0.171040428093267,False
C_bham_hour,main,15,True,False,random_6,r4,split-CP,0.6944444444444444,44.99083333333332,36,0.171040428093267,False
C_bham_hour,main,15,True,False,random_6,r3,split-CP,0.7083333333333334,44.99083333333336,24,0.171040428093267,False
C_bham_hour,main,15,True,False,random_6,r2,split-CP,0.88,44.99083333333333,25,0.171040428093267,False
C_bham_hour,main,15,True,False,random_6,r5,split-CP,0.9333333333333332,44.99083333333331,15,0.171040428093267,False
C_bham_hour,main,15,True,False,random_6,r1,split-CP,0.8125,44.990833333333335,16,0.171040428093267,False
C_bham_hour,main,15,True,False,random_6,r0,Mondrian-split-CP,0.9047619047619048,44.51055980725623,21,0.171040428093267,False
C_bham_hour,main,15,True,False,random_6,r4,Mondrian-split-CP,0.6944444444444444,44.0798404982363,36,0.171040428093267,False
C_bham_hour,main,15,True,False,random_6,r3,Mondrian-split-CP,0.7083333333333334,44.44673685515872,24,0.171040428093267,False
C_bham_hour,main,15,True,False,random_6,r2,Mondrian-split-CP,0.88,44.495547857142846,25,0.171040428093267,False
C_bham_hour,main,15,True,False,random_6,r5,Mondrian-split-CP,0.9333333333333332,44.06842354497353,15,0.171040428093267,False
C_bham_hour,main,15,True,False,random_6,r1,Mondrian-split-CP,0.8125,44.54109288194444,16,0.171040428093267,False
C_bham_hour,main,15,True,False,random_6,r0,ACI,0.9047619047619048,59.390772332165184,21,0.171040428093267,False
C_bham_hour,main,15,True,False,random_6,r4,ACI,0.8055555555555556,57.44518194883821,36,0.171040428093267,False
C_bham_hour,main,15,True,False,random_6,r3,ACI,0.75,58.85888086219336,24,0.171040428093267,False
C_bham_hour,main,15,True,False,random_6,r2,ACI,0.92,69.39833230436233,25,0.171040428093267,False
C_bham_hour,main,15,True,False,random_6,r5,ACI,0.9333333333333332,54.96563279220779,15,0.171040428093267,False
C_bham_hour,main,15,True,False,random_6,r1,ACI,1.0,67.2952561518343,16,0.171040428093267,False
C_bham_hour,main,15,True,False,random_6,r0,ToD-ACI,0.9523809523809524,74.32461350488136,21,0.171040428093267,False
C_bham_hour,main,15,True,False,random_6,r4,ToD-ACI,0.8055555555555556,55.49794096913887,36,0.171040428093267,False
C_bham_hour,main,15,True,False,random_6,r3,ToD-ACI,0.7916666666666666,68.08472000568874,24,0.171040428093267,False
C_bham_hour,main,15,True,False,random_6,r2,ToD-ACI,0.84,58.6442191203241,25,0.171040428093267,False
C_bham_hour,main,15,True,False,random_6,r5,ToD-ACI,0.9333333333333332,68.25487951770451,15,0.171040428093267,False
C_bham_hour,main,15,True,False,random_6,r1,ToD-ACI,0.875,60.44854904036935,16,0.171040428093267,False
C_bham_hour,main,15,True,False,hour_of_day,h10,split-CP,1.0,44.99083333333333,9,1.0,False
C_bham_hour,main,15,True,False,hour_of_day,h11,split-CP,0.8,44.99083333333332,30,1.0,False
C_bham_hour,main,15,True,False,hour_of_day,h12,split-CP,0.7666666666666667,44.99083333333331,30,1.0,False
C_bham_hour,main,15,True,False,hour_of_day,h13,split-CP,0.7666666666666667,44.99083333333333,30,1.0,False
C_bham_hour,main,15,True,False,hour_of_day,h14,split-CP,0.8,44.99083333333331,30,1.0,False
C_bham_hour,main,15,True,False,hour_of_day,h15,split-CP,0.875,44.99083333333336,8,1.0,False
C_bham_hour,main,15,True,False,hour_of_day,h10,Mondrian-split-CP,1.0,44.99083333333333,9,1.0,False
C_bham_hour,main,15,True,False,hour_of_day,h11,Mondrian-split-CP,0.8,45.66701190476192,30,1.0,False
C_bham_hour,main,15,True,False,hour_of_day,h12,Mondrian-split-CP,0.7666666666666667,43.54588492063487,30,1.0,False
C_bham_hour,main,15,True,False,hour_of_day,h13,Mondrian-split-CP,0.7666666666666667,42.49027976190473,30,1.0,False
C_bham_hour,main,15,True,False,hour_of_day,h14,Mondrian-split-CP,0.8,45.66701190476192,30,1.0,False
C_bham_hour,main,15,True,False,hour_of_day,h15,Mondrian-split-CP,0.875,43.54588492063488,8,1.0,False
C_bham_hour,main,15,True,False,hour_of_day,h10,ACI,0.8888888888888888,60.40715634519803,9,1.0,False
C_bham_hour,main,15,True,False,hour_of_day,h11,ACI,0.9,60.55534394355644,30,1.0,False
C_bham_hour,main,15,True,False,hour_of_day,h12,ACI,0.9,62.2157816923817,30,1.0,False
C_bham_hour,main,15,True,False,hour_of_day,h13,ACI,0.8666666666666667,60.49970184583936,30,1.0,False
C_bham_hour,main,15,True,False,hour_of_day,h14,ACI,0.8,57.59994558312057,30,1.0,False
C_bham_hour,main,15,True,False,hour_of_day,h15,ACI,0.875,74.27815108676046,8,1.0,False
C_bham_hour,main,15,True,False,hour_of_day,h10,ToD-ACI,0.8888888888888888,49.53088067179734,9,1.0,False
C_bham_hour,main,15,True,False,hour_of_day,h11,ToD-ACI,0.8666666666666667,59.59621459096458,30,1.0,False
C_bham_hour,main,15,True,False,hour_of_day,h12,ToD-ACI,0.8333333333333334,67.72116170496169,30,1.0,False
C_bham_hour,main,15,True,False,hour_of_day,h13,ToD-ACI,0.8666666666666667,68.43490895863394,30,1.0,False
C_bham_hour,main,15,True,False,hour_of_day,h14,ToD-ACI,0.8666666666666667,62.37294167129168,30,1.0,False
C_bham_hour,main,15,True,False,hour_of_day,h15,ToD-ACI,0.75,57.54334502823565,8,1.0,False
C_bham_hour,main,16,True,False,day_of_week,Mon,split-CP,0.7692307692307693,63.55884920634925,26,0.0978022800135693,False
C_bham_hour,main,16,True,False,day_of_week,Tue,split-CP,1.0,63.55884920634924,18,0.0978022800135693,False
C_bham_hour,main,16,True,False,day_of_week,Wed,split-CP,1.0,63.55884920634926,19,0.0978022800135693,False
C_bham_hour,main,16,True,False,day_of_week,Thu,split-CP,1.0,63.55884920634925,18,0.0978022800135693,False
C_bham_hour,main,16,True,False,day_of_week,Fri,split-CP,0.9444444444444444,63.55884920634924,18,0.0978022800135693,False
C_bham_hour,main,16,True,False,day_of_week,Sat,split-CP,1.0,63.55884920634926,19,0.0978022800135693,False
C_bham_hour,main,16,True,False,day_of_week,Sun,split-CP,0.7857142857142857,63.55884920634924,14,0.0978022800135693,False
C_bham_hour,main,16,True,False,day_of_week,Mon,Mondrian-split-CP,0.7692307692307693,64.33811317155067,26,0.0978022800135693,False
C_bham_hour,main,16,True,False,day_of_week,Tue,Mondrian-split-CP,1.0,64.62724691358025,18,0.0978022800135693,False
C_bham_hour,main,16,True,False,day_of_week,Wed,Mondrian-split-CP,1.0,63.66723913951546,19,0.0978022800135693,False
C_bham_hour,main,16,True,False,day_of_week,Thu,Mondrian-split-CP,1.0,63.67326080246914,18,0.0978022800135693,False
C_bham_hour,main,16,True,False,day_of_week,Fri,Mondrian-split-CP,0.9444444444444444,64.15025385802468,18,0.0978022800135693,False
C_bham_hour,main,16,True,False,day_of_week,Sat,Mondrian-split-CP,1.0,64.1191272974102,19,0.0978022800135693,False
C_bham_hour,main,16,True,False,day_of_week,Sun,Mondrian-split-CP,0.7857142857142857,64.14751984126984,14,0.0978022800135693,False
C_bham_hour,main,16,True,False,day_of_week,Mon,ACI,0.7692307692307693,62.09624374236873,26,0.0978022800135693,False
C_bham_hour,main,16,True,False,day_of_week,Tue,ACI,1.0,66.2105256834215,18,0.0978022800135693,False
C_bham_hour,main,16,True,False,day_of_week,Wed,ACI,1.0,65.55833949456974,19,0.0978022800135693,False
C_bham_hour,main,16,True,False,day_of_week,Thu,ACI,1.0,58.71322145061728,18,0.0978022800135693,False
C_bham_hour,main,16,True,False,day_of_week,Fri,ACI,0.9444444444444444,54.03440432098765,18,0.0978022800135693,False
C_bham_hour,main,16,True,False,day_of_week,Sat,ACI,1.0,54.98298987050961,19,0.0978022800135693,False
C_bham_hour,main,16,True,False,day_of_week,Sun,ACI,0.7857142857142857,58.60856505102041,14,0.0978022800135693,False
C_bham_hour,main,16,True,False,day_of_week,Mon,ToD-ACI,0.6923076923076923,62.16830204517706,26,0.0978022800135693,False
C_bham_hour,main,16,True,False,day_of_week,Tue,ToD-ACI,1.0,64.13149360670194,18,0.0978022800135693,False
C_bham_hour,main,16,True,False,day_of_week,Wed,ToD-ACI,1.0,63.19757811194653,19,0.0978022800135693,False
C_bham_hour,main,16,True,False,day_of_week,Thu,ToD-ACI,1.0,63.04395778218694,18,0.0978022800135693,False
C_bham_hour,main,16,True,False,day_of_week,Fri,ToD-ACI,0.9444444444444444,60.61380456349207,18,0.0978022800135693,False
C_bham_hour,main,16,True,False,day_of_week,Sat,ToD-ACI,1.0,60.19899362990813,19,0.0978022800135693,False
C_bham_hour,main,16,True,False,day_of_week,Sun,ToD-ACI,0.7857142857142857,58.98947349773245,14,0.0978022800135693,False
C_bham_hour,main,16,True,False,occupancy_tercile,mid,split-CP,0.9,63.55884920634924,10,0.5006746991021093,False
C_bham_hour,main,16,True,False,occupancy_tercile,high,split-CP,0.925,63.55884920634924,120,0.5006746991021093,False
C_bham_hour,main,16,True,False,occupancy_tercile,low,split-CP,1.0,63.55884920634924,2,0.5006746991021093,False
C_bham_hour,main,16,True,False,occupancy_tercile,mid,Mondrian-split-CP,0.9,62.70026170634922,10,0.5006746991021093,False
C_bham_hour,main,16,True,False,occupancy_tercile,high,Mondrian-split-CP,0.925,64.23992146164022,120,0.5006746991021093,False
C_bham_hour,main,16,True,False,occupancy_tercile,low,Mondrian-split-CP,1.0,63.55884920634924,2,0.5006746991021093,False
C_bham_hour,main,16,True,False,occupancy_tercile,mid,ACI,0.9,63.80535238095238,10,0.5006746991021093,False
C_bham_hour,main,16,True,False,occupancy_tercile,high,ACI,0.925,59.80479350198413,120,0.5006746991021093,False
C_bham_hour,main,16,True,False,occupancy_tercile,low,ACI,1.0,65.96274404761903,2,0.5006746991021093,False
C_bham_hour,main,16,True,False,occupancy_tercile,mid,ToD-ACI,0.9,63.18104067460318,10,0.5006746991021093,False
C_bham_hour,main,16,True,False,occupancy_tercile,high,ToD-ACI,0.9083333333333332,61.73368206018519,120,0.5006746991021093,False
C_bham_hour,main,16,True,False,occupancy_tercile,low,ToD-ACI,1.0,63.55884920634924,2,0.5006746991021093,False
C_bham_hour,main,16,True,False,random_6,r0,split-CP,0.85,63.55884920634926,20,0.1479885238309398,False
C_bham_hour,main,16,True,False,random_6,r4,split-CP,0.9714285714285714,63.55884920634925,35,0.1479885238309398,False
C_bham_hour,main,16,True,False,random_6,r3,split-CP,0.9090909090909092,63.55884920634925,22,0.1479885238309398,False
C_bham_hour,main,16,True,False,random_6,r2,split-CP,0.88,63.55884920634925,25,0.1479885238309398,False
C_bham_hour,main,16,True,False,random_6,r5,split-CP,0.9333333333333332,63.55884920634924,15,0.1479885238309398,False
C_bham_hour,main,16,True,False,random_6,r1,split-CP,1.0,63.55884920634924,15,0.1479885238309398,False
C_bham_hour,main,16,True,False,random_6,r0,Mondrian-split-CP,0.85,64.21130813492063,20,0.1479885238309398,False
C_bham_hour,main,16,True,False,random_6,r4,Mondrian-split-CP,0.9714285714285714,64.23583384353742,35,0.1479885238309398,False
C_bham_hour,main,16,True,False,random_6,r3,Mondrian-split-CP,0.9090909090909092,64.08953048340548,22,0.1479885238309398,False
C_bham_hour,main,16,True,False,random_6,r2,Mondrian-split-CP,0.88,64.17697214285715,25,0.1479885238309398,False
C_bham_hour,main,16,True,False,random_6,r5,Mondrian-split-CP,0.9333333333333332,63.78775582010584,15,0.1479885238309398,False
C_bham_hour,main,16,True,False,random_6,r1,Mondrian-split-CP,1.0,63.94801547619048,15,0.1479885238309398,False
C_bham_hour,main,16,True,False,random_6,r0,ACI,0.85,59.49534662698412,20,0.1479885238309398,False
C_bham_hour,main,16,True,False,random_6,r4,ACI,0.9714285714285714,60.00052987528344,35,0.1479885238309398,False
C_bham_hour,main,16,True,False,random_6,r3,ACI,0.9090909090909092,59.00853318903318,22,0.1479885238309398,False
C_bham_hour,main,16,True,False,random_6,r2,ACI,0.88,61.31081515873015,25,0.1479885238309398,False
C_bham_hour,main,16,True,False,random_6,r5,ACI,0.9333333333333332,61.48589007936507,15,0.1479885238309398,False
C_bham_hour,main,16,True,False,random_6,r1,ACI,1.0,60.22548624338624,15,0.1479885238309398,False
C_bham_hour,main,16,True,False,random_6,r0,ToD-ACI,0.85,61.78673065476191,20,0.1479885238309398,False
C_bham_hour,main,16,True,False,random_6,r4,ToD-ACI,0.9714285714285714,61.9258568027211,35,0.1479885238309398,False
C_bham_hour,main,16,True,False,random_6,r3,ToD-ACI,0.8636363636363636,59.61135028860026,22,0.1479885238309398,False
C_bham_hour,main,16,True,False,random_6,r2,ToD-ACI,0.84,62.79463746031748,25,0.1479885238309398,False
C_bham_hour,main,16,True,False,random_6,r5,ToD-ACI,0.9333333333333332,63.6505634920635,15,0.1479885238309398,False
C_bham_hour,main,16,True,False,random_6,r1,ToD-ACI,1.0,61.85041706349208,15,0.1479885238309398,False
C_bham_hour,main,16,True,False,hour_of_day,h11,split-CP,0.8518518518518519,63.55884920634925,27,1.0,False
C_bham_hour,main,16,True,False,hour_of_day,h12,split-CP,0.8620689655172413,63.55884920634926,29,1.0,False
C_bham_hour,main,16,True,False,hour_of_day,h13,split-CP,0.9666666666666668,63.55884920634925,30,1.0,False
C_bham_hour,main,16,True,False,hour_of_day,h14,split-CP,0.9666666666666668,63.55884920634926,30,1.0,False
C_bham_hour,main,16,True,False,hour_of_day,h10,split-CP,1.0,63.55884920634924,8,1.0,False
C_bham_hour,main,16,True,False,hour_of_day,h15,split-CP,1.0,63.55884920634924,8,1.0,False
C_bham_hour,main,16,True,False,hour_of_day,h11,Mondrian-split-CP,0.8518518518518519,63.55884920634925,27,1.0,False
C_bham_hour,main,16,True,False,hour_of_day,h12,Mondrian-split-CP,0.8620689655172413,65.96274404761903,29,1.0,False
C_bham_hour,main,16,True,False,hour_of_day,h13,Mondrian-split-CP,0.9666666666666668,63.55884920634925,30,1.0,False
C_bham_hour,main,16,True,False,hour_of_day,h14,Mondrian-split-CP,0.9666666666666668,65.96274404761903,30,1.0,False
C_bham_hour,main,16,True,False,hour_of_day,h10,Mondrian-split-CP,1.0,63.55884920634924,8,1.0,False
C_bham_hour,main,16,True,False,hour_of_day,h15,Mondrian-split-CP,1.0,54.97297420634922,8,1.0,False
C_bham_hour,main,16,True,False,hour_of_day,h11,ACI,0.8518518518518519,60.69974441504996,27,1.0,False
C_bham_hour,main,16,True,False,hour_of_day,h12,ACI,0.8620689655172413,60.66374377394635,29,1.0,False
C_bham_hour,main,16,True,False,hour_of_day,h13,ACI,0.9666666666666668,60.06688955026454,30,1.0,False
C_bham_hour,main,16,True,False,hour_of_day,h14,ACI,0.9666666666666668,59.9953207010582,30,1.0,False
C_bham_hour,main,16,True,False,hour_of_day,h10,ACI,1.0,61.95422668650792,8,1.0,False
C_bham_hour,main,16,True,False,hour_of_day,h15,ACI,1.0,56.36405530753969,8,1.0,False
C_bham_hour,main,16,True,False,hour_of_day,h11,ToD-ACI,0.8518518518518519,64.36014748677252,27,1.0,False
C_bham_hour,main,16,True,False,hour_of_day,h12,ToD-ACI,0.8620689655172413,63.10874808429119,29,1.0,False
C_bham_hour,main,16,True,False,hour_of_day,h13,ToD-ACI,0.9333333333333332,58.85519497354497,30,1.0,False
C_bham_hour,main,16,True,False,hour_of_day,h14,ToD-ACI,0.9666666666666668,63.12559047619046,30,1.0,False
C_bham_hour,main,16,True,False,hour_of_day,h10,ToD-ACI,0.875,62.48561483134923,8,1.0,False
C_bham_hour,main,16,True,False,hour_of_day,h15,ToD-ACI,1.0,54.97297420634922,8,1.0,False
C_bham_hour,main,17,True,False,day_of_week,Mon,split-CP,1.0,34.51123809523802,25,0.0928787547874075,False
C_bham_hour,main,17,True,False,day_of_week,Tue,split-CP,0.8823529411764706,34.511238095238014,17,0.0928787547874075,False
C_bham_hour,main,17,True,False,day_of_week,Wed,split-CP,0.8947368421052632,34.511238095238014,19,0.0928787547874075,False
C_bham_hour,main,17,True,False,day_of_week,Thu,split-CP,1.0,34.511238095238014,20,0.0928787547874075,False
C_bham_hour,main,17,True,False,day_of_week,Fri,split-CP,0.8888888888888888,34.511238095238014,18,0.0928787547874075,False
C_bham_hour,main,17,True,False,day_of_week,Sun,split-CP,0.9444444444444444,34.511238095238014,18,0.0928787547874075,False
C_bham_hour,main,17,True,False,day_of_week,Mon,Mondrian-split-CP,1.0,33.410244047619045,25,0.0928787547874075,False
C_bham_hour,main,17,True,False,day_of_week,Tue,Mondrian-split-CP,0.8823529411764706,33.43311589635854,17,0.0928787547874075,False
C_bham_hour,main,17,True,False,day_of_week,Wed,Mondrian-split-CP,0.8947368421052632,33.55349404761904,19,0.0928787547874075,False
C_bham_hour,main,17,True,False,day_of_week,Thu,Mondrian-split-CP,1.0,33.60465476190475,20,0.0928787547874075,False
C_bham_hour,main,17,True,False,day_of_week,Fri,Mondrian-split-CP,0.8888888888888888,33.496648809523805,18,0.0928787547874075,False
C_bham_hour,main,17,True,False,day_of_week,Sun,Mondrian-split-CP,0.9444444444444444,33.496648809523805,18,0.0928787547874075,False
C_bham_hour,main,17,True,False,day_of_week,Mon,ACI,0.84,32.28607896825397,25,0.0928787547874075,False
C_bham_hour,main,17,True,False,day_of_week,Tue,ACI,0.8823529411764706,31.75228688141921,17,0.0928787547874075,False
C_bham_hour,main,17,True,False,day_of_week,Wed,ACI,0.8421052631578947,39.44111998746865,19,0.0928787547874075,False
C_bham_hour,main,17,True,False,day_of_week,Thu,ACI,0.9,31.77488521825397,20,0.0928787547874075,False
C_bham_hour,main,17,True,False,day_of_week,Fri,ACI,0.8333333333333334,38.3186975308642,18,0.0928787547874075,False
C_bham_hour,main,17,True,False,day_of_week,Sun,ACI,1.0,33.03357561728396,18,0.0928787547874075,False
C_bham_hour,main,17,True,False,day_of_week,Mon,ToD-ACI,0.84,30.23221412698416,25,0.0928787547874075,False
C_bham_hour,main,17,True,False,day_of_week,Tue,ToD-ACI,0.8235294117647058,31.08728419701216,17,0.0928787547874075,False
C_bham_hour,main,17,True,False,day_of_week,Wed,ToD-ACI,0.8947368421052632,33.98798673767751,19,0.0928787547874075,False
C_bham_hour,main,17,True,False,day_of_week,Thu,ToD-ACI,1.0,33.476191865079386,20,0.0928787547874075,False
C_bham_hour,main,17,True,False,day_of_week,Fri,ToD-ACI,0.8888888888888888,30.44461221340385,18,0.0928787547874075,False
C_bham_hour,main,17,True,False,day_of_week,Sun,ToD-ACI,1.0,30.73758311287481,18,0.0928787547874075,False
C_bham_hour,main,17,True,False,occupancy_tercile,high,split-CP,0.9310344827586208,34.511238095238014,58,0.1714649354361763,False
C_bham_hour,main,17,True,False,occupancy_tercile,mid,split-CP,0.96875,34.511238095238014,32,0.1714649354361763,False
C_bham_hour,main,17,True,False,occupancy_tercile,low,split-CP,0.925925925925926,34.511238095238014,27,0.1714649354361763,False
C_bham_hour,main,17,True,False,occupancy_tercile,high,Mondrian-split-CP,0.9310344827586208,33.42291594827586,58,0.1714649354361763,False
C_bham_hour,main,17,True,False,occupancy_tercile,mid,Mondrian-split-CP,0.96875,33.572328311011894,32,0.1714649354361763,False
C_bham_hour,main,17,True,False,occupancy_tercile,low,Mondrian-split-CP,0.925925925925926,33.56534369488535,27,0.1714649354361763,False
C_bham_hour,main,17,True,False,occupancy_tercile,high,ACI,0.896551724137931,32.68656698139024,58,0.1714649354361763,False
C_bham_hour,main,17,True,False,occupancy_tercile,mid,ACI,0.78125,35.248652715773815,32,0.1714649354361763,False
C_bham_hour,main,17,True,False,occupancy_tercile,low,ACI,0.9629629629629628,36.75492519106409,27,0.1714649354361763,False
C_bham_hour,main,17,True,False,occupancy_tercile,high,ToD-ACI,0.913793103448276,32.856776272578,58,0.1714649354361763,False
C_bham_hour,main,17,True,False,occupancy_tercile,mid,ToD-ACI,0.84375,31.027343129960325,32,0.1714649354361763,False
C_bham_hour,main,17,True,False,occupancy_tercile,low,ToD-ACI,0.9629629629629628,29.714677101704893,27,0.1714649354361763,False
C_bham_hour,main,17,True,False,random_6,r0,split-CP,1.0,34.511238095238014,17,0.1698524843472234,False
C_bham_hour,main,17,True,False,random_6,r4,split-CP,0.9393939393939394,34.511238095238014,33,0.1698524843472234,False
C_bham_hour,main,17,True,False,random_6,r3,split-CP,0.875,34.511238095238014,16,0.1698524843472234,False
C_bham_hour,main,17,True,False,random_6,r2,split-CP,0.9565217391304348,34.511238095238014,23,0.1698524843472234,False
C_bham_hour,main,17,True,False,random_6,r5,split-CP,0.9285714285714286,34.511238095238014,14,0.1698524843472234,False
C_bham_hour,main,17,True,False,random_6,r1,split-CP,0.9285714285714286,34.511238095238014,14,0.1698524843472234,False
C_bham_hour,main,17,True,False,random_6,r0,Mondrian-split-CP,1.0,33.65290861344536,17,0.1698524843472234,False
C_bham_hour,main,17,True,False,random_6,r4,Mondrian-split-CP,0.9393939393939394,33.59564502164501,33,0.1698524843472234,False
C_bham_hour,main,17,True,False,random_6,r3,Mondrian-split-CP,0.875,33.54780096726189,16,0.1698524843472234,False
C_bham_hour,main,17,True,False,random_6,r2,Mondrian-split-CP,0.9565217391304348,33.31450543478261,23,0.1698524843472234,False
C_bham_hour,main,17,True,False,random_6,r5,Mondrian-split-CP,0.9285714285714286,33.268331207483,14,0.1698524843472234,False
C_bham_hour,main,17,True,False,random_6,r1,Mondrian-split-CP,0.9285714285714286,33.542650085034,14,0.1698524843472234,False
C_bham_hour,main,17,True,False,random_6,r0,ACI,0.9411764705882352,30.935720471521936,17,0.1698524843472234,False
C_bham_hour,main,17,True,False,random_6,r4,ACI,0.8787878787878788,33.64657130832131,33,0.1698524843472234,False
C_bham_hour,main,17,True,False,random_6,r3,ACI,0.8125,36.69650285218252,16,0.1698524843472234,False
C_bham_hour,main,17,True,False,random_6,r2,ACI,0.9130434782608696,34.41985541752934,23,0.1698524843472234,False
C_bham_hour,main,17,True,False,random_6,r5,ACI,0.9285714285714286,36.22062967687072,14,0.1698524843472234,False
C_bham_hour,main,17,True,False,random_6,r1,ACI,0.7857142857142857,35.2876510770975,14,0.1698524843472234,False
C_bham_hour,main,17,True,False,random_6,r0,ToD-ACI,0.9411764705882352,33.89642226890756,17,0.1698524843472234,False
C_bham_hour,main,17,True,False,random_6,r4,ToD-ACI,0.8787878787878788,31.262158369408382,33,0.1698524843472234,False
C_bham_hour,main,17,True,False,random_6,r3,ToD-ACI,0.875,31.87508978174606,16,0.1698524843472234,False
C_bham_hour,main,17,True,False,random_6,r2,ToD-ACI,0.9565217391304348,30.85434394409938,23,0.1698524843472234,False
C_bham_hour,main,17,True,False,random_6,r5,ToD-ACI,0.8571428571428571,30.763800028344665,14,0.1698524843472234,False
C_bham_hour,main,17,True,False,random_6,r1,ToD-ACI,0.9285714285714286,31.61638095238096,14,0.1698524843472234,False
C_bham_hour,main,17,True,False,hour_of_day,h11,split-CP,0.9615384615384616,34.511238095238014,26,1.0,False
C_bham_hour,main,17,True,False,hour_of_day,h12,split-CP,0.9615384615384616,34.511238095238014,26,1.0,False
C_bham_hour,main,17,True,False,hour_of_day,h13,split-CP,0.9230769230769232,34.511238095238014,26,1.0,False
C_bham_hour,main,17,True,False,hour_of_day,h14,split-CP,1.0,34.511238095238014,26,1.0,False
C_bham_hour,main,17,True,False,hour_of_day,h10,split-CP,0.5,34.511238095238014,6,1.0,False
C_bham_hour,main,17,True,False,hour_of_day,h15,split-CP,1.0,34.511238095238014,7,1.0,False
C_bham_hour,main,17,True,False,hour_of_day,h11,Mondrian-split-CP,0.9615384615384616,33.58385714285714,26,1.0,False
C_bham_hour,main,17,True,False,hour_of_day,h12,Mondrian-split-CP,0.9615384615384616,31.76761309523817,26,1.0,False
C_bham_hour,main,17,True,False,hour_of_day,h13,Mondrian-split-CP,0.9230769230769232,33.58385714285714,26,1.0,False
C_bham_hour,main,17,True,False,hour_of_day,h14,Mondrian-split-CP,1.0,34.511238095238014,26,1.0,False
C_bham_hour,main,17,True,False,hour_of_day,h10,Mondrian-split-CP,0.5,34.57670833333327,6,1.0,False
C_bham_hour,main,17,True,False,hour_of_day,h15,Mondrian-split-CP,1.0,34.57670833333327,7,1.0,False
C_bham_hour,main,17,True,False,hour_of_day,h11,ACI,0.8846153846153846,32.551489621489615,26,1.0,False
C_bham_hour,main,17,True,False,hour_of_day,h12,ACI,0.8846153846153846,34.695879655067145,26,1.0,False
C_bham_hour,main,17,True,False,hour_of_day,h13,ACI,0.8846153846153846,35.68677884615384,26,1.0,False
C_bham_hour,main,17,True,False,hour_of_day,h14,ACI,0.9615384615384616,33.84120993589743,26,1.0,False
C_bham_hour,main,17,True,False,hour_of_day,h10,ACI,0.5,34.3736630291005,6,1.0,False
C_bham_hour,main,17,True,False,hour_of_day,h15,ACI,0.8571428571428571,36.25135204081635,7,1.0,False
C_bham_hour,main,17,True,False,hour_of_day,h11,ToD-ACI,0.8846153846153846,30.94763736263736,26,1.0,False
C_bham_hour,main,17,True,False,hour_of_day,h12,ToD-ACI,0.9230769230769232,32.17931684981685,26,1.0,False
C_bham_hour,main,17,True,False,hour_of_day,h13,ToD-ACI,0.9230769230769232,31.64808409645912,26,1.0,False
C_bham_hour,main,17,True,False,hour_of_day,h14,ToD-ACI,0.9230769230769232,27.81986462148964,26,1.0,False
C_bham_hour,main,17,True,False,hour_of_day,h10,ToD-ACI,0.8333333333333334,48.21007374338624,6,1.0,False
C_bham_hour,main,17,True,False,hour_of_day,h15,ToD-ACI,0.8571428571428571,32.019481009070304,7,1.0,False
C_bham_hour,main,18,True,False,day_of_week,Mon,split-CP,1.0,64.34268452380957,25,0.1023956894881034,False
C_bham_hour,main,18,True,False,day_of_week,Tue,split-CP,1.0,64.34268452380957,17,0.1023956894881034,False
C_bham_hour,main,18,True,False,day_of_week,Wed,split-CP,0.9473684210526316,64.34268452380957,19,0.1023956894881034,False
C_bham_hour,main,18,True,False,day_of_week,Thu,split-CP,1.0,64.34268452380957,20,0.1023956894881034,False
C_bham_hour,main,18,True,False,day_of_week,Fri,split-CP,1.0,64.34268452380957,18,0.1023956894881034,False
C_bham_hour,main,18,True,False,day_of_week,Sat,split-CP,0.9473684210526316,64.34268452380957,19,0.1023956894881034,False
C_bham_hour,main,18,True,False,day_of_week,Sun,split-CP,0.8235294117647058,64.34268452380957,17,0.1023956894881034,False
C_bham_hour,main,18,True,False,day_of_week,Mon,Mondrian-split-CP,1.0,60.23925166666672,25,0.1023956894881034,False
C_bham_hour,main,18,True,False,day_of_week,Tue,Mondrian-split-CP,1.0,60.31971113445383,17,0.1023956894881034,False
C_bham_hour,main,18,True,False,day_of_week,Wed,Mondrian-split-CP,0.8947368421052632,60.74318201754391,19,0.1023956894881034,False
C_bham_hour,main,18,True,False,day_of_week,Thu,Mondrian-split-CP,0.95,60.92315714285719,20,0.1023956894881034,False
C_bham_hour,main,18,True,False,day_of_week,Fri,Mondrian-split-CP,1.0,60.54320965608471,18,0.1023956894881034,False
C_bham_hour,main,18,True,False,day_of_week,Sat,Mondrian-split-CP,0.9473684210526316,60.74318201754391,19,0.1023956894881034,False
C_bham_hour,main,18,True,False,day_of_week,Sun,Mondrian-split-CP,0.8823529411764706,60.31971113445383,17,0.1023956894881034,False
C_bham_hour,main,18,True,False,day_of_week,Mon,ACI,1.0,50.46044507936514,25,0.1023956894881034,False
C_bham_hour,main,18,True,False,day_of_week,Tue,ACI,1.0,50.58644152661065,17,0.1023956894881034,False
C_bham_hour,main,18,True,False,day_of_week,Wed,ACI,0.7368421052631579,49.99636121553883,19,0.1023956894881034,False
C_bham_hour,main,18,True,False,day_of_week,Thu,ACI,0.9,47.08911488095234,20,0.1023956894881034,False
C_bham_hour,main,18,True,False,day_of_week,Fri,ACI,0.8888888888888888,43.86115652557318,18,0.1023956894881034,False
C_bham_hour,main,18,True,False,day_of_week,Sat,ACI,0.8947368421052632,43.42249603174605,19,0.1023956894881034,False
C_bham_hour,main,18,True,False,day_of_week,Sun,ACI,0.8235294117647058,45.28880088702155,17,0.1023956894881034,False
C_bham_hour,main,18,True,False,day_of_week,Mon,ToD-ACI,1.0,55.91804285714286,25,0.1023956894881034,False
C_bham_hour,main,18,True,False,day_of_week,Tue,ToD-ACI,1.0,56.73063900560226,17,0.1023956894881034,False
C_bham_hour,main,18,True,False,day_of_week,Wed,ToD-ACI,0.8947368421052632,56.56249780701758,19,0.1023956894881034,False
C_bham_hour,main,18,True,False,day_of_week,Thu,ToD-ACI,1.0,56.94392619047619,20,0.1023956894881034,False
C_bham_hour,main,18,True,False,day_of_week,Fri,ToD-ACI,1.0,56.05304563492061,18,0.1023956894881034,False
C_bham_hour,main,18,True,False,day_of_week,Sat,ToD-ACI,0.9473684210526316,55.24068890977445,19,0.1023956894881034,False
C_bham_hour,main,18,True,False,day_of_week,Sun,ToD-ACI,0.8235294117647058,54.32182072829135,17,0.1023956894881034,False
C_bham_hour,main,18,True,False,occupancy_tercile,mid,split-CP,1.0,64.34268452380957,61,0.1539205107849312,False
C_bham_hour,main,18,True,False,occupancy_tercile,high,split-CP,0.9545454545454546,64.34268452380957,22,0.1539205107849312,False
C_bham_hour,main,18,True,False,occupancy_tercile,low,split-CP,0.9230769230769232,64.34268452380957,52,0.1539205107849312,False
C_bham_hour,main,18,True,False,occupancy_tercile,mid,Mondrian-split-CP,0.9836065573770492,61.081391491022686,61,0.1539205107849312,False
C_bham_hour,main,18,True,False,occupancy_tercile,high,Mondrian-split-CP,0.9090909090909092,58.926311958874514,22,0.1539205107849312,False
C_bham_hour,main,18,True,False,occupancy_tercile,low,Mondrian-split-CP,0.9423076923076924,60.59595306776562,52,0.1539205107849312,False
C_bham_hour,main,18,True,False,occupancy_tercile,mid,ACI,0.918032786885246,48.51061283502476,61,0.1539205107849312,False
C_bham_hour,main,18,True,False,occupancy_tercile,high,ACI,0.9090909090909092,52.25377408008656,22,0.1539205107849312,False
C_bham_hour,main,18,True,False,occupancy_tercile,low,ACI,0.8653846153846154,44.017331501831535,52,0.1539205107849312,False
C_bham_hour,main,18,True,False,occupancy_tercile,mid,ToD-ACI,1.0,56.4794012490242,61,0.1539205107849312,False
C_bham_hour,main,18,True,False,occupancy_tercile,high,ToD-ACI,0.9090909090909092,56.44994209956713,22,0.1539205107849312,False
C_bham_hour,main,18,True,False,occupancy_tercile,low,ToD-ACI,0.9230769230769232,55.20758802655679,52,0.1539205107849312,False
C_bham_hour,main,18,True,False,random_6,r0,split-CP,1.0,64.34268452380957,21,0.1233096294479124,False
C_bham_hour,main,18,True,False,random_6,r4,split-CP,0.9722222222222222,64.34268452380957,36,0.1233096294479124,False
C_bham_hour,main,18,True,False,random_6,r3,split-CP,0.9130434782608696,64.34268452380957,23,0.1233096294479124,False
C_bham_hour,main,18,True,False,random_6,r2,split-CP,0.96,64.34268452380957,25,0.1233096294479124,False
C_bham_hour,main,18,True,False,random_6,r5,split-CP,1.0,64.34268452380957,15,0.1233096294479124,False
C_bham_hour,main,18,True,False,random_6,r1,split-CP,0.9333333333333332,64.34268452380957,15,0.1233096294479124,False
C_bham_hour,main,18,True,False,random_6,r0,Mondrian-split-CP,1.0,59.28616836734699,21,0.1233096294479124,False
C_bham_hour,main,18,True,False,random_6,r4,Mondrian-split-CP,0.9444444444444444,61.21777166005297,36,0.1233096294479124,False
C_bham_hour,main,18,True,False,random_6,r3,Mondrian-split-CP,0.9130434782608696,61.12161438923399,23,0.1233096294479124,False
C_bham_hour,main,18,True,False,random_6,r2,Mondrian-split-CP,0.96,59.63968571428576,25,0.1233096294479124,False
C_bham_hour,main,18,True,False,random_6,r5,Mondrian-split-CP,1.0,61.57771349206355,15,0.1233096294479124,False
C_bham_hour,main,18,True,False,random_6,r1,Mondrian-split-CP,0.9333333333333332,60.26860079365083,15,0.1233096294479124,False
C_bham_hour,main,18,True,False,random_6,r0,ACI,0.9523809523809524,48.18361942554804,21,0.1233096294479124,False
C_bham_hour,main,18,True,False,random_6,r4,ACI,0.8611111111111112,46.70973346560846,36,0.1233096294479124,False
C_bham_hour,main,18,True,False,random_6,r3,ACI,0.8695652173913043,48.91967900276056,23,0.1233096294479124,False
C_bham_hour,main,18,True,False,random_6,r2,ACI,0.92,47.03994523809525,25,0.1233096294479124,False
C_bham_hour,main,18,True,False,random_6,r5,ACI,0.8666666666666667,48.273648148148126,15,0.1233096294479124,False
C_bham_hour,main,18,True,False,random_6,r1,ACI,0.9333333333333332,45.26461785714288,15,0.1233096294479124,False
C_bham_hour,main,18,True,False,random_6,r0,ToD-ACI,1.0,55.93157709750568,21,0.1233096294479124,False
C_bham_hour,main,18,True,False,random_6,r4,ToD-ACI,0.9444444444444444,57.45221941137569,36,0.1233096294479124,False
C_bham_hour,main,18,True,False,random_6,r3,ToD-ACI,0.9130434782608696,55.711328933747424,23,0.1233096294479124,False
C_bham_hour,main,18,True,False,random_6,r2,ToD-ACI,0.96,54.17300357142856,25,0.1233096294479124,False
C_bham_hour,main,18,True,False,random_6,r5,ToD-ACI,1.0,56.50007460317463,15,0.1233096294479124,False
C_bham_hour,main,18,True,False,random_6,r1,ToD-ACI,0.9333333333333332,55.46046587301589,15,0.1233096294479124,False
C_bham_hour,main,18,True,False,hour_of_day,h11,split-CP,0.9333333333333332,64.34268452380957,30,1.0,False
C_bham_hour,main,18,True,False,hour_of_day,h12,split-CP,1.0,64.34268452380957,30,1.0,False
C_bham_hour,main,18,True,False,hour_of_day,h13,split-CP,0.9,64.34268452380957,30,1.0,False
C_bham_hour,main,18,True,False,hour_of_day,h14,split-CP,1.0,64.34268452380957,30,1.0,False
C_bham_hour,main,18,True,False,hour_of_day,h10,split-CP,1.0,64.34268452380957,7,1.0,False
C_bham_hour,main,18,True,False,hour_of_day,h15,split-CP,1.0,64.34268452380957,8,1.0,False
C_bham_hour,main,18,True,False,hour_of_day,h11,Mondrian-split-CP,0.8666666666666667,47.76830952380965,30,1.0,False
C_bham_hour,main,18,True,False,hour_of_day,h12,Mondrian-split-CP,1.0,59.17188095238089,30,1.0,False
C_bham_hour,main,18,True,False,hour_of_day,h13,Mondrian-split-CP,0.9333333333333332,68.99022619047628,30,1.0,False
C_bham_hour,main,18,True,False,hour_of_day,h14,Mondrian-split-CP,1.0,64.34268452380957,30,1.0,False
C_bham_hour,main,18,True,False,hour_of_day,h10,Mondrian-split-CP,1.0,64.34268452380957,7,1.0,False
C_bham_hour,main,18,True,False,hour_of_day,h15,Mondrian-split-CP,1.0,64.34268452380957,8,1.0,False
C_bham_hour,main,18,True,False,hour_of_day,h11,ACI,0.8666666666666667,47.57001130952382,30,1.0,False
C_bham_hour,main,18,True,False,hour_of_day,h12,ACI,0.9333333333333332,47.73176018518521,30,1.0,False
C_bham_hour,main,18,True,False,hour_of_day,h13,ACI,0.8,47.08105257936509,30,1.0,False
C_bham_hour,main,18,True,False,hour_of_day,h14,ACI,1.0,46.791503042328046,30,1.0,False
C_bham_hour,main,18,True,False,hour_of_day,h10,ACI,1.0,49.73695039682538,7,1.0,False
C_bham_hour,main,18,True,False,hour_of_day,h15,ACI,0.75,46.78039806547623,8,1.0,False
C_bham_hour,main,18,True,False,hour_of_day,h11,ToD-ACI,0.9,50.22175198412699,30,1.0,False
C_bham_hour,main,18,True,False,hour_of_day,h12,ToD-ACI,1.0,50.82027976190477,30,1.0,False
C_bham_hour,main,18,True,False,hour_of_day,h13,ToD-ACI,0.9,64.03131706349207,30,1.0,False
C_bham_hour,main,18,True,False,hour_of_day,h14,ToD-ACI,1.0,55.03125515873018,30,1.0,False
C_bham_hour,main,18,True,False,hour_of_day,h10,ToD-ACI,1.0,64.34268452380957,7,1.0,False
C_bham_hour,main,18,True,False,hour_of_day,h15,ToD-ACI,1.0,63.04998363095239,8,1.0,False
C_bham_hour,main,19,True,False,day_of_week,Mon,split-CP,0.84,418.8957738095241,25,0.1023956894881034,False
C_bham_hour,main,19,True,False,day_of_week,Tue,split-CP,0.9411764705882352,418.89577380952414,17,0.1023956894881034,False
C_bham_hour,main,19,True,False,day_of_week,Wed,split-CP,1.0,418.89577380952414,19,0.1023956894881034,False
C_bham_hour,main,19,True,False,day_of_week,Thu,split-CP,0.8,418.89577380952414,20,0.1023956894881034,False
C_bham_hour,main,19,True,False,day_of_week,Fri,split-CP,1.0,418.89577380952414,18,0.1023956894881034,False
C_bham_hour,main,19,True,False,day_of_week,Sat,split-CP,1.0,418.89577380952414,19,0.1023956894881034,False
C_bham_hour,main,19,True,False,day_of_week,Sun,split-CP,0.7058823529411765,418.89577380952414,17,0.1023956894881034,False
C_bham_hour,main,19,True,False,day_of_week,Mon,Mondrian-split-CP,0.84,421.622850952381,25,0.1023956894881034,False
C_bham_hour,main,19,True,False,day_of_week,Tue,Mondrian-split-CP,0.9411764705882352,422.2705,17,0.1023956894881034,False
C_bham_hour,main,19,True,False,day_of_week,Wed,Mondrian-split-CP,1.0,421.9152656641604,19,0.1023956894881034,False
C_bham_hour,main,19,True,False,day_of_week,Thu,Mondrian-split-CP,0.8,422.360244047619,20,0.1023956894881034,False
C_bham_hour,main,19,True,False,day_of_week,Fri,Mondrian-split-CP,1.0,422.0830152116402,18,0.1023956894881034,False
C_bham_hour,main,19,True,False,day_of_week,Sat,Mondrian-split-CP,1.0,422.5425845864661,19,0.1023956894881034,False
C_bham_hour,main,19,True,False,day_of_week,Sun,Mondrian-split-CP,0.7058823529411765,421.5693788515406,17,0.1023956894881034,False
C_bham_hour,main,19,True,False,day_of_week,Mon,ACI,0.84,425.3463495238095,25,0.1023956894881034,False
C_bham_hour,main,19,True,False,day_of_week,Tue,ACI,0.9411764705882352,460.49041226339017,17,0.1023956894881034,False
C_bham_hour,main,19,True,False,day_of_week,Wed,ACI,1.0,447.56682859611146,19,0.1023956894881034,False
C_bham_hour,main,19,True,False,day_of_week,Thu,ACI,0.85,445.85623157467535,20,0.1023956894881034,False
C_bham_hour,main,19,True,False,day_of_week,Fri,ACI,1.0,447.3129009139008,18,0.1023956894881034,False
C_bham_hour,main,19,True,False,day_of_week,Sat,ACI,1.0,416.8800967285638,19,0.1023956894881034,False
C_bham_hour,main,19,True,False,day_of_week,Sun,ACI,0.7058823529411765,407.98715552584673,17,0.1023956894881034,False
C_bham_hour,main,19,True,False,day_of_week,Mon,ToD-ACI,0.92,421.57216857142856,25,0.1023956894881034,False
C_bham_hour,main,19,True,False,day_of_week,Tue,ToD-ACI,0.9411764705882352,427.55322298616426,17,0.1023956894881034,False
C_bham_hour,main,19,True,False,day_of_week,Wed,ToD-ACI,1.0,426.6238900660743,19,0.1023956894881034,False
C_bham_hour,main,19,True,False,day_of_week,Thu,ToD-ACI,0.85,425.5960535714288,20,0.1023956894881034,False
C_bham_hour,main,19,True,False,day_of_week,Fri,ToD-ACI,1.0,424.9416633597884,18,0.1023956894881034,False
C_bham_hour,main,19,True,False,day_of_week,Sat,ToD-ACI,1.0,421.5707121496924,19,0.1023956894881034,False
C_bham_hour,main,19,True,False,day_of_week,Sun,ToD-ACI,0.7058823529411765,409.5664249002632,17,0.1023956894881034,False
C_bham_hour,main,19,True,False,occupancy_tercile,mid,split-CP,1.0,418.89577380952414,13,0.5935034972597543,False
C_bham_hour,main,19,True,False,occupancy_tercile,high,split-CP,0.912280701754386,418.8957738095242,114,0.5935034972597543,False
C_bham_hour,main,19,True,False,occupancy_tercile,low,split-CP,0.5,418.89577380952414,8,0.5935034972597543,False
C_bham_hour,main,19,True,False,occupancy_tercile,mid,Mondrian-split-CP,1.0,419.8126245421248,13,0.5935034972597543,False
C_bham_hour,main,19,True,False,occupancy_tercile,high,Mondrian-split-CP,0.912280701754386,421.99054312865496,114,0.5935034972597543,False
C_bham_hour,main,19,True,False,occupancy_tercile,low,Mondrian-split-CP,0.5,426.3451860119046,8,0.5935034972597543,False
C_bham_hour,main,19,True,False,occupancy_tercile,mid,ACI,1.0,442.9210467032968,13,0.5935034972597543,False
C_bham_hour,main,19,True,False,occupancy_tercile,high,ACI,0.912280701754386,434.5564814435077,114,0.5935034972597543,False
C_bham_hour,main,19,True,False,occupancy_tercile,low,ACI,0.625,436.7016659902598,8,0.5935034972597543,False
C_bham_hour,main,19,True,False,occupancy_tercile,mid,ToD-ACI,1.0,416.3422989926742,13,0.5935034972597543,False
C_bham_hour,main,19,True,False,occupancy_tercile,high,ToD-ACI,0.9298245614035088,422.2239006132757,114,0.5935034972597543,False
C_bham_hour,main,19,True,False,occupancy_tercile,low,ToD-ACI,0.625,437.6165156926405,8,0.5935034972597543,False
C_bham_hour,main,19,True,False,random_6,r0,split-CP,0.8095238095238095,418.8957738095241,21,0.1233096294479124,False
C_bham_hour,main,19,True,False,random_6,r4,split-CP,0.9722222222222222,418.895773809524,36,0.1233096294479124,False
C_bham_hour,main,19,True,False,random_6,r3,split-CP,0.9130434782608696,418.895773809524,23,0.1233096294479124,False
C_bham_hour,main,19,True,False,random_6,r2,split-CP,0.92,418.8957738095241,25,0.1233096294479124,False
C_bham_hour,main,19,True,False,random_6,r5,split-CP,0.8,418.89577380952414,15,0.1233096294479124,False
C_bham_hour,main,19,True,False,random_6,r1,split-CP,0.8666666666666667,418.89577380952414,15,0.1233096294479124,False
C_bham_hour,main,19,True,False,random_6,r0,Mondrian-split-CP,0.8095238095238095,421.0601207482993,21,0.1233096294479124,False
C_bham_hour,main,19,True,False,random_6,r4,Mondrian-split-CP,0.9722222222222222,423.1071722883596,36,0.1233096294479124,False
C_bham_hour,main,19,True,False,random_6,r3,Mondrian-split-CP,0.9130434782608696,421.859988095238,23,0.1233096294479124,False
C_bham_hour,main,19,True,False,random_6,r2,Mondrian-split-CP,0.92,421.1015895238096,25,0.1233096294479124,False
C_bham_hour,main,19,True,False,random_6,r5,Mondrian-split-CP,0.8,422.7946285714286,15,0.1233096294479124,False
C_bham_hour,main,19,True,False,random_6,r1,Mondrian-split-CP,0.8666666666666667,421.9258595238095,15,0.1233096294479124,False
C_bham_hour,main,19,True,False,random_6,r0,ACI,0.8095238095238095,433.29236610149104,21,0.1233096294479124,False
C_bham_hour,main,19,True,False,random_6,r4,ACI,0.9722222222222222,438.8366472713243,36,0.1233096294479124,False
C_bham_hour,main,19,True,False,random_6,r3,ACI,0.9130434782608696,422.2453161506368,23,0.1233096294479124,False
C_bham_hour,main,19,True,False,random_6,r2,ACI,0.92,436.682033023088,25,0.1233096294479124,False
C_bham_hour,main,19,True,False,random_6,r5,ACI,0.8,443.0261865079364,15,0.1233096294479124,False
C_bham_hour,main,19,True,False,random_6,r1,ACI,0.9333333333333332,441.3120623376623,15,0.1233096294479124,False
C_bham_hour,main,19,True,False,random_6,r0,ToD-ACI,0.8095238095238095,419.2103968769327,21,0.1233096294479124,False
C_bham_hour,main,19,True,False,random_6,r4,ToD-ACI,0.9722222222222222,421.6358200106222,36,0.1233096294479124,False
C_bham_hour,main,19,True,False,random_6,r3,ToD-ACI,0.9565217391304348,423.9071260351967,23,0.1233096294479124,False
C_bham_hour,main,19,True,False,random_6,r2,ToD-ACI,0.96,417.38112300144303,25,0.1233096294479124,False
C_bham_hour,main,19,True,False,random_6,r5,ToD-ACI,0.8,430.61096934824434,15,0.1233096294479124,False
C_bham_hour,main,19,True,False,random_6,r1,ToD-ACI,0.9333333333333332,428.0694875661375,15,0.1233096294479124,False
C_bham_hour,main,19,True,False,hour_of_day,h11,split-CP,0.9333333333333332,418.895773809524,30,1.0,False
C_bham_hour,main,19,True,False,hour_of_day,h12,split-CP,0.9666666666666668,418.895773809524,30,1.0,False
C_bham_hour,main,19,True,False,hour_of_day,h13,split-CP,0.9666666666666668,418.895773809524,30,1.0,False
C_bham_hour,main,19,True,False,hour_of_day,h14,split-CP,0.7666666666666667,418.895773809524,30,1.0,False
C_bham_hour,main,19,True,False,hour_of_day,h10,split-CP,0.5714285714285714,418.89577380952414,7,1.0,False
C_bham_hour,main,19,True,False,hour_of_day,h15,split-CP,1.0,418.89577380952414,8,1.0,False
C_bham_hour,main,19,True,False,hour_of_day,h11,Mondrian-split-CP,0.9333333333333332,418.895773809524,30,1.0,False
C_bham_hour,main,19,True,False,hour_of_day,h12,Mondrian-split-CP,0.9666666666666668,418.3395357142854,30,1.0,False
C_bham_hour,main,19,True,False,hour_of_day,h13,Mondrian-split-CP,0.9666666666666668,430.814833333333,30,1.0,False
C_bham_hour,main,19,True,False,hour_of_day,h14,Mondrian-split-CP,0.7666666666666667,418.895773809524,30,1.0,False
C_bham_hour,main,19,True,False,hour_of_day,h10,Mondrian-split-CP,0.5714285714285714,430.8148333333329,7,1.0,False
C_bham_hour,main,19,True,False,hour_of_day,h15,Mondrian-split-CP,1.0,418.89577380952414,8,1.0,False
C_bham_hour,main,19,True,False,hour_of_day,h11,ACI,0.9333333333333332,438.46981908369406,30,1.0,False
C_bham_hour,main,19,True,False,hour_of_day,h12,ACI,0.9666666666666668,438.4108454545455,30,1.0,False
C_bham_hour,main,19,True,False,hour_of_day,h13,ACI,0.9666666666666668,435.7231266113515,30,1.0,False
C_bham_hour,main,19,True,False,hour_of_day,h14,ACI,0.7666666666666667,431.9284268097644,30,1.0,False
C_bham_hour,main,19,True,False,hour_of_day,h10,ACI,0.7142857142857143,437.5273504174398,7,1.0,False
C_bham_hour,main,19,True,False,hour_of_day,h15,ACI,1.0,424.0459784902597,8,1.0,False
C_bham_hour,main,19,True,False,hour_of_day,h11,ToD-ACI,0.9333333333333332,405.4901226551227,30,1.0,False
C_bham_hour,main,19,True,False,hour_of_day,h12,ToD-ACI,0.9666666666666668,396.2242940836941,30,1.0,False
C_bham_hour,main,19,True,False,hour_of_day,h13,ToD-ACI,0.9666666666666668,416.859321031746,30,1.0,False
C_bham_hour,main,19,True,False,hour_of_day,h14,ToD-ACI,0.8333333333333334,464.5818833694084,30,1.0,False
C_bham_hour,main,19,True,False,hour_of_day,h10,ToD-ACI,0.7142857142857143,462.9674439548545,7,1.0,False
C_bham_hour,main,19,True,False,hour_of_day,h15,ToD-ACI,1.0,413.93324255952393,8,1.0,False
C_bham_hour,main,20,True,False,day_of_week,Mon,split-CP,1.0,84.81450000000018,16,0.1318806311024978,False
C_bham_hour,main,20,True,False,day_of_week,Tue,split-CP,1.0,84.81450000000018,17,0.1318806311024978,False
C_bham_hour,main,20,True,False,day_of_week,Wed,split-CP,1.0,84.81450000000018,19,0.1318806311024978,False
C_bham_hour,main,20,True,False,day_of_week,Thu,split-CP,1.0,84.81450000000018,20,0.1318806311024978,False
C_bham_hour,main,20,True,False,day_of_week,Fri,split-CP,1.0,84.81450000000018,10,0.1318806311024978,False
C_bham_hour,main,20,True,False,day_of_week,Mon,Mondrian-split-CP,1.0,85.8440912698413,16,0.1318806311024978,False
C_bham_hour,main,20,True,False,day_of_week,Tue,Mondrian-split-CP,1.0,85.78352707749772,17,0.1318806311024978,False
C_bham_hour,main,20,True,False,day_of_week,Wed,Mondrian-split-CP,1.0,85.6815242272348,19,0.1318806311024978,False
C_bham_hour,main,20,True,False,day_of_week,Thu,Mondrian-split-CP,1.0,85.63817301587306,20,0.1318806311024978,False
C_bham_hour,main,20,True,False,day_of_week,Fri,Mondrian-split-CP,1.0,85.63817301587308,10,0.1318806311024978,False
C_bham_hour,main,20,True,False,day_of_week,Mon,ACI,0.875,48.74294716134561,16,0.1318806311024978,False
C_bham_hour,main,20,True,False,day_of_week,Tue,ACI,1.0,34.6301165011459,17,0.1318806311024978,False
C_bham_hour,main,20,True,False,day_of_week,Wed,ACI,0.7894736842105263,26.7051670179236,19,0.1318806311024978,False
C_bham_hour,main,20,True,False,day_of_week,Thu,ACI,0.85,33.08698126803752,20,0.1318806311024978,False
C_bham_hour,main,20,True,False,day_of_week,Fri,ACI,0.8,104.7836007936508,10,0.1318806311024978,False
C_bham_hour,main,20,True,False,day_of_week,Mon,ToD-ACI,1.0,63.460727926587296,16,0.1318806311024978,False
C_bham_hour,main,20,True,False,day_of_week,Tue,ToD-ACI,1.0,55.36803501400559,17,0.1318806311024978,False
C_bham_hour,main,20,True,False,day_of_week,Wed,ToD-ACI,1.0,50.794049308878265,19,0.1318806311024978,False
C_bham_hour,main,20,True,False,day_of_week,Thu,ToD-ACI,0.85,44.57383549783548,20,0.1318806311024978,False
C_bham_hour,main,20,True,False,day_of_week,Fri,ToD-ACI,0.6,60.372915476190464,10,0.1318806311024978,False
C_bham_hour,main,20,True,False,occupancy_tercile,mid,split-CP,1.0,84.81450000000018,45,0.2389534796400729,False
C_bham_hour,main,20,True,False,occupancy_tercile,low,split-CP,1.0,84.81450000000021,27,0.2389534796400729,False
C_bham_hour,main,20,True,False,occupancy_tercile,high,split-CP,1.0,84.81450000000018,10,0.2389534796400729,False
C_bham_hour,main,20,True,False,occupancy_tercile,mid,Mondrian-split-CP,1.0,85.24095855379193,45,0.2389534796400729,False
C_bham_hour,main,20,True,False,occupancy_tercile,low,Mondrian-split-CP,1.0,86.54424838330398,27,0.2389534796400729,False
C_bham_hour,main,20,True,False,occupancy_tercile,high,Mondrian-split-CP,1.0,85.63817301587308,10,0.2389534796400729,False
C_bham_hour,main,20,True,False,occupancy_tercile,mid,ACI,0.9555555555555556,38.59943540163541,45,0.2389534796400729,False
C_bham_hour,main,20,True,False,occupancy_tercile,low,ACI,0.7777777777777778,57.36060259339428,27,0.2389534796400729,False
C_bham_hour,main,20,True,False,occupancy_tercile,high,ACI,0.7,29.98620786435786,10,0.2389534796400729,False
C_bham_hour,main,20,True,False,occupancy_tercile,mid,ToD-ACI,1.0,57.96026408529743,45,0.2389534796400729,False
C_bham_hour,main,20,True,False,occupancy_tercile,low,ToD-ACI,0.8518518518518519,52.28106720645607,27,0.2389534796400729,False
C_bham_hour,main,20,True,False,occupancy_tercile,high,ToD-ACI,0.7,39.71203452380951,10,0.2389534796400729,False
C_bham_hour,main,20,True,False,random_6,r0,split-CP,1.0,84.81450000000018,12,0.1894487746242442,False
C_bham_hour,main,20,True,False,random_6,r4,split-CP,1.0,84.81450000000018,20,0.1894487746242442,False
C_bham_hour,main,20,True,False,random_6,r3,split-CP,1.0,84.81450000000018,10,0.1894487746242442,False
C_bham_hour,main,20,True,False,random_6,r2,split-CP,1.0,84.81450000000018,19,0.1894487746242442,False
C_bham_hour,main,20,True,False,random_6,r5,split-CP,1.0,84.81450000000018,12,0.1894487746242442,False
C_bham_hour,main,20,True,False,random_6,r1,split-CP,1.0,84.81450000000018,9,0.1894487746242442,False
C_bham_hour,main,20,True,False,random_6,r0,Mondrian-split-CP,1.0,86.03515079365083,12,0.1894487746242442,False
C_bham_hour,main,20,True,False,random_6,r4,Mondrian-split-CP,1.0,86.8524595238096,20,0.1894487746242442,False
C_bham_hour,main,20,True,False,random_6,r3,Mondrian-split-CP,1.0,85.17963015873018,10,0.1894487746242442,False
C_bham_hour,main,20,True,False,random_6,r2,Mondrian-split-CP,1.0,84.98209147869677,19,0.1894487746242442,False
C_bham_hour,main,20,True,False,random_6,r5,Mondrian-split-CP,1.0,85.84409126984129,12,0.1894487746242442,False
C_bham_hour,main,20,True,False,random_6,r1,Mondrian-split-CP,1.0,84.76260405643745,9,0.1894487746242442,False
C_bham_hour,main,20,True,False,random_6,r0,ACI,1.0,46.3255956439394,12,0.1894487746242442,False
C_bham_hour,main,20,True,False,random_6,r4,ACI,0.85,40.48834314574315,20,0.1894487746242442,False
C_bham_hour,main,20,True,False,random_6,r3,ACI,0.9,41.42072837301587,10,0.1894487746242442,False
C_bham_hour,main,20,True,False,random_6,r2,ACI,0.8421052631578947,50.97675367395763,19,0.1894487746242442,False
C_bham_hour,main,20,True,False,random_6,r5,ACI,0.8333333333333334,34.8600896164021,12,0.1894487746242442,False
C_bham_hour,main,20,True,False,random_6,r1,ACI,0.7777777777777778,46.53469468494468,9,0.1894487746242442,False
C_bham_hour,main,20,True,False,random_6,r0,ToD-ACI,0.9166666666666666,51.68521254208752,12,0.1894487746242442,False
C_bham_hour,main,20,True,False,random_6,r4,ToD-ACI,0.9,57.69499926046175,20,0.1894487746242442,False
C_bham_hour,main,20,True,False,random_6,r3,ToD-ACI,0.9,55.53449958513709,10,0.1894487746242442,False
C_bham_hour,main,20,True,False,random_6,r2,ToD-ACI,0.9473684210526316,53.28904631844763,19,0.1894487746242442,False
C_bham_hour,main,20,True,False,random_6,r5,ToD-ACI,1.0,55.7875014129389,12,0.1894487746242442,False
C_bham_hour,main,20,True,False,random_6,r1,ToD-ACI,0.7777777777777778,45.05684611992947,9,0.1894487746242442,False
C_bham_hour,main,20,True,False,hour_of_day,h11,split-CP,1.0,84.81450000000018,18,1.0,False
C_bham_hour,main,20,True,False,hour_of_day,h12,split-CP,1.0,84.81450000000018,18,1.0,False
C_bham_hour,main,20,True,False,hour_of_day,h13,split-CP,1.0,84.81450000000018,18,1.0,False
C_bham_hour,main,20,True,False,hour_of_day,h14,split-CP,1.0,84.81450000000018,18,1.0,False
C_bham_hour,main,20,True,False,hour_of_day,h10,split-CP,1.0,84.81450000000018,5,1.0,False
C_bham_hour,main,20,True,False,hour_of_day,h15,split-CP,1.0,84.81450000000018,5,1.0,False
C_bham_hour,main,20,True,False,hour_of_day,h11,Mondrian-split-CP,1.0,82.52178571428567,18,1.0,False
C_bham_hour,main,20,True,False,hour_of_day,h12,Mondrian-split-CP,1.0,82.52178571428567,18,1.0,False
C_bham_hour,main,20,True,False,hour_of_day,h13,Mondrian-split-CP,1.0,84.81450000000018,18,1.0,False
C_bham_hour,main,20,True,False,hour_of_day,h14,Mondrian-split-CP,1.0,93.51829365079368,18,1.0,False
C_bham_hour,main,20,True,False,hour_of_day,h10,Mondrian-split-CP,1.0,84.81450000000018,5,1.0,False
C_bham_hour,main,20,True,False,hour_of_day,h15,Mondrian-split-CP,1.0,84.81450000000018,5,1.0,False
C_bham_hour,main,20,True,False,hour_of_day,h11,ACI,0.9444444444444444,51.13851669472505,18,1.0,False
C_bham_hour,main,20,True,False,hour_of_day,h12,ACI,1.0,45.43839004128588,18,1.0,False
C_bham_hour,main,20,True,False,hour_of_day,h13,ACI,1.0,39.19293192841108,18,1.0,False
C_bham_hour,main,20,True,False,hour_of_day,h14,ACI,0.6111111111111112,33.65695263147346,18,1.0,False
C_bham_hour,main,20,True,False,hour_of_day,h10,ACI,1.0,55.229934523809526,5,1.0,False
C_bham_hour,main,20,True,False,hour_of_day,h15,ACI,0.4,51.94820515873018,5,1.0,False
C_bham_hour,main,20,True,False,hour_of_day,h11,ToD-ACI,0.8888888888888888,47.6281254409171,18,1.0,False
C_bham_hour,main,20,True,False,hour_of_day,h12,ToD-ACI,1.0,44.437446869488525,18,1.0,False
C_bham_hour,main,20,True,False,hour_of_day,h13,ToD-ACI,0.8888888888888888,47.76206579685748,18,1.0,False
C_bham_hour,main,20,True,False,hour_of_day,h14,ToD-ACI,0.8888888888888888,61.63458146945647,18,1.0,False
C_bham_hour,main,20,True,False,hour_of_day,h10,ToD-ACI,1.0,69.33539126984127,5,1.0,False
C_bham_hour,main,20,True,False,hour_of_day,h15,ToD-ACI,0.8,88.78482698412698,5,1.0,False
C_bham_hour,main,22,True,False,day_of_week,Mon,split-CP,1.0,89.25191666666666,16,0.1318806311024978,False
C_bham_hour,main,22,True,False,day_of_week,Tue,split-CP,1.0,89.25191666666666,17,0.1318806311024978,False
C_bham_hour,main,22,True,False,day_of_week,Wed,split-CP,1.0,89.25191666666666,19,0.1318806311024978,False
C_bham_hour,main,22,True,False,day_of_week,Thu,split-CP,1.0,89.25191666666665,20,0.1318806311024978,False
C_bham_hour,main,22,True,False,day_of_week,Fri,split-CP,1.0,89.25191666666665,10,0.1318806311024978,False
C_bham_hour,main,22,True,False,day_of_week,Mon,Mondrian-split-CP,1.0,91.05368154761904,16,0.1318806311024978,False
C_bham_hour,main,22,True,False,day_of_week,Tue,Mondrian-split-CP,1.0,90.94769537815124,17,0.1318806311024978,False
C_bham_hour,main,22,True,False,day_of_week,Wed,Mondrian-split-CP,1.0,90.76919235588971,19,0.1318806311024978,False
C_bham_hour,main,22,True,False,day_of_week,Thu,Mondrian-split-CP,1.0,90.69332857142857,20,0.1318806311024978,False
C_bham_hour,main,22,True,False,day_of_week,Fri,Mondrian-split-CP,1.0,90.69332857142857,10,0.1318806311024978,False
C_bham_hour,main,22,True,False,day_of_week,Mon,ACI,0.9375,53.59949491567461,16,0.1318806311024978,False
C_bham_hour,main,22,True,False,day_of_week,Tue,ACI,0.8823529411764706,37.144874766573295,17,0.1318806311024978,False
C_bham_hour,main,22,True,False,day_of_week,Wed,ACI,0.8947368421052632,30.122252819548866,19,0.1318806311024978,False
C_bham_hour,main,22,True,False,day_of_week,Thu,ACI,0.8,29.62784027777778,20,0.1318806311024978,False
C_bham_hour,main,22,True,False,day_of_week,Fri,ACI,1.0,101.8139839285714,10,0.1318806311024978,False
C_bham_hour,main,22,True,False,day_of_week,Mon,ToD-ACI,1.0,72.84470882936509,16,0.1318806311024978,False
C_bham_hour,main,22,True,False,day_of_week,Tue,ToD-ACI,1.0,64.15944211017738,17,0.1318806311024978,False
C_bham_hour,main,22,True,False,day_of_week,Wed,ToD-ACI,1.0,60.22928780284042,19,0.1318806311024978,False
C_bham_hour,main,22,True,False,day_of_week,Thu,ToD-ACI,0.9,54.9304125,20,0.1318806311024978,False
C_bham_hour,main,22,True,False,day_of_week,Fri,ToD-ACI,0.5,50.15854484126984,10,0.1318806311024978,False
C_bham_hour,main,22,True,False,occupancy_tercile,low,split-CP,1.0,89.25191666666667,24,0.2361035033570994,False
C_bham_hour,main,22,True,False,occupancy_tercile,mid,split-CP,1.0,89.25191666666665,39,0.2361035033570994,False
C_bham_hour,main,22,True,False,occupancy_tercile,high,split-CP,1.0,89.25191666666665,19,0.2361035033570994,False
C_bham_hour,main,22,True,False,occupancy_tercile,low,Mondrian-split-CP,1.0,90.70793799603172,24,0.2361035033570994,False
C_bham_hour,main,22,True,False,occupancy_tercile,mid,Mondrian-split-CP,1.0,90.84366269841269,39,0.2361035033570994,False
C_bham_hour,main,22,True,False,occupancy_tercile,high,Mondrian-split-CP,1.0,90.97320426065164,19,0.2361035033570994,False
C_bham_hour,main,22,True,False,occupancy_tercile,low,ACI,0.875,61.98754786706348,24,0.2361035033570994,False
C_bham_hour,main,22,True,False,occupancy_tercile,mid,ACI,0.9230769230769232,39.47406990231988,39,0.2361035033570994,False
C_bham_hour,main,22,True,False,occupancy_tercile,high,ACI,0.8421052631578947,33.941282268170426,19,0.2361035033570994,False
C_bham_hour,main,22,True,False,occupancy_tercile,low,ToD-ACI,0.7916666666666666,56.40348040674602,24,0.2361035033570994,False
C_bham_hour,main,22,True,False,occupancy_tercile,mid,ToD-ACI,1.0,64.304182030932,39,0.2361035033570994,False
C_bham_hour,main,22,True,False,occupancy_tercile,high,ToD-ACI,0.8947368421052632,59.95944183375106,19,0.2361035033570994,False
C_bham_hour,main,22,True,False,random_6,r0,split-CP,1.0,89.25191666666666,12,0.1894487746242442,False
C_bham_hour,main,22,True,False,random_6,r4,split-CP,1.0,89.25191666666665,20,0.1894487746242442,False
C_bham_hour,main,22,True,False,random_6,r3,split-CP,1.0,89.25191666666667,10,0.1894487746242442,False
C_bham_hour,main,22,True,False,random_6,r2,split-CP,1.0,89.25191666666665,19,0.1894487746242442,False
C_bham_hour,main,22,True,False,random_6,r5,split-CP,1.0,89.25191666666666,12,0.1894487746242442,False
C_bham_hour,main,22,True,False,random_6,r1,split-CP,1.0,89.25191666666666,9,0.1894487746242442,False
C_bham_hour,main,22,True,False,random_6,r0,Mondrian-split-CP,1.0,90.73066269841269,12,0.1894487746242442,False
C_bham_hour,main,22,True,False,random_6,r4,Mondrian-split-CP,1.0,90.7205982142857,20,0.1894487746242442,False
C_bham_hour,main,22,True,False,random_6,r3,Mondrian-split-CP,1.0,91.4685738095238,10,0.1894487746242442,False
C_bham_hour,main,22,True,False,random_6,r2,Mondrian-split-CP,1.0,90.5077706766917,19,0.1894487746242442,False
C_bham_hour,main,22,True,False,random_6,r5,Mondrian-split-CP,1.0,91.05368154761904,12,0.1894487746242442,False
C_bham_hour,main,22,True,False,random_6,r1,Mondrian-split-CP,1.0,90.91408465608464,9,0.1894487746242442,False
C_bham_hour,main,22,True,False,random_6,r0,ACI,1.0,47.79590277777777,12,0.1894487746242442,False
C_bham_hour,main,22,True,False,random_6,r4,ACI,0.85,43.03240803571428,20,0.1894487746242442,False
C_bham_hour,main,22,True,False,random_6,r3,ACI,0.9,46.65667182539683,10,0.1894487746242442,False
C_bham_hour,main,22,True,False,random_6,r2,ACI,0.8421052631578947,43.654138157894735,19,0.1894487746242442,False
C_bham_hour,main,22,True,False,random_6,r5,ACI,1.0,39.76079034391535,12,0.1894487746242442,False
C_bham_hour,main,22,True,False,random_6,r1,ACI,0.7777777777777778,51.63893518518516,9,0.1894487746242442,False
C_bham_hour,main,22,True,False,random_6,r0,ToD-ACI,0.9166666666666666,60.62265261243385,12,0.1894487746242442,False
C_bham_hour,main,22,True,False,random_6,r4,ToD-ACI,0.85,63.80984434523807,20,0.1894487746242442,False
C_bham_hour,main,22,True,False,random_6,r3,ToD-ACI,0.9,64.48846230158729,10,0.1894487746242442,False
C_bham_hour,main,22,True,False,random_6,r2,ToD-ACI,1.0,60.730380534670005,19,0.1894487746242442,False
C_bham_hour,main,22,True,False,random_6,r5,ToD-ACI,0.9166666666666666,59.40215046296296,12,0.1894487746242442,False
C_bham_hour,main,22,True,False,random_6,r1,ToD-ACI,0.8888888888888888,53.94662742504409,9,0.1894487746242442,False
C_bham_hour,main,22,True,False,hour_of_day,h11,split-CP,1.0,89.25191666666666,18,1.0,False
C_bham_hour,main,22,True,False,hour_of_day,h12,split-CP,1.0,89.25191666666666,18,1.0,False
C_bham_hour,main,22,True,False,hour_of_day,h13,split-CP,1.0,89.25191666666666,18,1.0,False
C_bham_hour,main,22,True,False,hour_of_day,h14,split-CP,1.0,89.25191666666666,18,1.0,False
C_bham_hour,main,22,True,False,hour_of_day,h10,split-CP,1.0,89.25191666666667,5,1.0,False
C_bham_hour,main,22,True,False,hour_of_day,h15,split-CP,1.0,89.25191666666666,5,1.0,False
C_bham_hour,main,22,True,False,hour_of_day,h11,Mondrian-split-CP,1.0,88.70652380952379,18,1.0,False
C_bham_hour,main,22,True,False,hour_of_day,h12,Mondrian-split-CP,1.0,93.12814285714283,18,1.0,False
C_bham_hour,main,22,True,False,hour_of_day,h13,Mondrian-split-CP,1.0,89.25191666666666,18,1.0,False
C_bham_hour,main,22,True,False,hour_of_day,h14,Mondrian-split-CP,1.0,93.12814285714283,18,1.0,False
C_bham_hour,main,22,True,False,hour_of_day,h10,Mondrian-split-CP,1.0,89.25191666666667,5,1.0,False
C_bham_hour,main,22,True,False,hour_of_day,h15,Mondrian-split-CP,1.0,89.25191666666666,5,1.0,False
C_bham_hour,main,22,True,False,hour_of_day,h11,ACI,1.0,50.24618783068783,18,1.0,False
C_bham_hour,main,22,True,False,hour_of_day,h12,ACI,1.0,47.30251355820103,18,1.0,False
C_bham_hour,main,22,True,False,hour_of_day,h13,ACI,0.8888888888888888,43.90478207671958,18,1.0,False
C_bham_hour,main,22,True,False,hour_of_day,h14,ACI,0.7777777777777778,39.98587400793651,18,1.0,False
C_bham_hour,main,22,True,False,hour_of_day,h10,ACI,1.0,42.56547142857144,5,1.0,False
C_bham_hour,main,22,True,False,hour_of_day,h15,ACI,0.4,38.66768928571429,5,1.0,False
C_bham_hour,main,22,True,False,hour_of_day,h11,ToD-ACI,0.8888888888888888,52.454430335096994,18,1.0,False
C_bham_hour,main,22,True,False,hour_of_day,h12,ToD-ACI,1.0,56.96299757495589,18,1.0,False
C_bham_hour,main,22,True,False,hour_of_day,h13,ToD-ACI,0.9444444444444444,54.20251873897706,18,1.0,False
C_bham_hour,main,22,True,False,hour_of_day,h14,ToD-ACI,0.8333333333333334,65.9648242945326,18,1.0,False
C_bham_hour,main,22,True,False,hour_of_day,h10,ToD-ACI,1.0,84.2352515873016,5,1.0,False
C_bham_hour,main,22,True,False,hour_of_day,h15,ToD-ACI,0.8,89.41477777777777,5,1.0,False
C_bham_hour,main,23,True,False,day_of_week,Mon,split-CP,0.72,174.97439285714287,25,0.1023956894881034,False
C_bham_hour,main,23,True,False,day_of_week,Tue,split-CP,0.8823529411764706,174.9743928571429,17,0.1023956894881034,False
C_bham_hour,main,23,True,False,day_of_week,Wed,split-CP,0.9473684210526316,174.9743928571429,19,0.1023956894881034,False
C_bham_hour,main,23,True,False,day_of_week,Thu,split-CP,0.85,174.9743928571429,20,0.1023956894881034,False
C_bham_hour,main,23,True,False,day_of_week,Fri,split-CP,1.0,174.9743928571429,18,0.1023956894881034,False
C_bham_hour,main,23,True,False,day_of_week,Sat,split-CP,0.9473684210526316,174.9743928571429,19,0.1023956894881034,False
C_bham_hour,main,23,True,False,day_of_week,Sun,split-CP,0.8823529411764706,174.9743928571429,17,0.1023956894881034,False
C_bham_hour,main,23,True,False,day_of_week,Mon,Mondrian-split-CP,0.72,178.90961571428568,25,0.1023956894881034,False
C_bham_hour,main,23,True,False,day_of_week,Tue,Mondrian-split-CP,0.9411764705882352,178.8324544817927,17,0.1023956894881034,False
C_bham_hour,main,23,True,False,day_of_week,Wed,Mondrian-split-CP,0.9473684210526316,178.42634273182958,19,0.1023956894881034,False
C_bham_hour,main,23,True,False,day_of_week,Thu,Mondrian-split-CP,0.9,178.25374523809523,20,0.1023956894881034,False
C_bham_hour,main,23,True,False,day_of_week,Fri,Mondrian-split-CP,1.0,178.61811772486772,18,0.1023956894881034,False
C_bham_hour,main,23,True,False,day_of_week,Sat,Mondrian-split-CP,0.9473684210526316,178.42634273182958,19,0.1023956894881034,False
C_bham_hour,main,23,True,False,day_of_week,Sun,Mondrian-split-CP,0.8823529411764706,178.8324544817927,17,0.1023956894881034,False
C_bham_hour,main,23,True,False,day_of_week,Mon,ACI,0.76,190.3528361255412,25,0.1023956894881034,False
C_bham_hour,main,23,True,False,day_of_week,Tue,ACI,0.9411764705882352,188.1389268843901,17,0.1023956894881034,False
C_bham_hour,main,23,True,False,day_of_week,Wed,ACI,0.9473684210526316,187.63462662337665,19,0.1023956894881034,False
C_bham_hour,main,23,True,False,day_of_week,Thu,ACI,0.95,185.1838676948052,20,0.1023956894881034,False
C_bham_hour,main,23,True,False,day_of_week,Fri,ACI,1.0,175.109851461039,18,0.1023956894881034,False
C_bham_hour,main,23,True,False,day_of_week,Sat,ACI,0.8947368421052632,167.1532883344725,19,0.1023956894881034,False
C_bham_hour,main,23,True,False,day_of_week,Sun,ACI,0.8235294117647058,170.7968113912232,17,0.1023956894881034,False
C_bham_hour,main,23,True,False,day_of_week,Mon,ToD-ACI,0.72,179.88075896825393,25,0.1023956894881034,False
C_bham_hour,main,23,True,False,day_of_week,Tue,ToD-ACI,0.9411764705882352,185.4568422459893,17,0.1023956894881034,False
C_bham_hour,main,23,True,False,day_of_week,Wed,ToD-ACI,0.9473684210526316,185.2694334130781,19,0.1023956894881034,False
C_bham_hour,main,23,True,False,day_of_week,Thu,ToD-ACI,0.9,182.2893762896825,20,0.1023956894881034,False
C_bham_hour,main,23,True,False,day_of_week,Fri,ToD-ACI,1.0,180.67543485449733,18,0.1023956894881034,False
C_bham_hour,main,23,True,False,day_of_week,Sat,ToD-ACI,0.8947368421052632,178.81597361775653,19,0.1023956894881034,False
C_bham_hour,main,23,True,False,day_of_week,Sun,ToD-ACI,0.8823529411764706,179.39571692768013,17,0.1023956894881034,False
C_bham_hour,main,23,True,False,occupancy_tercile,low,split-CP,0.9285714285714286,174.9743928571429,14,0.4599490193027465,False
C_bham_hour,main,23,True,False,occupancy_tercile,mid,split-CP,0.8518518518518519,174.97439285714285,27,0.4599490193027465,False
C_bham_hour,main,23,True,False,occupancy_tercile,high,split-CP,0.8829787234042553,174.97439285714287,94,0.4599490193027465,False
C_bham_hour,main,23,True,False,occupancy_tercile,low,Mondrian-split-CP,0.9285714285714286,177.68689073129255,14,0.4599490193027465,False
C_bham_hour,main,23,True,False,occupancy_tercile,mid,Mondrian-split-CP,0.8518518518518519,177.81298346560848,27,0.4599490193027465,False
C_bham_hour,main,23,True,False,occupancy_tercile,high,Mondrian-split-CP,0.9042553191489362,178.98807307497466,94,0.4599490193027465,False
C_bham_hour,main,23,True,False,occupancy_tercile,low,ACI,0.8571428571428571,170.52592634250666,14,0.4599490193027465,False
C_bham_hour,main,23,True,False,occupancy_tercile,mid,ACI,0.8888888888888888,178.066123703971,27,0.4599490193027465,False
C_bham_hour,main,23,True,False,occupancy_tercile,high,ACI,0.9042553191489362,183.6404809512296,94,0.4599490193027465,False
C_bham_hour,main,23,True,False,occupancy_tercile,low,ToD-ACI,0.9285714285714286,180.5061584724799,14,0.4599490193027465,False
C_bham_hour,main,23,True,False,occupancy_tercile,mid,ToD-ACI,0.8518518518518519,181.95823208273208,27,0.4599490193027465,False
C_bham_hour,main,23,True,False,occupancy_tercile,high,ToD-ACI,0.8936170212765957,181.6502349156457,94,0.4599490193027465,False
C_bham_hour,main,23,True,False,random_6,r0,split-CP,0.8095238095238095,174.9743928571429,21,0.1233096294479124,False
C_bham_hour,main,23,True,False,random_6,r4,split-CP,0.9166666666666666,174.97439285714285,36,0.1233096294479124,False
C_bham_hour,main,23,True,False,random_6,r3,split-CP,0.8695652173913043,174.9743928571429,23,0.1233096294479124,False
C_bham_hour,main,23,True,False,random_6,r2,split-CP,0.8,174.97439285714287,25,0.1233096294479124,False
C_bham_hour,main,23,True,False,random_6,r5,split-CP,0.9333333333333332,174.9743928571429,15,0.1233096294479124,False
C_bham_hour,main,23,True,False,random_6,r1,split-CP,1.0,174.9743928571429,15,0.1233096294479124,False
C_bham_hour,main,23,True,False,random_6,r0,Mondrian-split-CP,0.8571428571428571,177.87130980725624,21,0.1233096294479124,False
C_bham_hour,main,23,True,False,random_6,r4,Mondrian-split-CP,0.9166666666666666,178.18359110449734,36,0.1233096294479124,False
C_bham_hour,main,23,True,False,random_6,r3,Mondrian-split-CP,0.8695652173913043,179.12412525879913,23,0.1233096294479124,False
C_bham_hour,main,23,True,False,random_6,r2,Mondrian-split-CP,0.84,179.85838404761904,25,0.1233096294479124,False
C_bham_hour,main,23,True,False,random_6,r5,Mondrian-split-CP,0.9333333333333332,177.5718603174603,15,0.1233096294479124,False
C_bham_hour,main,23,True,False,random_6,r1,Mondrian-split-CP,1.0,178.90978134920633,15,0.1233096294479124,False
C_bham_hour,main,23,True,False,random_6,r0,ACI,0.8571428571428571,180.02387174465744,21,0.1233096294479124,False
C_bham_hour,main,23,True,False,random_6,r4,ACI,0.9166666666666666,179.36183588363804,36,0.1233096294479124,False
C_bham_hour,main,23,True,False,random_6,r3,ACI,0.8695652173913043,180.02589675481525,23,0.1233096294479124,False
C_bham_hour,main,23,True,False,random_6,r2,ACI,0.84,181.5529372871573,25,0.1233096294479124,False
C_bham_hour,main,23,True,False,random_6,r5,ACI,1.0,184.0545758177008,15,0.1233096294479124,False
C_bham_hour,main,23,True,False,random_6,r1,ACI,0.9333333333333332,185.3058949975949,15,0.1233096294479124,False
C_bham_hour,main,23,True,False,random_6,r0,ToD-ACI,0.8571428571428571,179.9044104480176,21,0.1233096294479124,False
C_bham_hour,main,23,True,False,random_6,r4,ToD-ACI,0.9166666666666666,182.0291099637245,36,0.1233096294479124,False
C_bham_hour,main,23,True,False,random_6,r3,ToD-ACI,0.8695652173913043,180.4958267770876,23,0.1233096294479124,False
C_bham_hour,main,23,True,False,random_6,r2,ToD-ACI,0.8,181.53819882395385,25,0.1233096294479124,False
C_bham_hour,main,23,True,False,random_6,r5,ToD-ACI,0.9333333333333332,182.8569205026455,15,0.1233096294479124,False
C_bham_hour,main,23,True,False,random_6,r1,ToD-ACI,1.0,183.421812987013,15,0.1233096294479124,False
C_bham_hour,main,23,True,False,hour_of_day,h11,split-CP,0.8666666666666667,174.97439285714282,30,1.0,False
C_bham_hour,main,23,True,False,hour_of_day,h12,split-CP,0.7666666666666667,174.97439285714282,30,1.0,False
C_bham_hour,main,23,True,False,hour_of_day,h13,split-CP,0.9,174.97439285714282,30,1.0,False
C_bham_hour,main,23,True,False,hour_of_day,h14,split-CP,0.9666666666666668,174.97439285714282,30,1.0,False
C_bham_hour,main,23,True,False,hour_of_day,h10,split-CP,0.8571428571428571,174.9743928571429,7,1.0,False
C_bham_hour,main,23,True,False,hour_of_day,h15,split-CP,1.0,174.9743928571429,8,1.0,False
C_bham_hour,main,23,True,False,hour_of_day,h11,Mondrian-split-CP,0.8666666666666667,174.61755952380955,30,1.0,False
C_bham_hour,main,23,True,False,hour_of_day,h12,Mondrian-split-CP,0.8333333333333334,188.4653273809523,30,1.0,False
C_bham_hour,main,23,True,False,hour_of_day,h13,Mondrian-split-CP,0.9,178.62478571428582,30,1.0,False
C_bham_hour,main,23,True,False,hour_of_day,h14,Mondrian-split-CP,0.9666666666666668,174.5866607142856,30,1.0,False
C_bham_hour,main,23,True,False,hour_of_day,h10,Mondrian-split-CP,0.8571428571428571,174.9743928571429,7,1.0,False
C_bham_hour,main,23,True,False,hour_of_day,h15,Mondrian-split-CP,1.0,174.9743928571429,8,1.0,False
C_bham_hour,main,23,True,False,hour_of_day,h11,ACI,0.8333333333333334,178.67310680014427,30,1.0,False
C_bham_hour,main,23,True,False,hour_of_day,h12,ACI,0.8,180.4807937950939,30,1.0,False
C_bham_hour,main,23,True,False,hour_of_day,h13,ACI,0.9333333333333332,182.69339403559405,30,1.0,False
C_bham_hour,main,23,True,False,hour_of_day,h14,ACI,0.9666666666666668,183.0622676166426,30,1.0,False
C_bham_hour,main,23,True,False,hour_of_day,h10,ACI,1.0,181.0941380385488,7,1.0,False
C_bham_hour,main,23,True,False,hour_of_day,h15,ACI,1.0,180.3009605654762,8,1.0,False
C_bham_hour,main,23,True,False,hour_of_day,h11,ToD-ACI,0.8666666666666667,179.24566349206344,30,1.0,False
C_bham_hour,main,23,True,False,hour_of_day,h12,ToD-ACI,0.8333333333333334,191.36645165945168,30,1.0,False
C_bham_hour,main,23,True,False,hour_of_day,h13,ToD-ACI,0.9,185.034436904762,30,1.0,False
C_bham_hour,main,23,True,False,hour_of_day,h14,ToD-ACI,0.9333333333333332,172.63825711880708,30,1.0,False
C_bham_hour,main,23,True,False,hour_of_day,h10,ToD-ACI,0.8571428571428571,181.22673044217683,7,1.0,False
C_bham_hour,main,23,True,False,hour_of_day,h15,ToD-ACI,1.0,174.74364732142865,8,1.0,False
C_bham_hour,main,24,True,False,day_of_week,Mon,split-CP,1.0,143.38263690476197,25,0.1023956894881034,False
C_bham_hour,main,24,True,False,day_of_week,Tue,split-CP,1.0,143.38263690476197,17,0.1023956894881034,False
C_bham_hour,main,24,True,False,day_of_week,Wed,split-CP,1.0,143.38263690476197,19,0.1023956894881034,False
C_bham_hour,main,24,True,False,day_of_week,Thu,split-CP,0.95,143.38263690476197,20,0.1023956894881034,False
C_bham_hour,main,24,True,False,day_of_week,Fri,split-CP,1.0,143.38263690476197,18,0.1023956894881034,False
C_bham_hour,main,24,True,False,day_of_week,Sat,split-CP,0.8421052631578947,143.38263690476197,19,0.1023956894881034,False
C_bham_hour,main,24,True,False,day_of_week,Sun,split-CP,0.7058823529411765,143.38263690476197,17,0.1023956894881034,False
C_bham_hour,main,24,True,False,day_of_week,Mon,Mondrian-split-CP,1.0,144.49597119047618,25,0.1023956894881034,False
C_bham_hour,main,24,True,False,day_of_week,Tue,Mondrian-split-CP,1.0,144.47414110644257,17,0.1023956894881034,False
C_bham_hour,main,24,True,False,day_of_week,Wed,Mondrian-split-CP,1.0,144.35924592731828,19,0.1023956894881034,False
C_bham_hour,main,24,True,False,day_of_week,Thu,Mondrian-split-CP,0.95,144.31041547619049,20,0.1023956894881034,False
C_bham_hour,main,24,True,False,day_of_week,Fri,Mondrian-split-CP,1.0,144.41350198412698,18,0.1023956894881034,False
C_bham_hour,main,24,True,False,day_of_week,Sat,Mondrian-split-CP,0.8421052631578947,144.3592459273183,19,0.1023956894881034,False
C_bham_hour,main,24,True,False,day_of_week,Sun,Mondrian-split-CP,0.7058823529411765,144.4741411064426,17,0.1023956894881034,False
C_bham_hour,main,24,True,False,day_of_week,Mon,ACI,1.0,159.3621243650794,25,0.1023956894881034,False
C_bham_hour,main,24,True,False,day_of_week,Tue,ACI,1.0,122.7340402661064,17,0.1023956894881034,False
C_bham_hour,main,24,True,False,day_of_week,Wed,ACI,0.8947368421052632,104.48479615705932,19,0.1023956894881034,False
C_bham_hour,main,24,True,False,day_of_week,Thu,ACI,0.9,109.1115351190476,20,0.1023956894881034,False
C_bham_hour,main,24,True,False,day_of_week,Fri,ACI,0.9444444444444444,98.62285052910052,18,0.1023956894881034,False
C_bham_hour,main,24,True,False,day_of_week,Sat,ACI,0.4736842105263157,99.90715715424932,19,0.1023956894881034,False
C_bham_hour,main,24,True,False,day_of_week,Sun,ACI,0.8823529411764706,172.09367355275458,17,0.1023956894881034,False
C_bham_hour,main,24,True,False,day_of_week,Mon,ToD-ACI,1.0,143.86393857142855,25,0.1023956894881034,False
C_bham_hour,main,24,True,False,day_of_week,Tue,ToD-ACI,1.0,129.3166093604108,17,0.1023956894881034,False
C_bham_hour,main,24,True,False,day_of_week,Wed,ToD-ACI,1.0,128.8488944235589,19,0.1023956894881034,False
C_bham_hour,main,24,True,False,day_of_week,Thu,ToD-ACI,0.9,123.92760099206347,20,0.1023956894881034,False
C_bham_hour,main,24,True,False,day_of_week,Fri,ToD-ACI,1.0,119.44185097001758,18,0.1023956894881034,False
C_bham_hour,main,24,True,False,day_of_week,Sat,ToD-ACI,0.631578947368421,110.85887938596493,19,0.1023956894881034,False
C_bham_hour,main,24,True,False,day_of_week,Sun,ToD-ACI,0.6470588235294118,122.73830952380956,17,0.1023956894881034,False
C_bham_hour,main,24,True,False,occupancy_tercile,mid,split-CP,1.0,143.38263690476197,16,0.3177810473601324,False
C_bham_hour,main,24,True,False,occupancy_tercile,high,split-CP,0.9224137931034484,143.38263690476197,116,0.3177810473601324,False
C_bham_hour,main,24,True,False,occupancy_tercile,low,split-CP,1.0,143.38263690476197,3,0.3177810473601324,False
C_bham_hour,main,24,True,False,occupancy_tercile,mid,Mondrian-split-CP,1.0,145.54558333333333,16,0.3177810473601324,False
C_bham_hour,main,24,True,False,occupancy_tercile,high,Mondrian-split-CP,0.9224137931034484,144.28401313628902,116,0.3177810473601324,False
C_bham_hour,main,24,True,False,occupancy_tercile,low,Mondrian-split-CP,1.0,143.38263690476197,3,0.3177810473601324,False
C_bham_hour,main,24,True,False,occupancy_tercile,mid,ACI,1.0,117.4992771577381,16,0.3177810473601324,False
C_bham_hour,main,24,True,False,occupancy_tercile,high,ACI,0.853448275862069,125.85974348161422,116,0.3177810473601324,False
C_bham_hour,main,24,True,False,occupancy_tercile,low,ACI,1.0,119.09823015873016,3,0.3177810473601324,False
C_bham_hour,main,24,True,False,occupancy_tercile,mid,ToD-ACI,1.0,126.71738293650792,16,0.3177810473601324,False
C_bham_hour,main,24,True,False,occupancy_tercile,high,ToD-ACI,0.8706896551724138,126.25372170908592,116,0.3177810473601324,False
C_bham_hour,main,24,True,False,occupancy_tercile,low,ToD-ACI,1.0,130.5250932539683,3,0.3177810473601324,False
C_bham_hour,main,24,True,False,random_6,r0,split-CP,0.9047619047619048,143.38263690476197,21,0.1233096294479124,False
C_bham_hour,main,24,True,False,random_6,r4,split-CP,1.0,143.38263690476197,36,0.1233096294479124,False
C_bham_hour,main,24,True,False,random_6,r3,split-CP,0.8695652173913043,143.38263690476197,23,0.1233096294479124,False
C_bham_hour,main,24,True,False,random_6,r2,split-CP,0.92,143.38263690476197,25,0.1233096294479124,False
C_bham_hour,main,24,True,False,random_6,r5,split-CP,0.9333333333333332,143.38263690476197,15,0.1233096294479124,False
C_bham_hour,main,24,True,False,random_6,r1,split-CP,0.9333333333333332,143.38263690476197,15,0.1233096294479124,False
C_bham_hour,main,24,True,False,random_6,r0,Mondrian-split-CP,0.9047619047619048,145.25149574829933,21,0.1233096294479124,False
C_bham_hour,main,24,True,False,random_6,r4,Mondrian-split-CP,1.0,142.68929662698417,36,0.1233096294479124,False
C_bham_hour,main,24,True,False,random_6,r3,Mondrian-split-CP,0.8695652173913043,145.12527613871637,23,0.1233096294479124,False
C_bham_hour,main,24,True,False,random_6,r2,Mondrian-split-CP,0.92,145.32358976190474,25,0.1233096294479124,False
C_bham_hour,main,24,True,False,random_6,r5,Mondrian-split-CP,0.9333333333333332,143.4939257936508,15,0.1233096294479124,False
C_bham_hour,main,24,True,False,random_6,r1,Mondrian-split-CP,0.9333333333333332,145.68977976190476,15,0.1233096294479124,False
C_bham_hour,main,24,True,False,random_6,r0,ACI,0.9047619047619048,134.2966674225246,21,0.1233096294479124,False
C_bham_hour,main,24,True,False,random_6,r4,ACI,0.9166666666666666,117.93615239197533,36,0.1233096294479124,False
C_bham_hour,main,24,True,False,random_6,r3,ACI,0.8695652173913043,137.54915648723258,23,0.1233096294479124,False
C_bham_hour,main,24,True,False,random_6,r2,ACI,0.76,121.4943336507937,25,0.1233096294479124,False
C_bham_hour,main,24,True,False,random_6,r5,ACI,1.0,120.80568624338626,15,0.1233096294479124,False
C_bham_hour,main,24,True,False,random_6,r1,ACI,0.8,117.20050885040888,15,0.1233096294479124,False
C_bham_hour,main,24,True,False,random_6,r0,ToD-ACI,0.9047619047619048,134.4412347883598,21,0.1233096294479124,False
C_bham_hour,main,24,True,False,random_6,r4,ToD-ACI,0.9444444444444444,124.16172172619046,36,0.1233096294479124,False
C_bham_hour,main,24,True,False,random_6,r3,ToD-ACI,0.8695652173913043,133.47703459282258,23,0.1233096294479124,False
C_bham_hour,main,24,True,False,random_6,r2,ToD-ACI,0.84,119.38396468253968,25,0.1233096294479124,False
C_bham_hour,main,24,True,False,random_6,r5,ToD-ACI,0.9333333333333332,127.74295410052916,15,0.1233096294479124,False
C_bham_hour,main,24,True,False,random_6,r1,ToD-ACI,0.8,120.04546587301589,15,0.1233096294479124,False
C_bham_hour,main,24,True,False,hour_of_day,h11,split-CP,0.9333333333333332,143.38263690476197,30,1.0,False
C_bham_hour,main,24,True,False,hour_of_day,h12,split-CP,1.0,143.38263690476197,30,1.0,False
C_bham_hour,main,24,True,False,hour_of_day,h13,split-CP,1.0,143.38263690476197,30,1.0,False
C_bham_hour,main,24,True,False,hour_of_day,h14,split-CP,0.8666666666666667,143.38263690476197,30,1.0,False
C_bham_hour,main,24,True,False,hour_of_day,h10,split-CP,1.0,143.38263690476197,7,1.0,False
C_bham_hour,main,24,True,False,hour_of_day,h15,split-CP,0.625,143.38263690476197,8,1.0,False
C_bham_hour,main,24,True,False,hour_of_day,h11,Mondrian-split-CP,0.9333333333333332,143.38263690476197,30,1.0,False
C_bham_hour,main,24,True,False,hour_of_day,h12,Mondrian-split-CP,1.0,151.82575595238086,30,1.0,False
C_bham_hour,main,24,True,False,hour_of_day,h13,Mondrian-split-CP,1.0,131.13529166666677,30,1.0,False
C_bham_hour,main,24,True,False,hour_of_day,h14,Mondrian-split-CP,0.8666666666666667,151.82575595238086,30,1.0,False
C_bham_hour,main,24,True,False,hour_of_day,h10,Mondrian-split-CP,1.0,143.38263690476197,7,1.0,False
C_bham_hour,main,24,True,False,hour_of_day,h15,Mondrian-split-CP,0.625,143.38263690476197,8,1.0,False
C_bham_hour,main,24,True,False,hour_of_day,h11,ACI,0.8666666666666667,127.213644973545,30,1.0,False
C_bham_hour,main,24,True,False,hour_of_day,h12,ACI,1.0,127.0286181878307,30,1.0,False
C_bham_hour,main,24,True,False,hour_of_day,h13,ACI,0.8666666666666667,124.5442912638288,30,1.0,False
C_bham_hour,main,24,True,False,hour_of_day,h14,ACI,0.8,123.42577202380954,30,1.0,False
C_bham_hour,main,24,True,False,hour_of_day,h10,ACI,1.0,105.74216411564628,7,1.0,False
C_bham_hour,main,24,True,False,hour_of_day,h15,ACI,0.625,128.80605332341278,8,1.0,False
C_bham_hour,main,24,True,False,hour_of_day,h11,ToD-ACI,0.9,133.46446283068784,30,1.0,False
C_bham_hour,main,24,True,False,hour_of_day,h12,ToD-ACI,0.9666666666666668,109.35600502645504,30,1.0,False
C_bham_hour,main,24,True,False,hour_of_day,h13,ToD-ACI,0.9,113.90541798941796,30,1.0,False
C_bham_hour,main,24,True,False,hour_of_day,h14,ToD-ACI,0.8,139.56209947089943,30,1.0,False
C_bham_hour,main,24,True,False,hour_of_day,h10,ToD-ACI,1.0,134.11150595238095,7,1.0,False
C_bham_hour,main,24,True,False,hour_of_day,h15,ToD-ACI,0.75,154.63312797619054,8,1.0,False
C_bham_hour,main,25,True,False,day_of_week,Mon,split-CP,0.64,497.1444166666661,25,0.1023956894881034,False
C_bham_hour,main,25,True,False,day_of_week,Tue,split-CP,0.9411764705882352,497.1444166666661,17,0.1023956894881034,False
C_bham_hour,main,25,True,False,day_of_week,Wed,split-CP,0.9473684210526316,497.1444166666661,19,0.1023956894881034,False
C_bham_hour,main,25,True,False,day_of_week,Thu,split-CP,0.8,497.1444166666661,20,0.1023956894881034,False
C_bham_hour,main,25,True,False,day_of_week,Fri,split-CP,1.0,497.1444166666661,18,0.1023956894881034,False
C_bham_hour,main,25,True,False,day_of_week,Sat,split-CP,1.0,497.1444166666661,19,0.1023956894881034,False
C_bham_hour,main,25,True,False,day_of_week,Sun,split-CP,0.9411764705882352,497.1444166666661,17,0.1023956894881034,False
C_bham_hour,main,25,True,False,day_of_week,Mon,Mondrian-split-CP,0.64,501.10885238095216,25,0.1023956894881034,False
C_bham_hour,main,25,True,False,day_of_week,Tue,Mondrian-split-CP,0.9411764705882352,501.5742738095236,17,0.1023956894881034,False
C_bham_hour,main,25,True,False,day_of_week,Wed,Mondrian-split-CP,0.9473684210526316,501.0396083959899,19,0.1023956894881034,False
C_bham_hour,main,25,True,False,day_of_week,Thu,Mondrian-split-CP,0.8,501.284882142857,20,0.1023956894881034,False
C_bham_hour,main,25,True,False,day_of_week,Fri,Mondrian-split-CP,1.0,501.292089285714,18,0.1023956894881034,False
C_bham_hour,main,25,True,False,day_of_week,Sat,Mondrian-split-CP,1.0,501.536983709273,19,0.1023956894881034,False
C_bham_hour,main,25,True,False,day_of_week,Sun,Mondrian-split-CP,0.9411764705882352,501.0183837535012,17,0.1023956894881034,False
C_bham_hour,main,25,True,False,day_of_week,Mon,ACI,0.68,522.7666667460315,25,0.1023956894881034,False
C_bham_hour,main,25,True,False,day_of_week,Tue,ACI,0.9411764705882352,554.385490079365,17,0.1023956894881034,False
C_bham_hour,main,25,True,False,day_of_week,Wed,ACI,0.9473684210526316,535.8717967836255,19,0.1023956894881034,False
C_bham_hour,main,25,True,False,day_of_week,Thu,ACI,0.85,550.1706721230156,20,0.1023956894881034,False
C_bham_hour,main,25,True,False,day_of_week,Fri,ACI,1.0,545.2285813492061,18,0.1023956894881034,False
C_bham_hour,main,25,True,False,day_of_week,Sat,ACI,1.0,524.0992246240597,19,0.1023956894881034,False
C_bham_hour,main,25,True,False,day_of_week,Sun,ACI,0.9411764705882352,512.5028779178336,17,0.1023956894881034,False
C_bham_hour,main,25,True,False,day_of_week,Mon,ToD-ACI,0.64,496.6036319047618,25,0.1023956894881034,False
C_bham_hour,main,25,True,False,day_of_week,Tue,ToD-ACI,0.9411764705882352,510.2965354808589,17,0.1023956894881034,False
C_bham_hour,main,25,True,False,day_of_week,Wed,ToD-ACI,0.9473684210526316,506.1284210526315,19,0.1023956894881034,False
C_bham_hour,main,25,True,False,day_of_week,Thu,ToD-ACI,0.8,506.55814136904735,20,0.1023956894881034,False
C_bham_hour,main,25,True,False,day_of_week,Fri,ToD-ACI,1.0,507.71939947089936,18,0.1023956894881034,False
C_bham_hour,main,25,True,False,day_of_week,Sat,ToD-ACI,1.0,508.10959273182937,19,0.1023956894881034,False
C_bham_hour,main,25,True,False,day_of_week,Sun,ToD-ACI,0.9411764705882352,496.0346162464984,17,0.1023956894881034,False
C_bham_hour,main,25,True,False,occupancy_tercile,mid,split-CP,0.8333333333333334,497.1444166666661,12,0.6349695520291236,False
C_bham_hour,main,25,True,False,occupancy_tercile,high,split-CP,0.913793103448276,497.144416666666,116,0.6349695520291236,False
C_bham_hour,main,25,True,False,occupancy_tercile,low,split-CP,0.4285714285714285,497.1444166666661,7,0.6349695520291236,False
C_bham_hour,main,25,True,False,occupancy_tercile,mid,Mondrian-split-CP,0.8333333333333334,497.87780555555497,12,0.6349695520291236,False
C_bham_hour,main,25,True,False,occupancy_tercile,high,Mondrian-split-CP,0.913793103448276,501.4755092364532,116,0.6349695520291236,False
C_bham_hour,main,25,True,False,occupancy_tercile,low,Mondrian-split-CP,0.4285714285714285,503.4306071428568,7,0.6349695520291236,False
C_bham_hour,main,25,True,False,occupancy_tercile,mid,ACI,0.8333333333333334,526.6811557539681,12,0.6349695520291236,False
C_bham_hour,main,25,True,False,occupancy_tercile,high,ACI,0.9310344827586208,535.4823339148876,116,0.6349695520291236,False
C_bham_hour,main,25,True,False,occupancy_tercile,low,ACI,0.4285714285714285,532.4459478458049,7,0.6349695520291236,False
C_bham_hour,main,25,True,False,occupancy_tercile,mid,ToD-ACI,0.8333333333333334,498.7550163690476,12,0.6349695520291236,False
C_bham_hour,main,25,True,False,occupancy_tercile,high,ToD-ACI,0.913793103448276,504.0238424671591,116,0.6349695520291236,False
C_bham_hour,main,25,True,False,occupancy_tercile,low,ToD-ACI,0.4285714285714285,515.9326763038546,7,0.6349695520291236,False
C_bham_hour,main,25,True,False,random_6,r0,split-CP,0.7619047619047619,497.1444166666661,21,0.1233096294479124,False
C_bham_hour,main,25,True,False,random_6,r4,split-CP,0.9166666666666666,497.1444166666661,36,0.1233096294479124,False
C_bham_hour,main,25,True,False,random_6,r3,split-CP,0.9130434782608696,497.1444166666661,23,0.1233096294479124,False
C_bham_hour,main,25,True,False,random_6,r2,split-CP,0.96,497.1444166666661,25,0.1233096294479124,False
C_bham_hour,main,25,True,False,random_6,r5,split-CP,0.8,497.1444166666661,15,0.1233096294479124,False
C_bham_hour,main,25,True,False,random_6,r1,split-CP,0.8666666666666667,497.1444166666661,15,0.1233096294479124,False
C_bham_hour,main,25,True,False,random_6,r0,Mondrian-split-CP,0.7619047619047619,499.8459620181403,21,0.1233096294479124,False
C_bham_hour,main,25,True,False,random_6,r4,Mondrian-split-CP,0.9166666666666666,502.767853174603,36,0.1233096294479124,False
C_bham_hour,main,25,True,False,random_6,r3,Mondrian-split-CP,0.9130434782608696,501.0850848861281,23,0.1233096294479124,False
C_bham_hour,main,25,True,False,random_6,r2,Mondrian-split-CP,0.96,500.3658476190475,25,0.1233096294479124,False
C_bham_hour,main,25,True,False,random_6,r5,Mondrian-split-CP,0.8,502.2082190476188,15,0.1233096294479124,False
C_bham_hour,main,25,True,False,random_6,r1,Mondrian-split-CP,0.8666666666666667,500.4048428571427,15,0.1233096294479124,False
C_bham_hour,main,25,True,False,random_6,r0,ACI,0.7619047619047619,530.0235167233559,21,0.1233096294479124,False
C_bham_hour,main,25,True,False,random_6,r4,ACI,0.9444444444444444,538.2062282297177,36,0.1233096294479124,False
C_bham_hour,main,25,True,False,random_6,r3,ACI,0.9130434782608696,527.8803943236715,23,0.1233096294479124,False
C_bham_hour,main,25,True,False,random_6,r2,ACI,0.96,534.1272580952377,25,0.1233096294479124,False
C_bham_hour,main,25,True,False,random_6,r5,ACI,0.8666666666666667,539.4856703703703,15,0.1233096294479124,False
C_bham_hour,main,25,True,False,random_6,r1,ACI,0.8666666666666667,538.0408395502644,15,0.1233096294479124,False
C_bham_hour,main,25,True,False,random_6,r0,ToD-ACI,0.7619047619047619,498.5374573885108,21,0.1233096294479124,False
C_bham_hour,main,25,True,False,random_6,r4,ToD-ACI,0.9166666666666666,508.5650179673719,36,0.1233096294479124,False
C_bham_hour,main,25,True,False,random_6,r3,ToD-ACI,0.9130434782608696,504.3141919427191,23,0.1233096294479124,False
C_bham_hour,main,25,True,False,random_6,r2,ToD-ACI,0.96,500.0131795238095,25,0.1233096294479124,False
C_bham_hour,main,25,True,False,random_6,r5,ToD-ACI,0.8,510.9837058201057,15,0.1233096294479124,False
C_bham_hour,main,25,True,False,random_6,r1,ToD-ACI,0.8666666666666667,501.42772764550256,15,0.1233096294479124,False
C_bham_hour,main,25,True,False,hour_of_day,h11,split-CP,0.8666666666666667,497.1444166666661,30,1.0,False
C_bham_hour,main,25,True,False,hour_of_day,h12,split-CP,1.0,497.1444166666661,30,1.0,False
C_bham_hour,main,25,True,False,hour_of_day,h13,split-CP,0.8666666666666667,497.1444166666661,30,1.0,False
C_bham_hour,main,25,True,False,hour_of_day,h14,split-CP,0.8666666666666667,497.1444166666661,30,1.0,False
C_bham_hour,main,25,True,False,hour_of_day,h10,split-CP,0.5714285714285714,497.1444166666661,7,1.0,False
C_bham_hour,main,25,True,False,hour_of_day,h15,split-CP,0.875,497.1444166666661,8,1.0,False
C_bham_hour,main,25,True,False,hour_of_day,h11,Mondrian-split-CP,0.8666666666666667,497.1444166666661,30,1.0,False
C_bham_hour,main,25,True,False,hour_of_day,h12,Mondrian-split-CP,1.0,496.4949523809526,30,1.0,False
C_bham_hour,main,25,True,False,hour_of_day,h13,Mondrian-split-CP,0.8666666666666667,514.420607142857,30,1.0,False
C_bham_hour,main,25,True,False,hour_of_day,h14,Mondrian-split-CP,0.8666666666666667,497.1444166666661,30,1.0,False
C_bham_hour,main,25,True,False,hour_of_day,h10,Mondrian-split-CP,0.5714285714285714,505.94508333333306,7,1.0,False
C_bham_hour,main,25,True,False,hour_of_day,h15,Mondrian-split-CP,0.875,496.4949523809528,8,1.0,False
C_bham_hour,main,25,True,False,hour_of_day,h11,ACI,0.8666666666666667,533.2847546957671,30,1.0,False
C_bham_hour,main,25,True,False,hour_of_day,h12,ACI,1.0,536.5723708994708,30,1.0,False
C_bham_hour,main,25,True,False,hour_of_day,h13,ACI,0.8666666666666667,534.7647371031744,30,1.0,False
C_bham_hour,main,25,True,False,hour_of_day,h14,ACI,0.9,533.6392103835976,30,1.0,False
C_bham_hour,main,25,True,False,hour_of_day,h10,ACI,0.5714285714285714,539.75264739229,7,1.0,False
C_bham_hour,main,25,True,False,hour_of_day,h15,ACI,1.0,529.6431892361111,8,1.0,False
C_bham_hour,main,25,True,False,hour_of_day,h11,ToD-ACI,0.8666666666666667,494.76844166666655,30,1.0,False
C_bham_hour,main,25,True,False,hour_of_day,h12,ToD-ACI,1.0,471.6345928571431,30,1.0,False
C_bham_hour,main,25,True,False,hour_of_day,h13,ToD-ACI,0.8666666666666667,536.8145796296293,30,1.0,False
C_bham_hour,main,25,True,False,hour_of_day,h14,ToD-ACI,0.8666666666666667,508.81739854497306,30,1.0,False
C_bham_hour,main,25,True,False,hour_of_day,h10,ToD-ACI,0.5714285714285714,536.8062945011334,7,1.0,False
C_bham_hour,main,25,True,False,hour_of_day,h15,ToD-ACI,0.875,493.08252678571466,8,1.0,False
C_bham_hour,main,26,True,False,day_of_week,Mon,split-CP,1.0,352.4030714285709,25,0.1023956894881034,False
C_bham_hour,main,26,True,False,day_of_week,Tue,split-CP,1.0,352.4030714285709,17,0.1023956894881034,False
C_bham_hour,main,26,True,False,day_of_week,Wed,split-CP,1.0,352.4030714285709,19,0.1023956894881034,False
C_bham_hour,main,26,True,False,day_of_week,Thu,split-CP,1.0,352.4030714285709,20,0.1023956894881034,False
C_bham_hour,main,26,True,False,day_of_week,Fri,split-CP,1.0,352.4030714285709,18,0.1023956894881034,False
C_bham_hour,main,26,True,False,day_of_week,Sat,split-CP,0.7894736842105263,352.4030714285709,19,0.1023956894881034,False
C_bham_hour,main,26,True,False,day_of_week,Sun,split-CP,0.6470588235294118,352.4030714285709,17,0.1023956894881034,False
C_bham_hour,main,26,True,False,day_of_week,Mon,Mondrian-split-CP,1.0,358.7858960317459,25,0.1023956894881034,False
C_bham_hour,main,26,True,False,day_of_week,Tue,Mondrian-split-CP,1.0,359.28184267040126,17,0.1023956894881034,False
C_bham_hour,main,26,True,False,day_of_week,Wed,Mondrian-split-CP,1.0,356.89059816207174,19,0.1023956894881034,False
C_bham_hour,main,26,True,False,day_of_week,Thu,Mondrian-split-CP,1.0,356.66622182539663,20,0.1023956894881034,False
C_bham_hour,main,26,True,False,day_of_week,Fri,Mondrian-split-CP,1.0,358.01979695767176,18,0.1023956894881034,False
C_bham_hour,main,26,True,False,day_of_week,Sat,Mondrian-split-CP,0.7894736842105263,357.7241798245612,19,0.1023956894881034,False
C_bham_hour,main,26,True,False,day_of_week,Sun,Mondrian-split-CP,0.6470588235294118,358.3501925770306,17,0.1023956894881034,False
C_bham_hour,main,26,True,False,day_of_week,Mon,ACI,1.0,365.5549192063492,25,0.1023956894881034,False
C_bham_hour,main,26,True,False,day_of_week,Tue,ACI,0.9411764705882352,307.2899373249302,17,0.1023956894881034,False
C_bham_hour,main,26,True,False,day_of_week,Wed,ACI,0.9473684210526316,203.75332301397444,19,0.1023956894881034,False
C_bham_hour,main,26,True,False,day_of_week,Thu,ACI,0.8,193.0647038870853,20,0.1023956894881034,False
C_bham_hour,main,26,True,False,day_of_week,Fri,ACI,1.0,204.63536766474272,18,0.1023956894881034,False
C_bham_hour,main,26,True,False,day_of_week,Sat,ACI,0.631578947368421,375.5968411654135,19,0.1023956894881034,False
C_bham_hour,main,26,True,False,day_of_week,Sun,ACI,0.8235294117647058,560.4255436507937,17,0.1023956894881034,False
C_bham_hour,main,26,True,False,day_of_week,Mon,ToD-ACI,1.0,497.7275246031746,25,0.1023956894881034,False
C_bham_hour,main,26,True,False,day_of_week,Tue,ToD-ACI,1.0,406.8932091503269,17,0.1023956894881034,False
C_bham_hour,main,26,True,False,day_of_week,Wed,ToD-ACI,1.0,366.335420843776,19,0.1023956894881034,False
C_bham_hour,main,26,True,False,day_of_week,Thu,ToD-ACI,1.0,324.21104027777767,20,0.1023956894881034,False
C_bham_hour,main,26,True,False,day_of_week,Fri,ToD-ACI,1.0,279.0266801146383,18,0.1023956894881034,False
C_bham_hour,main,26,True,False,day_of_week,Sat,ToD-ACI,0.4736842105263157,237.3192087510444,19,0.1023956894881034,False
C_bham_hour,main,26,True,False,day_of_week,Sun,ToD-ACI,0.6470588235294118,472.4987892156863,17,0.1023956894881034,False
C_bham_hour,main,26,True,False,occupancy_tercile,high,split-CP,1.0,352.4030714285708,78,0.129847430676207,False
C_bham_hour,main,26,True,False,occupancy_tercile,mid,split-CP,1.0,352.4030714285709,21,0.129847430676207,False
C_bham_hour,main,26,True,False,occupancy_tercile,low,split-CP,0.7222222222222222,352.4030714285709,36,0.129847430676207,False
C_bham_hour,main,26,True,False,occupancy_tercile,high,Mondrian-split-CP,1.0,359.1105307285306,78,0.129847430676207,False
C_bham_hour,main,26,True,False,occupancy_tercile,mid,Mondrian-split-CP,1.0,353.5914036281177,21,0.129847430676207,False
C_bham_hour,main,26,True,False,occupancy_tercile,low,Mondrian-split-CP,0.7222222222222222,358.01979695767176,36,0.129847430676207,False
C_bham_hour,main,26,True,False,occupancy_tercile,high,ACI,0.9230769230769232,269.35342936924206,78,0.129847430676207,False
C_bham_hour,main,26,True,False,occupancy_tercile,mid,ACI,1.0,227.10848842163136,21,0.129847430676207,False
C_bham_hour,main,26,True,False,occupancy_tercile,low,ACI,0.7222222222222222,462.8770617835096,36,0.129847430676207,False
C_bham_hour,main,26,True,False,occupancy_tercile,high,ToD-ACI,1.0,398.6622164224664,78,0.129847430676207,False
C_bham_hour,main,26,True,False,occupancy_tercile,mid,ToD-ACI,1.0,320.5616111111109,21,0.129847430676207,False
C_bham_hour,main,26,True,False,occupancy_tercile,low,ToD-ACI,0.5555555555555556,348.3762328593475,36,0.129847430676207,False
C_bham_hour,main,26,True,False,random_6,r0,split-CP,0.8571428571428571,352.4030714285709,21,0.1233096294479124,False
C_bham_hour,main,26,True,False,random_6,r4,split-CP,1.0,352.4030714285709,36,0.1233096294479124,False
C_bham_hour,main,26,True,False,random_6,r3,split-CP,0.8695652173913043,352.4030714285709,23,0.1233096294479124,False
C_bham_hour,main,26,True,False,random_6,r2,split-CP,0.88,352.4030714285709,25,0.1233096294479124,False
C_bham_hour,main,26,True,False,random_6,r5,split-CP,1.0,352.4030714285709,15,0.1233096294479124,False
C_bham_hour,main,26,True,False,random_6,r1,split-CP,0.9333333333333332,352.4030714285709,15,0.1233096294479124,False
C_bham_hour,main,26,True,False,random_6,r0,Mondrian-split-CP,0.8571428571428571,357.9716351095992,21,0.1233096294479124,False
C_bham_hour,main,26,True,False,random_6,r4,Mondrian-split-CP,1.0,353.09219146825376,36,0.1233096294479124,False
C_bham_hour,main,26,True,False,random_6,r3,Mondrian-split-CP,0.8695652173913043,360.14629503105573,23,0.1233096294479124,False
C_bham_hour,main,26,True,False,random_6,r2,Mondrian-split-CP,0.88,363.8736336507936,25,0.1233096294479124,False
C_bham_hour,main,26,True,False,random_6,r5,Mondrian-split-CP,1.0,352.1177029100528,15,0.1233096294479124,False
C_bham_hour,main,26,True,False,random_6,r1,Mondrian-split-CP,0.9333333333333332,362.2706108465605,15,0.1233096294479124,False
C_bham_hour,main,26,True,False,random_6,r0,ACI,0.9523809523809524,324.9156842833095,21,0.1233096294479124,False
C_bham_hour,main,26,True,False,random_6,r4,ACI,0.9444444444444444,306.4248619929453,36,0.1233096294479124,False
C_bham_hour,main,26,True,False,random_6,r3,ACI,0.8695652173913043,318.5402666886254,23,0.1233096294479124,False
C_bham_hour,main,26,True,False,random_6,r2,ACI,0.88,342.9052630735932,25,0.1233096294479124,False
C_bham_hour,main,26,True,False,random_6,r5,ACI,0.8666666666666667,292.65229288119286,15,0.1233096294479124,False
C_bham_hour,main,26,True,False,random_6,r1,ACI,0.6666666666666666,286.60356441798945,15,0.1233096294479124,False
C_bham_hour,main,26,True,False,random_6,r0,ToD-ACI,0.8571428571428571,378.30385638699926,21,0.1233096294479124,False
C_bham_hour,main,26,True,False,random_6,r4,ToD-ACI,0.9444444444444444,350.27608316798944,36,0.1233096294479124,False
C_bham_hour,main,26,True,False,random_6,r3,ToD-ACI,0.8260869565217391,385.6447511214631,23,0.1233096294479124,False
C_bham_hour,main,26,True,False,random_6,r2,ToD-ACI,0.84,390.8503399206349,25,0.1233096294479124,False
C_bham_hour,main,26,True,False,random_6,r5,ToD-ACI,0.9333333333333332,392.97406005291015,15,0.1233096294479124,False
C_bham_hour,main,26,True,False,random_6,r1,ToD-ACI,0.8666666666666667,351.93149629629625,15,0.1233096294479124,False
C_bham_hour,main,26,True,False,hour_of_day,h11,split-CP,0.9,352.4030714285709,30,1.0,False
C_bham_hour,main,26,True,False,hour_of_day,h12,split-CP,0.9,352.4030714285709,30,1.0,False
C_bham_hour,main,26,True,False,hour_of_day,h13,split-CP,0.9666666666666668,352.4030714285709,30,1.0,False
C_bham_hour,main,26,True,False,hour_of_day,h14,split-CP,0.9,352.4030714285709,30,1.0,False
C_bham_hour,main,26,True,False,hour_of_day,h10,split-CP,1.0,352.4030714285709,7,1.0,False
C_bham_hour,main,26,True,False,hour_of_day,h15,split-CP,1.0,352.4030714285709,8,1.0,False
C_bham_hour,main,26,True,False,hour_of_day,h11,Mondrian-split-CP,0.9,355.6913968253968,30,1.0,False
C_bham_hour,main,26,True,False,hour_of_day,h12,Mondrian-split-CP,0.9,403.4497023809523,30,1.0,False
C_bham_hour,main,26,True,False,hour_of_day,h13,Mondrian-split-CP,0.9666666666666668,327.30289285714304,30,1.0,False
C_bham_hour,main,26,True,False,hour_of_day,h14,Mondrian-split-CP,0.9,352.4030714285709,30,1.0,False
C_bham_hour,main,26,True,False,hour_of_day,h10,Mondrian-split-CP,1.0,352.4030714285709,7,1.0,False
C_bham_hour,main,26,True,False,hour_of_day,h15,Mondrian-split-CP,1.0,336.5650198412699,8,1.0,False
C_bham_hour,main,26,True,False,hour_of_day,h11,ACI,0.8333333333333334,320.9347291486292,30,1.0,False
C_bham_hour,main,26,True,False,hour_of_day,h12,ACI,0.9,314.39962992424256,30,1.0,False
C_bham_hour,main,26,True,False,hour_of_day,h13,ACI,0.9666666666666668,341.6789236411738,30,1.0,False
C_bham_hour,main,26,True,False,hour_of_day,h14,ACI,0.8666666666666667,314.36672721260226,30,1.0,False
C_bham_hour,main,26,True,False,hour_of_day,h10,ACI,0.7142857142857143,204.0143299319729,7,1.0,False
C_bham_hour,main,26,True,False,hour_of_day,h15,ACI,0.875,284.1149205672799,8,1.0,False
C_bham_hour,main,26,True,False,hour_of_day,h11,ToD-ACI,0.8666666666666667,376.0244085978836,30,1.0,False
C_bham_hour,main,26,True,False,hour_of_day,h12,ToD-ACI,0.8666666666666667,398.29168994708994,30,1.0,False
C_bham_hour,main,26,True,False,hour_of_day,h13,ToD-ACI,0.8666666666666667,357.80989457671967,30,1.0,False
C_bham_hour,main,26,True,False,hour_of_day,h14,ToD-ACI,0.8666666666666667,398.09908941798943,30,1.0,False
C_bham_hour,main,26,True,False,hour_of_day,h10,ToD-ACI,1.0,308.37413520408154,7,1.0,False
C_bham_hour,main,26,True,False,hour_of_day,h15,ToD-ACI,1.0,287.9524593253968,8,1.0,False
C_bham_hour,main,27,True,False,day_of_week,Mon,split-CP,0.92,83.98454761904759,25,0.1023956894881034,False
C_bham_hour,main,27,True,False,day_of_week,Tue,split-CP,0.8823529411764706,83.98454761904759,17,0.1023956894881034,False
C_bham_hour,main,27,True,False,day_of_week,Wed,split-CP,0.8421052631578947,83.98454761904759,19,0.1023956894881034,False
C_bham_hour,main,27,True,False,day_of_week,Thu,split-CP,0.9,83.98454761904759,20,0.1023956894881034,False
C_bham_hour,main,27,True,False,day_of_week,Fri,split-CP,0.9444444444444444,83.98454761904759,18,0.1023956894881034,False
C_bham_hour,main,27,True,False,day_of_week,Sat,split-CP,0.8421052631578947,83.98454761904759,19,0.1023956894881034,False
C_bham_hour,main,27,True,False,day_of_week,Sun,split-CP,0.8823529411764706,83.98454761904759,17,0.1023956894881034,False
C_bham_hour,main,27,True,False,day_of_week,Mon,Mondrian-split-CP,0.96,85.7683480952382,25,0.1023956894881034,False
C_bham_hour,main,27,True,False,day_of_week,Tue,Mondrian-split-CP,0.9411764705882352,85.73337161531283,17,0.1023956894881034,False
C_bham_hour,main,27,True,False,day_of_week,Wed,Mondrian-split-CP,0.8421052631578947,85.54928487886386,19,0.1023956894881034,False
C_bham_hour,main,27,True,False,day_of_week,Thu,Mondrian-split-CP,0.9,85.47104801587304,20,0.1023956894881034,False
C_bham_hour,main,27,True,False,day_of_week,Fri,Mondrian-split-CP,0.9444444444444444,85.63621472663145,18,0.1023956894881034,False
C_bham_hour,main,27,True,False,day_of_week,Sat,Mondrian-split-CP,0.7894736842105263,85.54928487886389,19,0.1023956894881034,False
C_bham_hour,main,27,True,False,day_of_week,Sun,Mondrian-split-CP,0.8823529411764706,85.73337161531286,17,0.1023956894881034,False
C_bham_hour,main,27,True,False,day_of_week,Mon,ACI,1.0,83.49443309523808,25,0.1023956894881034,False
C_bham_hour,main,27,True,False,day_of_week,Tue,ACI,0.8235294117647058,76.74369911297853,17,0.1023956894881034,False
C_bham_hour,main,27,True,False,day_of_week,Wed,ACI,0.8421052631578947,82.75073861737677,19,0.1023956894881034,False
C_bham_hour,main,27,True,False,day_of_week,Thu,ACI,0.9,82.62335575396818,20,0.1023956894881034,False
C_bham_hour,main,27,True,False,day_of_week,Fri,ACI,0.9444444444444444,80.55933564814808,18,0.1023956894881034,False
C_bham_hour,main,27,True,False,day_of_week,Sat,ACI,0.8947368421052632,85.64669778613195,19,0.1023956894881034,False
C_bham_hour,main,27,True,False,day_of_week,Sun,ACI,0.8235294117647058,88.91434531236739,17,0.1023956894881034,False
C_bham_hour,main,27,True,False,day_of_week,Mon,ToD-ACI,0.96,84.98581761904768,25,0.1023956894881034,False
C_bham_hour,main,27,True,False,day_of_week,Tue,ToD-ACI,0.9411764705882352,83.20681139122317,17,0.1023956894881034,False
C_bham_hour,main,27,True,False,day_of_week,Wed,ToD-ACI,0.8421052631578947,83.14798015873018,19,0.1023956894881034,False
C_bham_hour,main,27,True,False,day_of_week,Thu,ToD-ACI,0.9,83.82858938492066,20,0.1023956894881034,False
C_bham_hour,main,27,True,False,day_of_week,Fri,ToD-ACI,0.9444444444444444,84.3349151234568,18,0.1023956894881034,False
C_bham_hour,main,27,True,False,day_of_week,Sat,ToD-ACI,0.7894736842105263,82.61978383458643,19,0.1023956894881034,False
C_bham_hour,main,27,True,False,day_of_week,Sun,ToD-ACI,0.7647058823529411,84.0030385154061,17,0.1023956894881034,False
C_bham_hour,main,27,True,False,occupancy_tercile,mid,split-CP,0.8780487804878049,83.98454761904759,41,0.1233092625457004,False
C_bham_hour,main,27,True,False,occupancy_tercile,high,split-CP,0.9090909090909092,83.98454761904759,55,0.1233092625457004,False
C_bham_hour,main,27,True,False,occupancy_tercile,low,split-CP,0.8717948717948718,83.98454761904759,39,0.1233092625457004,False
C_bham_hour,main,27,True,False,occupancy_tercile,mid,Mondrian-split-CP,0.902439024390244,85.27070184862569,41,0.1233092625457004,False
C_bham_hour,main,27,True,False,occupancy_tercile,high,Mondrian-split-CP,0.9272727272727272,86.11664902597407,55,0.1233092625457004,False
C_bham_hour,main,27,True,False,occupancy_tercile,low,Mondrian-split-CP,0.8461538461538461,85.34293630443638,39,0.1233092625457004,False
C_bham_hour,main,27,True,False,occupancy_tercile,mid,ACI,0.902439024390244,81.15517823267513,41,0.1233092625457004,False
C_bham_hour,main,27,True,False,occupancy_tercile,high,ACI,0.9090909090909092,81.3672918109668,55,0.1233092625457004,False
C_bham_hour,main,27,True,False,occupancy_tercile,low,ACI,0.8717948717948718,87.25822240722239,39,0.1233092625457004,False
C_bham_hour,main,27,True,False,occupancy_tercile,mid,ToD-ACI,0.902439024390244,84.14946389856757,41,0.1233092625457004,False
C_bham_hour,main,27,True,False,occupancy_tercile,high,ToD-ACI,0.9272727272727272,83.68424480519484,55,0.1233092625457004,False
C_bham_hour,main,27,True,False,occupancy_tercile,low,ToD-ACI,0.7948717948717948,83.55485078347574,39,0.1233092625457004,False
C_bham_hour,main,27,True,False,random_6,r0,split-CP,0.9523809523809524,83.98454761904759,21,0.1233096294479124,False
C_bham_hour,main,27,True,False,random_6,r4,split-CP,0.8888888888888888,83.98454761904759,36,0.1233096294479124,False
C_bham_hour,main,27,True,False,random_6,r3,split-CP,0.8260869565217391,83.98454761904759,23,0.1233096294479124,False
C_bham_hour,main,27,True,False,random_6,r2,split-CP,0.84,83.98454761904759,25,0.1233096294479124,False
C_bham_hour,main,27,True,False,random_6,r5,split-CP,1.0,83.98454761904759,15,0.1233096294479124,False
C_bham_hour,main,27,True,False,random_6,r1,split-CP,0.8666666666666667,83.98454761904759,15,0.1233096294479124,False
C_bham_hour,main,27,True,False,random_6,r0,Mondrian-split-CP,0.9047619047619048,84.96580602796679,21,0.1233096294479124,False
C_bham_hour,main,27,True,False,random_6,r4,Mondrian-split-CP,0.9444444444444444,86.3495387455909,36,0.1233096294479124,False
C_bham_hour,main,27,True,False,random_6,r3,Mondrian-split-CP,0.8695652173913043,85.84540967908907,23,0.1233096294479124,False
C_bham_hour,main,27,True,False,random_6,r2,Mondrian-split-CP,0.84,84.95241944444453,25,0.1233096294479124,False
C_bham_hour,main,27,True,False,random_6,r5,Mondrian-split-CP,1.0,86.6148338624339,15,0.1233096294479124,False
C_bham_hour,main,27,True,False,random_6,r1,Mondrian-split-CP,0.8,84.70308333333335,15,0.1233096294479124,False
C_bham_hour,main,27,True,False,random_6,r0,ACI,0.8571428571428571,83.55156963340893,21,0.1233096294479124,False
C_bham_hour,main,27,True,False,random_6,r4,ACI,0.8888888888888888,81.63884372494786,36,0.1233096294479124,False
C_bham_hour,main,27,True,False,random_6,r3,ACI,0.9130434782608696,88.06221234864167,23,0.1233096294479124,False
C_bham_hour,main,27,True,False,random_6,r2,ACI,0.88,81.86172004329002,25,0.1233096294479124,False
C_bham_hour,main,27,True,False,random_6,r5,ACI,1.0,81.17758756613753,15,0.1233096294479124,False
C_bham_hour,main,27,True,False,random_6,r1,ACI,0.8666666666666667,81.49433306878304,15,0.1233096294479124,False
C_bham_hour,main,27,True,False,random_6,r0,ToD-ACI,0.8571428571428571,84.44523025321242,21,0.1233096294479124,False
C_bham_hour,main,27,True,False,random_6,r4,ToD-ACI,0.9166666666666666,84.2124120921517,36,0.1233096294479124,False
C_bham_hour,main,27,True,False,random_6,r3,ToD-ACI,0.8695652173913043,84.92853597308485,23,0.1233096294479124,False
C_bham_hour,main,27,True,False,random_6,r2,ToD-ACI,0.84,82.4702550793651,25,0.1233096294479124,False
C_bham_hour,main,27,True,False,random_6,r5,ToD-ACI,1.0,83.84207870370376,15,0.1233096294479124,False
C_bham_hour,main,27,True,False,random_6,r1,ToD-ACI,0.8,82.24400727513222,15,0.1233096294479124,False
C_bham_hour,main,27,True,False,hour_of_day,h11,split-CP,0.9,83.98454761904759,30,1.0,False
C_bham_hour,main,27,True,False,hour_of_day,h12,split-CP,0.9333333333333332,83.98454761904759,30,1.0,False
C_bham_hour,main,27,True,False,hour_of_day,h13,split-CP,0.8,83.98454761904759,30,1.0,False
C_bham_hour,main,27,True,False,hour_of_day,h14,split-CP,0.9333333333333332,83.98454761904759,30,1.0,False
C_bham_hour,main,27,True,False,hour_of_day,h10,split-CP,0.8571428571428571,83.98454761904759,7,1.0,False
C_bham_hour,main,27,True,False,hour_of_day,h15,split-CP,0.875,83.98454761904759,8,1.0,False
C_bham_hour,main,27,True,False,hour_of_day,h11,Mondrian-split-CP,0.9,80.74311904761907,30,1.0,False
C_bham_hour,main,27,True,False,hour_of_day,h12,Mondrian-split-CP,0.8666666666666667,80.74311904761907,30,1.0,False
C_bham_hour,main,27,True,False,hour_of_day,h13,Mondrian-split-CP,0.8666666666666667,92.26258928571453,30,1.0,False
C_bham_hour,main,27,True,False,hour_of_day,h14,Mondrian-split-CP,0.9666666666666668,89.62186507936507,30,1.0,False
C_bham_hour,main,27,True,False,hour_of_day,h10,Mondrian-split-CP,0.8571428571428571,83.98454761904759,7,1.0,False
C_bham_hour,main,27,True,False,hour_of_day,h15,Mondrian-split-CP,0.875,83.98454761904759,8,1.0,False
C_bham_hour,main,27,True,False,hour_of_day,h11,ACI,0.8666666666666667,82.51887037037035,30,1.0,False
C_bham_hour,main,27,True,False,hour_of_day,h12,ACI,0.9333333333333332,82.71910145502642,30,1.0,False
C_bham_hour,main,27,True,False,hour_of_day,h13,ACI,0.9,83.01486138167385,30,1.0,False
C_bham_hour,main,27,True,False,hour_of_day,h14,ACI,0.9,82.76620506253006,30,1.0,False
C_bham_hour,main,27,True,False,hour_of_day,h10,ACI,0.8571428571428571,82.09092318594101,7,1.0,False
C_bham_hour,main,27,True,False,hour_of_day,h15,ACI,0.875,87.5533025793651,8,1.0,False
C_bham_hour,main,27,True,False,hour_of_day,h11,ToD-ACI,0.8666666666666667,80.99561203703709,30,1.0,False
C_bham_hour,main,27,True,False,hour_of_day,h12,ToD-ACI,0.8666666666666667,80.58983082010579,30,1.0,False
C_bham_hour,main,27,True,False,hour_of_day,h13,ToD-ACI,0.8333333333333334,88.50203915343917,30,1.0,False
C_bham_hour,main,27,True,False,hour_of_day,h14,ToD-ACI,0.9666666666666668,83.83506984126986,30,1.0,False
C_bham_hour,main,27,True,False,hour_of_day,h10,ToD-ACI,0.8571428571428571,85.37841298185943,7,1.0,False
C_bham_hour,main,27,True,False,hour_of_day,h15,ToD-ACI,0.875,87.00940228174605,8,1.0,False
C_bham_hour,main,28,True,False,day_of_week,Mon,split-CP,0.56,98.23991792929291,25,0.1023956894881034,False
C_bham_hour,main,28,True,False,day_of_week,Tue,split-CP,0.8235294117647058,98.23991792929291,17,0.1023956894881034,False
C_bham_hour,main,28,True,False,day_of_week,Wed,split-CP,0.9473684210526316,98.23991792929291,19,0.1023956894881034,False
C_bham_hour,main,28,True,False,day_of_week,Thu,split-CP,0.95,98.23991792929291,20,0.1023956894881034,False
C_bham_hour,main,28,True,False,day_of_week,Fri,split-CP,1.0,98.23991792929291,18,0.1023956894881034,False
C_bham_hour,main,28,True,False,day_of_week,Sat,split-CP,0.631578947368421,98.23991792929291,19,0.1023956894881034,False
C_bham_hour,main,28,True,False,day_of_week,Sun,split-CP,0.8235294117647058,98.2399179292929,17,0.1023956894881034,False
C_bham_hour,main,28,True,False,day_of_week,Mon,Mondrian-split-CP,0.6,101.47833649350652,25,0.1023956894881034,False
C_bham_hour,main,28,True,False,day_of_week,Tue,Mondrian-split-CP,0.8235294117647058,101.44348846659878,17,0.1023956894881034,False
C_bham_hour,main,28,True,False,day_of_week,Wed,Mondrian-split-CP,0.8947368421052632,101.02936687362347,19,0.1023956894881034,False
C_bham_hour,main,28,True,False,day_of_week,Thu,Mondrian-split-CP,0.95,100.88989442640695,20,0.1023956894881034,False
C_bham_hour,main,28,True,False,day_of_week,Fri,Mondrian-split-CP,1.0,101.22492429252848,18,0.1023956894881034,False
C_bham_hour,main,28,True,False,day_of_week,Sat,Mondrian-split-CP,0.6842105263157895,101.06781869446344,19,0.1023956894881034,False
C_bham_hour,main,28,True,False,day_of_week,Sun,Mondrian-split-CP,0.8235294117647058,101.40051290213056,17,0.1023956894881034,False
C_bham_hour,main,28,True,False,day_of_week,Mon,ACI,0.8,146.8356707070707,25,0.1023956894881034,False
C_bham_hour,main,28,True,False,day_of_week,Tue,ACI,0.9411764705882352,162.3865526377217,17,0.1023956894881034,False
C_bham_hour,main,28,True,False,day_of_week,Wed,ACI,1.0,119.6516687837017,19,0.1023956894881034,False
C_bham_hour,main,28,True,False,day_of_week,Thu,ACI,0.95,112.06754623015873,20,0.1023956894881034,False
C_bham_hour,main,28,True,False,day_of_week,Fri,ACI,1.0,99.67850937950938,18,0.1023956894881034,False
C_bham_hour,main,28,True,False,day_of_week,Sat,ACI,0.6842105263157895,126.83366631540976,19,0.1023956894881034,False
C_bham_hour,main,28,True,False,day_of_week,Sun,ACI,0.8235294117647058,128.646561698922,17,0.1023956894881034,False
C_bham_hour,main,28,True,False,day_of_week,Mon,ToD-ACI,0.68,120.5738711544012,25,0.1023956894881034,False
C_bham_hour,main,28,True,False,day_of_week,Tue,ToD-ACI,0.8823529411764706,131.83456348145324,17,0.1023956894881034,False
C_bham_hour,main,28,True,False,day_of_week,Wed,ToD-ACI,0.9473684210526316,121.73295063416116,19,0.1023956894881034,False
C_bham_hour,main,28,True,False,day_of_week,Thu,ToD-ACI,0.95,113.1180221861472,20,0.1023956894881034,False
C_bham_hour,main,28,True,False,day_of_week,Fri,ToD-ACI,1.0,109.81245111832614,18,0.1023956894881034,False
C_bham_hour,main,28,True,False,day_of_week,Sat,ToD-ACI,0.7368421052631579,105.88353950216457,19,0.1023956894881034,False
C_bham_hour,main,28,True,False,day_of_week,Sun,ToD-ACI,0.8823529411764706,130.83915384941858,17,0.1023956894881034,False
C_bham_hour,main,28,True,False,occupancy_tercile,low,split-CP,0.4285714285714285,98.23991792929291,7,0.4941245318606902,False
C_bham_hour,main,28,True,False,occupancy_tercile,mid,split-CP,0.7272727272727273,98.23991792929291,22,0.4941245318606902,False
C_bham_hour,main,28,True,False,occupancy_tercile,high,split-CP,0.8490566037735849,98.23991792929291,106,0.4941245318606902,False
C_bham_hour,main,28,True,False,occupancy_tercile,low,Mondrian-split-CP,0.4285714285714285,102.80195784374362,7,0.4941245318606902,False
C_bham_hour,main,28,True,False,occupancy_tercile,mid,Mondrian-split-CP,0.8181818181818182,101.65724071887712,22,0.4941245318606902,False
C_bham_hour,main,28,True,False,occupancy_tercile,high,Mondrian-split-CP,0.839622641509434,101.02760836294212,106,0.4941245318606902,False
C_bham_hour,main,28,True,False,occupancy_tercile,low,ACI,0.5714285714285714,145.83974507833435,7,0.4941245318606902,False
C_bham_hour,main,28,True,False,occupancy_tercile,mid,ACI,0.7727272727272727,125.3024363931523,22,0.4941245318606902,False
C_bham_hour,main,28,True,False,occupancy_tercile,high,ACI,0.9245283018867924,127.92177693886302,106,0.4941245318606902,False
C_bham_hour,main,28,True,False,occupancy_tercile,low,ToD-ACI,0.4285714285714285,117.49881225520514,7,0.4941245318606902,False
C_bham_hour,main,28,True,False,occupancy_tercile,mid,ToD-ACI,0.8181818181818182,120.00447140233506,22,0.4941245318606902,False
C_bham_hour,main,28,True,False,occupancy_tercile,high,ToD-ACI,0.8962264150943396,118.68780937066084,106,0.4941245318606902,False
C_bham_hour,main,28,True,False,random_6,r0,split-CP,0.7619047619047619,98.23991792929291,21,0.1233096294479124,False
C_bham_hour,main,28,True,False,random_6,r4,split-CP,0.8055555555555556,98.23991792929291,36,0.1233096294479124,False
C_bham_hour,main,28,True,False,random_6,r3,split-CP,0.8695652173913043,98.23991792929291,23,0.1233096294479124,False
C_bham_hour,main,28,True,False,random_6,r2,split-CP,0.8,98.23991792929291,25,0.1233096294479124,False
C_bham_hour,main,28,True,False,random_6,r5,split-CP,0.8666666666666667,98.23991792929291,15,0.1233096294479124,False
C_bham_hour,main,28,True,False,random_6,r1,split-CP,0.7333333333333333,98.23991792929291,15,0.1233096294479124,False
C_bham_hour,main,28,True,False,random_6,r0,Mondrian-split-CP,0.7619047619047619,100.99298165326742,21,0.1233096294479124,False
C_bham_hour,main,28,True,False,random_6,r4,Mondrian-split-CP,0.8055555555555556,101.92875428391056,36,0.1233096294479124,False
C_bham_hour,main,28,True,False,random_6,r3,Mondrian-split-CP,0.8260869565217391,100.85852005301464,23,0.1233096294479124,False
C_bham_hour,main,28,True,False,random_6,r2,Mondrian-split-CP,0.84,101.10153358585862,25,0.1233096294479124,False
C_bham_hour,main,28,True,False,random_6,r5,Mondrian-split-CP,0.9333333333333332,101.49354645262146,15,0.1233096294479124,False
C_bham_hour,main,28,True,False,random_6,r1,Mondrian-split-CP,0.7333333333333333,100.33494803992308,15,0.1233096294479124,False
C_bham_hour,main,28,True,False,random_6,r0,ACI,0.8095238095238095,130.54939187796333,21,0.1233096294479124,False
C_bham_hour,main,28,True,False,random_6,r4,ACI,0.8333333333333334,117.09225547138048,36,0.1233096294479124,False
C_bham_hour,main,28,True,False,random_6,r3,ACI,1.0,154.12584659483028,23,0.1233096294479124,False
C_bham_hour,main,28,True,False,random_6,r2,ACI,0.92,121.19735510101007,25,0.1233096294479124,False
C_bham_hour,main,28,True,False,random_6,r5,ACI,0.8666666666666667,123.9071962481963,15,0.1233096294479124,False
C_bham_hour,main,28,True,False,random_6,r1,ACI,0.8666666666666667,129.79636349206348,15,0.1233096294479124,False
C_bham_hour,main,28,True,False,random_6,r0,ToD-ACI,0.8095238095238095,120.90536274307703,21,0.1233096294479124,False
C_bham_hour,main,28,True,False,random_6,r4,ToD-ACI,0.8611111111111112,119.39153681657854,36,0.1233096294479124,False
C_bham_hour,main,28,True,False,random_6,r3,ToD-ACI,0.9130434782608696,117.80637572150076,23,0.1233096294479124,False
C_bham_hour,main,28,True,False,random_6,r2,ToD-ACI,0.84,117.41884261183264,25,0.1233096294479124,False
C_bham_hour,main,28,True,False,random_6,r5,ToD-ACI,0.9333333333333332,113.82027133237138,15,0.1233096294479124,False
C_bham_hour,main,28,True,False,random_6,r1,ToD-ACI,0.8,123.604542003367,15,0.1233096294479124,False
C_bham_hour,main,28,True,False,hour_of_day,h11,split-CP,0.7666666666666667,98.23991792929291,30,1.0,False
C_bham_hour,main,28,True,False,hour_of_day,h12,split-CP,0.8,98.23991792929291,30,1.0,False
C_bham_hour,main,28,True,False,hour_of_day,h13,split-CP,0.7666666666666667,98.23991792929291,30,1.0,False
C_bham_hour,main,28,True,False,hour_of_day,h14,split-CP,0.9,98.23991792929291,30,1.0,False
C_bham_hour,main,28,True,False,hour_of_day,h10,split-CP,0.7142857142857143,98.23991792929291,7,1.0,False
C_bham_hour,main,28,True,False,hour_of_day,h15,split-CP,0.875,98.2399179292929,8,1.0,False
C_bham_hour,main,28,True,False,hour_of_day,h11,Mondrian-split-CP,0.8333333333333334,104.62677380952393,30,1.0,False
C_bham_hour,main,28,True,False,hour_of_day,h12,Mondrian-split-CP,0.7666666666666667,97.50933333333342,30,1.0,False
C_bham_hour,main,28,True,False,hour_of_day,h13,Mondrian-split-CP,0.7666666666666667,106.19882142857132,30,1.0,False
C_bham_hour,main,28,True,False,hour_of_day,h14,Mondrian-split-CP,0.9,98.23991792929291,30,1.0,False
C_bham_hour,main,28,True,False,hour_of_day,h10,Mondrian-split-CP,0.7142857142857143,98.23991792929291,7,1.0,False
C_bham_hour,main,28,True,False,hour_of_day,h15,Mondrian-split-CP,0.875,97.50933333333344,8,1.0,False
C_bham_hour,main,28,True,False,hour_of_day,h11,ACI,0.8,127.58551091269838,30,1.0,False
C_bham_hour,main,28,True,False,hour_of_day,h12,ACI,0.8666666666666667,127.87206309523808,30,1.0,False
C_bham_hour,main,28,True,False,hour_of_day,h13,ACI,0.9,129.7587055315055,30,1.0,False
C_bham_hour,main,28,True,False,hour_of_day,h14,ACI,0.9333333333333332,127.12578061568064,30,1.0,False
C_bham_hour,main,28,True,False,hour_of_day,h10,ACI,0.8571428571428571,133.12450736961455,7,1.0,False
C_bham_hour,main,28,True,False,hour_of_day,h15,ACI,1.0,129.38835193452385,8,1.0,False
C_bham_hour,main,28,True,False,hour_of_day,h11,ToD-ACI,0.8333333333333334,110.13739624819628,30,1.0,False
C_bham_hour,main,28,True,False,hour_of_day,h12,ToD-ACI,0.8333333333333334,131.1843837662338,30,1.0,False
C_bham_hour,main,28,True,False,hour_of_day,h13,ToD-ACI,0.8666666666666667,135.9169413179413,30,1.0,False
C_bham_hour,main,28,True,False,hour_of_day,h14,ToD-ACI,0.9333333333333332,104.64886273448776,30,1.0,False
C_bham_hour,main,28,True,False,hour_of_day,h10,ToD-ACI,0.7142857142857143,119.38108085961656,7,1.0,False
C_bham_hour,main,28,True,False,hour_of_day,h15,ToD-ACI,0.875,93.9003452380953,8,1.0,False
C_bham_hour,main,29,True,False,day_of_week,Mon,split-CP,1.0,203.1304583333335,25,0.1023956894881034,False
C_bham_hour,main,29,True,False,day_of_week,Tue,split-CP,0.9411764705882352,203.13045833333356,17,0.1023956894881034,False
C_bham_hour,main,29,True,False,day_of_week,Wed,split-CP,1.0,203.13045833333356,19,0.1023956894881034,False
C_bham_hour,main,29,True,False,day_of_week,Thu,split-CP,1.0,203.13045833333356,20,0.1023956894881034,False
C_bham_hour,main,29,True,False,day_of_week,Fri,split-CP,1.0,203.13045833333356,18,0.1023956894881034,False
C_bham_hour,main,29,True,False,day_of_week,Sat,split-CP,0.7894736842105263,203.13045833333356,19,0.1023956894881034,False
C_bham_hour,main,29,True,False,day_of_week,Sun,split-CP,0.7647058823529411,203.13045833333356,17,0.1023956894881034,False
C_bham_hour,main,29,True,False,day_of_week,Mon,Mondrian-split-CP,1.0,204.74713142857144,25,0.1023956894881034,False
C_bham_hour,main,29,True,False,day_of_week,Tue,Mondrian-split-CP,0.9411764705882352,205.03040231092436,17,0.1023956894881034,False
C_bham_hour,main,29,True,False,day_of_week,Wed,Mondrian-split-CP,1.0,203.9849614661655,19,0.1023956894881034,False
C_bham_hour,main,29,True,False,day_of_week,Thu,Mondrian-split-CP,1.0,203.94223630952385,20,0.1023956894881034,False
C_bham_hour,main,29,True,False,day_of_week,Fri,Mondrian-split-CP,1.0,204.47864186507937,18,0.1023956894881034,False
C_bham_hour,main,29,True,False,day_of_week,Sat,Mondrian-split-CP,0.7894736842105263,204.40768483709277,19,0.1023956894881034,False
C_bham_hour,main,29,True,False,day_of_week,Sun,Mondrian-split-CP,0.7647058823529411,204.55794677871145,17,0.1023956894881034,False
C_bham_hour,main,29,True,False,day_of_week,Mon,ACI,0.96,192.89685904761907,25,0.1023956894881034,False
C_bham_hour,main,29,True,False,day_of_week,Tue,ACI,0.9411764705882352,136.74111673865352,17,0.1023956894881034,False
C_bham_hour,main,29,True,False,day_of_week,Wed,ACI,0.9473684210526316,131.61657050770864,19,0.1023956894881034,False
C_bham_hour,main,29,True,False,day_of_week,Thu,ACI,0.85,153.53766617965368,20,0.1023956894881034,False
C_bham_hour,main,29,True,False,day_of_week,Fri,ACI,0.9444444444444444,132.5934700176367,18,0.1023956894881034,False
C_bham_hour,main,29,True,False,day_of_week,Sat,ACI,0.5789473684210527,200.7330516917293,19,0.1023956894881034,False
C_bham_hour,main,29,True,False,day_of_week,Sun,ACI,0.9411764705882352,251.2004788748833,17,0.1023956894881034,False
C_bham_hour,main,29,True,False,day_of_week,Mon,ToD-ACI,1.0,267.9213277777778,25,0.1023956894881034,False
C_bham_hour,main,29,True,False,day_of_week,Tue,ToD-ACI,0.9411764705882352,190.16388879339613,17,0.1023956894881034,False
C_bham_hour,main,29,True,False,day_of_week,Wed,ToD-ACI,1.0,178.93333738702822,19,0.1023956894881034,False
C_bham_hour,main,29,True,False,day_of_week,Thu,ToD-ACI,0.9,154.78278624431124,20,0.1023956894881034,False
C_bham_hour,main,29,True,False,day_of_week,Fri,ToD-ACI,0.8888888888888888,156.82539422768593,18,0.1023956894881034,False
C_bham_hour,main,29,True,False,day_of_week,Sat,ToD-ACI,0.7368421052631579,157.1590236006684,19,0.1023956894881034,False
C_bham_hour,main,29,True,False,day_of_week,Sun,ToD-ACI,0.7058823529411765,251.57745741023683,17,0.1023956894881034,False
C_bham_hour,main,29,True,False,occupancy_tercile,low,split-CP,0.9696969696969696,203.13045833333356,33,0.2365730562993405,False
C_bham_hour,main,29,True,False,occupancy_tercile,mid,split-CP,0.9824561403508772,203.13045833333356,57,0.2365730562993405,False
C_bham_hour,main,29,True,False,occupancy_tercile,high,split-CP,0.8444444444444444,203.13045833333348,45,0.2365730562993405,False
C_bham_hour,main,29,True,False,occupancy_tercile,low,Mondrian-split-CP,0.9696969696969696,206.67063834776337,33,0.2365730562993405,False
C_bham_hour,main,29,True,False,occupancy_tercile,mid,Mondrian-split-CP,0.9824561403508772,204.4084395363409,57,0.2365730562993405,False
C_bham_hour,main,29,True,False,occupancy_tercile,high,Mondrian-split-CP,0.8444444444444444,202.87085912698404,45,0.2365730562993405,False
C_bham_hour,main,29,True,False,occupancy_tercile,low,ACI,0.9090909090909092,159.72955653605655,33,0.2365730562993405,False
C_bham_hour,main,29,True,False,occupancy_tercile,mid,ACI,0.912280701754386,152.0953317700818,57,0.2365730562993405,False
C_bham_hour,main,29,True,False,occupancy_tercile,high,ACI,0.8222222222222222,205.5332873496873,45,0.2365730562993405,False
C_bham_hour,main,29,True,False,occupancy_tercile,low,ToD-ACI,0.8787878787878788,191.46390548887143,33,0.2365730562993405,False
C_bham_hour,main,29,True,False,occupancy_tercile,mid,ToD-ACI,0.9473684210526316,178.70657007149777,57,0.2365730562993405,False
C_bham_hour,main,29,True,False,occupancy_tercile,high,ToD-ACI,0.8222222222222222,222.38489743219745,45,0.2365730562993405,False
C_bham_hour,main,29,True,False,random_6,r0,split-CP,0.9047619047619048,203.1304583333335,21,0.1233096294479124,False
C_bham_hour,main,29,True,False,random_6,r4,split-CP,0.9722222222222222,203.13045833333348,36,0.1233096294479124,False
C_bham_hour,main,29,True,False,random_6,r3,split-CP,0.9130434782608696,203.13045833333348,23,0.1233096294479124,False
C_bham_hour,main,29,True,False,random_6,r2,split-CP,0.88,203.1304583333335,25,0.1233096294479124,False
C_bham_hour,main,29,True,False,random_6,r5,split-CP,1.0,203.13045833333356,15,0.1233096294479124,False
C_bham_hour,main,29,True,False,random_6,r1,split-CP,0.9333333333333332,203.13045833333356,15,0.1233096294479124,False
C_bham_hour,main,29,True,False,random_6,r0,Mondrian-split-CP,0.9047619047619048,205.0530206916099,21,0.1233096294479124,False
C_bham_hour,main,29,True,False,random_6,r4,Mondrian-split-CP,0.9722222222222222,203.36192691798945,36,0.1233096294479124,False
C_bham_hour,main,29,True,False,random_6,r3,Mondrian-split-CP,0.9130434782608696,204.1874288302277,23,0.1233096294479124,False
C_bham_hour,main,29,True,False,random_6,r2,Mondrian-split-CP,0.88,206.3552009523809,25,0.1233096294479124,False
C_bham_hour,main,29,True,False,random_6,r5,Mondrian-split-CP,1.0,202.33445357142864,15,0.1233096294479124,False
C_bham_hour,main,29,True,False,random_6,r1,Mondrian-split-CP,0.9333333333333332,205.5500190476191,15,0.1233096294479124,False
C_bham_hour,main,29,True,False,random_6,r0,ACI,0.9523809523809524,183.6353654487048,21,0.1233096294479124,False
C_bham_hour,main,29,True,False,random_6,r4,ACI,0.8333333333333334,149.23732916466253,36,0.1233096294479124,False
C_bham_hour,main,29,True,False,random_6,r3,ACI,0.9130434782608696,180.85131094328372,23,0.1233096294479124,False
C_bham_hour,main,29,True,False,random_6,r2,ACI,0.8,193.24950033910537,25,0.1233096294479124,False
C_bham_hour,main,29,True,False,random_6,r5,ACI,0.9333333333333332,147.45419565897066,15,0.1233096294479124,False
C_bham_hour,main,29,True,False,random_6,r1,ACI,0.9333333333333332,183.8660058608058,15,0.1233096294479124,False
C_bham_hour,main,29,True,False,random_6,r0,ToD-ACI,0.9523809523809524,219.441231762946,21,0.1233096294479124,False
C_bham_hour,main,29,True,False,random_6,r4,ToD-ACI,0.8611111111111112,164.97088278619535,36,0.1233096294479124,False
C_bham_hour,main,29,True,False,random_6,r3,ToD-ACI,0.8695652173913043,234.1184776208092,23,0.1233096294479124,False
C_bham_hour,main,29,True,False,random_6,r2,ToD-ACI,0.88,202.74984015151523,25,0.1233096294479124,False
C_bham_hour,main,29,True,False,random_6,r5,ToD-ACI,1.0,202.18604054094052,15,0.1233096294479124,False
C_bham_hour,main,29,True,False,random_6,r1,ToD-ACI,0.8,165.22830101010103,15,0.1233096294479124,False
C_bham_hour,main,29,True,False,hour_of_day,h11,split-CP,0.9666666666666668,203.13045833333345,30,1.0,False
C_bham_hour,main,29,True,False,hour_of_day,h12,split-CP,0.9,203.13045833333345,30,1.0,False
C_bham_hour,main,29,True,False,hour_of_day,h13,split-CP,0.9666666666666668,203.13045833333345,30,1.0,False
C_bham_hour,main,29,True,False,hour_of_day,h14,split-CP,0.9,203.13045833333345,30,1.0,False
C_bham_hour,main,29,True,False,hour_of_day,h10,split-CP,1.0,203.13045833333356,7,1.0,False
C_bham_hour,main,29,True,False,hour_of_day,h15,split-CP,0.875,203.13045833333356,8,1.0,False
C_bham_hour,main,29,True,False,hour_of_day,h11,Mondrian-split-CP,0.9666666666666668,215.1995833333333,30,1.0,False
C_bham_hour,main,29,True,False,hour_of_day,h12,Mondrian-split-CP,0.9,215.19958333333324,30,1.0,False
C_bham_hour,main,29,True,False,hour_of_day,h13,Mondrian-split-CP,0.9666666666666668,195.09871428571424,30,1.0,False
C_bham_hour,main,29,True,False,hour_of_day,h14,Mondrian-split-CP,0.9,195.09871428571424,30,1.0,False
C_bham_hour,main,29,True,False,hour_of_day,h10,Mondrian-split-CP,1.0,203.13045833333356,7,1.0,False
C_bham_hour,main,29,True,False,hour_of_day,h15,Mondrian-split-CP,0.875,195.09871428571432,8,1.0,False
C_bham_hour,main,29,True,False,hour_of_day,h11,ACI,0.8666666666666667,175.1897439814815,30,1.0,False
C_bham_hour,main,29,True,False,hour_of_day,h12,ACI,0.8,162.75481581890332,30,1.0,False
C_bham_hour,main,29,True,False,hour_of_day,h13,ACI,0.9666666666666668,176.95670191798942,30,1.0,False
C_bham_hour,main,29,True,False,hour_of_day,h14,ACI,0.9,178.3991878848004,30,1.0,False
C_bham_hour,main,29,True,False,hour_of_day,h10,ACI,0.8571428571428571,127.407081152974,7,1.0,False
C_bham_hour,main,29,True,False,hour_of_day,h15,ACI,0.875,187.33051889430016,8,1.0,False
C_bham_hour,main,29,True,False,hour_of_day,h11,ToD-ACI,0.9,157.75913187830696,30,1.0,False
C_bham_hour,main,29,True,False,hour_of_day,h12,ToD-ACI,0.8666666666666667,262.1018697496947,30,1.0,False
C_bham_hour,main,29,True,False,hour_of_day,h13,ToD-ACI,0.9,152.89520204425207,30,1.0,False
C_bham_hour,main,29,True,False,hour_of_day,h14,ToD-ACI,0.8666666666666667,197.5235024697525,30,1.0,False
C_bham_hour,main,29,True,False,hour_of_day,h10,ToD-ACI,1.0,168.82724404761913,7,1.0,False
C_bham_hour,main,29,True,False,hour_of_day,h15,ToD-ACI,0.875,277.7152333829365,8,1.0,False
C_bham_hour,main,30,True,False,day_of_week,Mon,split-CP,1.0,183.27345238095222,25,0.10239568948810344,False
C_bham_hour,main,30,True,False,day_of_week,Tue,split-CP,0.9411764705882353,183.27345238095222,17,0.10239568948810344,False
C_bham_hour,main,30,True,False,day_of_week,Wed,split-CP,1.0,183.27345238095222,19,0.10239568948810344,False
C_bham_hour,main,30,True,False,day_of_week,Thu,split-CP,1.0,183.27345238095222,20,0.10239568948810344,False
C_bham_hour,main,30,True,False,day_of_week,Fri,split-CP,1.0,183.27345238095222,18,0.10239568948810344,False
C_bham_hour,main,30,True,False,day_of_week,Sat,split-CP,0.8947368421052632,183.27345238095222,19,0.10239568948810344,False
C_bham_hour,main,30,True,False,day_of_week,Sun,split-CP,0.5882352941176471,183.27345238095222,17,0.10239568948810344,False
C_bham_hour,main,30,True,False,day_of_week,Mon,Mondrian-split-CP,1.0,189.73627809523805,25,0.10239568948810344,False
C_bham_hour,main,30,True,False,day_of_week,Tue,Mondrian-split-CP,0.9411764705882353,189.65656162464975,17,0.10239568948810344,False
C_bham_hour,main,30,True,False,day_of_week,Wed,Mondrian-split-CP,1.0,188.85848245614028,19,0.10239568948810344,False
C_bham_hour,main,30,True,False,day_of_week,Thu,Mondrian-split-CP,1.0,188.5792309523809,20,0.10239568948810344,False
C_bham_hour,main,30,True,False,day_of_week,Fri,Mondrian-split-CP,1.0,189.23535317460312,18,0.10239568948810344,False
C_bham_hour,main,30,True,False,day_of_week,Sat,Mondrian-split-CP,0.8947368421052632,188.92156892230568,19,0.10239568948810344,False
C_bham_hour,main,30,True,False,day_of_week,Sun,Mondrian-split-CP,0.5882352941176471,189.58605322128847,17,0.10239568948810344,False
C_bham_hour,main,30,True,False,day_of_week,Mon,ACI,1.0,212.1707431746032,25,0.10239568948810344,False
C_bham_hour,main,30,True,False,day_of_week,Tue,ACI,0.9411764705882353,185.6095595238095,17,0.10239568948810344,False
C_bham_hour,main,30,True,False,day_of_week,Wed,ACI,1.0,160.72062824675317,19,0.10239568948810344,False
C_bham_hour,main,30,True,False,day_of_week,Thu,ACI,1.0,126.59631762265512,20,0.10239568948810344,False
C_bham_hour,main,30,True,False,day_of_week,Fri,ACI,0.7777777777777778,95.28647112995029,18,0.10239568948810344,False
C_bham_hour,main,30,True,False,day_of_week,Sat,ACI,0.6842105263157895,136.0881341516671,19,0.10239568948810344,False
C_bham_hour,main,30,True,False,day_of_week,Sun,ACI,0.7647058823529411,260.73326604278066,17,0.10239568948810344,False
C_bham_hour,main,30,True,False,day_of_week,Mon,ToD-ACI,1.0,235.134683015873,25,0.10239568948810344,False
C_bham_hour,main,30,True,False,day_of_week,Tue,ToD-ACI,0.9411764705882353,202.35573949579833,17,0.10239568948810344,False
C_bham_hour,main,30,True,False,day_of_week,Wed,ToD-ACI,1.0,193.80175563909768,19,0.10239568948810344,False
C_bham_hour,main,30,True,False,day_of_week,Thu,ToD-ACI,1.0,186.13938143939387,20,0.10239568948810344,False
C_bham_hour,main,30,True,False,day_of_week,Fri,ToD-ACI,1.0,169.84676169432413,18,0.10239568948810344,False
C_bham_hour,main,30,True,False,day_of_week,Sat,ToD-ACI,0.6842105263157895,162.64979095465932,19,0.10239568948810344,False
C_bham_hour,main,30,True,False,day_of_week,Sun,ToD-ACI,0.4117647058823529,184.98984943977584,17,0.10239568948810344,False
C_bham_hour,main,30,True,False,occupancy_tercile,high,split-CP,0.9876543209876543,183.27345238095222,81,0.17752337948718266,False
C_bham_hour,main,30,True,False,occupancy_tercile,mid,split-CP,1.0,183.27345238095222,18,0.17752337948718266,False
C_bham_hour,main,30,True,False,occupancy_tercile,low,split-CP,0.75,183.27345238095222,36,0.17752337948718266,False
C_bham_hour,main,30,True,False,occupancy_tercile,high,Mondrian-split-CP,0.9876543209876543,189.64136022927684,81,0.17752337948718266,False
C_bham_hour,main,30,True,False,occupancy_tercile,mid,Mondrian-split-CP,1.0,187.3750257936508,18,0.17752337948718266,False
C_bham_hour,main,30,True,False,occupancy_tercile,low,Mondrian-split-CP,0.75,189.23535317460312,36,0.17752337948718266,False
C_bham_hour,main,30,True,False,occupancy_tercile,high,ACI,0.9753086419753086,168.0661841986888,81,0.17752337948718266,False
C_bham_hour,main,30,True,False,occupancy_tercile,mid,ACI,0.8333333333333334,119.2802744809203,18,0.17752337948718266,False
C_bham_hour,main,30,True,False,occupancy_tercile,low,ACI,0.7222222222222222,194.94833532247077,36,0.17752337948718266,False
C_bham_hour,main,30,True,False,occupancy_tercile,high,ToD-ACI,0.9876543209876543,198.92238467568092,81,0.17752337948718266,False
C_bham_hour,main,30,True,False,occupancy_tercile,mid,ToD-ACI,1.0,203.77578802910048,18,0.17752337948718266,False
C_bham_hour,main,30,True,False,occupancy_tercile,low,ToD-ACI,0.5555555555555556,173.19926301707545,36,0.17752337948718266,False
C_bham_hour,main,30,True,False,random_6,r0,split-CP,0.8571428571428571,183.27345238095222,21,0.12330962944791247,False
C_bham_hour,main,30,True,False,random_6,r4,split-CP,0.9722222222222222,183.27345238095222,36,0.12330962944791247,False
C_bham_hour,main,30,True,False,random_6,r3,split-CP,0.8695652173913043,183.27345238095222,23,0.12330962944791247,False
C_bham_hour,main,30,True,False,random_6,r2,split-CP,0.96,183.27345238095222,25,0.12330962944791247,False
C_bham_hour,main,30,True,False,random_6,r5,split-CP,1.0,183.27345238095222,15,0.12330962944791247,False
C_bham_hour,main,30,True,False,random_6,r1,split-CP,0.8666666666666667,183.27345238095222,15,0.12330962944791247,False
C_bham_hour,main,30,True,False,random_6,r0,Mondrian-split-CP,0.8571428571428571,189.0810873015873,21,0.12330962944791247,False
C_bham_hour,main,30,True,False,random_6,r4,Mondrian-split-CP,0.9722222222222222,188.16836243386234,36,0.12330962944791247,False
C_bham_hour,main,30,True,False,random_6,r3,Mondrian-split-CP,0.8695652173913043,189.55724534161484,23,0.12330962944791247,False
C_bham_hour,main,30,True,False,random_6,r2,Mondrian-split-CP,0.96,191.36863619047614,25,0.12330962944791247,False
C_bham_hour,main,30,True,False,random_6,r5,Mondrian-split-CP,1.0,187.21893253968247,15,0.12330962944791247,False
C_bham_hour,main,30,True,False,random_6,r1,Mondrian-split-CP,0.8666666666666667,189.93952936507927,15,0.12330962944791247,False
C_bham_hour,main,30,True,False,random_6,r0,ACI,0.9047619047619048,168.69507257094753,21,0.12330962944791247,False
C_bham_hour,main,30,True,False,random_6,r4,ACI,0.8611111111111112,160.3834748777457,36,0.12330962944791247,False
C_bham_hour,main,30,True,False,random_6,r3,ACI,0.9130434782608695,177.33090743616285,23,0.12330962944791247,False
C_bham_hour,main,30,True,False,random_6,r2,ACI,0.88,179.03690837662336,25,0.12330962944791247,False
C_bham_hour,main,30,True,False,random_6,r5,ACI,0.9333333333333333,173.7585845358345,15,0.12330962944791247,False
C_bham_hour,main,30,True,False,random_6,r1,ACI,0.8666666666666667,153.41546428571425,15,0.12330962944791247,False
C_bham_hour,main,30,True,False,random_6,r0,ToD-ACI,0.8571428571428571,198.92607964852604,21,0.12330962944791247,False
C_bham_hour,main,30,True,False,random_6,r4,ToD-ACI,0.8611111111111112,185.53496960678206,36,0.12330962944791247,False
C_bham_hour,main,30,True,False,random_6,r3,ToD-ACI,0.8260869565217391,180.75561206004136,23,0.12330962944791247,False
C_bham_hour,main,30,True,False,random_6,r2,ToD-ACI,0.92,200.73289778499276,25,0.12330962944791247,False
C_bham_hour,main,30,True,False,random_6,r5,ToD-ACI,0.9333333333333333,194.9229127705627,15,0.12330962944791247,False
C_bham_hour,main,30,True,False,random_6,r1,ToD-ACI,0.8666666666666667,203.9732679894179,15,0.12330962944791247,False
C_bham_hour,main,30,True,False,hour_of_day,h11,split-CP,0.9,183.27345238095222,30,1.0,False
C_bham_hour,main,30,True,False,hour_of_day,h12,split-CP,0.9,183.27345238095222,30,1.0,False
C_bham_hour,main,30,True,False,hour_of_day,h13,split-CP,1.0,183.27345238095222,30,1.0,False
C_bham_hour,main,30,True,False,hour_of_day,h14,split-CP,0.9,183.27345238095222,30,1.0,False
C_bham_hour,main,30,True,False,hour_of_day,h10,split-CP,0.8571428571428571,183.27345238095222,7,1.0,False
C_bham_hour,main,30,True,False,hour_of_day,h15,split-CP,1.0,183.27345238095222,8,1.0,False
C_bham_hour,main,30,True,False,hour_of_day,h11,Mondrian-split-CP,0.9,191.79515476190483,30,1.0,False
C_bham_hour,main,30,True,False,hour_of_day,h12,Mondrian-split-CP,0.9,203.078607142857,30,1.0,False
C_bham_hour,main,30,True,False,hour_of_day,h13,Mondrian-split-CP,1.0,183.27345238095222,30,1.0,False
C_bham_hour,main,30,True,False,hour_of_day,h14,Mondrian-split-CP,0.9,182.07480952380956,30,1.0,False
C_bham_hour,main,30,True,False,hour_of_day,h10,Mondrian-split-CP,0.8571428571428571,183.27345238095222,7,1.0,False
C_bham_hour,main,30,True,False,hour_of_day,h15,Mondrian-split-CP,1.0,182.07480952380956,8,1.0,False
C_bham_hour,main,30,True,False,hour_of_day,h11,ACI,0.8,165.83435407647903,30,1.0,False
C_bham_hour,main,30,True,False,hour_of_day,h12,ACI,0.9333333333333333,176.2482523869649,30,1.0,False
C_bham_hour,main,30,True,False,hour_of_day,h13,ACI,0.9666666666666667,175.85484193722942,30,1.0,False
C_bham_hour,main,30,True,False,hour_of_day,h14,ACI,0.8666666666666667,168.63324497955747,30,1.0,False
C_bham_hour,main,30,True,False,hour_of_day,h10,ACI,0.8571428571428571,135.65601020408147,7,1.0,False
C_bham_hour,main,30,True,False,hour_of_day,h15,ACI,0.875,153.97913244047618,8,1.0,False
C_bham_hour,main,30,True,False,hour_of_day,h11,ToD-ACI,0.8333333333333334,201.1424147546897,30,1.0,False
C_bham_hour,main,30,True,False,hour_of_day,h12,ToD-ACI,0.8666666666666667,228.7931377585377,30,1.0,False
C_bham_hour,main,30,True,False,hour_of_day,h13,ToD-ACI,0.9333333333333333,151.5135421356421,30,1.0,False
C_bham_hour,main,30,True,False,hour_of_day,h14,ToD-ACI,0.8666666666666667,188.15414808802308,30,1.0,False
C_bham_hour,main,30,True,False,hour_of_day,h10,ToD-ACI,0.8571428571428571,215.61711564625847,7,1.0,False
C_bham_hour,main,30,True,False,hour_of_day,h15,ToD-ACI,0.875,177.30421502976185,8,1.0,False
