facility_id,dynamic,horizon,level,method,PICP,MPIW,Winkler,n_test,n_cal,picp_ci_lo,picp_ci_hi,n_crossings_cal,n_crossings_test
1,True,y_t+30min,0.8,split-CP,0.7111111111111111,24.891410714285712,48.12529168002779,135,150,,,,
1,True,y_t+30min,0.8,ACI,0.7851851851851852,31.669329290257075,47.35985650686763,135,150,,,,
1,True,y_t+30min,0.85,split-CP,0.8518518518518519,35.14355952380947,51.60427077209486,135,150,,,,
1,True,y_t+30min,0.85,ACI,0.837037037037037,38.57481532253754,53.054084513566,135,150,,,,
1,True,y_t+30min,0.9,split-CP,0.9111111111111112,42.628595238095215,59.05702601410936,135,150,0.8636363636363636,0.946969696969697,,
1,True,y_t+30min,0.9,ACI,0.8888888888888888,44.9008647159425,62.705866920528045,135,150,0.8409090909090909,0.9242424242424242,,
1,True,y_t+30min,0.95,split-CP,0.9703703703703704,59.772369047619,73.91804629629625,135,150,,,,
1,True,y_t+30min,0.95,ACI,0.9407407407407408,56.212264157447486,76.96282118272673,135,150,,,,
1,True,y_t+30min,0.9,CQR,0.8888888888888888,43.113620947251086,62.67502205618633,135,150,0.8409090909090909,0.9242424242424242,0.0,0.0
1,True,y_t+30min,0.9,ACQR,0.8962962962962963,52.28577242717712,67.01792013913153,135,150,0.8484848484848485,0.9318181818181818,0.0,0.0
1,True,y_t+30min,0.95,CQR,0.9407407407407408,51.29422617700466,70.0823166300049,135,150,,,0.0,0.0
1,True,y_t+30min,0.95,ACQR,0.9407407407407408,59.581501810067465,77.7258921265892,135,150,,,0.0,0.0
1,True,y_t+60min,0.8,split-CP,0.7185185185185186,45.98005952380958,83.60517233178341,135,150,,,,
1,True,y_t+60min,0.8,ACI,0.7777777777777778,53.109885871946986,88.08090241301906,135,150,,,,
1,True,y_t+60min,0.85,split-CP,0.837037037037037,58.06776190476194,90.4608473001621,135,150,,,,
1,True,y_t+60min,0.85,ACI,0.8296296296296296,71.48114850355407,100.92860127643276,135,150,,,,
1,True,y_t+60min,0.9,split-CP,0.9037037037037036,78.06559523809526,104.29341754850088,135,150,0.8409090909090909,0.9545454545454546,,
1,True,y_t+60min,0.9,ACI,0.8814814814814815,85.69380485276042,109.67831381807494,135,150,0.8181818181818182,0.9242424242424242,,
1,True,y_t+60min,0.95,split-CP,0.9481481481481482,98.32840476190472,124.48759318048208,135,150,,,,
1,True,y_t+60min,0.95,ACI,0.925925925925926,95.47980421543475,133.69907712976325,135,150,,,,
1,True,y_t+60min,0.9,CQR,0.9111111111111112,82.98189147711902,104.24834726848626,135,150,0.8636363636363636,0.946969696969697,0.0,0.0
1,True,y_t+60min,0.9,ACQR,0.8814814814814815,92.36895844100248,117.11475498088116,135,150,0.8181818181818182,0.9318181818181818,0.0,0.0
1,True,y_t+60min,0.95,CQR,0.9555555555555556,99.9510502484178,119.43057079089073,135,150,,,0.0,0.0
1,True,y_t+60min,0.95,ACQR,0.9407407407407408,107.7185060373682,122.03689883096514,135,150,,,0.0,0.0
1,True,y_t+90min,0.8,split-CP,0.7333333333333333,60.85658333333332,127.06596516754853,135,150,,,,
1,True,y_t+90min,0.8,ACI,0.7777777777777778,74.19414421062476,133.39505536582757,135,150,,,,
1,True,y_t+90min,0.85,split-CP,0.8074074074074075,76.82505357142857,140.71557561728395,135,150,,,,
1,True,y_t+90min,0.85,ACI,0.8296296296296296,89.06458004516061,148.82233322065449,135,150,,,,
1,True,y_t+90min,0.9,split-CP,0.8740740740740741,103.6161547619048,158.32864432686657,135,150,0.7954545454545454,0.9393939393939394,,
1,True,y_t+90min,0.9,ACI,0.8814814814814815,122.80538533616588,186.9637781933088,135,150,0.803030303030303,0.946969696969697,,
1,True,y_t+90min,0.95,split-CP,0.9703703703703704,164.43590476190482,186.6262322163433,135,150,,,,
1,True,y_t+90min,0.95,ACI,0.925925925925926,139.77871258217087,234.42490952514555,135,150,,,,
1,True,y_t+90min,0.9,CQR,0.8444444444444444,97.70260086415604,142.38869669472234,135,150,0.7651515151515151,0.9015151515151516,0.0,0.0
1,True,y_t+90min,0.9,ACQR,0.8814814814814815,114.0097344337928,154.4430221468936,135,150,0.803030303030303,0.9393939393939394,0.0,0.0
1,True,y_t+90min,0.95,CQR,0.9629629629629628,144.1317256809116,162.0908076812315,135,150,,,0.0,0.0
1,True,y_t+90min,0.95,ACQR,0.9185185185185184,143.1954240843139,194.49938919707805,135,150,,,0.0,0.0
2,True,y_t+30min,0.8,split-CP,0.7241379310344828,20.43404761904762,49.58724232006019,116,150,,,,
2,True,y_t+30min,0.8,ACI,0.7672413793103449,29.56703846811713,48.248948019293934,116,150,,,,
2,True,y_t+30min,0.85,split-CP,0.8362068965517241,30.254678571428595,54.681825305601166,116,150,,,,
2,True,y_t+30min,0.85,ACI,0.8275862068965517,33.194618014767805,51.98010663454521,116,150,,,,
2,True,y_t+30min,0.9,split-CP,0.8706896551724138,37.783702380952384,63.11786870552821,116,150,0.7894736842105263,0.9473684210526316,,
2,True,y_t+30min,0.9,ACI,0.8706896551724138,44.49041362600524,57.812277402793576,116,150,0.8070175438596491,0.9385964912280702,,
2,True,y_t+30min,0.95,split-CP,0.956896551724138,55.01770833333336,84.2611401888341,116,150,,,,
2,True,y_t+30min,0.95,ACI,0.9310344827586208,54.9157866326681,76.12288980727122,116,150,,,,
2,True,y_t+30min,0.9,CQR,0.9224137931034484,38.12200796867617,46.14240012694225,116,150,0.8771929824561403,0.9649122807017544,0.0,0.0
2,True,y_t+30min,0.9,ACQR,0.896551724137931,35.59359964374724,47.91781805010899,116,150,0.8508771929824561,0.9385964912280702,0.0,0.0
2,True,y_t+30min,0.95,CQR,0.9396551724137931,46.44141095861412,53.13189145858552,116,150,,,0.0,0.0
2,True,y_t+30min,0.95,ACQR,0.9396551724137931,50.870970539628544,58.54156897105663,116,150,,,0.0,0.0
2,True,y_t+60min,0.8,split-CP,0.6724137931034483,32.93236904761906,77.46024153851414,116,150,,,,
2,True,y_t+60min,0.8,ACI,0.7672413793103449,39.4763432446385,71.06317776607972,116,150,,,,
2,True,y_t+60min,0.85,split-CP,0.7758620689655172,42.14045238095236,85.0081679500257,116,150,,,,
2,True,y_t+60min,0.85,ACI,0.8189655172413793,49.55295854385078,84.03458033441653,116,150,,,,
2,True,y_t+60min,0.9,split-CP,0.8620689655172413,58.58219047619048,95.33803013820472,116,150,0.7982456140350878,0.9385964912280702,,
2,True,y_t+60min,0.9,ACI,0.8706896551724138,67.33055672919033,96.28642160066948,116,150,0.8070175438596491,0.9385964912280702,,
2,True,y_t+60min,0.95,split-CP,0.9310344827586208,79.06225793650792,116.70866803503006,116,150,,,,
2,True,y_t+60min,0.95,ACI,0.9310344827586208,81.08372200763795,108.10035036012836,116,150,,,,
2,True,y_t+60min,0.9,CQR,0.9051724137931034,67.28610574325181,75.55743248300936,116,150,0.8508771929824561,0.956140350877193,0.0,0.0
2,True,y_t+60min,0.9,ACQR,0.8879310344827587,63.25281154657488,80.49626071209242,116,150,0.8328947368421042,0.9385964912280702,0.0,0.0
2,True,y_t+60min,0.95,CQR,0.956896551724138,82.32970112477912,92.27667281380022,116,150,,,0.0,0.0
2,True,y_t+60min,0.95,ACQR,0.9224137931034484,80.76804024315297,98.07275948465056,116,150,,,0.0,0.0
2,True,y_t+90min,0.8,split-CP,0.6982758620689655,44.52916666666663,108.40894097999704,116,150,,,,
2,True,y_t+90min,0.8,ACI,0.75,47.06944885119669,95.8802631129646,116,150,,,,
2,True,y_t+90min,0.85,split-CP,0.75,53.135043650793705,122.62765335829552,116,150,,,,
2,True,y_t+90min,0.85,ACI,0.8103448275862069,57.61650127973081,108.95450450575126,116,150,,,,
2,True,y_t+90min,0.9,split-CP,0.7931034482758621,70.7581666666667,133.3333577399612,116,150,0.6754385964912281,0.9035087719298246,,
2,True,y_t+90min,0.9,ACI,0.8793103448275862,72.2107285897771,121.78705164172514,116,150,0.8070175438596491,0.9473684210526316,,
2,True,y_t+90min,0.95,split-CP,0.8879310344827587,89.46717857142859,154.47536654724576,116,150,,,,
2,True,y_t+90min,0.95,ACI,0.9051724137931034,99.18465286952032,115.4872278185177,116,150,,,,
2,True,y_t+90min,0.9,CQR,0.8275862068965517,76.44872999524316,116.08153018504235,116,150,0.7456140350877193,0.9035087719298246,0.0,0.0
2,True,y_t+90min,0.9,ACQR,0.8620689655172413,89.93435315573741,109.29872793472586,116,150,0.7894736842105263,0.9210526315789472,0.0,0.0
2,True,y_t+90min,0.95,CQR,0.9913793103448276,122.79867896213564,126.67379313829952,116,150,,,0.0,0.0
2,True,y_t+90min,0.95,ACQR,0.9396551724137931,111.41571049902907,120.85392982682534,116,150,,,0.0,0.0
3,True,y_t+30min,0.8,split-CP,0.7637795275590551,39.05622023809519,81.32558320834896,127,150,,,,
3,True,y_t+30min,0.8,ACI,0.7874015748031497,50.94152165496356,82.48559520116805,127,150,,,,
3,True,y_t+30min,0.85,split-CP,0.8267716535433071,46.508571428571486,92.76567710286209,127,150,,,,
3,True,y_t+30min,0.85,ACI,0.84251968503937,53.063456396075495,88.68025648356458,127,150,,,,
3,True,y_t+30min,0.9,split-CP,0.8976377952755905,58.41301190476182,110.43941751031124,127,150,0.8253968253968254,0.9523809523809524,,
3,True,y_t+30min,0.9,ACI,0.8976377952755905,70.51223712660918,111.28489366954136,127,150,0.8253968253968254,0.9523809523809524,,
3,True,y_t+30min,0.95,split-CP,0.9291338582677166,87.31906547619046,145.5216807742781,127,150,,,,
3,True,y_t+30min,0.95,ACI,0.9448818897637796,96.69024730289397,140.36432804280145,127,150,,,,
3,True,y_t+30min,0.9,CQR,0.905511811023622,56.30036684722426,95.00438390663945,127,150,0.8333333333333334,0.9603174603174603,0.0,0.0
3,True,y_t+30min,0.9,ACQR,0.889763779527559,68.09068991781426,100.34285931176856,127,150,0.8333333333333334,0.9285714285714286,0.0,0.0
3,True,y_t+30min,0.95,CQR,0.9448818897637796,79.45598075776932,124.08031695733987,127,150,,,0.0,0.0
3,True,y_t+30min,0.95,ACQR,0.937007874015748,86.4474672817342,116.21423265233652,127,150,,,0.0,0.0
3,True,y_t+60min,0.8,split-CP,0.7559055118110236,67.03013095238086,142.3344042463443,127,150,,,,
3,True,y_t+60min,0.8,ACI,0.7874015748031497,96.92147256592926,138.48981574178228,127,150,,,,
3,True,y_t+60min,0.85,split-CP,0.8188976377952756,85.26840476190473,160.44699025121855,127,150,,,,
3,True,y_t+60min,0.85,ACI,0.8346456692913385,111.35816508873891,152.1181471743115,127,150,,,,
3,True,y_t+60min,0.9,split-CP,0.8976377952755905,117.3191031746032,187.8805133108361,127,150,0.8095238095238095,0.9682539682539684,,
3,True,y_t+60min,0.9,ACI,0.889763779527559,126.04945341207352,177.75430483689536,127,150,0.8015873015873016,0.9603174603174603,,
3,True,y_t+60min,0.95,split-CP,0.9291338582677166,151.96004761904751,241.6442064741906,127,150,,,,
3,True,y_t+60min,0.95,ACI,0.937007874015748,166.02842686851648,237.78335187789023,127,150,,,,
3,True,y_t+60min,0.9,CQR,0.889763779527559,105.8758945322883,168.37100102974114,127,150,0.8174603174603174,0.9523809523809524,0.0,0.0
3,True,y_t+60min,0.9,ACQR,0.889763779527559,116.13811348366912,165.23109418342884,127,150,0.8174603174603174,0.9444444444444444,0.0,0.0
3,True,y_t+60min,0.95,CQR,0.952755905511811,169.11754411607126,208.6999264491072,127,150,,,0.0,0.0
3,True,y_t+60min,0.95,ACQR,0.937007874015748,168.80831352608493,210.60411840407733,127,150,,,0.0,0.0
3,True,y_t+90min,0.8,split-CP,0.7244094488188977,99.63569047619058,214.3592074584428,127,150,,,,
3,True,y_t+90min,0.8,ACI,0.7716535433070866,139.4441469191351,222.15404638482696,127,150,,,,
3,True,y_t+90min,0.85,split-CP,0.84251968503937,141.47461904761897,237.52066391701032,127,150,,,,
3,True,y_t+90min,0.85,ACI,0.8267716535433071,167.839875656168,242.69029477044543,127,150,,,,
3,True,y_t+90min,0.9,split-CP,0.905511811023622,185.541113095238,271.1646103143359,127,150,0.8174603174603174,0.9682539682539684,,
3,True,y_t+90min,0.9,ACI,0.8661417322834646,206.1555548056493,279.8266345144357,127,150,0.7777777777777778,0.9365079365079364,,
3,True,y_t+90min,0.95,split-CP,0.9291338582677166,236.47202182539684,327.6727364235719,127,150,,,,
3,True,y_t+90min,0.95,ACI,0.9291338582677166,251.43992246281712,361.9302758561428,127,150,,,,
3,True,y_t+90min,0.9,CQR,0.8976377952755905,171.68985916877878,237.99419898076155,127,150,0.8174603174603174,0.9603174603174603,0.0,0.0
3,True,y_t+90min,0.9,ACQR,0.8740157480314961,186.0826208228769,242.3617713352262,127,150,0.7936507936507936,0.9365079365079364,0.0,0.0
3,True,y_t+90min,0.95,CQR,0.9448818897637796,235.58853016573505,286.1406746295237,127,150,,,0.0,1.0
3,True,y_t+90min,0.95,ACQR,0.937007874015748,232.08944269470547,296.53513039969914,127,150,,,0.0,1.0
4,True,y_t+30min,0.8,split-CP,0.7481481481481481,22.00434523809519,43.13299441504999,135,150,,,,
4,True,y_t+30min,0.8,ACI,0.7925925925925926,25.80677795414461,44.594196090534986,135,150,,,,
4,True,y_t+30min,0.85,split-CP,0.7851851851851852,26.36466666666673,47.71590456594159,135,150,,,,
4,True,y_t+30min,0.85,ACI,0.8444444444444444,33.410667401528514,50.76427135998431,135,150,,,,
4,True,y_t+30min,0.9,split-CP,0.8814814814814815,32.63679761904758,55.52180129335687,135,150,0.8333333333333334,0.9242424242424242,,
4,True,y_t+30min,0.9,ACI,0.8962962962962963,37.88695408583187,58.66096084656087,135,150,0.8636363636363636,0.9318181818181818,,
4,True,y_t+30min,0.95,split-CP,0.9333333333333332,45.74715476190477,67.65985258671367,135,150,,,,
4,True,y_t+30min,0.95,ACI,0.9407407407407408,56.25569656084656,77.5284628747795,135,150,,,,
4,True,y_t+30min,0.9,CQR,0.8740740740740741,28.066203709302897,51.082034721871686,135,150,0.8181818181818182,0.9318181818181818,0.0,0.0
4,True,y_t+30min,0.9,ACQR,0.9037037037037036,35.721091379944994,53.94871250576824,135,150,0.8636363636363636,0.946969696969697,0.0,0.0
4,True,y_t+30min,0.95,CQR,0.925925925925926,43.43814916971295,60.05202293272077,135,150,,,0.0,0.0
4,True,y_t+30min,0.95,ACQR,0.9481481481481482,48.56047885680892,65.57699193869618,135,150,,,0.0,0.0
4,True,y_t+60min,0.8,split-CP,0.7185185185185186,31.525654761904768,62.36428222035166,135,150,,,,
4,True,y_t+60min,0.8,ACI,0.7925925925925926,40.72575770936883,62.13902944791835,135,150,,,,
4,True,y_t+60min,0.85,split-CP,0.8222222222222222,44.23428571428576,64.9060547182584,135,150,,,,
4,True,y_t+60min,0.85,ACI,0.8444444444444444,47.66879955106623,68.86194353945095,135,150,,,,
4,True,y_t+60min,0.9,split-CP,0.8888888888888888,53.02149404761905,71.11929365747422,135,150,0.8333333333333334,0.9393939393939394,,
4,True,y_t+60min,0.9,ACI,0.8814814814814815,63.37523486585431,77.30728505023782,135,150,0.8409090909090909,0.9242424242424242,,
4,True,y_t+60min,0.95,split-CP,0.9555555555555556,69.24225000000003,81.53466521030413,135,150,,,,
4,True,y_t+60min,0.95,ACI,0.9407407407407408,70.96422924215702,84.66247121212122,135,150,,,,
4,True,y_t+60min,0.9,CQR,0.8592592592592593,43.56570177077553,69.93383059631147,135,150,0.7954545454545454,0.9166666666666666,0.0,0.0
4,True,y_t+60min,0.9,ACQR,0.8962962962962963,56.54388762300651,71.88344884930848,135,150,0.8409090909090909,0.946969696969697,0.0,0.0
4,True,y_t+60min,0.95,CQR,0.9629629629629628,61.34986984067453,75.58622852115057,135,150,,,0.0,0.0
4,True,y_t+60min,0.95,ACQR,0.9407407407407408,61.02487128023074,78.83366340137353,135,150,,,0.0,0.0
4,True,y_t+90min,0.8,split-CP,0.6592592592592592,38.94723412698407,86.11670149911818,135,150,,,,
4,True,y_t+90min,0.8,ACI,0.7777777777777778,61.3331210170488,85.7849110670194,135,150,,,,
4,True,y_t+90min,0.85,split-CP,0.7925925925925926,57.04441666666662,88.98274549284737,135,150,,,,
4,True,y_t+90min,0.85,ACI,0.8296296296296296,71.16542440810218,93.08179367395292,135,150,,,,
4,True,y_t+90min,0.9,split-CP,0.9333333333333332,78.68623809523808,95.17254512051731,135,150,0.8787878787878788,0.9772727272727272,,
4,True,y_t+90min,0.9,ACI,0.8888888888888888,78.19541716236438,97.15284550665385,135,150,0.8257575757575758,0.9393939393939394,,
4,True,y_t+90min,0.95,split-CP,0.9555555555555556,93.81587698412692,108.94023971193413,135,150,,,,
4,True,y_t+90min,0.95,ACI,0.9407407407407408,86.44870408583185,114.89213802843244,135,150,,,,
4,True,y_t+90min,0.9,CQR,0.8814814814814815,61.35617612444335,93.0800725530404,135,150,0.8181818181818182,0.9393939393939394,0.0,0.0
4,True,y_t+90min,0.9,ACQR,0.8814814814814815,71.78528537322231,96.77683989800651,135,150,0.8257575757575758,0.9318181818181818,0.0,0.0
4,True,y_t+90min,0.95,CQR,0.9555555555555556,109.9584939677192,123.62412014995772,135,150,,,0.0,0.0
4,True,y_t+90min,0.95,ACQR,0.9407407407407408,99.10112225351229,127.79541962639507,135,150,,,0.0,0.0
5,True,y_t+30min,0.8,split-CP,0.9044117647058824,105.06035119047624,133.78828485352483,136,151,,,,
5,True,y_t+30min,0.8,ACI,0.8235294117647058,82.76947088134496,129.7070185083504,136,151,,,,
5,True,y_t+30min,0.85,split-CP,0.9485294117647058,117.03632142857144,148.86882668067233,136,151,,,,
5,True,y_t+30min,0.85,ACI,0.875,88.45819415929249,142.5471213690653,136,151,,,,
5,True,y_t+30min,0.9,split-CP,0.9485294117647058,132.81002380952373,172.43996428571432,136,151,0.9015151515151516,0.9772727272727272,,
5,True,y_t+30min,0.9,ACI,0.9044117647058824,109.5353804775698,169.3054919786097,136,151,0.8484848484848485,0.946969696969697,,
5,True,y_t+30min,0.95,split-CP,0.9632352941176472,199.942,221.8313907563025,136,151,,,,
5,True,y_t+30min,0.95,ACI,0.9485294117647058,153.8328934924349,230.9294067871467,136,151,,,,
5,True,y_t+30min,0.9,CQR,0.8823529411764706,114.44360367746188,168.00728511482734,136,151,0.8333333333333334,0.9242424242424242,2.0,5.0
5,True,y_t+30min,0.9,ACQR,0.9117647058823528,115.3825934328455,169.72989616157065,136,151,0.8712121212121212,0.946969696969697,2.0,5.0
5,True,y_t+30min,0.95,CQR,0.9705882352941176,168.52010000815062,210.0238772751429,136,151,,,0.0,2.0
5,True,y_t+30min,0.95,ACQR,0.9411764705882352,197.9933941688869,237.72042325678623,136,151,,,0.0,2.0
5,True,y_t+60min,0.8,split-CP,0.875,174.19274404761904,222.6057282621382,136,151,,,,
5,True,y_t+60min,0.8,ACI,0.8308823529411765,152.16579412101382,219.80465259148536,136,151,,,,
5,True,y_t+60min,0.85,split-CP,0.8970588235294118,194.8505595238096,243.9309344654529,136,151,,,,
5,True,y_t+60min,0.85,ACI,0.8823529411764706,169.48601318860878,244.8753084344849,136,151,,,,
5,True,y_t+60min,0.9,split-CP,0.9558823529411764,231.6333452380952,280.3196837943511,136,151,0.9166666666666666,0.9848484848484848,,
5,True,y_t+60min,0.9,ACI,0.9117647058823528,186.84359646358544,281.06534993580766,136,151,0.8636363636363636,0.946969696969697,,
5,True,y_t+60min,0.95,split-CP,0.9705882352941176,287.5204027777777,341.879268907563,136,151,,,,
5,True,y_t+60min,0.95,ACI,0.9485294117647058,263.45678793183936,381.317616013072,136,151,,,,
5,True,y_t+60min,0.9,CQR,0.9485294117647058,231.69345438896548,283.00585509926447,136,151,0.9090909090909092,0.9772727272727272,1.0,2.0
5,True,y_t+60min,0.9,ACQR,0.9264705882352942,215.46025239674043,285.6075357243104,136,151,0.8787878787878788,0.9621212121212122,1.0,2.0
5,True,y_t+60min,0.95,CQR,0.9705882352941176,295.9490950588672,351.8264905841253,136,151,,,0.0,0.0
5,True,y_t+60min,0.95,ACQR,0.9558823529411764,299.58453484470726,388.1921799238571,136,151,,,0.0,0.0
5,True,y_t+90min,0.8,split-CP,0.8676470588235294,240.837630952381,281.47039406804384,136,151,,,,
5,True,y_t+90min,0.8,ACI,0.8235294117647058,216.991606405441,285.271991625817,136,151,,,,
5,True,y_t+90min,0.85,split-CP,0.8897058823529411,263.2226746031747,299.31534831154687,136,151,,,,
5,True,y_t+90min,0.85,ACI,0.8676470588235294,245.4508749893897,307.9002908302209,136,151,,,,
5,True,y_t+90min,0.9,split-CP,0.9632352941176472,307.8118192640693,326.23226021507094,136,151,0.9318181818181818,0.9848484848484848,,
5,True,y_t+90min,0.9,ACI,0.9117647058823528,285.556439511979,334.6580225959702,136,151,0.8636363636363636,0.9473484848484792,,
5,True,y_t+90min,0.95,split-CP,0.9852941176470588,362.388005952381,376.7319464869281,136,151,,,,
5,True,y_t+90min,0.95,ACI,0.9485294117647058,328.2483038008764,384.32071947547934,136,151,,,,
5,True,y_t+90min,0.9,CQR,0.9632352941176472,307.3398495832804,334.12468000560943,136,151,0.9318181818181818,0.9848484848484848,0.0,0.0
5,True,y_t+90min,0.9,ACQR,0.9264705882352942,269.7862040324303,322.1843298739156,136,151,0.8712121212121212,0.9696969696969696,0.0,0.0
5,True,y_t+90min,0.95,CQR,0.9852941176470588,413.4530115969848,430.4241136625046,136,151,,,0.0,0.0
5,True,y_t+90min,0.95,ACQR,0.9632352941176472,342.3105020668048,391.1111979460734,136,151,,,0.0,0.0
6,True,y_t+30min,0.8,split-CP,0.7720588235294118,91.6548333333335,154.49669162873482,136,150,,,,
6,True,y_t+30min,0.8,ACI,0.7794117647058824,100.97535739311752,157.09029387973143,136,150,,,,
6,True,y_t+30min,0.85,split-CP,0.8088235294117647,104.08791269841277,170.42140359477125,136,150,,,,
6,True,y_t+30min,0.85,ACI,0.8382352941176471,119.8298750202004,174.04401318935697,136,150,,,,
6,True,y_t+30min,0.9,split-CP,0.8602941176470589,122.66536904761917,193.43090549136323,136,150,0.803030303030303,0.9318181818181818,,
6,True,y_t+30min,0.9,ACI,0.8897058823529411,142.0787787255637,200.11009671109127,136,150,0.8257575757575758,0.946969696969697,,
6,True,y_t+30min,0.95,split-CP,0.9191176470588236,158.1786547619049,222.6691478758169,136,150,,,,
6,True,y_t+30min,0.95,ACI,0.9485294117647058,179.39940803253126,235.5817781889272,136,150,,,,
6,True,y_t+30min,0.9,CQR,0.8897058823529411,126.0467809814936,186.2301614380285,136,150,0.8333333333333334,0.946969696969697,0.0,0.0
6,True,y_t+30min,0.9,ACQR,0.8970588235294118,139.92537898592656,195.4987777634124,136,150,0.8560606060606061,0.9393939393939394,0.0,0.0
6,True,y_t+30min,0.95,CQR,0.9558823529411764,166.2284761121597,214.1332561666111,136,150,,,0.0,0.0
6,True,y_t+30min,0.95,ACQR,0.9485294117647058,183.7523737055085,214.830805950537,136,150,,,0.0,0.0
6,True,y_t+60min,0.8,split-CP,0.7647058823529411,150.00738690476192,247.6241818102241,136,150,,,,
6,True,y_t+60min,0.8,ACI,0.7794117647058824,157.05468714985994,248.0402571486928,136,150,,,,
6,True,y_t+60min,0.85,split-CP,0.8161764705882353,164.8346845238093,273.89079261982573,136,150,,,,
6,True,y_t+60min,0.85,ACI,0.8308823529411765,193.7922564338235,278.0059762828743,136,150,,,,
6,True,y_t+60min,0.9,split-CP,0.8823529411764706,206.8980873015871,309.2741825105042,136,150,0.8181818181818182,0.9545454545454546,,
6,True,y_t+60min,0.9,ACI,0.8897058823529411,219.5479753588936,316.5415253413865,136,150,0.8257575757575758,0.946969696969697,,
6,True,y_t+60min,0.95,split-CP,0.9264705882352942,276.00141666666696,356.85602334267014,136,150,,,,
6,True,y_t+60min,0.95,ACI,0.9411764705882352,284.79254804213355,405.9286591532445,136,150,,,,
6,True,y_t+60min,0.9,CQR,0.9044117647058824,198.93221182234905,285.7466606404428,136,150,0.8560606060606061,0.9545454545454546,0.0,0.0
6,True,y_t+60min,0.9,ACQR,0.8970588235294118,200.9165422438051,289.02852618129685,136,150,0.8484848484848485,0.946969696969697,0.0,0.0
6,True,y_t+60min,0.95,CQR,0.9338235294117648,271.8953137766318,366.5966579933171,136,150,,,0.0,0.0
6,True,y_t+60min,0.95,ACQR,0.9338235294117648,321.863194475529,425.5684787969962,136,150,,,0.0,0.0
6,True,y_t+90min,0.8,split-CP,0.7132352941176471,193.62045238095243,320.40332637429964,136,150,,,,
6,True,y_t+90min,0.8,ACI,0.7720588235294118,247.22348951038745,347.9363202932688,136,150,,,,
6,True,y_t+90min,0.85,split-CP,0.8308823529411765,235.3034523809524,339.3730004084967,136,150,,,,
6,True,y_t+90min,0.85,ACI,0.8308823529411765,256.26568390973813,359.453219215527,136,150,,,,
6,True,y_t+90min,0.9,split-CP,0.9044117647058824,273.39904166666656,382.2979645483192,136,150,0.8409090909090909,0.9621212121212122,,
6,True,y_t+90min,0.9,ACI,0.8823529411764706,284.0138223556468,377.6248200160746,136,150,0.803030303030303,0.9545454545454546,,
6,True,y_t+90min,0.95,split-CP,0.9485294117647058,349.6460396825396,451.06198739495767,136,150,,,,
6,True,y_t+90min,0.95,ACI,0.9264705882352942,334.4250063860771,432.9616966871973,136,150,,,,
6,True,y_t+90min,0.9,CQR,0.8897058823529411,262.728325072615,355.22639308153424,136,150,0.8409090909090909,0.9318181818181818,0.0,0.0
6,True,y_t+90min,0.9,ACQR,0.8970588235294118,299.04974720673613,367.2645106405748,136,150,0.8409090909090909,0.9393939393939394,0.0,0.0
6,True,y_t+90min,0.95,CQR,0.9117647058823528,333.674677942629,483.52204053320617,136,150,,,0.0,0.0
6,True,y_t+90min,0.95,ACQR,0.9485294117647058,424.23852751682097,515.8301034972103,136,150,,,0.0,0.0
7,True,y_t+30min,0.8,split-CP,0.6691176470588235,31.59810714285709,58.343132528011246,136,150,,,,
7,True,y_t+30min,0.8,ACI,0.7794117647058824,38.62685461893091,56.57695922327263,136,150,,,,
7,True,y_t+30min,0.85,split-CP,0.7352941176470589,36.13823809523808,62.83371982959855,136,150,,,,
7,True,y_t+30min,0.85,ACI,0.8308823529411765,46.96484701797387,60.45458003618114,136,150,,,,
7,True,y_t+30min,0.9,split-CP,0.8602941176470589,44.3054166666667,67.46555555555554,136,150,0.8106060606060606,0.9242424242424242,,
7,True,y_t+30min,0.9,ACI,0.8823529411764706,50.43751184640523,66.40123281395891,136,150,0.8484848484848485,0.9318181818181818,,
7,True,y_t+30min,0.95,split-CP,0.9191176470588236,53.948380952380944,78.95327503501397,136,150,,,,
7,True,y_t+30min,0.95,ACI,0.9264705882352942,57.42806143499066,74.49572425011668,136,150,,,,
7,True,y_t+30min,0.9,CQR,0.8235294117647058,46.85231647803475,75.1873521417373,136,150,0.7803030303030303,0.8712121212121212,0.0,0.0
7,True,y_t+30min,0.9,ACQR,0.8823529411764706,58.97112746096514,72.3654186098354,136,150,0.8409090909090909,0.9242424242424242,0.0,0.0
7,True,y_t+30min,0.95,CQR,0.8970588235294118,61.31584319446336,78.57428886768878,136,150,,,0.0,0.0
7,True,y_t+30min,0.95,ACQR,0.9411764705882352,65.36258485095881,75.56709762314078,136,150,,,0.0,0.0
7,True,y_t+60min,0.8,split-CP,0.6397058823529411,48.48477380952386,105.35527523926233,136,150,,,,
7,True,y_t+60min,0.8,ACI,0.7720588235294118,66.4450227299253,98.10050723622784,136,150,,,,
7,True,y_t+60min,0.85,split-CP,0.7132352941176471,57.36077777777779,114.38632030034238,136,150,,,,
7,True,y_t+60min,0.85,ACI,0.8308823529411765,73.693802054155,103.80130555555556,136,150,,,,
7,True,y_t+60min,0.9,split-CP,0.7867647058823529,72.34301587301582,122.86817693744166,136,150,0.7121212121212122,0.8712121212121212,,
7,True,y_t+60min,0.9,ACI,0.8823529411764706,82.03697706582632,115.84327754435108,136,150,0.8181818181818182,0.9393939393939394,,
7,True,y_t+60min,0.95,split-CP,0.9485294117647058,104.58077976190476,126.60696177637722,136,150,,,,
7,True,y_t+60min,0.95,ACI,0.9411764705882352,98.0287371031746,132.43274533146592,136,150,,,,
7,True,y_t+60min,0.9,CQR,0.7794117647058824,74.29700570482315,134.84668961069366,136,150,0.7121212121212122,0.8484848484848485,0.0,0.0
7,True,y_t+60min,0.9,ACQR,0.8823529411764706,96.3165947656381,128.42654552347256,136,150,0.8409090909090909,0.9318181818181818,0.0,0.0
7,True,y_t+60min,0.95,CQR,0.9191176470588236,109.25661039238074,159.36677652518966,136,150,,,0.0,0.0
7,True,y_t+60min,0.95,ACQR,0.9411764705882352,131.38629897982815,167.26396454174366,136,150,,,0.0,0.0
7,True,y_t+90min,0.8,split-CP,0.625,67.19915476190477,148.0765352373321,136,150,,,,
7,True,y_t+90min,0.8,ACI,0.7720588235294118,98.81921894904524,140.99960048948196,136,150,,,,
7,True,y_t+90min,0.85,split-CP,0.7720588235294118,85.25234523809524,158.36218042537524,136,150,,,,
7,True,y_t+90min,0.85,ACI,0.8235294117647058,102.42910818154478,151.89915352767468,136,150,,,,
7,True,y_t+90min,0.9,split-CP,0.8161764705882353,98.70839880952384,179.51407858624214,136,150,0.75,0.8863636363636364,,
7,True,y_t+90min,0.9,ACI,0.875,116.14190179642662,171.6874473527902,136,150,0.8106060606060606,0.9393939393939394,,
7,True,y_t+90min,0.95,split-CP,0.8823529411764706,131.18144047619035,199.23460872746543,136,150,,,,
7,True,y_t+90min,0.95,ACI,0.9191176470588236,134.7291801897041,190.7728117929864,136,150,,,,
7,True,y_t+90min,0.9,CQR,0.8235294117647058,118.85521221078363,182.9285504358589,136,150,0.7575757575757576,0.8939393939393939,0.0,0.0
7,True,y_t+90min,0.9,ACQR,0.8823529411764706,134.17591606381768,188.52954406656863,136,150,0.8257575757575758,0.9393939393939394,0.0,0.0
7,True,y_t+90min,0.95,CQR,0.8823529411764706,143.38699103679215,238.859519570962,136,150,,,0.0,0.0
7,True,y_t+90min,0.95,ACQR,0.9338235294117648,184.63250764276265,239.2600699936475,136,150,,,0.0,0.0
9,True,y_t+30min,0.8,split-CP,0.8592592592592593,18.938166666666696,26.96226854524078,135,150,,,,
9,True,y_t+30min,0.8,ACI,0.7851851851851852,18.29186456763401,28.010039825503707,135,150,,,,
9,True,y_t+30min,0.85,split-CP,0.9333333333333332,25.326892857142862,31.93255818769708,135,150,,,,
9,True,y_t+30min,0.85,ACI,0.837037037037037,20.371323142803703,31.216783050522874,135,150,,,,
9,True,y_t+30min,0.9,split-CP,0.9629629629629628,33.242732142857115,38.9879524811608,135,150,0.9393939393939394,0.9848484848484848,,
9,True,y_t+30min,0.9,ACI,0.8962962962962963,24.19669873603764,37.33206634065523,135,150,0.8484848484848485,0.9393939393939394,,
9,True,y_t+30min,0.95,split-CP,0.9851851851851852,45.60128571428574,51.39186596119931,135,150,,,,
9,True,y_t+30min,0.95,ACI,0.9407407407407408,34.02699097856876,51.40717504141946,135,150,,,,
9,True,y_t+30min,0.9,CQR,0.9555555555555556,32.56437350543384,38.17732747251812,135,150,0.9318181818181818,0.9848484848484848,0.0,0.0
9,True,y_t+30min,0.9,ACQR,0.8888888888888888,26.736803180702644,37.73003157634111,135,150,0.8484848484848485,0.9318181818181818,0.0,0.0
9,True,y_t+30min,0.95,CQR,0.9925925925925926,46.18294445188065,50.63829287821336,135,150,,,0.0,0.0
9,True,y_t+30min,0.95,ACQR,0.9481481481481482,36.819522525442,55.03502400092523,135,150,,,0.0,0.0
9,True,y_t+60min,0.8,split-CP,0.8296296296296296,29.839845238095226,44.06005217519107,135,150,,,,
9,True,y_t+60min,0.8,ACI,0.7777777777777778,29.35867768620269,45.24556932234433,135,150,,,,
9,True,y_t+60min,0.85,split-CP,0.8592592592592593,32.5432777777778,48.71967029198511,135,150,,,,
9,True,y_t+60min,0.85,ACI,0.8222222222222222,34.34019374462986,48.15060487533731,135,150,,,,
9,True,y_t+60min,0.9,split-CP,0.8962962962962963,39.36757142857141,54.907100970017616,135,150,0.8484848484848485,0.9393939393939394,,
9,True,y_t+60min,0.9,ACI,0.8740740740740741,40.15154710125265,56.46283002306336,135,150,0.8106060606060606,0.9242424242424242,,
9,True,y_t+60min,0.95,split-CP,0.9925925925925926,81.90157142857142,83.68050440917106,135,150,,,,
9,True,y_t+60min,0.95,ACI,0.9185185185185184,48.13221490299824,67.73600296884186,135,150,,,,
9,True,y_t+60min,0.9,CQR,0.9407407407407408,48.539917172773634,60.22809098931192,135,150,0.9015151515151516,0.9696969696969696,0.0,0.0
9,True,y_t+60min,0.9,ACQR,0.8888888888888888,42.34456816243928,62.86532349923885,135,150,0.8333333333333334,0.9318181818181818,0.0,0.0
9,True,y_t+60min,0.95,CQR,0.9851851851851852,66.3636446165443,69.68754286962778,135,150,,,0.0,0.0
9,True,y_t+60min,0.95,ACQR,0.9333333333333332,57.846614730830034,74.31323362953225,135,150,,,0.0,0.0
9,True,y_t+90min,0.8,split-CP,0.8,40.41676190476189,56.5525083471056,135,150,,,,
9,True,y_t+90min,0.8,ACI,0.762962962962963,39.37881950734452,56.74791484205094,135,150,,,,
9,True,y_t+90min,0.85,split-CP,0.8666666666666667,45.9373333333333,61.595117198987566,135,150,,,,
9,True,y_t+90min,0.85,ACI,0.8074074074074075,43.2275733486678,60.81578066398622,135,150,,,,
9,True,y_t+90min,0.9,split-CP,0.9481481481481482,55.55837499999996,70.69411682299179,135,150,0.8863636363636364,1.0,,
9,True,y_t+90min,0.9,ACI,0.8666666666666667,49.49355655486489,69.90463956753125,135,150,0.7954545454545454,0.9242424242424242,,
9,True,y_t+90min,0.95,split-CP,1.0,110.2156150793651,110.2156150793651,135,150,,,,
9,True,y_t+90min,0.95,ACI,0.9037037037037036,60.77584201354202,85.54083612025832,135,150,,,,
9,True,y_t+90min,0.9,CQR,0.9407407407407408,61.85741500871507,70.03428828004189,135,150,0.8863636363636364,0.9848484848484848,0.0,0.0
9,True,y_t+90min,0.9,ACQR,0.8740740740740741,54.21996169063306,71.70773575091958,135,150,0.8106060606060606,0.9242424242424242,0.0,0.0
9,True,y_t+90min,0.95,CQR,0.9777777777777776,89.65869523202701,94.45258592657552,135,150,,,0.0,0.0
9,True,y_t+90min,0.95,ACQR,0.925925925925926,71.43093332216563,90.63038383139856,135,150,,,0.0,0.0
10,True,y_t+30min,0.8,split-CP,0.8888888888888888,11.11272619047617,15.33196222810111,135,141,,,,
10,True,y_t+30min,0.8,ACI,0.8148148148148148,8.75432942654054,15.004061175244512,135,141,,,,
10,True,y_t+30min,0.85,split-CP,0.9185185185185184,12.495458333333318,17.22192688124632,135,141,,,,
10,True,y_t+30min,0.85,ACI,0.8592592592592593,10.184790091390097,16.587679862113205,135,141,,,,
10,True,y_t+30min,0.9,split-CP,0.9407407407407408,14.094416666666689,19.955762345679027,135,141,0.9090909090909092,0.9772727272727272,,
10,True,y_t+30min,0.9,ACI,0.9111111111111112,12.00869294265406,19.68788005184117,135,141,0.8787878787878788,0.9545454545454546,,
10,True,y_t+30min,0.95,split-CP,0.9481481481481482,18.69235119047618,25.116001102292763,135,141,,,,
10,True,y_t+30min,0.95,ACI,0.9555555555555556,21.28588724279835,28.543609465020577,135,141,,,,
10,True,y_t+30min,0.9,CQR,0.9333333333333332,15.589901480088466,19.074181819990127,135,141,0.9015151515151516,0.9696969696969696,0.0,1.0
10,True,y_t+30min,0.9,ACQR,0.9037037037037036,14.607169691458177,19.52424583270492,135,141,0.8636363636363636,0.946969696969697,0.0,1.0
10,True,y_t+30min,0.95,CQR,0.9703703703703704,18.11607378208031,19.82916529082899,135,141,,,0.0,0.0
10,True,y_t+30min,0.95,ACQR,0.9481481481481482,19.817799965060885,22.849645081383105,135,141,,,0.0,0.0
10,True,y_t+60min,0.8,split-CP,0.8962962962962963,16.18815873015873,19.18492336727058,135,141,,,,
10,True,y_t+60min,0.8,ACI,0.7925925925925926,14.128975248516914,19.571055695847363,135,141,,,,
10,True,y_t+60min,0.85,split-CP,0.925925925925926,18.044880952380936,21.01621361765805,135,141,,,,
10,True,y_t+60min,0.85,ACI,0.8444444444444444,15.865979027042917,20.82231022259633,135,141,,,,
10,True,y_t+60min,0.9,split-CP,0.9555555555555556,20.775283730158723,23.60299801587301,135,141,0.9242424242424242,0.9848484848484848,,
10,True,y_t+60min,0.9,ACI,0.9037037037037036,17.94236623510235,22.89521517422906,135,141,0.8636363636363636,0.946969696969697,,
10,True,y_t+60min,0.95,split-CP,0.9851851851851852,26.743976190476182,28.69630776014109,135,141,,,,
10,True,y_t+60min,0.95,ACI,0.9555555555555556,20.387114924376032,25.67810346053123,135,141,,,,
10,True,y_t+60min,0.9,CQR,0.9481481481481482,23.291033966295995,26.345551203553963,135,141,0.9090909090909092,0.9772727272727272,0.0,0.0
10,True,y_t+60min,0.9,ACQR,0.9111111111111112,20.54221641543369,26.751288541012123,135,141,0.8560606060606061,0.9545454545454546,0.0,0.0
10,True,y_t+60min,0.95,CQR,0.9851851851851852,29.7115033101486,32.72732551758351,135,141,,,0.0,0.0
10,True,y_t+60min,0.95,ACQR,0.9629629629629628,30.270749660639364,34.64957711697932,135,141,,,0.0,0.0
10,True,y_t+90min,0.8,split-CP,0.8592592592592593,20.013738095238068,24.1410130003741,135,141,,,,
10,True,y_t+90min,0.8,ACI,0.7925925925925926,19.081835060926725,25.851238620330285,135,141,,,,
10,True,y_t+90min,0.85,split-CP,0.925925925925926,25.2254523809524,26.881420234086903,135,141,,,,
10,True,y_t+90min,0.85,ACI,0.8444444444444444,24.04661972235584,28.470940505139577,135,141,,,,
10,True,y_t+90min,0.9,split-CP,0.9777777777777776,29.39775000000004,30.26336434450325,135,141,0.9545454545454546,0.9924242424242424,,
10,True,y_t+90min,0.9,ACI,0.9037037037037036,24.649062081128747,29.45529973544973,135,141,0.8560606060606061,0.946969696969697,,
10,True,y_t+90min,0.95,split-CP,0.9925925925925926,35.475833333333355,35.7114929453263,135,141,,,,
10,True,y_t+90min,0.95,ACI,0.9555555555555556,30.5694007295174,33.16600361017581,135,141,,,,
10,True,y_t+90min,0.9,CQR,0.9407407407407408,28.55874866358502,30.64934964474489,135,141,0.9090909090909092,0.9696969696969696,0.0,0.0
10,True,y_t+90min,0.9,ACQR,0.8962962962962963,29.009440893339256,34.6834114147394,135,141,0.8333333333333334,0.946969696969697,0.0,0.0
10,True,y_t+90min,0.95,CQR,1.0,43.84753623323783,43.84753623323783,135,141,,,0.0,0.0
10,True,y_t+90min,0.95,ACQR,0.9555555555555556,37.31392757859818,41.86201900876794,135,141,,,0.0,0.0
11,True,y_t+30min,0.8,split-CP,0.7851851851851852,38.91218975468973,64.93644483859762,135,150,,,,
11,True,y_t+30min,0.8,ACI,0.7925925925925926,39.36720996873498,64.39189433221101,135,150,,,,
11,True,y_t+30min,0.85,split-CP,0.8,44.99253373015881,71.16394766670227,135,150,,,,
11,True,y_t+30min,0.85,ACI,0.8444444444444444,50.59724083961307,73.5840235520995,135,150,,,,
11,True,y_t+30min,0.9,split-CP,0.8518518518518519,50.04242857142869,80.56847584308692,135,150,0.7803030303030303,0.9166666666666666,,
11,True,y_t+30min,0.9,ACI,0.8962962962962963,60.691059392870535,80.01386494842605,135,150,0.8409090909090909,0.9393939393939394,,
11,True,y_t+30min,0.95,split-CP,0.9407407407407408,69.7172976190476,93.60742772967774,135,150,,,,
11,True,y_t+30min,0.95,ACI,0.9481481481481482,90.21898395997007,111.22479783950614,135,150,,,,
11,True,y_t+30min,0.9,CQR,0.8888888888888888,60.58672468221999,78.08571179863047,135,150,0.8333333333333334,0.9318181818181818,0.0,0.0
11,True,y_t+30min,0.9,ACQR,0.8962962962962963,58.47459374919255,81.64240481015042,135,150,0.8409090909090909,0.9393939393939394,0.0,0.0
11,True,y_t+30min,0.95,CQR,0.9555555555555556,83.00979217604241,97.3145066295904,135,150,,,0.0,0.0
11,True,y_t+30min,0.95,ACQR,0.9481481481481482,87.67784871247112,109.6267397472224,135,150,,,0.0,0.0
11,True,y_t+60min,0.8,split-CP,0.762962962962963,67.4279563492063,116.2429229864785,135,150,,,,
11,True,y_t+60min,0.8,ACI,0.7851851851851852,76.10870540858318,118.1848317313345,135,150,,,,
11,True,y_t+60min,0.85,split-CP,0.8444444444444444,81.42905357142851,128.79424394963743,135,150,,,,
11,True,y_t+60min,0.85,ACI,0.8444444444444444,84.75741056731333,132.83996592690576,135,150,,,,
11,True,y_t+60min,0.9,split-CP,0.8814814814814815,97.4987579365079,144.39887551440327,135,150,0.8181818181818182,0.9242424242424242,,
11,True,y_t+60min,0.9,ACI,0.8962962962962963,103.91767398589064,157.65665928865374,135,150,0.8333333333333334,0.946969696969697,,
11,True,y_t+60min,0.95,split-CP,0.9777777777777776,147.35380952380953,178.22796031746032,135,150,,,,
11,True,y_t+60min,0.95,ACI,0.9407407407407408,150.80534617871837,194.7279455320399,135,150,,,,
11,True,y_t+60min,0.9,CQR,0.8888888888888888,96.7348853908974,122.2777260190823,135,150,0.8257575757575758,0.9393939393939394,0.0,0.0
11,True,y_t+60min,0.9,ACQR,0.8888888888888888,102.77884917948468,130.03950527430268,135,150,0.8333333333333334,0.9318181818181818,0.0,0.0
11,True,y_t+60min,0.95,CQR,0.9851851851851852,144.4923126198844,148.02570801659817,135,150,,,0.0,0.0
11,True,y_t+60min,0.95,ACQR,0.9407407407407408,127.3725186922904,154.8061293378674,135,150,,,0.0,0.0
11,True,y_t+90min,0.8,split-CP,0.7333333333333333,88.75203571428574,143.210885895997,135,150,,,,
11,True,y_t+90min,0.8,ACI,0.7851851851851852,101.46381655042488,151.0052231027203,135,150,,,,
11,True,y_t+90min,0.85,split-CP,0.8148148148148148,101.66097619047618,155.61369843942072,135,150,,,,
11,True,y_t+90min,0.85,ACI,0.837037037037037,138.48249243893966,176.7570913290756,135,150,,,,
11,True,y_t+90min,0.9,split-CP,0.9333333333333332,140.8221785714286,173.77364936401048,135,150,0.8787878787878788,0.9772727272727272,,
11,True,y_t+90min,0.9,ACI,0.8888888888888888,150.40993869114422,193.88923822083268,135,150,0.8181818181818182,0.946969696969697,,
11,True,y_t+90min,0.95,split-CP,0.9703703703703704,186.63130952380948,214.75597383891824,135,150,,,,
11,True,y_t+90min,0.95,ACI,0.9407407407407408,187.6827566551761,229.66243654935587,135,150,,,,
11,True,y_t+90min,0.9,CQR,0.9407407407407408,137.65379030899558,155.30671585290398,135,150,0.8863636363636364,0.9772727272727272,0.0,0.0
11,True,y_t+90min,0.9,ACQR,0.8888888888888888,135.62452863428533,163.37222558122582,135,150,0.8181818181818182,0.9393939393939394,0.0,0.0
11,True,y_t+90min,0.95,CQR,0.9925925925925926,193.28341510111605,197.93543096677013,135,150,,,0.0,0.0
11,True,y_t+90min,0.95,ACQR,0.9481481481481482,155.43163296002385,194.54279770067853,135,150,,,0.0,0.0
12,True,y_t+30min,0.8,split-CP,0.8074074074074075,47.98303571428572,79.31991380070545,135,151,,,,
12,True,y_t+30min,0.8,ACI,0.7925925925925926,47.04224048955159,80.29750518678853,135,151,,,,
12,True,y_t+30min,0.85,split-CP,0.8518518518518519,53.53817857142849,88.96209626690181,135,151,,,,
12,True,y_t+30min,0.85,ACI,0.8444444444444444,59.09247346881512,91.9281264180607,135,151,,,,
12,True,y_t+30min,0.9,split-CP,0.8814814814814815,67.71100000000003,102.00183627278072,135,151,0.8181818181818182,0.9393939393939394,,
12,True,y_t+30min,0.9,ACI,0.8962962962962963,72.67171755384531,109.3264959195126,135,151,0.8484848484848485,0.946969696969697,,
12,True,y_t+30min,0.95,split-CP,0.9555555555555556,100.2453392857143,124.57726080246908,135,151,,,,
12,True,y_t+30min,0.95,ACI,0.9481481481481482,103.98155862594194,136.43205966810964,135,151,,,,
12,True,y_t+30min,0.9,CQR,0.8740740740740741,63.1916825643568,96.97825212219834,135,151,0.8181818181818182,0.9318181818181818,0.0,0.0
12,True,y_t+30min,0.9,ACQR,0.8962962962962963,72.03576746607561,101.8051839885283,135,151,0.8409090909090909,0.946969696969697,0.0,0.0
12,True,y_t+30min,0.95,CQR,0.9629629629629628,98.48260987420656,120.55615492366252,135,151,,,0.0,0.0
12,True,y_t+30min,0.95,ACQR,0.9481481481481482,104.76693469363332,133.69847689927363,135,151,,,0.0,0.0
12,True,y_t+60min,0.8,split-CP,0.7777777777777778,82.45104365079372,135.44228402410346,135,151,,,,
12,True,y_t+60min,0.8,ACI,0.7851851851851852,97.53184820693713,144.71990229276895,135,151,,,,
12,True,y_t+60min,0.85,split-CP,0.8518518518518519,102.88865476190472,151.50782250636874,135,151,,,,
12,True,y_t+60min,0.85,ACI,0.8444444444444444,115.32264710464436,161.06859223495982,135,151,,,,
12,True,y_t+60min,0.9,split-CP,0.9185185185185184,126.11710714285714,173.26840388007062,135,151,0.8560606060606061,0.9696969696969696,,
12,True,y_t+60min,0.9,ACI,0.8888888888888888,130.64249628159905,180.4715593327455,135,151,0.8181818181818182,0.9393939393939394,,
12,True,y_t+60min,0.95,split-CP,0.9629629629629628,190.5233888888888,212.146897707231,135,151,,,,
12,True,y_t+60min,0.95,ACI,0.9407407407407408,161.0953988389183,212.36853405349788,135,151,,,,
12,True,y_t+60min,0.9,CQR,0.9333333333333332,129.21848221396465,160.1579891483523,135,151,0.8787878787878788,0.9772727272727272,0.0,0.0
12,True,y_t+60min,0.9,ACQR,0.8888888888888888,125.74532935069476,162.08695717812975,135,151,0.8181818181818182,0.946969696969697,0.0,0.0
12,True,y_t+60min,0.95,CQR,0.9703703703703704,168.09524543454384,192.9150777246909,135,151,,,0.0,0.0
12,True,y_t+60min,0.95,ACQR,0.9407407407407408,164.43681052908636,210.7155817151505,135,151,,,0.0,0.0
12,True,y_t+90min,0.8,split-CP,0.762962962962963,107.87752380952384,193.99477939447388,135,151,,,,
12,True,y_t+90min,0.8,ACI,0.7925925925925926,133.93582304259527,197.6489252551975,135,151,,,,
12,True,y_t+90min,0.85,split-CP,0.8666666666666667,143.42883982683975,216.56133797409723,135,151,,,,
12,True,y_t+90min,0.85,ACI,0.8296296296296296,156.58186458500353,214.1016697976236,135,151,,,,
12,True,y_t+90min,0.9,split-CP,0.8888888888888888,161.41158333333323,248.5481437389772,135,151,0.803030303030303,0.9545454545454546,,
12,True,y_t+90min,0.9,ACI,0.8740740740740741,185.5639261143178,241.27158833173,135,151,0.803030303030303,0.9318181818181818,,
12,True,y_t+90min,0.95,split-CP,0.9629629629629628,279.15885714285724,301.9278915343916,135,151,,,,
12,True,y_t+90min,0.95,ACI,0.9407407407407408,228.11020923788143,321.13652934370145,135,151,,,,
12,True,y_t+90min,0.9,CQR,0.9111111111111112,171.89176921492822,249.70334040574784,135,151,0.8409090909090909,0.9621212121212122,0.0,0.0
12,True,y_t+90min,0.9,ACQR,0.8888888888888888,180.00678710462236,271.8568259994068,135,151,0.8106060606060606,0.946969696969697,0.0,0.0
12,True,y_t+90min,0.95,CQR,0.9777777777777776,230.4234613513709,273.7274640788225,135,151,,,0.0,0.0
12,True,y_t+90min,0.95,ACQR,0.9481481481481482,201.56540632975745,299.9797737044637,135,151,,,0.0,0.0
13,True,y_t+30min,0.8,split-CP,0.7321428571428571,27.45409920634916,47.66122718253972,112,143,,,,
13,True,y_t+30min,0.8,ACI,0.7857142857142857,32.40447790887189,47.451984817885496,112,143,,,,
13,True,y_t+30min,0.85,split-CP,0.8660714285714286,35.57050595238093,51.21513995181407,112,143,,,,
13,True,y_t+30min,0.85,ACI,0.8392857142857143,35.21640155541383,50.092883981717705,112,143,,,,
13,True,y_t+30min,0.9,split-CP,0.9017857142857144,42.04548214285717,57.68743951955784,112,143,0.8333333333333334,0.9537037037037036,,
13,True,y_t+30min,0.9,ACI,0.9017857142857144,43.08160838293652,60.01179102891159,112,143,0.8425925925925926,0.9444444444444444,,
13,True,y_t+30min,0.95,split-CP,0.9821428571428572,66.12188095238093,70.65190221088434,112,143,,,,
13,True,y_t+30min,0.95,ACI,0.9553571428571428,56.8396240787982,74.70222293083899,112,143,,,,
13,True,y_t+30min,0.9,CQR,0.9107142857142856,42.97169901099115,55.20581236066498,112,143,0.8518518518518519,0.9537037037037036,0.0,0.0
13,True,y_t+30min,0.9,ACQR,0.8839285714285714,40.84114209716578,55.41219321660848,112,143,0.8148148148148148,0.9351851851851852,0.0,0.0
13,True,y_t+30min,0.95,CQR,0.9642857142857144,56.73423171174901,62.22378448717417,112,143,,,0.0,0.0
13,True,y_t+30min,0.95,ACQR,0.9464285714285714,54.66507154043797,64.08259894091944,112,143,,,0.0,0.0
13,True,y_t+60min,0.8,split-CP,0.7321428571428571,44.590119047619055,77.54011887046487,112,143,,,,
13,True,y_t+60min,0.8,ACI,0.7946428571428571,55.55090233489228,74.54575715702948,112,143,,,,
13,True,y_t+60min,0.85,split-CP,0.8035714285714286,54.86352380952383,83.40503942271354,112,143,,,,
13,True,y_t+60min,0.85,ACI,0.8392857142857143,63.26494711947279,83.44444907997922,112,143,,,,
13,True,y_t+60min,0.9,split-CP,0.9464285714285714,87.1542539682539,93.76876466836733,112,143,0.8981481481481481,0.9814814814814816,,
13,True,y_t+60min,0.9,ACI,0.8928571428571429,68.95181974560657,88.77231294288552,112,143,0.8240740740740741,0.9444444444444444,,
13,True,y_t+60min,0.95,split-CP,0.9821428571428572,105.1812142857143,109.25331108276644,112,143,,,,
13,True,y_t+60min,0.95,ACI,0.9464285714285714,83.86029717616213,109.76484259849772,112,143,,,,
13,True,y_t+60min,0.9,CQR,0.8660714285714286,65.77879890468363,101.22452623431828,112,143,0.7870370370370371,0.925925925925926,0.0,0.0
13,True,y_t+60min,0.9,ACQR,0.875,84.13328817114777,104.73962889901506,112,143,0.8055555555555556,0.925925925925926,0.0,0.0
13,True,y_t+60min,0.95,CQR,0.9642857142857144,106.65459431618116,120.78001963256123,112,143,,,0.0,0.0
13,True,y_t+60min,0.95,ACQR,0.9375,97.69821733104504,126.04214217367333,112,143,,,0.0,0.0
13,True,y_t+90min,0.8,split-CP,0.7321428571428571,62.230373015873056,103.07873699688209,112,143,,,,
13,True,y_t+90min,0.8,ACI,0.7946428571428571,83.15165590696508,106.04147388102967,112,143,,,,
13,True,y_t+90min,0.85,split-CP,0.9017857142857144,92.36588690476196,110.30080328798184,112,143,,,,
13,True,y_t+90min,0.85,ACI,0.8392857142857143,94.11647289218718,118.13603701771112,112,143,,,,
13,True,y_t+90min,0.9,split-CP,0.9642857142857144,129.52273809523808,136.30073873299315,112,143,0.925925925925926,0.9907407407407408,,
13,True,y_t+90min,0.9,ACI,0.8928571428571429,113.38778495252268,135.95361598285146,112,143,0.8055555555555556,0.9629629629629628,,
13,True,y_t+90min,0.95,split-CP,0.9910714285714286,155.2390416666667,155.65797342687077,112,143,,,,
13,True,y_t+90min,0.95,ACI,0.9464285714285714,145.5061852855726,168.18847872378117,112,143,,,,
13,True,y_t+90min,0.9,CQR,0.8303571428571429,89.34521142011128,143.32959976812384,112,143,0.7407407407407407,0.8981481481481481,0.0,0.0
13,True,y_t+90min,0.9,ACQR,0.875,113.0516128823232,144.1070691739796,112,143,0.7870370370370371,0.9351851851851852,0.0,0.0
13,True,y_t+90min,0.95,CQR,0.9821428571428572,157.14558440465848,172.0304379469251,112,143,,,0.0,0.0
13,True,y_t+90min,0.95,ACQR,0.9285714285714286,138.835867693313,179.56651077330864,112,143,,,0.0,0.0
14,True,y_t+30min,0.8,split-CP,0.8521739130434782,17.51364682539679,26.18262215320909,115,138,,,,
14,True,y_t+30min,0.8,ACI,0.7913043478260869,15.688079082752994,26.273400942656373,115,138,,,,
14,True,y_t+30min,0.85,split-CP,0.8695652173913043,19.052309523809527,29.168891304347817,115,138,,,,
14,True,y_t+30min,0.85,ACI,0.8434782608695652,17.62504437543133,29.744852634000456,115,138,,,,
14,True,y_t+30min,0.9,split-CP,0.9130434782608696,22.77303571428569,33.581434955141475,115,138,0.8508771929824561,0.956140350877193,,
14,True,y_t+30min,0.9,ACI,0.8956521739130435,22.25478388543824,35.996023360938565,115,138,0.8245614035087719,0.9473684210526316,,
14,True,y_t+30min,0.95,split-CP,0.9652173913043478,28.70481547619045,42.73344591097306,115,138,,,,
14,True,y_t+30min,0.95,ACI,0.9391304347826088,31.39014408212559,48.63698500690128,115,138,,,,
14,True,y_t+30min,0.9,CQR,0.9130434782608696,23.535649205681903,34.49579855645118,115,138,0.8596491228070176,0.956140350877193,0.0,0.0
14,True,y_t+30min,0.9,ACQR,0.8956521739130435,23.43705555188481,36.37214027249159,115,138,0.8333333333333334,0.9385964912280702,0.0,0.0
14,True,y_t+30min,0.95,CQR,0.9478260869565216,28.962939807030644,42.23065295916518,115,138,,,0.0,0.0
14,True,y_t+30min,0.95,ACQR,0.9478260869565216,32.80587222318451,49.48742028483967,115,138,,,0.0,0.0
14,True,y_t+60min,0.8,split-CP,0.8347826086956521,27.2292142857143,44.28706461352657,115,138,,,,
14,True,y_t+60min,0.8,ACI,0.7739130434782608,28.734842802246057,47.83018542882241,115,138,,,,
14,True,y_t+60min,0.85,split-CP,0.8608695652173913,31.78579761904757,49.90428922245228,115,138,,,,
14,True,y_t+60min,0.85,ACI,0.8260869565217391,32.80243619424054,53.8613019428237,115,138,,,,
14,True,y_t+60min,0.9,split-CP,0.9043478260869564,38.37450000000001,58.36431331953073,115,138,0.8333333333333334,0.9649122807017544,,
14,True,y_t+60min,0.9,ACI,0.8869565217391304,41.75173678712591,64.67508864420607,115,138,0.8157894736842105,0.9473684210526316,,
14,True,y_t+60min,0.95,split-CP,0.9478260869565216,45.95051190476192,73.37367339544514,115,138,,,,
14,True,y_t+60min,0.95,ACI,0.9304347826086956,48.86089692421105,80.46742107880038,115,138,,,,
14,True,y_t+60min,0.9,CQR,0.8869565217391304,33.494941488121626,58.85485617867341,115,138,0.8070175438596491,0.9473684210526316,0.0,0.0
14,True,y_t+60min,0.9,ACQR,0.8782608695652174,41.97975723892896,66.12150844860902,115,138,0.8070175438596491,0.9385964912280702,0.0,0.0
14,True,y_t+60min,0.95,CQR,0.9391304347826088,46.86234158130406,80.41094259212232,115,138,,,0.0,0.0
14,True,y_t+60min,0.95,ACQR,0.9217391304347826,55.07609182685934,82.90079482308295,115,138,,,0.0,0.0
14,True,y_t+90min,0.8,split-CP,0.782608695652174,35.869321428571425,56.546627211556576,115,138,,,,
14,True,y_t+90min,0.8,ACI,0.7739130434782608,38.591881457431455,60.94363970763538,115,138,,,,
14,True,y_t+90min,0.85,split-CP,0.8782608695652174,43.81414285714288,63.32098665746492,115,138,,,,
14,True,y_t+90min,0.85,ACI,0.8260869565217391,42.1148977758956,65.44120235376542,115,138,,,,
14,True,y_t+90min,0.9,split-CP,0.9043478260869564,54.07636850649352,72.3152391069076,115,138,0.8245614035087719,0.9649122807017544,,
14,True,y_t+90min,0.9,ACI,0.8782608695652174,53.602681048058216,74.72527865455801,115,138,0.7982456140350878,0.9385964912280702,,
14,True,y_t+90min,0.95,split-CP,0.9478260869565216,73.57043452380954,82.70352251552795,115,138,,,,
14,True,y_t+90min,0.95,ACI,0.9304347826086956,70.16887879728966,95.35374017504232,115,138,,,,
14,True,y_t+90min,0.9,CQR,0.9217391304347826,55.56868586011986,71.26440259443226,115,138,0.8596491228070176,0.9736842105263158,0.0,0.0
14,True,y_t+90min,0.9,ACQR,0.8695652173913043,53.90530148024956,71.44356641686174,115,138,0.7807017543859649,0.9385964912280702,0.0,0.0
14,True,y_t+90min,0.95,CQR,0.9217391304347826,67.21329615378049,86.68760849724444,115,138,,,0.0,0.0
14,True,y_t+90min,0.95,ACQR,0.9217391304347826,74.77177525721571,91.73090483707622,115,138,,,0.0,0.0
15,True,y_t+30min,0.8,split-CP,0.7591240875912408,20.44778968253968,37.52907762715793,137,146,,,,
15,True,y_t+30min,0.8,ACI,0.7883211678832117,22.405605241676405,38.1278658166651,137,146,,,,
15,True,y_t+30min,0.85,split-CP,0.7664233576642335,23.024119047619024,41.747139168887365,137,146,,,,
15,True,y_t+30min,0.85,ACI,0.8321167883211679,30.707608620090376,41.61758467539489,137,146,,,,
15,True,y_t+30min,0.9,split-CP,0.8467153284671532,27.245876984127,46.93447332290581,137,146,0.7803030303030303,0.9090909090909092,,
15,True,y_t+30min,0.9,ACI,0.8905109489051095,33.94734332638164,46.273436478971135,137,146,0.8409090909090909,0.9318181818181818,,
15,True,y_t+30min,0.95,split-CP,0.9197080291970804,35.65412500000002,54.33727845846367,137,146,,,,
15,True,y_t+30min,0.95,ACI,0.9416058394160584,41.428973699455454,55.69928131155137,137,146,,,,
15,True,y_t+30min,0.9,CQR,0.8321167883211679,26.67899399242859,42.53237996376835,137,146,0.7651515151515151,0.8863636363636364,0.0,0.0
15,True,y_t+30min,0.9,ACQR,0.8905109489051095,32.73539689975976,42.90405984636762,137,146,0.8409090909090909,0.9318181818181818,0.0,0.0
15,True,y_t+30min,0.95,CQR,0.8978102189781022,33.944903730216446,54.257894810421504,137,146,,,0.0,0.0
15,True,y_t+30min,0.95,ACQR,0.9343065693430656,43.826487299110745,57.249367397321045,137,146,,,0.0,0.0
15,True,y_t+60min,0.8,split-CP,0.7007299270072993,32.28296428571423,66.78167223986478,137,146,,,,
15,True,y_t+60min,0.8,ACI,0.7956204379562044,44.556785977809696,66.87130524908993,137,146,,,,
15,True,y_t+60min,0.85,split-CP,0.7372262773722628,36.82535714285712,74.2671168234307,137,146,,,,
15,True,y_t+60min,0.85,ACI,0.8394160583941606,51.098851116442354,73.75974838421918,137,146,,,,
15,True,y_t+60min,0.9,split-CP,0.8029197080291971,44.990833333333335,82.88785444381244,137,146,0.7121212121212122,0.8863636363636364,,
15,True,y_t+60min,0.9,ACI,0.8905109489051095,60.1939319342458,82.2213205624465,137,146,0.8257575757575758,0.9393939393939394,,
15,True,y_t+60min,0.95,split-CP,0.9343065693430656,68.10736904761904,85.53257156813179,137,146,,,,
15,True,y_t+60min,0.95,ACI,0.9343065693430656,72.54670254492062,93.06766801294808,137,146,,,,
15,True,y_t+60min,0.9,CQR,0.8394160583941606,46.54717404959664,71.98093027508332,137,146,0.7651515151515151,0.9015151515151516,0.0,0.0
15,True,y_t+60min,0.9,ACQR,0.8978102189781022,54.79950400004322,75.89279825364156,137,146,0.8333333333333334,0.9545454545454546,0.0,0.0
15,True,y_t+60min,0.95,CQR,0.9343065693430656,60.32129171406297,80.62863869402608,137,146,,,0.0,0.0
15,True,y_t+60min,0.95,ACQR,0.9416058394160584,64.62799565881784,92.34919176149369,137,146,,,0.0,0.0
15,True,y_t+90min,0.8,split-CP,0.7007299270072993,44.86154960317458,90.9946116035222,137,146,,,,
15,True,y_t+90min,0.8,ACI,0.7883211678832117,59.37190622860514,95.79242998809784,137,146,,,,
15,True,y_t+90min,0.85,split-CP,0.7445255474452555,49.50215476190476,102.54841909975666,137,146,,,,
15,True,y_t+90min,0.85,ACI,0.8467153284671532,64.01761760593422,100.12987743923416,137,146,,,,
15,True,y_t+90min,0.9,split-CP,0.8175182481751825,66.1375654761905,110.25188030066036,137,146,0.7348484848484849,0.8939393939393939,,
15,True,y_t+90min,0.9,ACI,0.8978102189781022,75.004278443981,116.00472451048545,137,146,0.8257575757575758,0.9545454545454546,,
15,True,y_t+90min,0.95,split-CP,0.9562043795620438,100.79802380952378,117.05031960375388,137,146,,,,
15,True,y_t+90min,0.95,ACI,0.9416058394160584,101.58171844224306,144.90616114876607,137,146,,,,
15,True,y_t+90min,0.9,CQR,0.8175182481751825,63.14205246164304,103.02402306711122,137,146,0.7348484848484849,0.8787878787878788,0.0,0.0
15,True,y_t+90min,0.9,ACQR,0.8905109489051095,81.40402397863174,113.2118692694417,137,146,0.8181818181818182,0.946969696969697,0.0,0.0
15,True,y_t+90min,0.95,CQR,0.9197080291970804,81.53792934509258,125.6267304377386,137,146,,,0.0,0.0
15,True,y_t+90min,0.95,ACQR,0.9343065693430656,104.38017166900585,148.0039396357207,137,146,,,0.0,0.0
16,True,y_t+30min,0.8,split-CP,0.7651515151515151,25.02133333333336,43.153853919334026,132,132,,,,
16,True,y_t+30min,0.8,ACI,0.7878787878787878,25.348014199079536,43.13337764823561,132,132,,,,
16,True,y_t+30min,0.85,split-CP,0.8257575757575758,28.31482539682537,48.29770738226419,132,132,,,,
16,True,y_t+30min,0.85,ACI,0.8333333333333334,31.177617032063058,46.402708914086745,132,132,,,,
16,True,y_t+30min,0.9,split-CP,0.8636363636363636,33.5215753968254,55.82268094636844,132,132,0.8181818181818182,0.946969696969697,,
16,True,y_t+30min,0.9,ACI,0.8863636363636364,35.07262082130831,53.36604958950982,132,132,0.8333333333333334,0.9393939393939394,,
16,True,y_t+30min,0.95,split-CP,0.9393939393939394,50.789750000000026,65.04381625781625,132,132,,,,
16,True,y_t+30min,0.95,ACI,0.946969696969697,62.814706649831656,78.91599901066944,132,132,,,,
16,True,y_t+30min,0.9,CQR,0.8712121212121212,33.9265933886072,58.58766317907791,132,132,0.8181818181818182,0.9393939393939394,0.0,0.0
16,True,y_t+30min,0.9,ACQR,0.8939393939393939,42.07818832793984,61.50967222680037,132,132,0.8484848484848485,0.946969696969697,0.0,0.0
16,True,y_t+30min,0.95,CQR,0.9242424242424242,45.22688005718253,76.31691469235703,132,132,,,0.0,0.0
16,True,y_t+30min,0.95,ACQR,0.9393939393939394,63.99884490261765,88.40336189345453,132,132,,,0.0,0.0
16,True,y_t+60min,0.8,split-CP,0.7348484848484849,40.906476190476205,72.44602538917313,132,132,,,,
16,True,y_t+60min,0.8,ACI,0.7803030303030303,46.71804898825922,75.21805709830994,132,132,,,,
16,True,y_t+60min,0.85,split-CP,0.75,42.90289285714289,81.54356864459892,132,132,,,,
16,True,y_t+60min,0.85,ACI,0.8333333333333334,50.40236981558005,84.54709413306949,132,132,,,,
16,True,y_t+60min,0.9,split-CP,0.9242424242424242,63.55884920634923,93.57499594155844,132,132,0.8636363636363636,0.9848484848484848,,
16,True,y_t+60min,0.9,ACI,0.8712121212121212,58.34872261303512,89.83525081442126,132,132,0.803030303030303,0.9318181818181818,,
16,True,y_t+60min,0.95,split-CP,0.9545454545454546,91.50823015873016,116.44492027417024,132,132,,,,
16,True,y_t+60min,0.95,ACI,0.9242424242424242,102.93643726154949,137.14658306482028,132,132,,,,
16,True,y_t+60min,0.9,CQR,0.8484848484848485,57.49680045655103,109.40245301750043,132,132,0.7803030303030303,0.9242424242424242,0.0,0.0
16,True,y_t+60min,0.9,ACQR,0.8787878787878788,83.5886235608493,126.84689415817522,132,132,0.8181818181818182,0.946969696969697,0.0,0.0
16,True,y_t+60min,0.95,CQR,0.9393939393939394,77.46792583085038,135.05837742923293,132,132,,,0.0,0.0
16,True,y_t+60min,0.95,ACQR,0.9318181818181818,118.36718298417752,163.25929392033757,132,132,,,0.0,0.0
16,True,y_t+90min,0.8,split-CP,0.7424242424242424,54.51748214285715,96.59762428852012,132,132,,,,
16,True,y_t+90min,0.8,ACI,0.7727272727272727,62.62534260261344,100.76512191859068,132,132,,,,
16,True,y_t+90min,0.85,split-CP,0.8181818181818182,62.315250000000034,107.33164142750252,132,132,,,,
16,True,y_t+90min,0.85,ACI,0.8257575757575758,76.70027328342954,122.49391348838915,132,132,,,,
16,True,y_t+90min,0.9,split-CP,0.9090909090909092,81.22682142857144,124.06761016915183,132,132,0.8484848484848485,0.9772727272727272,,
16,True,y_t+90min,0.9,ACI,0.8712121212121212,90.32199166265832,140.6480240600449,132,132,0.7954545454545454,0.946969696969697,,
16,True,y_t+90min,0.95,split-CP,0.946969696969697,116.34634523809522,154.8534391935225,132,132,,,,
16,True,y_t+90min,0.95,ACI,0.9166666666666666,135.6350461334576,199.82920027407,132,132,,,,
16,True,y_t+90min,0.9,CQR,0.8636363636363636,75.72577898792238,137.0123734533746,132,132,0.803030303030303,0.9318181818181818,0.0,0.0
16,True,y_t+90min,0.9,ACQR,0.8712121212121212,106.59604550294912,164.78050628887058,132,132,0.8106060606060606,0.9393939393939394,0.0,0.0
16,True,y_t+90min,0.95,CQR,0.946969696969697,120.37024114023158,187.76822308853824,132,132,,,0.0,0.0
16,True,y_t+90min,0.95,ACQR,0.9242424242424242,128.29677834152398,209.7198987837029,132,132,,,0.0,0.0
17,True,y_t+30min,0.8,split-CP,0.7863247863247863,15.65421428571426,22.88291327191327,117,138,,,,
17,True,y_t+30min,0.8,ACI,0.7948717948717948,17.8429989670823,24.00426530876528,117,138,,,,
17,True,y_t+30min,0.85,split-CP,0.8205128205128205,17.577971861471955,24.74899935249933,117,138,,,,
17,True,y_t+30min,0.85,ACI,0.8376068376068376,20.02600968013468,26.245627839752835,117,138,,,,
17,True,y_t+30min,0.9,split-CP,0.905982905982906,20.672055555555527,27.34430282988616,117,138,0.8596491228070176,0.9473684210526316,,
17,True,y_t+30min,0.9,ACI,0.8974358974358975,23.37577740006906,28.96458912846411,117,138,0.8421052631578947,0.9385964912280702,,
17,True,y_t+30min,0.95,split-CP,0.9401709401709402,26.423190476190484,31.278900352733658,117,138,,,,
17,True,y_t+30min,0.95,ACI,0.9487179487179488,29.76502020818685,34.94430320913647,117,138,,,,
17,True,y_t+30min,0.9,CQR,0.905982905982906,21.466074887831,29.25209822281948,117,138,0.8596491228070176,0.9473684210526316,0.0,0.0
17,True,y_t+30min,0.9,ACQR,0.8888888888888888,23.377055080301776,29.96933438598019,117,138,0.8333333333333334,0.9298245614035088,0.0,0.0
17,True,y_t+30min,0.95,CQR,0.9658119658119658,30.13585377103993,31.83387861953284,117,138,,,0.0,0.0
17,True,y_t+30min,0.95,ACQR,0.9487179487179488,30.05693057856143,33.44113412468934,117,138,,,0.0,0.0
17,True,y_t+60min,0.8,split-CP,0.8205128205128205,25.37248611111114,33.75542117758786,117,138,,,,
17,True,y_t+60min,0.8,ACI,0.7777777777777778,25.93806086351921,35.32203657916159,117,138,,,,
17,True,y_t+60min,0.85,split-CP,0.8974358974358975,30.35858333333328,37.18701660787772,117,138,,,,
17,True,y_t+60min,0.85,ACI,0.8376068376068376,27.984840710215728,37.88461064193009,117,138,,,,
17,True,y_t+60min,0.9,split-CP,0.9401709401709402,34.51123809523801,41.52252726902722,117,138,0.8947368421052632,0.9736842105263158,,
17,True,y_t+60min,0.9,ACI,0.8888888888888888,34.19818822072989,44.11107453194953,117,138,0.8333333333333334,0.9385964912280702,,
17,True,y_t+60min,0.95,split-CP,0.9401709401709402,38.465636904761816,47.75645599308099,117,138,,,,
17,True,y_t+60min,0.95,ACI,0.9487179487179488,41.00024185999185,49.51388417446751,117,138,,,,
17,True,y_t+60min,0.9,CQR,0.9145299145299144,35.62792801214611,43.90783414831483,117,138,0.868421052631579,0.956140350877193,0.0,0.0
17,True,y_t+60min,0.9,ACQR,0.8888888888888888,35.21991795889337,46.366940569245024,117,138,0.8245614035087719,0.9385964912280702,0.0,0.0
17,True,y_t+60min,0.95,CQR,0.9572649572649572,45.9514711831377,48.83284271816847,117,138,,,0.0,0.0
17,True,y_t+60min,0.95,ACQR,0.9487179487179488,45.39592382946491,55.959678929858605,117,138,,,0.0,0.0
17,True,y_t+90min,0.8,split-CP,0.8376068376068376,32.93160714285715,44.78506868131869,117,138,,,,
17,True,y_t+90min,0.8,ACI,0.7777777777777778,30.44901270180436,47.52335666802332,117,138,,,,
17,True,y_t+90min,0.85,split-CP,0.8974358974358975,38.5446547619048,49.66103754578756,117,138,,,,
17,True,y_t+90min,0.85,ACI,0.8376068376068376,36.51585690544023,51.22736178944513,117,138,,,,
17,True,y_t+90min,0.9,split-CP,0.9230769230769232,45.76933730158726,56.33225159408492,117,138,0.8859649122807017,0.9649122807017544,,
17,True,y_t+90min,0.9,ACI,0.8974358974358975,40.77591127391128,57.99335225885222,117,138,0.8508771929824561,0.9385964912280702,,
17,True,y_t+90min,0.95,split-CP,0.9401709401709402,54.10450000000005,64.0360476190476,117,138,,,,
17,True,y_t+90min,0.95,ACI,0.9401709401709402,53.38104315900147,73.19153834283004,117,138,,,,
17,True,y_t+90min,0.9,CQR,0.9401709401709402,48.61529877688148,52.68030189594129,117,138,0.8947368421052632,0.9736842105263158,0.0,0.0
17,True,y_t+90min,0.9,ACQR,0.8974358974358975,44.61778284535397,53.07327598946092,117,138,0.8421052631578947,0.9473684210526316,0.0,0.0
17,True,y_t+90min,0.95,CQR,0.9743589743589745,60.67653133000925,63.47905891986236,117,138,,,0.0,1.0
17,True,y_t+90min,0.95,ACQR,0.9487179487179488,56.89584402864948,65.07234059474686,117,138,,,0.0,1.0
18,True,y_t+30min,0.8,split-CP,0.8740740740740741,28.93750396825408,36.352220137886846,135,150,,,,
18,True,y_t+30min,0.8,ACI,0.7925925925925926,23.26439305622362,36.27490754636311,135,150,,,,
18,True,y_t+30min,0.85,split-CP,0.9111111111111112,34.795510822510764,40.36029694653765,135,150,,,,
18,True,y_t+30min,0.85,ACI,0.837037037037037,28.396714240286457,40.44048110647925,135,150,,,,
18,True,y_t+30min,0.9,split-CP,0.9777777777777776,42.976476190476205,46.46967616642617,135,150,0.9545454545454546,0.9924242424242424,,
18,True,y_t+30min,0.9,ACI,0.8888888888888888,33.92061654908876,45.69734582598472,135,150,0.8409090909090909,0.9318181818181818,,
18,True,y_t+30min,0.95,split-CP,0.9851851851851852,50.13610714285712,54.07769580727911,135,150,,,,
18,True,y_t+30min,0.95,ACI,0.9481481481481482,43.49008257842978,57.08609540510926,135,150,,,,
18,True,y_t+30min,0.9,CQR,0.9333333333333332,41.02264434402702,48.64683177935254,135,150,0.9015151515151516,0.9696969696969696,0.0,0.0
18,True,y_t+30min,0.9,ACQR,0.8962962962962963,35.54751784024304,50.6063528484805,135,150,0.8560606060606061,0.9393939393939394,0.0,0.0
18,True,y_t+30min,0.95,CQR,0.9925925925925926,62.69051874748676,64.8692668545612,135,150,,,0.0,0.0
18,True,y_t+30min,0.95,ACQR,0.9481481481481482,51.36402925819098,64.15235046490804,135,150,,,0.0,0.0
18,True,y_t+60min,0.8,split-CP,0.8444444444444444,38.827755952381054,50.76460457752127,135,150,,,,
18,True,y_t+60min,0.8,ACI,0.7925925925925926,33.40681296429908,51.51086110443055,135,150,,,,
18,True,y_t+60min,0.85,split-CP,0.9037037037037036,44.81209523809524,55.60687375518856,135,150,,,,
18,True,y_t+60min,0.85,ACI,0.837037037037037,41.24337688391856,57.15423535398073,135,150,,,,
18,True,y_t+60min,0.9,split-CP,0.9629629629629628,64.3426845238096,69.81029548794831,135,150,0.9242424242424242,0.9924242424242424,,
18,True,y_t+60min,0.9,ACI,0.8888888888888888,48.16763384239217,64.62699635642142,135,150,0.8257575757575758,0.9393939393939394,,
18,True,y_t+60min,0.95,split-CP,0.9851851851851852,82.95474999999999,85.49649132863024,135,150,,,,
18,True,y_t+60min,0.95,ACI,0.9407407407407408,60.33369868660147,76.74867281946447,135,150,,,,
18,True,y_t+60min,0.9,CQR,0.9555555555555556,64.35987256728657,74.04450518964322,135,150,0.9166666666666666,0.9848484848484848,0.0,0.0
18,True,y_t+60min,0.9,ACQR,0.8888888888888888,53.25497164263563,71.28491534886038,135,150,0.8333333333333334,0.9318181818181818,0.0,0.0
18,True,y_t+60min,0.95,CQR,0.9851851851851852,96.30595398287824,99.91742573373904,135,150,,,0.0,0.0
18,True,y_t+60min,0.95,ACQR,0.9407407407407408,69.90543993130076,88.94189939191106,135,150,,,0.0,0.0
18,True,y_t+90min,0.8,split-CP,0.7777777777777778,51.46513095238106,73.84485273368608,135,150,,,,
18,True,y_t+90min,0.8,ACI,0.7851851851851852,50.47616167495058,76.94885803003581,135,150,,,,
18,True,y_t+90min,0.85,split-CP,0.8518518518518519,57.92390476190485,80.15609641387418,135,150,,,,
18,True,y_t+90min,0.85,ACI,0.837037037037037,56.604349140879705,85.18232856474799,135,150,,,,
18,True,y_t+90min,0.9,split-CP,0.9111111111111112,66.14014484126983,89.02741056731334,135,150,0.8560606060606061,0.9545454545454546,,
18,True,y_t+90min,0.9,ACI,0.8888888888888888,70.0907347028486,97.2537175070814,135,150,0.8257575757575758,0.9393939393939394,,
18,True,y_t+90min,0.95,split-CP,0.9925925925925926,117.39282142857137,117.68092960023507,135,150,,,,
18,True,y_t+90min,0.95,ACI,0.925925925925926,93.96110487948263,120.56447260435031,135,150,,,,
18,True,y_t+90min,0.9,CQR,0.9555555555555556,85.1774407794932,95.79493891916452,135,150,0.9166666666666666,0.9848484848484848,0.0,0.0
18,True,y_t+90min,0.9,ACQR,0.8814814814814815,67.95498114122017,95.95453240073236,135,150,0.8181818181818182,0.9318181818181818,0.0,0.0
18,True,y_t+90min,0.95,CQR,0.9851851851851852,131.94311344585722,133.00723867160252,135,150,,,0.0,0.0
18,True,y_t+90min,0.95,ACQR,0.9333333333333332,94.98423110134496,108.89387104116156,135,150,,,0.0,0.0
19,True,y_t+30min,0.8,split-CP,0.8666666666666667,198.34107142857144,245.9347867764951,135,150,,,,
19,True,y_t+30min,0.8,ACI,0.8148148148148148,176.17863224707398,243.48200577735017,135,150,,,,
19,True,y_t+30min,0.85,split-CP,0.8814814814814815,209.57812698412727,263.4104772148291,135,150,,,,
19,True,y_t+30min,0.85,ACI,0.8592592592592593,200.50650861124475,264.3431844347354,135,150,,,,
19,True,y_t+30min,0.9,split-CP,0.8888888888888888,221.5624870129868,288.3933545374379,135,150,0.8484848484848485,0.9393939393939394,,
19,True,y_t+30min,0.9,ACI,0.9037037037037036,241.75807067767624,306.44577844316166,135,150,0.8712121212121212,0.946969696969697,,
19,True,y_t+30min,0.95,split-CP,0.9555555555555556,266.8557837301587,332.7075246045106,135,150,,,,
19,True,y_t+30min,0.95,ACI,0.9481481481481482,277.91309720351666,355.4519646344394,135,150,,,,
19,True,y_t+30min,0.9,CQR,0.9111111111111112,271.8596742865132,341.51859817694543,135,150,0.8636363636363636,0.946969696969697,0.0,0.0
19,True,y_t+30min,0.9,ACQR,0.9037037037037036,282.3199881376516,347.7590057527684,135,150,0.8712121212121212,0.946969696969697,0.0,0.0
19,True,y_t+30min,0.95,CQR,0.9629629629629628,363.2651949784243,386.79821891141046,135,150,,,0.0,0.0
19,True,y_t+30min,0.95,ACQR,0.9555555555555556,321.836069929701,404.88330074989005,135,150,,,0.0,0.0
19,True,y_t+60min,0.8,split-CP,0.837037037037037,349.4707678571431,425.5341107837636,135,150,,,,
19,True,y_t+60min,0.8,ACI,0.8148148148148148,348.53422137913526,436.71633030570246,135,150,,,,
19,True,y_t+60min,0.85,split-CP,0.8740740740740741,392.72504761904736,452.2954188979744,135,150,,,,
19,True,y_t+60min,0.85,ACI,0.8592592592592593,386.1341623309818,473.2849303106016,135,150,,,,
19,True,y_t+60min,0.9,split-CP,0.8962962962962963,418.89577380952414,480.4489356661858,135,150,0.8560606060606061,0.9393939393939394,,
19,True,y_t+60min,0.9,ACI,0.9037037037037036,435.3305893992838,511.60639602372936,135,150,0.8636363636363636,0.946969696969697,,
19,True,y_t+60min,0.95,split-CP,0.9703703703703704,490.5397440476191,511.9501511610819,135,150,,,,
19,True,y_t+60min,0.95,ACI,0.9481481481481482,499.6802367911925,546.6051402169846,135,150,,,,
19,True,y_t+60min,0.9,CQR,0.9407407407407408,437.3505252927771,484.6682947450933,135,150,0.8939393939393939,0.9772727272727272,0.0,0.0
19,True,y_t+60min,0.9,ACQR,0.9185185185185184,407.3296263322128,483.3751082539837,135,150,0.8712121212121212,0.9545454545454546,0.0,0.0
19,True,y_t+60min,0.95,CQR,0.9851851851851852,570.0143652048739,572.6689279018808,135,150,,,0.0,0.0
19,True,y_t+60min,0.95,ACQR,0.9703703703703704,523.1231965597669,542.1427874860065,135,150,,,0.0,0.0
19,True,y_t+90min,0.8,split-CP,0.8222222222222222,478.8455833333338,594.9211302910054,135,150,,,,
19,True,y_t+90min,0.8,ACI,0.8074074074074075,510.60357851397583,610.7544685051574,135,150,,,,
19,True,y_t+90min,0.85,split-CP,0.837037037037037,517.112005952381,627.7722663874192,135,150,,,,
19,True,y_t+90min,0.85,ACI,0.8592592592592593,560.4651334388861,643.1545623844263,135,150,,,,
19,True,y_t+90min,0.9,split-CP,0.8888888888888888,571.8156666666671,664.899815255732,135,150,0.8333333333333334,0.9318181818181818,,
19,True,y_t+90min,0.9,ACI,0.9111111111111112,588.8354733432205,689.3232749037999,135,150,0.8636363636363636,0.946969696969697,,
19,True,y_t+90min,0.95,split-CP,0.9333333333333332,640.0115757575759,699.4600414729305,135,150,,,,
19,True,y_t+90min,0.95,ACI,0.9407407407407408,671.75375173561,730.6837590842283,135,150,,,,
19,True,y_t+90min,0.9,CQR,0.9555555555555556,620.4983462811829,652.696773282728,135,150,0.9242424242424242,0.9772727272727272,0.0,0.0
19,True,y_t+90min,0.9,ACQR,0.9185185185185184,578.2033499855145,639.8143976026352,135,150,0.8712121212121212,0.9545454545454546,0.0,0.0
19,True,y_t+90min,0.95,CQR,0.9925925925925926,827.7991163398898,828.975028554232,135,150,,,0.0,0.0
19,True,y_t+90min,0.95,ACQR,0.9629629629629628,725.267739372028,755.6197929075436,135,150,,,0.0,0.0
23,True,y_t+30min,0.8,split-CP,0.7555555555555555,80.45010714285715,119.2743218401968,135,150,,,,
23,True,y_t+30min,0.8,ACI,0.7925925925925926,89.69251397306401,122.8051743707938,135,150,,,,
23,True,y_t+30min,0.85,split-CP,0.8444444444444444,93.09987698412716,127.3455867325404,135,150,,,,
23,True,y_t+30min,0.85,ACI,0.8444444444444444,96.05884155309712,133.2394372420446,135,150,,,,
23,True,y_t+30min,0.9,split-CP,0.925925925925926,110.71236309523827,138.964259581468,135,150,0.8939393939393939,0.9621212121212122,,
23,True,y_t+30min,0.9,ACI,0.8962962962962963,111.45159824434822,147.89383467766802,135,150,0.8560606060606061,0.9393939393939394,,
23,True,y_t+30min,0.95,split-CP,0.9555555555555556,133.50815476190473,163.1499697802198,135,150,,,,
23,True,y_t+30min,0.95,ACI,0.9481481481481482,140.9345017930629,183.4912542011488,135,150,,,,
23,True,y_t+30min,0.9,CQR,0.9037037037037036,115.0430306928324,149.8224137493302,135,150,0.8712121212121212,0.9393939393939394,1.0,0.0
23,True,y_t+30min,0.9,ACQR,0.8962962962962963,114.85532805524144,154.2725823380042,135,150,0.8560606060606061,0.9393939393939394,1.0,0.0
23,True,y_t+30min,0.95,CQR,0.9111111111111112,134.9005580122326,183.6864693070944,135,150,,,0.0,0.0
23,True,y_t+30min,0.95,ACQR,0.9481481481481482,150.99376916139332,189.8013233019041,135,150,,,0.0,0.0
23,True,y_t+60min,0.8,split-CP,0.6888888888888889,137.6998075396823,204.20196045775228,135,150,,,,
23,True,y_t+60min,0.8,ACI,0.7925925925925926,156.31214597295707,206.69137002565333,135,150,,,,
23,True,y_t+60min,0.85,split-CP,0.7703703703703704,159.63297619047626,208.9358059875653,135,150,,,,
23,True,y_t+60min,0.85,ACI,0.837037037037037,176.42404952701622,216.0980104056437,135,150,,,,
23,True,y_t+60min,0.9,split-CP,0.8814814814814815,174.9743928571429,225.974857343274,135,150,0.8257575757575758,0.9318181818181818,,
23,True,y_t+60min,0.9,ACI,0.8888888888888888,204.25930659237883,242.5841797418631,135,150,0.8409090909090909,0.9393939393939394,,
23,True,y_t+60min,0.95,split-CP,0.9555555555555556,226.43954004328995,250.12914142750247,135,150,,,,
23,True,y_t+60min,0.95,ACI,0.9407407407407408,227.089535456416,287.2277808201058,135,150,,,,
23,True,y_t+60min,0.9,CQR,0.9111111111111112,198.72452012413547,230.8231678901342,135,150,0.8560606060606061,0.9545454545454546,0.0,0.0
23,True,y_t+60min,0.9,ACQR,0.8962962962962963,186.3544340919069,239.6992146623141,135,150,0.8333333333333334,0.9393939393939394,0.0,0.0
23,True,y_t+60min,0.95,CQR,0.9703703703703704,245.44375976166813,267.79866935994835,135,150,,,0.0,0.0
23,True,y_t+60min,0.95,ACQR,0.9407407407407408,250.21702379750943,294.8157699525515,135,150,,,0.0,0.0
23,True,y_t+90min,0.8,split-CP,0.7037037037037037,177.695777777778,265.8343350235155,135,150,,,,
23,True,y_t+90min,0.8,ACI,0.7851851851851852,211.27964875073485,271.0229213109936,135,150,,,,
23,True,y_t+90min,0.85,split-CP,0.7851851851851852,199.98008333333337,279.8747884087791,135,150,,,,
23,True,y_t+90min,0.85,ACI,0.837037037037037,226.76484417989423,293.60021406035673,135,150,,,,
23,True,y_t+90min,0.9,split-CP,0.9111111111111112,249.9762500000001,297.25346707818926,135,150,0.8484848484848485,0.9621212121212122,,
23,True,y_t+90min,0.9,ACI,0.8888888888888888,264.98311006760724,338.95673910934744,135,150,0.8181818181818182,0.9393939393939394,,
23,True,y_t+90min,0.95,split-CP,0.9851851851851852,350.2451964285715,364.7586053057026,135,150,,,,
23,True,y_t+90min,0.95,ACI,0.925925925925926,295.0294738683127,386.6773709876542,135,150,,,,
23,True,y_t+90min,0.9,CQR,0.8888888888888888,255.53491418380483,315.51461027403195,135,150,0.8181818181818182,0.946969696969697,0.0,0.0
23,True,y_t+90min,0.9,ACQR,0.8814814814814815,281.11668795655044,356.4658554613746,135,150,0.8106060606060606,0.9393939393939394,0.0,0.0
23,True,y_t+90min,0.95,CQR,0.9851851851851852,376.7552371357693,393.7187205003741,135,150,,,0.0,0.0
23,True,y_t+90min,0.95,ACQR,0.9407407407407408,337.62261761490896,398.1925950620197,135,150,,,0.0,0.0
24,True,y_t+30min,0.8,split-CP,0.7185185185185186,40.15286309523799,62.73606995884776,135,150,,,,
24,True,y_t+30min,0.8,ACI,0.7851851851851852,45.058767413553525,62.28055715621824,135,150,,,,
24,True,y_t+30min,0.85,split-CP,0.8222222222222222,49.630577380952445,64.82477432392709,135,150,,,,
24,True,y_t+30min,0.85,ACI,0.8444444444444444,51.0472055609,67.23216451552561,135,150,,,,
24,True,y_t+30min,0.9,split-CP,0.9555555555555556,67.79892261904752,76.28519025573186,135,150,0.9166666666666666,0.9848484848484848,,
24,True,y_t+30min,0.9,ACI,0.8962962962962963,53.40180795521349,69.78796771417883,135,150,0.8333333333333334,0.9393939393939394,,
24,True,y_t+30min,0.95,split-CP,1.0,131.21347817460307,131.21347817460307,135,150,,,,
24,True,y_t+30min,0.95,ACI,0.9481481481481482,74.0984127518572,94.28062206723312,135,150,,,,
24,True,y_t+30min,0.9,CQR,0.8962962962962963,72.67308239289575,84.21347730615177,135,150,0.8409090909090909,0.9393939393939394,0.0,0.0
24,True,y_t+30min,0.9,ACQR,0.925925925925926,73.80488744330249,85.28446231533015,135,150,0.8863636363636364,0.9545454545454546,0.0,0.0
24,True,y_t+30min,0.95,CQR,0.9925925925925926,103.97834645061305,104.9390088464528,135,150,,,0.0,0.0
24,True,y_t+30min,0.95,ACQR,0.9703703703703704,91.4464913382328,93.73253852926976,135,150,,,0.0,0.0
24,True,y_t+60min,0.8,split-CP,0.6444444444444445,66.50540476190486,142.89691182993965,135,150,,,,
24,True,y_t+60min,0.8,ACI,0.7777777777777778,96.42673216156275,128.09504700309986,135,150,,,,
24,True,y_t+60min,0.85,split-CP,0.8074074074074075,96.1811706349206,146.92342489711936,135,150,,,,
24,True,y_t+60min,0.85,ACI,0.8222222222222222,106.53271406391966,142.26760745996123,135,150,,,,
24,True,y_t+60min,0.9,split-CP,0.9333333333333332,143.38263690476197,163.4572218547914,135,150,0.8787878787878788,0.9772727272727272,,
24,True,y_t+60min,0.9,ACI,0.8740740740740741,129.38329430415268,158.76616874966604,135,150,0.803030303030303,0.9318181818181818,,
24,True,y_t+60min,0.95,split-CP,1.0,252.38757738095225,252.38757738095225,135,150,,,,
24,True,y_t+60min,0.95,ACI,0.9407407407407408,154.16712830420613,189.50109778739773,135,150,,,,
24,True,y_t+60min,0.9,CQR,0.9555555555555556,142.9640868276693,147.88978270443036,135,150,0.9090909090909092,0.9924242424242424,0.0,0.0
24,True,y_t+60min,0.9,ACQR,0.9111111111111112,127.86003837917087,138.79062503693578,135,150,0.8560606060606061,0.9545454545454546,0.0,0.0
24,True,y_t+60min,0.95,CQR,1.0,217.86118412984555,217.86118412984555,135,150,,,0.0,0.0
24,True,y_t+60min,0.95,ACQR,0.9629629629629628,165.7648373960805,180.5253099354225,135,150,,,0.0,0.0
24,True,y_t+90min,0.8,split-CP,0.5851851851851851,92.41713888888891,246.9663444698305,135,150,,,,
24,True,y_t+90min,0.8,ACI,0.7555555555555555,159.27498549249103,217.6470524183636,135,150,,,,
24,True,y_t+90min,0.85,split-CP,0.7925925925925926,150.85561309523814,236.90518184267725,135,150,,,,
24,True,y_t+90min,0.85,ACI,0.8148148148148148,163.20776856261023,224.20020448265728,135,150,,,,
24,True,y_t+90min,0.9,split-CP,0.9111111111111112,218.1032916666668,252.85354938939665,135,150,0.8560606060606061,0.9772727272727272,,
24,True,y_t+90min,0.9,ACI,0.8666666666666667,204.54419729303612,266.4154831810165,135,150,0.7878787878787878,0.9318181818181818,,
24,True,y_t+90min,0.95,split-CP,1.0,360.0251428571428,360.0251428571428,135,150,,,,
24,True,y_t+90min,0.95,ACI,0.9185185185185184,233.796493013468,288.43350276708884,135,150,,,,
24,True,y_t+90min,0.9,CQR,0.9333333333333332,199.07409521122244,218.1828662161184,135,150,0.8787878787878788,0.9772727272727272,0.0,0.0
24,True,y_t+90min,0.9,ACQR,0.9111111111111112,187.65557139849025,233.29474726638023,135,150,0.8560606060606061,0.9545454545454546,0.0,0.0
24,True,y_t+90min,0.95,CQR,1.0,278.4875671166781,278.4875671166781,135,150,,,0.0,0.0
24,True,y_t+90min,0.95,ACQR,0.9481481481481482,235.9557187879786,248.13876531390824,135,150,,,0.0,0.0
25,True,y_t+30min,0.8,split-CP,0.7851851851851852,254.0734285714288,350.60091857730737,135,150,,,,
25,True,y_t+30min,0.8,ACI,0.7925925925925926,256.4355878534018,356.5243270041687,135,150,,,,
25,True,y_t+30min,0.85,split-CP,0.8296296296296296,269.1702202380948,378.7618250783853,135,150,,,,
25,True,y_t+30min,0.85,ACI,0.8444444444444444,296.46130482069384,392.8126506956692,135,150,,,,
25,True,y_t+30min,0.9,split-CP,0.8666666666666667,308.1338452380951,413.8952964432687,135,150,0.8409090909090909,0.9166666666666666,,
25,True,y_t+30min,0.9,ACI,0.8962962962962963,357.7767262051735,433.7139876690181,135,150,0.8636363636363636,0.9393939393939394,,
25,True,y_t+30min,0.95,split-CP,0.9111111111111112,354.1049285714289,470.10479629629583,135,150,,,,
25,True,y_t+30min,0.95,ACI,0.9481481481481482,444.5876871252204,516.0431985890651,135,150,,,,
25,True,y_t+30min,0.9,CQR,0.8296296296296296,312.3819835528756,439.8159652782815,135,150,0.7954545454545454,0.8863636363636364,0.0,0.0
25,True,y_t+30min,0.9,ACQR,0.9037037037037036,352.921723623667,440.20502818036994,135,150,0.8787878787878788,0.9545454545454546,0.0,0.0
25,True,y_t+30min,0.95,CQR,0.925925925925926,376.8971409593772,505.5787352154979,135,150,,,0.0,0.0
25,True,y_t+30min,0.95,ACQR,0.9481481481481482,439.9240881557424,540.1563478259283,135,150,,,0.0,0.0
25,True,y_t+60min,0.8,split-CP,0.7777777777777778,425.9044404761908,553.9784112687723,135,150,,,,
25,True,y_t+60min,0.8,ACI,0.7925925925925926,420.3478877745712,563.8421346881513,135,150,,,,
25,True,y_t+60min,0.85,split-CP,0.837037037037037,455.6300833333335,590.2933542078634,135,150,,,,
25,True,y_t+60min,0.85,ACI,0.8444444444444444,480.32319282908446,623.686372456042,135,150,,,,
25,True,y_t+60min,0.9,split-CP,0.8814814814814815,497.144416666666,639.6759140612476,135,150,0.8409090909090909,0.9393939393939394,,
25,True,y_t+60min,0.9,ACI,0.8888888888888888,531.8001204184703,669.8141278071722,135,150,0.8560606060606061,0.946969696969697,,
25,True,y_t+60min,0.95,split-CP,0.9407407407407408,581.3879880952381,714.1323808054086,135,150,,,,
25,True,y_t+60min,0.95,ACI,0.9407407407407408,666.9810221046446,789.8304738977075,135,150,,,,
25,True,y_t+60min,0.9,CQR,0.9407407407407408,612.9662515092344,669.672747395575,135,150,0.9090909090909092,0.9696969696969696,0.0,0.0
25,True,y_t+60min,0.9,ACQR,0.9037037037037036,560.6084263191389,662.5297014095396,135,150,0.8636363636363636,0.946969696969697,0.0,0.0
25,True,y_t+60min,0.95,CQR,0.9925925925925926,706.4636489312272,710.3540964731117,135,150,,,0.0,0.0
25,True,y_t+60min,0.95,ACQR,0.9407407407407408,670.1801657695928,722.5101245666374,135,150,,,0.0,0.0
25,True,y_t+90min,0.8,split-CP,0.725925925925926,540.6817916666671,769.0728641240446,135,150,,,,
25,True,y_t+90min,0.8,ACI,0.7777777777777778,608.2934008951952,778.8355954532093,135,150,,,,
25,True,y_t+90min,0.85,split-CP,0.8074074074074075,601.8215297619043,814.0350672888496,135,150,,,,
25,True,y_t+90min,0.85,ACI,0.8296296296296296,638.5595263280959,825.3024889080397,135,150,,,,
25,True,y_t+90min,0.9,split-CP,0.837037037037037,647.7794999999994,883.3730251322753,135,150,0.7878787878787878,0.9015151515151516,,
25,True,y_t+90min,0.9,ACI,0.8814814814814815,698.5584327307467,886.0677030129334,135,150,0.8333333333333334,0.946969696969697,,
25,True,y_t+90min,0.95,split-CP,0.9407407407407408,805.8974702380956,907.4687312610228,135,150,,,,
25,True,y_t+90min,0.95,ACI,0.9333333333333332,821.8486197530865,967.5149830687828,135,150,,,,
25,True,y_t+90min,0.9,CQR,0.9629629629629628,905.5207518241766,930.4427781743366,135,150,0.9393939393939394,0.9848484848484848,0.0,0.0
25,True,y_t+90min,0.9,ACQR,0.8888888888888888,766.4729717845033,932.8731919886762,135,150,0.8257575757575758,0.9318181818181818,0.0,0.0
25,True,y_t+90min,0.95,CQR,0.9925925925925926,1083.1763930002314,1099.3132522647204,135,150,,,0.0,0.0
25,True,y_t+90min,0.95,ACQR,0.925925925925926,867.3544432082683,1089.4895281475533,135,150,,,0.0,0.0
26,True,y_t+30min,0.8,split-CP,0.837037037037037,116.23190476190484,192.7711783643312,135,150,,,,
26,True,y_t+30min,0.8,ACI,0.7925925925925926,122.76942142723536,195.10504933327988,135,150,,,,
26,True,y_t+30min,0.85,split-CP,0.8740740740740741,153.45835119047615,218.73594291904945,135,150,,,,
26,True,y_t+30min,0.85,ACI,0.8444444444444444,151.07310310646145,221.186295595728,135,150,,,,
26,True,y_t+30min,0.9,split-CP,0.925925925925926,196.99440476190463,251.1623894767784,135,150,0.8636363636363636,0.9696969696969696,,
26,True,y_t+30min,0.9,ACI,0.8962962962962963,179.18519619742395,248.5500165437442,135,150,0.8106060606060606,0.9621212121212122,,
26,True,y_t+30min,0.95,split-CP,0.9555555555555556,233.11149999999992,304.2422186948852,135,150,,,,
26,True,y_t+30min,0.95,ACI,0.9407407407407408,229.0949141761531,304.10831129549456,135,150,,,,
26,True,y_t+30min,0.9,CQR,0.9037037037037036,162.0968276038535,227.8734188137987,135,150,0.8484848484848485,0.9545454545454546,0.0,0.0
26,True,y_t+30min,0.9,ACQR,0.8962962962962963,171.44847380964134,225.59260711885264,135,150,0.8409090909090909,0.946969696969697,0.0,0.0
26,True,y_t+30min,0.95,CQR,0.9629629629629628,248.17751314449688,294.8871270691948,135,150,,,0.0,0.0
26,True,y_t+30min,0.95,ACQR,0.9481481481481482,248.37549930605024,300.2794530339783,135,150,,,0.0,0.0
26,True,y_t+60min,0.8,split-CP,0.762962962962963,186.33536904761925,365.5318930041154,135,150,,,,
26,True,y_t+60min,0.8,ACI,0.7851851851851852,252.88232994361616,338.55792396584906,135,150,,,,
26,True,y_t+60min,0.85,split-CP,0.8592592592592593,263.7316071428573,404.5087657750343,135,150,,,,
26,True,y_t+60min,0.85,ACI,0.8444444444444444,271.4796646357758,380.672179528976,135,150,,,,
26,True,y_t+60min,0.9,split-CP,0.925925925925926,352.4030714285718,465.8116775426219,135,150,0.8484848484848485,0.9848484848484848,,
26,True,y_t+60min,0.9,ACI,0.8888888888888888,343.9346742010048,445.66670911362326,135,150,0.8181818181818182,0.946969696969697,,
26,True,y_t+60min,0.95,split-CP,0.9703703703703704,469.8027261904763,541.3844199000589,135,150,,,,
26,True,y_t+60min,0.95,ACI,0.9333333333333332,436.7775264136069,577.932699841002,135,150,,,,
26,True,y_t+60min,0.9,CQR,0.8814814814814815,287.33734189423825,429.4938756047648,135,150,0.8106060606060606,0.9393939393939394,0.0,0.0
26,True,y_t+60min,0.9,ACQR,0.8888888888888888,339.57483865024534,447.2719165283773,135,150,0.803030303030303,0.9545454545454546,0.0,0.0
26,True,y_t+60min,0.95,CQR,0.9925925925925926,579.2036413389819,585.9606138480202,135,150,,,0.0,0.0
26,True,y_t+60min,0.95,ACQR,0.9333333333333332,448.94756239121824,566.0779085178388,135,150,,,0.0,0.0
26,True,y_t+90min,0.8,split-CP,0.7481481481481481,292.459952380952,526.6453651862541,135,150,,,,
26,True,y_t+90min,0.8,ACI,0.7703703703703704,358.78548146544813,537.3790402543958,135,150,,,,
26,True,y_t+90min,0.85,split-CP,0.8592592592592593,386.8555357142859,572.1415701058199,135,150,,,,
26,True,y_t+90min,0.85,ACI,0.8222222222222222,411.8363197437336,575.7758295418917,135,150,,,,
26,True,y_t+90min,0.9,split-CP,0.925925925925926,532.5219583333328,662.8651855526159,135,150,0.8484848484848485,0.9848484848484848,,
26,True,y_t+90min,0.9,ACI,0.8740740740740741,498.4126751349472,628.9664405937684,135,150,0.7954545454545454,0.9318181818181818,,
26,True,y_t+90min,0.95,split-CP,0.9333333333333332,615.8218888888886,762.1049174015283,135,150,,,,
26,True,y_t+90min,0.95,ACI,0.925925925925926,596.9562365212976,792.6270814788094,135,150,,,,
26,True,y_t+90min,0.9,CQR,0.8888888888888888,459.3440437139921,615.1462739290597,135,150,0.8106060606060606,0.946969696969697,0.0,0.0
26,True,y_t+90min,0.9,ACQR,0.8814814814814815,459.311196796119,666.3032354866094,135,150,0.7878787878787878,0.9545454545454546,0.0,0.0
26,True,y_t+90min,0.95,CQR,0.9851851851851852,814.0125375089956,835.31582874033,135,150,,,0.0,0.0
26,True,y_t+90min,0.95,ACQR,0.925925925925926,673.779000048429,965.3319834460984,135,150,,,0.0,0.0
27,True,y_t+30min,0.8,split-CP,0.7037037037037037,35.16848412698415,67.00573568355516,135,150,,,,
27,True,y_t+30min,0.8,ACI,0.7925925925925926,45.8942195740474,68.25840338971727,135,150,,,,
27,True,y_t+30min,0.85,split-CP,0.7703703703703704,39.99486309523809,74.28164456068627,135,150,,,,
27,True,y_t+30min,0.85,ACI,0.8444444444444444,55.89696677622791,75.2811890786169,135,150,,,,
27,True,y_t+30min,0.9,split-CP,0.8518518518518519,49.6683452380953,81.46673027898028,135,150,0.8106060606060606,0.8939393939393939,,
27,True,y_t+30min,0.9,ACI,0.9037037037037036,64.50910730987121,83.2403983819678,135,150,0.8560606060606061,0.946969696969697,,
27,True,y_t+30min,0.95,split-CP,0.925925925925926,66.52713095238099,94.70344341563792,135,150,,,,
27,True,y_t+30min,0.95,ACI,0.9481481481481482,79.22983007054674,100.0484741034685,135,150,,,,
27,True,y_t+30min,0.9,CQR,0.8518518518518519,55.34662948471285,93.96794479857648,135,150,0.803030303030303,0.9015151515151516,0.0,0.0
27,True,y_t+30min,0.9,ACQR,0.8962962962962963,71.09742212236426,93.18494260946524,135,150,0.8560606060606061,0.9393939393939394,0.0,0.0
27,True,y_t+30min,0.95,CQR,0.9037037037037036,70.31569177595485,109.6333895264182,135,150,,,0.0,0.0
27,True,y_t+30min,0.95,ACQR,0.9481481481481482,96.53506843012244,117.48056810367628,135,150,,,0.0,0.0
27,True,y_t+60min,0.8,split-CP,0.6888888888888889,58.79258531746018,95.90471615627185,135,150,,,,
27,True,y_t+60min,0.8,ACI,0.7851851851851852,71.59319730906954,96.56751550424887,135,150,,,,
27,True,y_t+60min,0.85,split-CP,0.837037037037037,73.70978769841284,99.9903238625229,135,150,,,,
27,True,y_t+60min,0.85,ACI,0.837037037037037,74.65472859948697,102.82981991831898,135,150,,,,
27,True,y_t+60min,0.9,split-CP,0.8888888888888888,83.98454761904759,108.92321627652186,135,150,0.8333333333333334,0.9318181818181818,,
27,True,y_t+60min,0.9,ACI,0.8962962962962963,90.60483473758752,111.7352195112501,135,150,0.8409090909090909,0.9393939393939394,,
27,True,y_t+60min,0.95,split-CP,0.9629629629629628,105.34919444444452,124.25259567901232,135,150,,,,
27,True,y_t+60min,0.95,ACI,0.9407407407407408,102.10314081422692,133.16542035567298,135,150,,,,
27,True,y_t+60min,0.9,CQR,0.8888888888888888,98.7040929747111,133.7942033568199,135,150,0.8409090909090909,0.9393939393939394,0.0,0.0
27,True,y_t+60min,0.9,ACQR,0.8962962962962963,99.5815644491626,142.12059768166503,135,150,0.8409090909090909,0.946969696969697,0.0,0.0
27,True,y_t+60min,0.95,CQR,0.9111111111111112,120.37717167732109,156.46555153602847,135,150,,,0.0,0.0
27,True,y_t+60min,0.95,ACQR,0.9333333333333332,127.2485313124023,162.95794728891093,135,150,,,0.0,0.0
27,True,y_t+90min,0.8,split-CP,0.6962962962962963,83.635744047619,141.10170344984232,135,150,,,,
27,True,y_t+90min,0.8,ACI,0.7703703703703704,104.00702949468229,135.24138027096356,135,150,,,,
27,True,y_t+90min,0.85,split-CP,0.725925925925926,92.3201011904762,152.0724600524647,135,150,,,,
27,True,y_t+90min,0.85,ACI,0.8148148148148148,109.26824756961145,140.24690006457874,135,150,,,,
27,True,y_t+90min,0.9,split-CP,0.8666666666666667,119.74108333333336,154.44075797659127,135,150,0.7954545454545454,0.9318181818181818,,
27,True,y_t+90min,0.9,ACI,0.8740740740740741,127.7526689834856,154.38406535460425,135,150,0.8181818181818182,0.9318181818181818,,
27,True,y_t+90min,0.95,split-CP,0.9703703703703704,149.73570833333338,167.1942189153439,135,150,,,,
27,True,y_t+90min,0.95,ACI,0.9185185185185184,142.24103024023293,175.44127194297454,135,150,,,,
27,True,y_t+90min,0.9,CQR,0.9111111111111112,140.77480291753784,174.7729610752663,135,150,0.8560606060606061,0.9545454545454546,0.0,0.0
27,True,y_t+90min,0.9,ACQR,0.8888888888888888,140.7586306932933,188.50253616566064,135,150,0.8333333333333334,0.9393939393939394,0.0,0.0
27,True,y_t+90min,0.95,CQR,0.9481481481481482,191.5283625836317,225.1533251448813,135,150,,,0.0,0.0
27,True,y_t+90min,0.95,ACQR,0.9481481481481482,184.37450336460685,266.8391579845349,135,150,,,0.0,0.0
28,True,y_t+30min,0.8,split-CP,0.7185185185185186,47.99502579365071,80.56095006279733,135,150,,,,
28,True,y_t+30min,0.8,ACI,0.7777777777777778,56.79995026989472,79.28726123002511,135,150,,,,
28,True,y_t+30min,0.85,split-CP,0.7333333333333333,51.19211904761914,88.82112541642165,135,150,,,,
28,True,y_t+30min,0.85,ACI,0.837037037037037,61.32821025599916,85.58800577735025,135,150,,,,
28,True,y_t+30min,0.9,split-CP,0.8444444444444444,61.13086309523806,96.45518540564376,135,150,0.7878787878787878,0.9166666666666666,,
28,True,y_t+30min,0.9,ACI,0.8888888888888888,73.1570759112287,96.84245274838328,135,150,0.8409090909090909,0.9393939393939394,,
28,True,y_t+30min,0.95,split-CP,0.9111111111111112,74.24513095238103,111.6034422398588,135,150,,,,
28,True,y_t+30min,0.95,ACI,0.9407407407407408,105.2825960023516,133.48983262786598,135,150,,,,
28,True,y_t+30min,0.9,CQR,0.8296296296296296,55.36853754062135,98.159589864735,135,150,0.7651515151515151,0.9015151515151516,0.0,0.0
28,True,y_t+30min,0.9,ACQR,0.8962962962962963,71.05477934714703,97.44263859987107,135,150,0.8484848484848485,0.9393939393939394,0.0,0.0
28,True,y_t+30min,0.95,CQR,0.8666666666666667,74.55753599769658,125.571318508856,135,150,,,0.0,0.0
28,True,y_t+30min,0.95,ACQR,0.9481481481481482,99.14952629247904,123.14909464102122,135,150,,,0.0,0.0
28,True,y_t+60min,0.8,split-CP,0.7481481481481481,76.87135714285705,135.96540778151888,135,150,,,,
28,True,y_t+60min,0.8,ACI,0.7777777777777778,88.9476093688205,139.2101362714446,135,150,,,,
28,True,y_t+60min,0.85,split-CP,0.7777777777777778,88.98962499999995,148.63887388211927,135,150,,,,
28,True,y_t+60min,0.85,ACI,0.8296296296296296,114.80295336833947,155.14508372837722,135,150,,,,
28,True,y_t+60min,0.9,split-CP,0.8074074074074075,98.23991792929294,168.58015434102936,135,150,0.7272727272727273,0.8939393939393939,,
28,True,y_t+60min,0.9,ACI,0.8814814814814815,128.42400127197905,173.4819134893912,135,150,0.8181818181818182,0.9393939393939394,,
28,True,y_t+60min,0.95,split-CP,0.8666666666666667,116.24544642857153,196.81941174309205,135,150,,,,
28,True,y_t+60min,0.95,ACI,0.925925925925926,161.9055468253968,211.9701820399764,135,150,,,,
28,True,y_t+60min,0.9,CQR,0.8444444444444444,97.83753718940952,164.83198259203365,135,150,0.7727272727272727,0.9166666666666666,0.0,0.0
28,True,y_t+60min,0.9,ACQR,0.8740740740740741,126.32945295541954,172.25823864479997,135,150,0.8181818181818182,0.9318181818181818,0.0,0.0
28,True,y_t+60min,0.95,CQR,0.9333333333333332,134.9610022140319,191.19238410707428,135,150,,,0.0,0.0
28,True,y_t+60min,0.95,ACQR,0.9333333333333332,155.39860363520893,230.1026902086512,135,150,,,0.0,0.0
28,True,y_t+90min,0.8,split-CP,0.7185185185185186,103.6280912698412,178.88383722810116,135,150,,,,
28,True,y_t+90min,0.8,ACI,0.7703703703703704,116.36710612340332,188.7649480479397,135,150,,,,
28,True,y_t+90min,0.85,split-CP,0.7777777777777778,114.60017857142842,197.28038443072708,135,150,,,,
28,True,y_t+90min,0.85,ACI,0.8148148148148148,143.22087608492325,214.08757957484892,135,150,,,,
28,True,y_t+90min,0.9,split-CP,0.837037037037037,125.49150000000007,228.12996707818928,135,150,0.7651515151515151,0.9166666666666666,,
28,True,y_t+90min,0.9,ACI,0.8518518518518519,162.80688748062633,222.27403870183304,135,150,0.7727272727272727,0.9242424242424242,,
28,True,y_t+90min,0.95,split-CP,0.8962962962962963,163.68969047619046,269.87171340388005,135,150,,,,
28,True,y_t+90min,0.95,ACI,0.8962962962962963,200.28801629522732,269.7815765538987,135,150,,,,
28,True,y_t+90min,0.9,CQR,0.8740740740740741,145.25366798461943,207.42276734871183,135,150,0.7954545454545454,0.946969696969697,0.0,0.0
28,True,y_t+90min,0.9,ACQR,0.8740740740740741,168.7824366842975,226.94270509286045,135,150,0.803030303030303,0.9393939393939394,0.0,0.0
28,True,y_t+90min,0.95,CQR,0.9555555555555556,207.25975884552105,273.4814550687112,135,150,,,0.0,0.0
28,True,y_t+90min,0.95,ACQR,0.925925925925926,216.55230647052687,335.3808087077745,135,150,,,0.0,0.0
29,True,y_t+30min,0.8,split-CP,0.8444444444444444,73.75516666666681,103.42777072978464,135,150,,,,
29,True,y_t+30min,0.8,ACI,0.7925925925925926,63.918281065950495,104.450702008177,135,150,,,,
29,True,y_t+30min,0.85,split-CP,0.9185185185185184,87.66279761904752,116.75849907808228,135,150,,,,
29,True,y_t+30min,0.85,ACI,0.8444444444444444,72.36978350435572,117.77919386011789,135,150,,,,
29,True,y_t+30min,0.9,split-CP,0.9481481481481482,121.41024999999992,144.02976234567896,135,150,0.9090909090909092,0.9772727272727272,,
29,True,y_t+30min,0.9,ACI,0.8962962962962963,84.86922313612315,139.47848210143772,135,150,0.8409090909090909,0.9393939393939394,,
29,True,y_t+30min,0.95,split-CP,1.0,199.8543293650792,199.8543293650792,135,150,,,,
29,True,y_t+30min,0.95,ACI,0.9481481481481482,118.40772717652716,182.3177066271177,135,150,,,,
29,True,y_t+30min,0.9,CQR,0.9555555555555556,125.09337896455658,142.76944862345414,135,150,0.9242424242424242,0.9772727272727272,0.0,0.0
29,True,y_t+30min,0.9,ACQR,0.9111111111111112,109.45385560608072,141.5470757733526,135,150,0.8712121212121212,0.946969696969697,0.0,0.0
29,True,y_t+30min,0.95,CQR,0.9629629629629628,142.9695923388973,172.82982792845712,135,150,,,0.0,0.0
29,True,y_t+30min,0.95,ACQR,0.9555555555555556,151.15284995971697,187.9639727297956,135,150,,,0.0,0.0
29,True,y_t+60min,0.8,split-CP,0.7777777777777778,123.69761904761891,191.2751857730747,135,150,,,,
29,True,y_t+60min,0.8,ACI,0.7851851851851852,129.41562972983806,193.7360778819946,135,150,,,,
29,True,y_t+60min,0.85,split-CP,0.8518518518518519,144.16877380952386,209.8778794336665,135,150,,,,
29,True,y_t+60min,0.85,ACI,0.837037037037037,136.16525535246646,209.03987255625037,135,150,,,,
29,True,y_t+60min,0.9,split-CP,0.9333333333333332,203.1304583333335,244.8537327307466,135,150,0.8636363636363636,0.9848484848484848,,
29,True,y_t+60min,0.9,ACI,0.8888888888888888,156.09161592029375,248.21757268369493,135,150,0.8181818181818182,0.946969696969697,,
29,True,y_t+60min,0.95,split-CP,1.0,398.1505595238095,398.1505595238095,135,150,,,,
29,True,y_t+60min,0.95,ACI,0.9481481481481482,219.347929431885,337.90325389343144,135,150,,,,
29,True,y_t+60min,0.9,CQR,0.925925925925926,212.61859222408265,234.81604560790976,135,150,0.8787878787878788,0.9621212121212122,0.0,0.0
29,True,y_t+60min,0.9,ACQR,0.8888888888888888,218.10918241587075,249.76317735028667,135,150,0.8409090909090909,0.9318181818181818,0.0,0.0
29,True,y_t+60min,0.95,CQR,1.0,409.23250691809073,409.23250691809073,135,150,,,0.0,0.0
29,True,y_t+60min,0.95,ACQR,0.9407407407407408,254.60483042908115,303.0245766295618,135,150,,,0.0,0.0
29,True,y_t+90min,0.8,split-CP,0.7777777777777778,171.6884107142857,282.6124586272781,135,150,,,,
29,True,y_t+90min,0.8,ACI,0.7851851851851852,194.25570771604933,260.1792701793063,135,150,,,,
29,True,y_t+90min,0.85,split-CP,0.8444444444444444,206.9798313492065,309.2931685038213,135,150,,,,
29,True,y_t+90min,0.85,ACI,0.8296296296296296,211.97532520576124,287.183890951401,135,150,,,,
29,True,y_t+90min,0.9,split-CP,0.9333333333333332,267.5917023809525,352.65449720752497,135,150,0.8560606060606061,0.9924242424242424,,
29,True,y_t+90min,0.9,ACI,0.8814814814814815,232.00323633156967,339.2648771310993,135,150,0.803030303030303,0.9393939393939394,,
29,True,y_t+90min,0.95,split-CP,1.0,698.1984464285714,698.1984464285714,135,150,,,,
29,True,y_t+90min,0.95,ACI,0.925925925925926,338.29112413286305,475.065246413874,135,150,,,,
29,True,y_t+90min,0.9,CQR,0.9333333333333332,324.613508167759,342.5550652202608,135,150,0.8863636363636364,0.9696969696969696,0.0,0.0
29,True,y_t+90min,0.9,ACQR,0.8888888888888888,274.93273786937897,339.09723664246513,135,150,0.8333333333333334,0.9318181818181818,0.0,0.0
29,True,y_t+90min,0.95,CQR,1.0,595.1724744672146,595.1724744672146,135,150,,,0.0,0.0
29,True,y_t+90min,0.95,ACQR,0.9407407407407408,394.2909971074081,416.1415878641279,135,150,,,0.0,0.0
30,True,y_t+30min,0.8,split-CP,0.7555555555555555,62.37984523809519,109.22855770001604,135,150,,,,
30,True,y_t+30min,0.8,ACI,0.7925925925925926,73.03389555208165,111.31213682058684,135,150,,,,
30,True,y_t+30min,0.85,split-CP,0.8888888888888888,83.84811904761912,122.04446092316464,135,150,,,,
30,True,y_t+30min,0.85,ACI,0.8444444444444444,83.47903865774144,123.73881312196038,135,150,,,,
30,True,y_t+30min,0.9,split-CP,0.9185185185185184,105.10322817460334,142.33305212842714,135,150,0.8712121212121212,0.9696969696969696,,
30,True,y_t+30min,0.9,ACI,0.8888888888888888,107.15937669419056,146.59524826706215,135,150,0.8333333333333334,0.946969696969697,,
30,True,y_t+30min,0.95,split-CP,0.9629629629629628,157.4325238095239,178.1528721874833,135,150,,,,
30,True,y_t+30min,0.95,ACI,0.9407407407407408,152.91204527149804,180.4006866054726,135,150,,,,
30,True,y_t+30min,0.9,CQR,0.9333333333333332,108.95331651162708,147.71539235727607,135,150,0.8939393939393939,0.9772727272727272,0.0,0.0
30,True,y_t+30min,0.9,ACQR,0.8888888888888888,115.05304341964478,154.88010386424085,135,150,0.8333333333333334,0.9393939393939394,0.0,0.0
30,True,y_t+30min,0.95,CQR,0.9703703703703704,177.76882437617573,201.7274009389471,135,150,,,0.0,0.0
30,True,y_t+30min,0.95,ACQR,0.9407407407407408,164.57544429957676,201.9595586883703,135,150,,,0.0,0.0
30,True,y_t+60min,0.8,split-CP,0.8074074074074075,120.82461904761882,187.3659052028219,135,150,,,,
30,True,y_t+60min,0.8,ACI,0.7925925925925926,129.956502875314,193.26049982897763,135,150,,,,
30,True,y_t+60min,0.85,split-CP,0.8592592592592593,152.72883441558452,204.98730900272568,135,150,,,,
30,True,y_t+60min,0.85,ACI,0.837037037037037,151.0241180776014,201.24998593608035,135,150,,,,
30,True,y_t+60min,0.9,split-CP,0.925925925925926,183.27345238095225,231.11031128747797,135,150,0.8636363636363636,0.9772727272727272,,
30,True,y_t+60min,0.9,ACI,0.8888888888888888,168.7299698693282,231.6571240299824,135,150,0.8181818181818182,0.946969696969697,,
30,True,y_t+60min,0.95,split-CP,0.9703703703703704,253.1278511904761,279.87332914462064,135,150,,,,
30,True,y_t+60min,0.95,ACI,0.9407407407407408,228.86424202741705,280.8353388688472,135,150,,,,
30,True,y_t+60min,0.9,CQR,0.9333333333333332,198.37243484329568,257.1258201582966,135,150,0.8787878787878788,0.9772727272727272,0.0,0.0
30,True,y_t+60min,0.9,ACQR,0.8888888888888888,200.0413460254634,291.29447503336337,135,150,0.8181818181818182,0.946969696969697,0.0,0.0
30,True,y_t+60min,0.95,CQR,0.9703703703703704,285.08854790479387,310.1014918864664,135,150,,,0.0,0.0
30,True,y_t+60min,0.95,ACQR,0.9333333333333332,252.7991189406933,322.85493159593403,135,150,,,0.0,0.0
30,True,y_t+90min,0.8,split-CP,0.8,185.5369821428572,269.39886941505,135,150,,,,
30,True,y_t+90min,0.8,ACI,0.7777777777777778,197.7768516460905,279.310773383304,135,150,,,,
30,True,y_t+90min,0.85,split-CP,0.8444444444444444,211.52530952380948,292.95240192043883,135,150,,,,
30,True,y_t+90min,0.85,ACI,0.8222222222222222,225.85561890064668,297.6334447873799,135,150,,,,
30,True,y_t+90min,0.9,split-CP,0.9333333333333332,279.40422619047627,336.48727042915925,135,150,0.8636363636363636,0.9848484848484848,,
30,True,y_t+90min,0.9,ACI,0.8814814814814815,267.78720083774255,345.7517103909466,135,150,0.803030303030303,0.9393939393939394,,
30,True,y_t+90min,0.95,split-CP,0.9777777777777776,391.0408253968254,409.77814814814815,135,150,,,,
30,True,y_t+90min,0.95,ACI,0.9333333333333332,310.0537817460317,404.2313787477953,135,150,,,,
30,True,y_t+90min,0.9,CQR,0.8962962962962963,239.84477966751464,337.69001193062627,135,150,0.8257575757575758,0.946969696969697,0.0,0.0
30,True,y_t+90min,0.9,ACQR,0.8666666666666667,268.4457431022354,337.88249112127176,135,150,0.7727272727272727,0.9393939393939394,0.0,0.0
30,True,y_t+90min,0.95,CQR,0.9777777777777776,360.5242688651748,411.94410898294376,135,150,,,0.0,0.0
30,True,y_t+90min,0.95,ACQR,0.9333333333333332,341.19752442196824,472.5828658559196,135,150,,,0.0,0.0
20,True,y_t+30min,0.8,split-CP,0.9146341463414634,22.73199999999997,25.89351725222608,82,150,,,,
20,True,y_t+30min,0.8,ACI,0.7682926829268293,15.77347205284553,22.08220354239257,82,150,,,,
20,True,y_t+30min,0.85,split-CP,0.9634146341463414,30.45461904761902,31.644693573364282,82,150,,,,
20,True,y_t+30min,0.85,ACI,0.8292682926829268,17.161543166860245,24.82174722544845,82,150,,,,
20,True,y_t+30min,0.9,split-CP,1.0,43.60667857142857,43.60667857142857,82,150,1.0,1.0,,
20,True,y_t+30min,0.9,ACI,0.8902439024390244,22.139817871660863,30.92047965060008,82,150,0.8333333333333334,0.9487179487179487,,
20,True,y_t+30min,0.95,split-CP,1.0,62.31015476190475,62.31015476190475,82,150,,,,
20,True,y_t+30min,0.95,ACI,0.9512195121951219,33.637119652535816,39.6681131678281,82,150,,,,
20,True,y_t+30min,0.9,CQR,0.9146341463414634,24.551926900490475,32.26258432494714,82,150,0.8589743589743589,0.9871794871794872,0.0,2.0
20,True,y_t+30min,0.9,ACQR,0.8780487804878049,20.70504123974083,28.230726506574022,82,150,0.8076923076923077,0.9358974358974359,0.0,2.0
20,True,y_t+30min,0.95,CQR,1.0,38.213393729787974,38.213393729787974,82,150,,,0.0,0.0
20,True,y_t+30min,0.95,ACQR,0.9512195121951219,32.33915220982096,37.75098788433688,82,150,,,0.0,0.0
20,True,y_t+60min,0.8,split-CP,0.8902439024390244,40.882714285714265,51.85210198896631,82,150,,,,
20,True,y_t+60min,0.8,ACI,0.7560975609756098,28.724463656600847,45.455627516453724,82,150,,,,
20,True,y_t+60min,0.85,split-CP,0.9146341463414634,52.35030952380952,60.118562040263264,82,150,,,,
20,True,y_t+60min,0.85,ACI,0.8170731707317073,34.54502024381445,49.58822735851546,82,150,,,,
20,True,y_t+60min,0.9,split-CP,1.0,84.81449999999997,84.81449999999997,82,150,1.0,1.0,,
20,True,y_t+60min,0.9,ACI,0.8902439024390244,45.33928336280927,59.02446996313306,82,150,0.7948717948717948,0.9487179487179487,,
20,True,y_t+60min,0.95,split-CP,1.0,140.80586904761907,140.80586904761907,82,150,,,,
20,True,y_t+60min,0.95,ACI,0.9390243902439024,71.7732951729842,91.14212510998485,82,150,,,,
20,True,y_t+60min,0.9,CQR,0.9146341463414634,51.17481684819548,73.38904053799234,82,150,0.8461538461538461,1.0,0.0,2.0
20,True,y_t+60min,0.9,ACQR,0.8780487804878049,40.97013998371713,57.19629794376029,82,150,0.7948717948717948,0.9358974358974359,0.0,2.0
20,True,y_t+60min,0.95,CQR,0.9878048780487805,91.0237531199936,91.72139181808537,82,150,,,0.0,0.0
20,True,y_t+60min,0.95,ACQR,0.926829268292683,61.674081476577115,80.66329448234009,82,150,,,0.0,0.0
20,True,y_t+90min,0.8,split-CP,0.8536585365853658,55.96602380952379,84.02619645276812,82,150,,,,
20,True,y_t+90min,0.8,ACI,0.7439024390243902,40.82105990655686,80.97712663877451,82,150,,,,
20,True,y_t+90min,0.85,split-CP,0.9024390243902439,77.76030555555553,96.88788104916762,82,150,,,,
20,True,y_t+90min,0.85,ACI,0.8048780487804879,46.58901398567558,88.7860475031969,82,150,,,,
20,True,y_t+90min,0.9,split-CP,0.975609756097561,117.45306349206338,120.17998615950435,82,150,0.9615384615384616,1.0,,
20,True,y_t+90min,0.9,ACI,0.8780487804878049,73.26329284460456,110.06532802656358,82,150,0.7564102564102564,0.9615384615384616,,
20,True,y_t+90min,0.95,split-CP,1.0,232.14950292779733,232.14950292779733,82,150,,,,
20,True,y_t+90min,0.95,ACI,0.926829268292683,112.29777481808507,155.34049839532076,82,150,,,,
20,True,y_t+90min,0.9,CQR,0.9024390243902439,83.90094345968669,106.08307620666758,82,150,0.8333333333333334,1.0,0.0,1.0
20,True,y_t+90min,0.9,ACQR,0.8780487804878049,61.893052037300215,91.15851980300506,82,150,0.7692307692307693,0.9487179487179487,0.0,1.0
20,True,y_t+90min,0.95,CQR,1.0,147.02042061544333,147.02042061544333,82,150,,,0.0,0.0
20,True,y_t+90min,0.95,ACQR,0.926829268292683,102.6317994256352,145.95643160987436,82,150,,,0.0,0.0
22,True,y_t+30min,0.8,split-CP,0.8658536585365854,18.839666666666687,26.17844388792102,82,150,,,,
22,True,y_t+30min,0.8,ACI,0.7560975609756098,15.72205323267519,23.726267203832744,82,150,,,,
22,True,y_t+30min,0.85,split-CP,0.8902439024390244,22.511041666666642,29.239759243128123,82,150,,,,
22,True,y_t+30min,0.85,ACI,0.8170731707317073,17.52561558749516,24.799357038004903,82,150,,,,
22,True,y_t+30min,0.9,split-CP,1.0,36.67347619047621,36.67347619047621,82,150,1.0,1.0,,
22,True,y_t+30min,0.9,ACI,0.8780487804878049,21.543068720744024,29.25909562744166,82,150,0.7948717948717948,0.9487179487179487,,
22,True,y_t+30min,0.95,split-CP,1.0,68.06908333333332,68.06908333333332,82,150,,,,
22,True,y_t+30min,0.95,ACI,0.9512195121951219,31.909929611885406,41.20616606174987,82,150,,,,
22,True,y_t+30min,0.9,CQR,0.9024390243902439,21.759274147944016,28.73791247765004,82,150,0.8589743589743589,0.9743589743589743,0.0,0.0
22,True,y_t+30min,0.9,ACQR,0.8780487804878049,18.98699993137737,27.853700602125837,82,150,0.8076923076923077,0.9358974358974359,0.0,0.0
22,True,y_t+30min,0.95,CQR,0.975609756097561,28.650615217487545,33.15164029836592,82,150,,,0.0,0.0
22,True,y_t+30min,0.95,ACQR,0.9390243902439024,31.43675719893889,33.61599279129014,82,150,,,0.0,0.0
22,True,y_t+60min,0.8,split-CP,0.8536585365853658,33.15233333333333,50.99324046651181,82,150,,,,
22,True,y_t+60min,0.8,ACI,0.7682926829268293,30.275092673248164,44.66025055652341,82,150,,,,
22,True,y_t+60min,0.85,split-CP,0.8902439024390244,51.30175198412701,60.66229576396956,82,150,,,,
22,True,y_t+60min,0.85,ACI,0.8292682926829268,35.80833234126984,48.56811166763453,82,150,,,,
22,True,y_t+60min,0.9,split-CP,1.0,89.25191666666666,89.25191666666666,82,150,1.0,1.0,,
22,True,y_t+60min,0.9,ACI,0.8902439024390244,44.781393147502904,57.30063192024777,82,150,0.8205128205128205,0.9487179487179487,,
22,True,y_t+60min,0.95,split-CP,1.0,113.83690476190465,113.83690476190465,82,150,,,,
22,True,y_t+60min,0.95,ACI,0.9390243902439024,67.43488424312812,84.38761265969804,82,150,,,,
22,True,y_t+60min,0.9,CQR,0.9024390243902439,44.129981106951746,57.84316560437329,82,150,0.8333333333333334,1.0,0.0,0.0
22,True,y_t+60min,0.9,ACQR,0.8658536585365854,33.17058170722759,55.10306733864583,82,150,0.7948717948717948,0.9358974358974359,0.0,0.0
22,True,y_t+60min,0.95,CQR,0.9878048780487805,87.83414489352079,88.22648922160339,82,150,,,0.0,0.0
22,True,y_t+60min,0.95,ACQR,0.926829268292683,68.15174660838728,81.1587125308843,82,150,,,0.0,0.0
22,True,y_t+90min,0.8,split-CP,0.8292682926829268,55.35890476190474,85.6086724738676,82,150,,,,
22,True,y_t+90min,0.8,ACI,0.7317073170731707,38.92975524137109,77.45974649334406,82,150,,,,
22,True,y_t+90min,0.85,split-CP,0.8658536585365854,70.508380952381,94.90049993547555,82,150,,,,
22,True,y_t+90min,0.85,ACI,0.8170731707317073,48.2847702358617,89.4005680311107,82,150,,,,
22,True,y_t+90min,0.9,split-CP,0.9512195121951219,106.27740873015875,111.09940689121179,82,150,0.9358974358974359,1.0,,
22,True,y_t+90min,0.9,ACI,0.8780487804878049,66.83675009678669,113.26965224545106,82,150,0.7692307692307693,0.9615384615384616,,
22,True,y_t+90min,0.95,split-CP,1.0,181.3994761904762,181.3994761904762,82,150,,,,
22,True,y_t+90min,0.95,ACI,0.926829268292683,99.53065098722413,149.94794579945798,82,150,,,,
22,True,y_t+90min,0.9,CQR,0.9024390243902439,78.23021054636335,99.58452480066573,82,150,0.8461538461538461,0.9871794871794872,0.0,1.0
22,True,y_t+90min,0.9,ACQR,0.8902439024390244,58.01667873304879,98.01715369921222,82,150,0.7948717948717948,0.9615384615384616,0.0,1.0
22,True,y_t+90min,0.95,CQR,0.9878048780487805,125.02682564770014,130.3302680766891,82,150,,,0.0,0.0
22,True,y_t+90min,0.95,ACQR,0.9390243902439024,97.12281973952221,153.4953296476657,82,150,,,0.0,0.0
