facility_id,dynamic,partition,cell,method,PICP,MPIW,n_cell,cramers_v_vs_tod,degenerate
1,False,time_of_day,night,split-CP,1.0,0.0,285,1.0,True
1,False,time_of_day,am_rush,split-CP,1.0,0.0,192,1.0,True
1,False,time_of_day,midday,split-CP,1.0,0.0,250,1.0,True
1,False,time_of_day,pm_rush,split-CP,1.0,0.0,171,1.0,True
1,False,time_of_day,evening,split-CP,1.0,0.0,117,1.0,True
1,False,time_of_day,night,Mondrian-split-CP,1.0,0.0,285,1.0,True
1,False,time_of_day,am_rush,Mondrian-split-CP,1.0,0.0,192,1.0,True
1,False,time_of_day,midday,Mondrian-split-CP,1.0,0.0,250,1.0,True
1,False,time_of_day,pm_rush,Mondrian-split-CP,1.0,0.0,171,1.0,True
1,False,time_of_day,evening,Mondrian-split-CP,1.0,0.0,117,1.0,True
1,False,time_of_day,night,ACI,1.0,0.0,285,1.0,True
1,False,time_of_day,am_rush,ACI,1.0,0.0,192,1.0,True
1,False,time_of_day,midday,ACI,1.0,0.0,250,1.0,True
1,False,time_of_day,pm_rush,ACI,1.0,0.0,171,1.0,True
1,False,time_of_day,evening,ACI,1.0,0.0,117,1.0,True
1,False,time_of_day,night,ToD-ACI,1.0,0.0,285,1.0,True
1,False,time_of_day,am_rush,ToD-ACI,1.0,0.0,192,1.0,True
1,False,time_of_day,midday,ToD-ACI,1.0,0.0,250,1.0,True
1,False,time_of_day,pm_rush,ToD-ACI,1.0,0.0,171,1.0,True
1,False,time_of_day,evening,ToD-ACI,1.0,0.0,117,1.0,True
1,False,day_of_week,Sat,split-CP,1.0,0.0,250,0.1528295627562024,True
1,False,day_of_week,Sun,split-CP,1.0,0.0,250,0.1528295627562024,True
1,False,day_of_week,Mon,split-CP,1.0,0.0,288,0.1528295627562024,True
1,False,day_of_week,Tue,split-CP,1.0,0.0,227,0.1528295627562024,True
1,False,day_of_week,Sat,Mondrian-split-CP,1.0,0.0,250,0.1528295627562024,True
1,False,day_of_week,Sun,Mondrian-split-CP,1.0,0.0,250,0.1528295627562024,True
1,False,day_of_week,Mon,Mondrian-split-CP,1.0,0.0,288,0.1528295627562024,True
1,False,day_of_week,Tue,Mondrian-split-CP,1.0,0.0,227,0.1528295627562024,True
1,False,day_of_week,Sat,ACI,1.0,0.0,250,0.1528295627562024,True
1,False,day_of_week,Sun,ACI,1.0,0.0,250,0.1528295627562024,True
1,False,day_of_week,Mon,ACI,1.0,0.0,288,0.1528295627562024,True
1,False,day_of_week,Tue,ACI,1.0,0.0,227,0.1528295627562024,True
1,False,day_of_week,Sat,ToD-ACI,1.0,0.0,250,0.1528295627562024,True
1,False,day_of_week,Sun,ToD-ACI,1.0,0.0,250,0.1528295627562024,True
1,False,day_of_week,Mon,ToD-ACI,1.0,0.0,288,0.1528295627562024,True
1,False,day_of_week,Tue,ToD-ACI,1.0,0.0,227,0.1528295627562024,True
1,False,occupancy_tercile,low,split-CP,1.0,0.0,1015,,True
1,False,occupancy_tercile,low,Mondrian-split-CP,1.0,0.0,1015,,True
1,False,occupancy_tercile,low,ACI,1.0,0.0,1015,,True
1,False,occupancy_tercile,low,ToD-ACI,1.0,0.0,1015,,True
1,False,random_5,r0,split-CP,1.0,0.0,214,0.06121431335981023,True
1,False,random_5,r3,split-CP,1.0,0.0,211,0.06121431335981023,True
1,False,random_5,r2,split-CP,1.0,0.0,224,0.06121431335981023,True
1,False,random_5,r4,split-CP,1.0,0.0,200,0.06121431335981023,True
1,False,random_5,r1,split-CP,1.0,0.0,166,0.06121431335981023,True
1,False,random_5,r0,Mondrian-split-CP,1.0,0.0,214,0.06121431335981023,True
1,False,random_5,r3,Mondrian-split-CP,1.0,0.0,211,0.06121431335981023,True
1,False,random_5,r2,Mondrian-split-CP,1.0,0.0,224,0.06121431335981023,True
1,False,random_5,r4,Mondrian-split-CP,1.0,0.0,200,0.06121431335981023,True
1,False,random_5,r1,Mondrian-split-CP,1.0,0.0,166,0.06121431335981023,True
1,False,random_5,r0,ACI,1.0,0.0,214,0.06121431335981023,True
1,False,random_5,r3,ACI,1.0,0.0,211,0.06121431335981023,True
1,False,random_5,r2,ACI,1.0,0.0,224,0.06121431335981023,True
1,False,random_5,r4,ACI,1.0,0.0,200,0.06121431335981023,True
1,False,random_5,r1,ACI,1.0,0.0,166,0.06121431335981023,True
1,False,random_5,r0,ToD-ACI,1.0,0.0,214,0.06121431335981023,True
1,False,random_5,r3,ToD-ACI,1.0,0.0,211,0.06121431335981023,True
1,False,random_5,r2,ToD-ACI,1.0,0.0,224,0.06121431335981023,True
1,False,random_5,r4,ToD-ACI,1.0,0.0,200,0.06121431335981023,True
1,False,random_5,r1,ToD-ACI,1.0,0.0,166,0.06121431335981023,True
2,True,time_of_day,night,split-CP,0.9789473684210527,22.070281746031696,285,1.0,False
2,True,time_of_day,am_rush,split-CP,0.9166666666666666,22.070281746031696,192,1.0,False
2,True,time_of_day,midday,split-CP,0.9,22.070281746031693,250,1.0,False
2,True,time_of_day,pm_rush,split-CP,0.9122807017543859,22.070281746031696,171,1.0,False
2,True,time_of_day,evening,split-CP,0.9658119658119658,22.070281746031686,117,1.0,False
2,True,time_of_day,night,Mondrian-split-CP,0.9614035087719298,7.905952380952385,285,1.0,False
2,True,time_of_day,am_rush,Mondrian-split-CP,0.9375,24.642694444444434,192,1.0,False
2,True,time_of_day,midday,Mondrian-split-CP,0.92,23.914865079365082,250,1.0,False
2,True,time_of_day,pm_rush,Mondrian-split-CP,0.9590643274853801,24.694912698412626,171,1.0,False
2,True,time_of_day,evening,Mondrian-split-CP,0.9401709401709402,15.767980158730206,117,1.0,False
2,True,time_of_day,night,ACI,0.9754385964912281,17.647584719374194,285,1.0,False
2,True,time_of_day,am_rush,ACI,0.8177083333333334,16.942208152331858,192,1.0,False
2,True,time_of_day,midday,ACI,0.824,18.167713879749886,250,1.0,False
2,True,time_of_day,pm_rush,ACI,0.8538011695906432,18.223475388808723,171,1.0,False
2,True,time_of_day,evening,ACI,0.9487179487179487,17.016033406922315,117,1.0,False
2,True,time_of_day,night,ToD-ACI,0.9473684210526315,5.9309804975401486,285,1.0,False
2,True,time_of_day,am_rush,ToD-ACI,0.8958333333333334,22.18589464147928,192,1.0,False
2,True,time_of_day,midday,ToD-ACI,0.892,22.075576566137567,250,1.0,False
2,True,time_of_day,pm_rush,ToD-ACI,0.8654970760233918,20.47595652571385,171,1.0,False
2,True,time_of_day,evening,ToD-ACI,0.905982905982906,15.088238853738844,117,1.0,False
2,True,day_of_week,Sat,split-CP,0.952,22.070281746031693,250,0.1528295627562024,False
2,True,day_of_week,Sun,split-CP,0.992,22.070281746031693,250,0.1528295627562024,False
2,True,day_of_week,Mon,split-CP,0.8819444444444444,22.070281746031696,288,0.1528295627562024,False
2,True,day_of_week,Tue,split-CP,0.920704845814978,22.070281746031693,227,0.1528295627562024,False
2,True,day_of_week,Sat,Mondrian-split-CP,0.96,19.076617698412694,250,0.1528295627562024,False
2,True,day_of_week,Sun,Mondrian-split-CP,0.976,18.02960869841269,250,0.1528295627562024,False
2,True,day_of_week,Mon,Mondrian-split-CP,0.8993055555555556,18.806135582010576,288,0.1528295627562024,False
2,True,day_of_week,Tue,Mondrian-split-CP,0.947136563876652,19.111322180267106,227,0.1528295627562024,False
2,True,day_of_week,Sat,ACI,0.94,20.244431042328042,250,0.1528295627562024,False
2,True,day_of_week,Sun,ACI,0.96,15.258646315055318,250,0.1528295627562024,False
2,True,day_of_week,Mon,ACI,0.7743055555555556,15.608963933732172,288,0.1528295627562024,False
2,True,day_of_week,Tue,ACI,0.8810572687224669,20.089574132345074,227,0.1528295627562024,False
2,True,day_of_week,Sat,ToD-ACI,0.948,18.443763650793656,250,0.1528295627562024,False
2,True,day_of_week,Sun,ToD-ACI,0.972,16.083932537758546,250,0.1528295627562024,False
2,True,day_of_week,Mon,ToD-ACI,0.8194444444444444,14.98802105045161,288,0.1528295627562024,False
2,True,day_of_week,Tue,ToD-ACI,0.8942731277533039,16.683496725170723,227,0.1528295627562024,False
2,True,occupancy_tercile,mid,split-CP,0.9509433962264151,22.070281746031696,265,0.5880139457230762,False
2,True,occupancy_tercile,high,split-CP,0.9834905660377359,22.070281746031696,424,0.5880139457230762,False
2,True,occupancy_tercile,low,split-CP,0.8588957055214724,22.070281746031696,326,0.5880139457230762,False
2,True,occupancy_tercile,mid,Mondrian-split-CP,0.9509433962264151,18.757755944893685,265,0.5880139457230762,False
2,True,occupancy_tercile,high,Mondrian-split-CP,0.9740566037735849,14.647551587301583,424,0.5880139457230762,False
2,True,occupancy_tercile,low,Mondrian-split-CP,0.8987730061349694,24.078609151329225,326,0.5880139457230762,False
2,True,occupancy_tercile,mid,ACI,0.9358490566037736,18.114939255084543,265,0.5880139457230762,False
2,True,occupancy_tercile,high,ACI,0.9575471698113207,16.79481318576602,424,0.5880139457230762,False
2,True,occupancy_tercile,low,ACI,0.7484662576687117,18.43565824214982,326,0.5880139457230762,False
2,True,occupancy_tercile,mid,ToD-ACI,0.9320754716981132,17.16026460562499,265,0.5880139457230762,False
2,True,occupancy_tercile,high,ToD-ACI,0.9528301886792453,12.141778685609461,424,0.5880139457230762,False
2,True,occupancy_tercile,low,ToD-ACI,0.8220858895705522,21.595225715008695,326,0.5880139457230762,False
2,True,random_5,r0,split-CP,0.9532710280373832,22.07028174603169,214,0.06121431335981023,False
2,True,random_5,r3,split-CP,0.919431279620853,22.070281746031693,211,0.06121431335981023,False
2,True,random_5,r2,split-CP,0.9464285714285714,22.070281746031696,224,0.06121431335981023,False
2,True,random_5,r4,split-CP,0.91,22.070281746031696,200,0.06121431335981023,False
2,True,random_5,r1,split-CP,0.9457831325301205,22.070281746031696,166,0.06121431335981023,False
2,True,random_5,r0,Mondrian-split-CP,0.9532710280373832,18.130693424566083,214,0.06121431335981023,False
2,True,random_5,r3,Mondrian-split-CP,0.919431279620853,19.13433000451365,211,0.06121431335981023,False
2,True,random_5,r2,Mondrian-split-CP,0.9598214285714286,19.085333563633778,224,0.06121431335981023,False
2,True,random_5,r4,Mondrian-split-CP,0.93,18.49796587301587,200,0.06121431335981023,False
2,True,random_5,r1,Mondrian-split-CP,0.9578313253012049,18.90948111493593,166,0.06121431335981023,False
2,True,random_5,r0,ACI,0.9158878504672897,17.515240901448852,214,0.06121431335981023,False
2,True,random_5,r3,ACI,0.8341232227488151,18.147101825066287,211,0.06121431335981023,False
2,True,random_5,r2,ACI,0.90625,17.955297594353404,224,0.06121431335981023,False
2,True,random_5,r4,ACI,0.875,17.18871109006735,200,0.06121431335981023,False
2,True,random_5,r1,ACI,0.891566265060241,17.43647809129737,166,0.06121431335981023,False
2,True,random_5,r0,ToD-ACI,0.9112149532710281,15.406920497251104,214,0.06121431335981023,False
2,True,random_5,r3,ToD-ACI,0.8625592417061612,17.119199088036765,211,0.06121431335981023,False
2,True,random_5,r2,ToD-ACI,0.9151785714285714,17.161148711820594,224,0.06121431335981023,False
2,True,random_5,r4,ToD-ACI,0.91,15.942453655603659,200,0.06121431335981023,False
2,True,random_5,r1,ToD-ACI,0.9337349397590361,16.83016764895078,166,0.06121431335981023,False
3,True,time_of_day,night,split-CP,0.9824561403508771,17.30349735449735,285,1.0,False
3,True,time_of_day,am_rush,split-CP,0.8958333333333334,17.048570043816138,192,1.0,False
3,True,time_of_day,midday,split-CP,0.888,13.973601238465239,250,1.0,False
3,True,time_of_day,pm_rush,split-CP,0.7485380116959064,17.303497354497352,171,1.0,False
3,True,time_of_day,evening,split-CP,0.9572649572649573,17.303497354497352,117,1.0,False
3,True,time_of_day,night,Mondrian-split-CP,0.9122807017543859,7.433746031746012,285,1.0,False
3,True,time_of_day,am_rush,Mondrian-split-CP,0.9270833333333334,21.09174460565478,192,1.0,False
3,True,time_of_day,midday,Mondrian-split-CP,0.872,13.179913796666296,250,1.0,False
3,True,time_of_day,pm_rush,Mondrian-split-CP,0.8187134502923976,21.70257142857144,171,1.0,False
3,True,time_of_day,evening,Mondrian-split-CP,0.9658119658119658,18.99567857142858,117,1.0,False
3,True,time_of_day,night,ACI,0.9754385964912281,13.071654627309012,285,1.0,False
3,True,time_of_day,am_rush,ACI,0.8125,12.926333256924403,192,1.0,False
3,True,time_of_day,midday,ACI,0.86,15.129042214415213,250,1.0,False
3,True,time_of_day,pm_rush,ACI,0.8362573099415205,25.071935185536795,171,1.0,False
3,True,time_of_day,evening,ACI,0.9658119658119658,22.475008563453013,117,1.0,False
3,True,time_of_day,night,ToD-ACI,0.8947368421052632,6.109614373897702,285,1.0,False
3,True,time_of_day,am_rush,ToD-ACI,0.8802083333333334,18.592858084190116,192,1.0,False
3,True,time_of_day,midday,ToD-ACI,0.904,17.537150526103524,250,1.0,False
3,True,time_of_day,pm_rush,ToD-ACI,0.9005847953216374,31.18778963331448,171,1.0,False
3,True,time_of_day,evening,ToD-ACI,0.905982905982906,14.04949029982363,117,1.0,False
3,True,day_of_week,Sat,split-CP,0.856,16.966905718133717,250,0.1528295627562024,False
3,True,day_of_week,Sun,split-CP,0.944,17.303497354497356,250,0.1528295627562024,False
3,True,day_of_week,Mon,split-CP,0.8993055555555556,15.771800890852973,288,0.1528295627562024,False
3,True,day_of_week,Tue,split-CP,0.9030837004405287,15.734582896178708,227,0.1528295627562024,False
3,True,day_of_week,Sat,Mondrian-split-CP,0.832,15.602453607022605,250,0.1528295627562024,False
3,True,day_of_week,Sun,Mondrian-split-CP,0.94,16.269008761904768,250,0.1528295627562024,False
3,True,day_of_week,Mon,Mondrian-split-CP,0.9097222222222222,14.812163682960557,288,0.1528295627562024,False
3,True,day_of_week,Tue,Mondrian-split-CP,0.8986784140969163,13.934257298318421,227,0.1528295627562024,False
3,True,day_of_week,Sat,ACI,0.88,19.41791586964887,250,0.1528295627562024,False
3,True,day_of_week,Sun,ACI,0.928,14.713649012987014,250,0.1528295627562024,False
3,True,day_of_week,Mon,ACI,0.8784722222222222,15.72860835621426,288,0.1528295627562024,False
3,True,day_of_week,Tue,ACI,0.8810572687224669,16.932531273649666,227,0.1528295627562024,False
3,True,day_of_week,Sat,ToD-ACI,0.904,20.92376078090428,250,0.1528295627562024,False
3,True,day_of_week,Sun,ToD-ACI,0.912,15.865121679172676,250,0.1528295627562024,False
3,True,day_of_week,Mon,ToD-ACI,0.8645833333333334,13.141600510728978,288,0.1528295627562024,False
3,True,day_of_week,Tue,ToD-ACI,0.9118942731277533,16.25664013444134,227,0.1528295627562024,False
3,True,occupancy_tercile,high,split-CP,0.9792843691148776,17.303497354497356,531,0.6081639771169904,False
3,True,occupancy_tercile,mid,split-CP,0.7906976744186046,17.30349735449735,172,0.6081639771169904,False
3,True,occupancy_tercile,low,split-CP,0.8269230769230769,14.478433019052408,312,0.6081639771169904,False
3,True,occupancy_tercile,high,Mondrian-split-CP,0.9472693032015066,13.641115019579706,531,0.6081639771169904,False
3,True,occupancy_tercile,mid,Mondrian-split-CP,0.8313953488372093,18.926146363971956,172,0.6081639771169904,False
3,True,occupancy_tercile,low,Mondrian-split-CP,0.842948717948718,15.699089389880656,312,0.6081639771169904,False
3,True,occupancy_tercile,high,ACI,0.9472693032015066,13.22996796591147,531,0.6081639771169904,False
3,True,occupancy_tercile,mid,ACI,0.7616279069767442,22.033433428274996,172,0.6081639771169904,False
3,True,occupancy_tercile,low,ACI,0.8685897435897436,19.524203483348913,312,0.6081639771169904,False
3,True,occupancy_tercile,high,ToD-ACI,0.9209039548022598,12.166416232543348,531,0.6081639771169904,False
3,True,occupancy_tercile,mid,ToD-ACI,0.8197674418604651,23.109344694173185,172,0.6081639771169904,False
3,True,occupancy_tercile,low,ToD-ACI,0.8974358974358975,19.99065565945213,312,0.6081639771169904,False
3,True,random_5,r0,split-CP,0.9018691588785047,16.566368188167832,214,0.06121431335981023,False
3,True,random_5,r3,split-CP,0.9004739336492891,16.456452073203256,211,0.06121431335981023,False
3,True,random_5,r2,split-CP,0.90625,16.211246128520123,224,0.06121431335981023,False
3,True,random_5,r4,split-CP,0.925,16.600475468975468,200,0.06121431335981023,False
3,True,random_5,r1,split-CP,0.8614457831325302,16.341574312401114,166,0.06121431335981023,False
3,True,random_5,r0,Mondrian-split-CP,0.9018691588785047,14.922338104846869,214,0.06121431335981023,False
3,True,random_5,r3,Mondrian-split-CP,0.9146919431279621,15.750415879341832,211,0.06121431335981023,False
3,True,random_5,r2,Mondrian-split-CP,0.8973214285714286,15.034792767314531,224,0.06121431335981023,False
3,True,random_5,r4,Mondrian-split-CP,0.91,15.157279185906686,200,0.06121431335981023,False
3,True,random_5,r1,Mondrian-split-CP,0.8433734939759037,14.945045889184444,166,0.06121431335981023,False
3,True,random_5,r0,ACI,0.883177570093458,16.604493673944607,214,0.06121431335981023,False
3,True,random_5,r3,ACI,0.8720379146919431,17.386660020995325,211,0.06121431335981023,False
3,True,random_5,r2,ACI,0.9151785714285714,16.84711030520406,224,0.06121431335981023,False
3,True,random_5,r4,ACI,0.905,15.57881224206349,200,0.06121431335981023,False
3,True,random_5,r1,ACI,0.8795180722891566,16.837066017678215,166,0.06121431335981023,False
3,True,random_5,r0,ToD-ACI,0.8925233644859814,16.46185613590286,214,0.06121431335981023,False
3,True,random_5,r3,ToD-ACI,0.9052132701421801,16.987302593470247,211,0.06121431335981023,False
3,True,random_5,r2,ToD-ACI,0.9151785714285714,16.658037615080023,224,0.06121431335981023,False
3,True,random_5,r4,ToD-ACI,0.9,15.99023857263107,200,0.06121431335981023,False
3,True,random_5,r1,ToD-ACI,0.8614457831325302,15.877425735046968,166,0.06121431335981023,False
4,True,time_of_day,night,split-CP,0.9789473684210527,28.517990740740746,285,1.0,False
4,True,time_of_day,am_rush,split-CP,0.96875,28.517990740740743,192,1.0,False
4,True,time_of_day,midday,split-CP,0.94,23.12410388119288,250,1.0,False
4,True,time_of_day,pm_rush,split-CP,0.9122807017543859,28.517990740740746,171,1.0,False
4,True,time_of_day,evening,split-CP,1.0,28.517990740740753,117,1.0,False
4,True,time_of_day,night,Mondrian-split-CP,0.8912280701754386,11.71875132275136,285,1.0,False
4,True,time_of_day,am_rush,Mondrian-split-CP,0.921875,20.425261904761896,192,1.0,False
4,True,time_of_day,midday,Mondrian-split-CP,0.904,17.797975830928344,250,1.0,False
4,True,time_of_day,pm_rush,Mondrian-split-CP,0.9590643274853801,47.622134920634934,171,1.0,False
4,True,time_of_day,evening,Mondrian-split-CP,1.0,30.5469246031746,117,1.0,False
4,True,time_of_day,night,ACI,0.9649122807017544,17.972267334582245,285,1.0,False
4,True,time_of_day,am_rush,ACI,0.8645833333333334,16.28019837637285,192,1.0,False
4,True,time_of_day,midday,ACI,0.84,16.45049714213564,250,1.0,False
4,True,time_of_day,pm_rush,ACI,0.8421052631578947,28.669359414951522,171,1.0,False
4,True,time_of_day,evening,ACI,0.9829059829059829,22.74133030344142,117,1.0,False
4,True,time_of_day,night,ToD-ACI,0.9122807017543859,16.236753742521277,285,1.0,False
4,True,time_of_day,am_rush,ToD-ACI,0.875,21.543353835978838,192,1.0,False
4,True,time_of_day,midday,ToD-ACI,0.896,20.92071895262145,250,1.0,False
4,True,time_of_day,pm_rush,ToD-ACI,0.8947368421052632,34.65352118722733,171,1.0,False
4,True,time_of_day,evening,ToD-ACI,0.9230769230769231,18.678825713381265,117,1.0,False
4,True,day_of_week,Sat,split-CP,0.94,28.517990740740746,250,0.1528295627562024,False
4,True,day_of_week,Sun,split-CP,0.988,28.517990740740746,250,0.1528295627562024,False
4,True,day_of_week,Mon,split-CP,0.9618055555555556,26.450933692705828,288,0.1528295627562024,False
4,True,day_of_week,Tue,split-CP,0.9427312775330396,25.200108427732328,227,0.1528295627562024,False
4,True,day_of_week,Sat,Mondrian-split-CP,0.896,23.6462212857143,250,0.1528295627562024,False
4,True,day_of_week,Sun,Mondrian-split-CP,0.928,25.282335386243407,250,0.1528295627562024,False
4,True,day_of_week,Mon,Mondrian-split-CP,0.9479166666666666,23.252509238800048,288,0.1528295627562024,False
4,True,day_of_week,Tue,Mondrian-split-CP,0.920704845814978,19.82159379588841,227,0.1528295627562024,False
4,True,day_of_week,Sat,ACI,0.9,25.52180626455026,250,0.1528295627562024,False
4,True,day_of_week,Sun,ACI,0.924,18.16035245214045,250,0.1528295627562024,False
4,True,day_of_week,Mon,ACI,0.8819444444444444,19.38741179799817,288,0.1528295627562024,False
4,True,day_of_week,Tue,ACI,0.8810572687224669,15.064318910205474,227,0.1528295627562024,False
4,True,day_of_week,Sat,ToD-ACI,0.888,25.868483646464643,250,0.1528295627562024,False
4,True,day_of_week,Sun,ToD-ACI,0.96,26.29643924771524,250,0.1528295627562024,False
4,True,day_of_week,Mon,ToD-ACI,0.8611111111111112,17.14434612055575,288,0.1528295627562024,False
4,True,day_of_week,Tue,ToD-ACI,0.8942731277533039,18.177756900873643,227,0.1528295627562024,False
4,True,occupancy_tercile,mid,split-CP,0.9826086956521739,28.51799074074075,230,0.6114520264442109,False
4,True,occupancy_tercile,high,split-CP,0.9817444219066938,28.517990740740743,493,0.6114520264442109,False
4,True,occupancy_tercile,low,split-CP,0.9006849315068494,23.899936922634698,292,0.6114520264442109,False
4,True,occupancy_tercile,mid,Mondrian-split-CP,0.908695652173913,28.255561105360034,230,0.6114520264442109,False
4,True,occupancy_tercile,high,Mondrian-split-CP,0.9513184584178499,18.622487727658132,493,0.6114520264442109,False
4,True,occupancy_tercile,low,Mondrian-split-CP,0.8904109589041096,26.536637385144665,292,0.6114520264442109,False
4,True,occupancy_tercile,mid,ACI,0.8956521739130435,24.566971694690178,230,0.6114520264442109,False
4,True,occupancy_tercile,high,ACI,0.9371196754563894,17.103132677836022,493,0.6114520264442109,False
4,True,occupancy_tercile,low,ACI,0.8287671232876712,20.005023183770184,292,0.6114520264442109,False
4,True,occupancy_tercile,mid,ToD-ACI,0.8869565217391304,27.08495381140599,230,0.6114520264442109,False
4,True,occupancy_tercile,high,ToD-ACI,0.9290060851926978,18.121827966226544,493,0.6114520264442109,False
4,True,occupancy_tercile,low,ToD-ACI,0.8595890410958904,23.772440612295494,292,0.6114520264442109,False
4,True,random_5,r0,split-CP,0.9485981308411215,27.755080820723936,214,0.06121431335981023,False
4,True,random_5,r3,split-CP,0.9715639810426541,27.178929356758744,211,0.06121431335981023,False
4,True,random_5,r2,split-CP,0.9464285714285714,26.734130213701643,224,0.06121431335981023,False
4,True,random_5,r4,split-CP,0.985,27.386298892195768,200,0.06121431335981023,False
4,True,random_5,r1,split-CP,0.9397590361445783,26.850858739431036,166,0.06121431335981023,False
4,True,random_5,r0,Mondrian-split-CP,0.897196261682243,22.661035358873576,214,0.06121431335981023,False
4,True,random_5,r3,Mondrian-split-CP,0.9383886255924171,24.279184566267514,211,0.06121431335981023,False
4,True,random_5,r2,Mondrian-split-CP,0.90625,23.379887946482263,224,0.06121431335981023,False
4,True,random_5,r4,Mondrian-split-CP,0.96,22.216638961640225,200,0.06121431335981023,False
4,True,random_5,r1,Mondrian-split-CP,0.9216867469879518,22.744406131379787,166,0.06121431335981023,False
4,True,random_5,r0,ACI,0.9018691588785047,18.94467448798172,214,0.06121431335981023,False
4,True,random_5,r3,ACI,0.8909952606635071,21.65128203041473,211,0.06121431335981023,False
4,True,random_5,r2,ACI,0.9017857142857143,19.3051062350761,224,0.06121431335981023,False
4,True,random_5,r4,ACI,0.91,18.643613121693125,200,0.06121431335981023,False
4,True,random_5,r1,ACI,0.8734939759036144,19.56667108296099,166,0.06121431335981023,False
4,True,random_5,r0,ToD-ACI,0.9112149532710281,21.3302762549842,214,0.06121431335981023,False
4,True,random_5,r3,ToD-ACI,0.8957345971563981,22.64387224991964,211,0.06121431335981023,False
4,True,random_5,r2,ToD-ACI,0.9017857142857143,21.997481013364936,224,0.06121431335981023,False
4,True,random_5,r4,ToD-ACI,0.91,20.283863817640693,200,0.06121431335981023,False
4,True,random_5,r1,ToD-ACI,0.8734939759036144,22.76149728278192,166,0.06121431335981023,False
5,True,time_of_day,night,split-CP,1.0,15.060436507936402,285,1.0,False
5,True,time_of_day,am_rush,split-CP,0.8958333333333334,15.060436507936402,192,1.0,False
5,True,time_of_day,midday,split-CP,0.836,15.060436507936402,250,1.0,False
5,True,time_of_day,pm_rush,split-CP,0.8128654970760234,15.060436507936403,171,1.0,False
5,True,time_of_day,evening,split-CP,0.8803418803418803,15.060436507936402,117,1.0,False
5,True,time_of_day,night,Mondrian-split-CP,0.9894736842105263,8.048753968254005,285,1.0,False
5,True,time_of_day,am_rush,Mondrian-split-CP,0.8802083333333334,14.804888888888918,192,1.0,False
5,True,time_of_day,midday,Mondrian-split-CP,0.904,19.301645502645524,250,1.0,False
5,True,time_of_day,pm_rush,Mondrian-split-CP,0.8654970760233918,17.954321428571408,171,1.0,False
5,True,time_of_day,evening,Mondrian-split-CP,0.7948717948717948,8.654814814814813,117,1.0,False
5,True,time_of_day,night,ACI,1.0,15.44425608001485,285,1.0,False
5,True,time_of_day,am_rush,ACI,0.9010416666666666,12.193100246011698,192,1.0,False
5,True,time_of_day,midday,ACI,0.816,16.91796069404669,250,1.0,False
5,True,time_of_day,pm_rush,ACI,0.8304093567251462,16.912069585439465,171,1.0,False
5,True,time_of_day,evening,ACI,0.905982905982906,22.7588360209749,117,1.0,False
5,True,time_of_day,night,ToD-ACI,0.9157894736842105,4.499192991738601,285,1.0,False
5,True,time_of_day,am_rush,ToD-ACI,0.875,14.33036131196157,192,1.0,False
5,True,time_of_day,midday,ToD-ACI,0.896,17.875568374218375,250,1.0,False
5,True,time_of_day,pm_rush,ToD-ACI,0.9064327485380117,19.943629575481882,171,1.0,False
5,True,time_of_day,evening,ToD-ACI,0.8547008547008547,21.924598584543027,117,1.0,False
5,True,day_of_week,Sat,split-CP,0.932,15.060436507936402,250,0.1528295627562024,False
5,True,day_of_week,Sun,split-CP,0.904,15.060436507936402,250,0.1528295627562024,False
5,True,day_of_week,Mon,split-CP,0.8715277777777778,15.060436507936402,288,0.1528295627562024,False
5,True,day_of_week,Tue,split-CP,0.8722466960352423,15.060436507936403,227,0.1528295627562024,False
5,True,day_of_week,Sat,Mondrian-split-CP,0.956,14.222564539682569,250,0.1528295627562024,False
5,True,day_of_week,Sun,Mondrian-split-CP,0.904,12.894557756613777,250,0.1528295627562024,False
5,True,day_of_week,Mon,Mondrian-split-CP,0.8541666666666666,13.739937389770732,288,0.1528295627562024,False
5,True,day_of_week,Tue,Mondrian-split-CP,0.9118942731277533,14.573853209565778,227,0.1528295627562024,False
5,True,day_of_week,Sat,ACI,0.912,12.339909570947569,250,0.1528295627562024,False
5,True,day_of_week,Sun,ACI,0.852,13.989139396788396,250,0.1528295627562024,False
5,True,day_of_week,Mon,ACI,0.9201388888888888,22.004122571198085,288,0.1528295627562024,False
5,True,day_of_week,Tue,ACI,0.8986784140969163,15.891967289318607,227,0.1528295627562024,False
5,True,day_of_week,Sat,ToD-ACI,0.956,13.151764360750352,250,0.1528295627562024,False
5,True,day_of_week,Sun,ToD-ACI,0.888,11.249409763236752,250,0.1528295627562024,False
5,True,day_of_week,Mon,ToD-ACI,0.875,17.493286145149852,288,0.1528295627562024,False
5,True,day_of_week,Tue,ToD-ACI,0.8590308370044053,14.71264413698555,227,0.1528295627562024,False
5,True,occupancy_tercile,high,split-CP,0.9976359338061466,15.060436507936402,423,0.618040210694983,False
5,True,occupancy_tercile,mid,split-CP,0.8484848484848485,15.0604365079364,330,0.618040210694983,False
5,True,occupancy_tercile,low,split-CP,0.7862595419847328,15.060436507936402,262,0.618040210694983,False
5,True,occupancy_tercile,high,Mondrian-split-CP,0.9881796690307328,9.62769825634486,423,0.618040210694983,False
5,True,occupancy_tercile,mid,Mondrian-split-CP,0.8484848484848485,16.002291506333187,330,0.618040210694983,False
5,True,occupancy_tercile,low,Mondrian-split-CP,0.8396946564885496,17.906010157922363,262,0.618040210694983,False
5,True,occupancy_tercile,high,ACI,1.0,15.138291013819378,423,0.618040210694983,False
5,True,occupancy_tercile,mid,ACI,0.7878787878787878,14.391943338844094,330,0.618040210694983,False
5,True,occupancy_tercile,low,ACI,0.8664122137404581,20.511785177290896,262,0.618040210694983,False
5,True,occupancy_tercile,high,ToD-ACI,0.9432624113475178,8.51937610734419,423,0.618040210694983,False
5,True,occupancy_tercile,mid,ToD-ACI,0.8484848484848485,17.49303418453038,330,0.618040210694983,False
5,True,occupancy_tercile,low,ToD-ACI,0.8740458015267175,19.472262540435242,262,0.618040210694983,False
5,True,random_5,r0,split-CP,0.9205607476635514,15.060436507936402,214,0.06121431335981023,False
5,True,random_5,r3,split-CP,0.8767772511848341,15.060436507936403,211,0.06121431335981023,False
5,True,random_5,r2,split-CP,0.8705357142857143,15.060436507936402,224,0.06121431335981023,False
5,True,random_5,r4,split-CP,0.91,15.060436507936402,200,0.06121431335981023,False
5,True,random_5,r1,split-CP,0.8975903614457831,15.060436507936402,166,0.06121431335981023,False
5,True,random_5,r0,Mondrian-split-CP,0.9485981308411215,13.357538094001896,214,0.06121431335981023,False
5,True,random_5,r3,Mondrian-split-CP,0.8957345971563981,13.909643383735814,211,0.06121431335981023,False
5,True,random_5,r2,Mondrian-split-CP,0.8883928571428571,14.24174090608467,224,0.06121431335981023,False
5,True,random_5,r4,Mondrian-split-CP,0.9,13.575214503968276,200,0.06121431335981023,False
5,True,random_5,r1,Mondrian-split-CP,0.8855421686746988,14.132568982278338,166,0.06121431335981023,False
5,True,random_5,r0,ACI,0.9158878504672897,15.710755777063016,214,0.06121431335981023,False
5,True,random_5,r3,ACI,0.8767772511848341,16.59397382878662,211,0.06121431335981023,False
5,True,random_5,r2,ACI,0.8973214285714286,16.754694290910802,224,0.06121431335981023,False
5,True,random_5,r4,ACI,0.91,16.41374803270803,200,0.06121431335981023,False
5,True,random_5,r1,ACI,0.8795180722891566,15.829486597851055,166,0.06121431335981023,False
5,True,random_5,r0,ToD-ACI,0.9065420560747663,13.776874162701262,214,0.06121431335981023,False
5,True,random_5,r3,ToD-ACI,0.9004739336492891,14.98851726867129,211,0.06121431335981023,False
5,True,random_5,r2,ToD-ACI,0.8973214285714286,14.728878521610657,224,0.06121431335981023,False
5,True,random_5,r4,ToD-ACI,0.88,13.554008494375987,200,0.06121431335981023,False
5,True,random_5,r1,ToD-ACI,0.8855421686746988,14.200189504047932,166,0.06121431335981023,False
6,True,time_of_day,night,split-CP,0.9824561403508771,8.478773809523801,285,1.0,False
6,True,time_of_day,am_rush,split-CP,0.8802083333333334,8.478773809523801,192,1.0,False
6,True,time_of_day,midday,split-CP,0.888,8.478773809523801,250,1.0,False
6,True,time_of_day,pm_rush,split-CP,0.7485380116959064,8.478773809523801,171,1.0,False
6,True,time_of_day,evening,split-CP,0.9316239316239316,8.4787738095238,117,1.0,False
6,True,time_of_day,night,Mondrian-split-CP,0.7684210526315789,4.126555555555555,285,1.0,False
6,True,time_of_day,am_rush,Mondrian-split-CP,0.7708333333333334,6.47369047619047,192,1.0,False
6,True,time_of_day,midday,Mondrian-split-CP,0.908,9.072365079365085,250,1.0,False
6,True,time_of_day,pm_rush,Mondrian-split-CP,0.8538011695906432,12.319398774714564,171,1.0,False
6,True,time_of_day,evening,Mondrian-split-CP,0.9401709401709402,9.431492063492055,117,1.0,False
6,True,time_of_day,night,ACI,0.9578947368421052,7.876272075390498,285,1.0,False
6,True,time_of_day,am_rush,ACI,0.84375,7.1263036303010265,192,1.0,False
6,True,time_of_day,midday,ACI,0.872,9.238982949013948,250,1.0,False
6,True,time_of_day,pm_rush,ACI,0.8187134502923976,13.238015966543744,171,1.0,False
6,True,time_of_day,evening,ACI,0.9743589743589743,12.517984583317913,117,1.0,False
6,True,time_of_day,night,ToD-ACI,0.9052631578947369,7.26783442402302,285,1.0,False
6,True,time_of_day,am_rush,ToD-ACI,0.8854166666666666,10.710408964395944,192,1.0,False
6,True,time_of_day,midday,ToD-ACI,0.908,9.576859696007695,250,1.0,False
6,True,time_of_day,pm_rush,ToD-ACI,0.8947368421052632,18.407608883319412,171,1.0,False
6,True,time_of_day,evening,ToD-ACI,0.9230769230769231,8.380399595260707,117,1.0,False
6,True,day_of_week,Sat,split-CP,0.852,8.478773809523801,250,0.1528295627562024,False
6,True,day_of_week,Sun,split-CP,0.872,8.478773809523801,250,0.1528295627562024,False
6,True,day_of_week,Mon,split-CP,0.9166666666666666,8.478773809523801,288,0.1528295627562024,False
6,True,day_of_week,Tue,split-CP,0.9383259911894273,8.478773809523801,227,0.1528295627562024,False
6,True,day_of_week,Sat,Mondrian-split-CP,0.744,7.753559063492063,250,0.1528295627562024,False
6,True,day_of_week,Sun,Mondrian-split-CP,0.776,7.843061460317458,250,0.1528295627562024,False
6,True,day_of_week,Mon,Mondrian-split-CP,0.9166666666666666,8.005261243386242,288,0.1528295627562024,False
6,True,day_of_week,Tue,Mondrian-split-CP,0.9074889867841409,7.456121442556465,227,0.1528295627562024,False
6,True,day_of_week,Sat,ACI,0.88,11.573815376142376,250,0.1528295627562024,False
6,True,day_of_week,Sun,ACI,0.904,11.14478576960077,250,0.1528295627562024,False
6,True,day_of_week,Mon,ACI,0.90625,8.289391908085483,288,0.1528295627562024,False
6,True,day_of_week,Tue,ACI,0.8810572687224669,6.978164521235006,227,0.1528295627562024,False
6,True,day_of_week,Sat,ToD-ACI,0.848,11.775231167388167,250,0.1528295627562024,False
6,True,day_of_week,Sun,ToD-ACI,0.904,12.431326112554112,250,0.1528295627562024,False
6,True,day_of_week,Mon,ToD-ACI,0.9479166666666666,9.66367131759059,288,0.1528295627562024,False
6,True,day_of_week,Tue,ToD-ACI,0.9030837004405287,7.997257569400739,227,0.1528295627562024,False
6,True,occupancy_tercile,mid,split-CP,0.8675213675213675,8.478773809523801,468,0.39828451750324123,False
6,True,occupancy_tercile,high,split-CP,0.9749303621169917,8.478773809523801,359,0.39828451750324123,False
6,True,occupancy_tercile,low,split-CP,0.8085106382978723,8.478773809523801,188,0.39828451750324123,False
6,True,occupancy_tercile,mid,Mondrian-split-CP,0.8034188034188035,8.381429317595984,468,0.39828451750324123,False
6,True,occupancy_tercile,high,Mondrian-split-CP,0.9025069637883009,6.348539373037977,359,0.39828451750324123,False
6,True,occupancy_tercile,low,Mondrian-split-CP,0.7978723404255319,9.019017983789261,188,0.39828451750324123,False
6,True,occupancy_tercile,mid,ACI,0.8717948717948718,9.517781652760819,468,0.39828451750324123,False
6,True,occupancy_tercile,high,ACI,0.9610027855153204,8.441688164306548,359,0.39828451750324123,False
6,True,occupancy_tercile,low,ACI,0.8191489361702128,11.522077860673603,188,0.39828451750324123,False
6,True,occupancy_tercile,mid,ToD-ACI,0.8739316239316239,10.685664645796592,468,0.39828451750324123,False
6,True,occupancy_tercile,high,ToD-ACI,0.9554317548746518,8.687068696649476,359,0.39828451750324123,False
6,True,occupancy_tercile,low,ToD-ACI,0.8723404255319149,13.460667081785433,188,0.39828451750324123,False
6,True,random_5,r0,split-CP,0.9299065420560748,8.478773809523801,214,0.06121431335981023,False
6,True,random_5,r3,split-CP,0.8720379146919431,8.478773809523801,211,0.06121431335981023,False
6,True,random_5,r2,split-CP,0.8839285714285714,8.478773809523801,224,0.06121431335981023,False
6,True,random_5,r4,split-CP,0.92,8.478773809523801,200,0.06121431335981023,False
6,True,random_5,r1,split-CP,0.8614457831325302,8.4787738095238,166,0.06121431335981023,False
6,True,random_5,r0,Mondrian-split-CP,0.8644859813084113,7.5308121013202785,214,0.06121431335981023,False
6,True,random_5,r3,Mondrian-split-CP,0.8246445497630331,8.053563510870381,211,0.06121431335981023,False
6,True,random_5,r2,Mondrian-split-CP,0.8348214285714286,8.008211194373583,224,0.06121431335981023,False
6,True,random_5,r4,Mondrian-split-CP,0.845,7.474178353174603,200,0.06121431335981023,False
6,True,random_5,r1,Mondrian-split-CP,0.8132530120481928,7.817104023235799,166,0.06121431335981023,False
6,True,random_5,r0,ACI,0.9345794392523364,9.55048449672515,214,0.06121431335981023,False
6,True,random_5,r3,ACI,0.8767772511848341,9.532808245510852,211,0.06121431335981023,False
6,True,random_5,r2,ACI,0.8660714285714286,9.567813648549699,224,0.06121431335981023,False
6,True,random_5,r4,ACI,0.93,9.329212202380951,200,0.06121431335981023,False
6,True,random_5,r1,ACI,0.8554216867469879,9.558913147177455,166,0.06121431335981023,False
6,True,random_5,r0,ToD-ACI,0.9392523364485982,10.04346687109187,214,0.06121431335981023,False
6,True,random_5,r3,ToD-ACI,0.8767772511848341,10.366872790760233,211,0.06121431335981023,False
6,True,random_5,r2,ToD-ACI,0.8839285714285714,10.97895884224902,224,0.06121431335981023,False
6,True,random_5,r4,ToD-ACI,0.94,10.253541780603655,200,0.06121431335981023,False
6,True,random_5,r1,ToD-ACI,0.8674698795180723,10.864138082271367,166,0.06121431335981023,False
7,True,time_of_day,night,split-CP,0.9228070175438596,47.24847222222223,285,1.0,False
7,True,time_of_day,am_rush,split-CP,0.9479166666666666,47.24847222222223,192,1.0,False
7,True,time_of_day,midday,split-CP,0.676,47.24847222222223,250,1.0,False
7,True,time_of_day,pm_rush,split-CP,0.7894736842105263,47.24847222222224,171,1.0,False
7,True,time_of_day,evening,split-CP,0.8547008547008547,47.24847222222225,117,1.0,False
7,True,time_of_day,night,Mondrian-split-CP,0.7684210526315789,20.425068579568578,285,1.0,False
7,True,time_of_day,am_rush,Mondrian-split-CP,0.8125,24.287960317460374,192,1.0,False
7,True,time_of_day,midday,Mondrian-split-CP,0.736,57.52022222222217,250,1.0,False
7,True,time_of_day,pm_rush,Mondrian-split-CP,0.8538011695906432,56.10473809523807,171,1.0,False
7,True,time_of_day,evening,Mondrian-split-CP,0.8034188034188035,42.975751322751314,117,1.0,False
7,True,time_of_day,night,ACI,0.9263157894736842,62.831177946971806,285,1.0,False
7,True,time_of_day,am_rush,ACI,0.921875,43.09800401835819,192,1.0,False
7,True,time_of_day,midday,ACI,0.792,74.34724013852814,250,1.0,False
7,True,time_of_day,pm_rush,ACI,0.9239766081871345,81.56426502352963,171,1.0,False
7,True,time_of_day,evening,ACI,0.9316239316239316,62.8107242746965,117,1.0,False
7,True,time_of_day,night,ToD-ACI,0.8912280701754386,52.63502621050165,285,1.0,False
7,True,time_of_day,am_rush,ToD-ACI,0.8854166666666666,42.01382352731181,192,1.0,False
7,True,time_of_day,midday,ToD-ACI,0.9,95.01940613227514,250,1.0,False
7,True,time_of_day,pm_rush,ToD-ACI,0.9064327485380117,74.28416260910414,171,1.0,False
7,True,time_of_day,evening,ToD-ACI,0.8717948717948718,52.31027069843737,117,1.0,False
7,True,day_of_week,Sat,split-CP,0.856,47.24847222222223,250,0.1528295627562024,False
7,True,day_of_week,Sun,split-CP,0.824,47.24847222222223,250,0.1528295627562024,False
7,True,day_of_week,Mon,split-CP,0.8125,47.24847222222223,288,0.1528295627562024,False
7,True,day_of_week,Tue,split-CP,0.8590308370044053,47.24847222222223,227,0.1528295627562024,False
7,True,day_of_week,Sat,Mondrian-split-CP,0.812,39.45315251526251,250,0.1528295627562024,False
7,True,day_of_week,Sun,Mondrian-split-CP,0.8,37.39191232234432,250,0.1528295627562024,False
7,True,day_of_week,Mon,Mondrian-split-CP,0.7430555555555556,40.04773098968931,288,0.1528295627562024,False
7,True,day_of_week,Tue,Mondrian-split-CP,0.801762114537445,38.50902584273288,227,0.1528295627562024,False
7,True,day_of_week,Sat,ACI,0.896,57.6798582953343,250,0.1528295627562024,False
7,True,day_of_week,Sun,ACI,0.884,73.46984745598846,250,0.1528295627562024,False
7,True,day_of_week,Mon,ACI,0.8958333333333334,60.09781704194725,288,0.1528295627562024,False
7,True,day_of_week,Tue,ACI,0.8942731277533039,70.34915786033186,227,0.1528295627562024,False
7,True,day_of_week,Sat,ToD-ACI,0.872,56.294464993487985,250,0.1528295627562024,False
7,True,day_of_week,Sun,ToD-ACI,0.888,61.96648426599327,250,0.1528295627562024,False
7,True,day_of_week,Mon,ToD-ACI,0.8993055555555556,67.96438737281879,288,0.1528295627562024,False
7,True,day_of_week,Tue,ToD-ACI,0.9118942731277533,72.71542167373332,227,0.1528295627562024,False
7,True,occupancy_tercile,high,split-CP,0.9882352941176471,47.24847222222224,340,0.4701728151733542,False
7,True,occupancy_tercile,mid,split-CP,0.8461538461538461,47.24847222222223,273,0.4701728151733542,False
7,True,occupancy_tercile,low,split-CP,0.7014925373134329,47.24847222222224,402,0.4701728151733542,False
7,True,occupancy_tercile,high,Mondrian-split-CP,0.9088235294117647,26.49624735270177,340,0.4701728151733542,False
7,True,occupancy_tercile,mid,Mondrian-split-CP,0.7582417582417582,36.67146242998624,273,0.4701728151733542,False
7,True,occupancy_tercile,low,Mondrian-split-CP,0.7039800995024875,50.911761834397375,402,0.4701728151733542,False
7,True,occupancy_tercile,high,ACI,0.9882352941176471,60.3594043551764,340,0.4701728151733542,False
7,True,occupancy_tercile,mid,ACI,0.8754578754578755,61.786245321257226,273,0.4701728151733542,False
7,True,occupancy_tercile,low,ACI,0.8233830845771144,71.33088091229757,402,0.4701728151733542,False
7,True,occupancy_tercile,high,ToD-ACI,0.9647058823529412,52.36013785596212,340,0.4701728151733542,False
7,True,occupancy_tercile,mid,ToD-ACI,0.8791208791208791,59.40326070490357,273,0.4701728151733542,False
7,True,occupancy_tercile,low,ToD-ACI,0.8407960199004975,78.67125511122836,402,0.4701728151733542,False
7,True,random_5,r0,split-CP,0.8271028037383178,47.24847222222224,214,0.06121431335981023,False
7,True,random_5,r3,split-CP,0.8199052132701422,47.248472222222226,211,0.06121431335981023,False
7,True,random_5,r2,split-CP,0.8482142857142857,47.24847222222224,224,0.06121431335981023,False
7,True,random_5,r4,split-CP,0.855,47.24847222222223,200,0.06121431335981023,False
7,True,random_5,r1,split-CP,0.8313253012048193,47.24847222222222,166,0.06121431335981023,False
7,True,random_5,r0,Mondrian-split-CP,0.7710280373831776,37.344002519979156,214,0.06121431335981023,False
7,True,random_5,r3,Mondrian-split-CP,0.7867298578199052,39.84893655905266,211,0.06121431335981023,False
7,True,random_5,r2,Mondrian-split-CP,0.8125,40.733343353901375,224,0.06121431335981023,False
7,True,random_5,r4,Mondrian-split-CP,0.79,36.90308783475783,200,0.06121431335981023,False
7,True,random_5,r1,Mondrian-split-CP,0.7710843373493976,39.65019861006909,166,0.06121431335981023,False
7,True,random_5,r0,ACI,0.8878504672897196,66.19466421109178,214,0.06121431335981023,False
7,True,random_5,r3,ACI,0.8957345971563981,63.71625989185467,211,0.06121431335981023,False
7,True,random_5,r2,ACI,0.8973214285714286,65.4361040941945,224,0.06121431335981023,False
7,True,random_5,r4,ACI,0.905,65.55931175685424,200,0.06121431335981023,False
7,True,random_5,r1,ACI,0.8734939759036144,64.37058996012912,166,0.06121431335981023,False
7,True,random_5,r0,ToD-ACI,0.8925233644859814,65.70458183150356,214,0.06121431335981023,False
7,True,random_5,r3,ToD-ACI,0.8957345971563981,62.62902509159263,211,0.06121431335981023,False
7,True,random_5,r2,ToD-ACI,0.9107142857142857,66.76829442593616,224,0.06121431335981023,False
7,True,random_5,r4,ToD-ACI,0.885,63.773556850418096,200,0.06121431335981023,False
7,True,random_5,r1,ToD-ACI,0.8734939759036144,64.21124982179802,166,0.06121431335981023,False
8,True,time_of_day,night,split-CP,0.775438596491228,57.28482633435441,285,1.0,False
8,True,time_of_day,am_rush,split-CP,0.65625,62.04396514688052,192,1.0,False
8,True,time_of_day,midday,split-CP,1.0,54.39470317989419,250,1.0,False
8,True,time_of_day,pm_rush,split-CP,0.9649122807017544,52.62706609888921,171,1.0,False
8,True,time_of_day,evening,split-CP,1.0,58.047468593135285,117,1.0,False
8,True,time_of_day,night,Mondrian-split-CP,1.0,80.08200713821594,285,1.0,False
8,True,time_of_day,am_rush,Mondrian-split-CP,1.0,86.37157295111335,192,1.0,False
8,True,time_of_day,midday,Mondrian-split-CP,1.0,31.606618735449743,250,1.0,False
8,True,time_of_day,pm_rush,Mondrian-split-CP,0.9590643274853801,30.762294741483345,171,1.0,False
8,True,time_of_day,evening,Mondrian-split-CP,1.0,30.90513953330619,117,1.0,False
8,True,time_of_day,night,ACI,0.9298245614035088,52.89822696092082,285,1.0,False
8,True,time_of_day,am_rush,ACI,0.953125,51.59583838321208,192,1.0,False
8,True,time_of_day,midday,ACI,0.94,34.777429243386244,250,1.0,False
8,True,time_of_day,pm_rush,ACI,0.8304093567251462,39.255352045236556,171,1.0,False
8,True,time_of_day,evening,ACI,1.0,49.5235953511509,117,1.0,False
8,True,time_of_day,night,ToD-ACI,1.0,68.82568971502833,285,1.0,False
8,True,time_of_day,am_rush,ToD-ACI,0.96875,71.46489967757937,192,1.0,False
8,True,time_of_day,midday,ToD-ACI,1.0,27.17564757671958,250,1.0,False
8,True,time_of_day,pm_rush,ToD-ACI,0.8654970760233918,28.238288108388264,171,1.0,False
8,True,time_of_day,evening,ToD-ACI,1.0,25.71170182697961,117,1.0,False
8,True,day_of_week,Sat,split-CP,0.74,47.76551237566138,250,0.1528295627562024,False
8,True,day_of_week,Sun,split-CP,0.728,54.07448078306879,250,0.1528295627562024,False
8,True,day_of_week,Mon,split-CP,1.0,63.34992592592592,288,0.1528295627562024,False
8,True,day_of_week,Tue,split-CP,0.986784140969163,61.33611357014662,227,0.1528295627562024,False
8,True,day_of_week,Sat,Mondrian-split-CP,1.0,48.98545494179895,250,0.1528295627562024,False
8,True,day_of_week,Sun,Mondrian-split-CP,0.988,50.9870717936508,250,0.1528295627562024,False
8,True,day_of_week,Mon,Mondrian-split-CP,1.0,57.89206790123458,288,0.1528295627562024,False
8,True,day_of_week,Tue,Mondrian-split-CP,0.9823788546255506,63.95848110854722,227,0.1528295627562024,False
8,True,day_of_week,Sat,ACI,0.948,58.33860261375662,250,0.1528295627562024,False
8,True,day_of_week,Sun,ACI,0.924,66.55416007407408,250,0.1528295627562024,False
8,True,day_of_week,Mon,ACI,1.0,41.074997574955916,288,0.1528295627562024,False
8,True,day_of_week,Tue,ACI,0.8193832599118943,13.79246187912267,227,0.1528295627562024,False
8,True,day_of_week,Sat,ToD-ACI,1.0,48.89840294179895,250,0.1528295627562024,False
8,True,day_of_week,Sun,ToD-ACI,0.988,50.2320240793651,250,0.1528295627562024,False
8,True,day_of_week,Mon,ToD-ACI,1.0,51.570569775132284,288,0.1528295627562024,False
8,True,day_of_week,Tue,ToD-ACI,0.8854625550660793,36.70739969524276,227,0.1528295627562024,False
8,True,occupancy_tercile,low,split-CP,0.7057522123893806,48.588642567425204,452,0.20438265737113961,False
8,True,occupancy_tercile,high,split-CP,0.9946714031971581,63.34992592592593,563,0.20438265737113961,False
8,True,occupancy_tercile,low,Mondrian-split-CP,0.9911504424778761,51.50361206805732,452,0.20438265737113961,False
8,True,occupancy_tercile,high,Mondrian-split-CP,0.9946714031971581,58.44580780869682,563,0.20438265737113961,False
8,True,occupancy_tercile,low,ACI,0.8783185840707964,56.72242464121834,452,0.20438265737113961,False
8,True,occupancy_tercile,high,ACI,0.9680284191829485,36.492260892140564,563,0.20438265737113961,False
8,True,occupancy_tercile,low,ToD-ACI,0.9557522123893806,50.767145588975524,452,0.20438265737113961,False
8,True,occupancy_tercile,high,ToD-ACI,0.9840142095914742,44.441848623680784,563,0.20438265737113961,False
8,True,random_5,r0,split-CP,0.8878504672897196,56.478464854373755,214,0.06121431335981023,False
8,True,random_5,r3,split-CP,0.8720379146919431,56.35472063930892,211,0.06121431335981023,False
8,True,random_5,r2,split-CP,0.9017857142857143,55.98902611252836,224,0.06121431335981023,False
8,True,random_5,r4,split-CP,0.845,58.251667992724876,200,0.06121431335981023,False
8,True,random_5,r1,split-CP,0.8072289156626506,56.98169732103017,166,0.06121431335981023,False
8,True,random_5,r0,Mondrian-split-CP,0.9906542056074766,57.22279489319093,214,0.06121431335981023,False
8,True,random_5,r3,Mondrian-split-CP,0.995260663507109,52.81760670716419,211,0.06121431335981023,False
8,True,random_5,r2,Mondrian-split-CP,1.0,51.449377019557836,224,0.06121431335981023,False
8,True,random_5,r4,Mondrian-split-CP,0.99,60.19371915674605,200,0.06121431335981023,False
8,True,random_5,r1,Mondrian-split-CP,0.9879518072289156,55.60858460827438,166,0.06121431335981023,False
8,True,random_5,r0,ACI,0.9439252336448598,45.58001270212135,214,0.06121431335981023,False
8,True,random_5,r3,ACI,0.95260663507109,43.55577426088921,211,0.06121431335981023,False
8,True,random_5,r2,ACI,0.9241071428571429,43.72519948743387,224,0.06121431335981023,False
8,True,random_5,r4,ACI,0.92,47.446350238095235,200,0.06121431335981023,False
8,True,random_5,r1,ACI,0.891566265060241,47.92513855421687,166,0.06121431335981023,False
8,True,random_5,r0,ToD-ACI,0.985981308411215,47.06451277629432,214,0.06121431335981023,False
8,True,random_5,r3,ToD-ACI,0.9715639810426541,44.68104516788285,211,0.06121431335981023,False
8,True,random_5,r2,ToD-ACI,0.96875,45.343257112740936,224,0.06121431335981023,False
8,True,random_5,r4,ToD-ACI,0.96,51.16100925925926,200,0.06121431335981023,False
8,True,random_5,r1,ToD-ACI,0.9698795180722891,48.66814982947664,166,0.06121431335981023,False
9,True,time_of_day,night,split-CP,1.0,6.781571428571624,285,1.0,False
9,True,time_of_day,am_rush,split-CP,0.9166666666666666,6.781571428571624,192,1.0,False
9,True,time_of_day,midday,split-CP,0.516,6.781571428571624,250,1.0,False
9,True,time_of_day,pm_rush,split-CP,0.5555555555555556,6.781571428571624,171,1.0,False
9,True,time_of_day,evening,split-CP,0.9743589743589743,6.781571428571624,117,1.0,False
9,True,time_of_day,night,Mondrian-split-CP,0.9298245614035088,0.7783730158730577,285,1.0,False
9,True,time_of_day,am_rush,Mondrian-split-CP,0.7395833333333334,4.528630952380809,192,1.0,False
9,True,time_of_day,midday,Mondrian-split-CP,0.62,8.232412698412645,250,1.0,False
9,True,time_of_day,pm_rush,Mondrian-split-CP,0.7192982456140351,9.819250000000011,171,1.0,False
9,True,time_of_day,evening,Mondrian-split-CP,0.8974358974358975,4.150916666666944,117,1.0,False
9,True,time_of_day,night,ACI,1.0,6.0887755128562135,285,1.0,False
9,True,time_of_day,am_rush,ACI,0.7552083333333334,4.73469292691298,192,1.0,False
9,True,time_of_day,midday,ACI,0.784,13.911010508417489,250,1.0,False
9,True,time_of_day,pm_rush,ACI,0.8771929824561403,15.730746348896917,171,1.0,False
9,True,time_of_day,evening,ACI,0.9829059829059829,10.739621263510138,117,1.0,False
9,True,time_of_day,night,ToD-ACI,0.9122807017543859,0.3934450338810102,285,1.0,False
9,True,time_of_day,am_rush,ToD-ACI,0.859375,10.658873044682947,192,1.0,False
9,True,time_of_day,midday,ToD-ACI,0.892,17.37971148100044,250,1.0,False
9,True,time_of_day,pm_rush,ToD-ACI,0.8421052631578947,16.221658212590985,171,1.0,False
9,True,time_of_day,evening,ToD-ACI,0.8974358974358975,4.313107123329343,117,1.0,False
9,True,day_of_week,Sat,split-CP,0.688,6.781571428571624,250,0.1528295627562024,False
9,True,day_of_week,Sun,split-CP,0.88,6.781571428571624,250,0.1528295627562024,False
9,True,day_of_week,Mon,split-CP,0.8541666666666666,6.781571428571624,288,0.1528295627562024,False
9,True,day_of_week,Tue,split-CP,0.7092511013215859,6.781571428571624,227,0.1528295627562024,False
9,True,day_of_week,Sat,Mondrian-split-CP,0.7,5.375019952380946,250,0.1528295627562024,False
9,True,day_of_week,Sun,Mondrian-split-CP,0.852,4.895548698412731,250,0.1528295627562024,False
9,True,day_of_week,Mon,Mondrian-split-CP,0.8402777777777778,5.335829365079387,288,0.1528295627562024,False
9,True,day_of_week,Tue,Mondrian-split-CP,0.7048458149779736,5.3296238200125545,227,0.1528295627562024,False
9,True,day_of_week,Sat,ACI,0.872,12.871902994227968,250,0.1528295627562024,False
9,True,day_of_week,Sun,ACI,0.912,8.098627571909564,250,0.1528295627562024,False
9,True,day_of_week,Mon,ACI,0.8923611111111112,8.06365927754728,288,0.1528295627562024,False
9,True,day_of_week,Tue,ACI,0.8281938325991189,11.029257666342485,227,0.1528295627562024,False
9,True,day_of_week,Sat,ToD-ACI,0.848,10.836124417989444,250,0.1528295627562024,False
9,True,day_of_week,Sun,ToD-ACI,0.924,10.432520964886951,250,0.1528295627562024,False
9,True,day_of_week,Mon,ToD-ACI,0.9166666666666666,7.851252554062435,288,0.1528295627562024,False
9,True,day_of_week,Tue,ToD-ACI,0.8370044052863436,9.708274607836277,227,0.1528295627562024,False
9,True,occupancy_tercile,high,split-CP,1.0,6.781571428571624,363,0.690437185804083,False
9,True,occupancy_tercile,mid,split-CP,0.9857142857142858,6.781571428571624,140,0.690437185804083,False
9,True,occupancy_tercile,low,split-CP,0.58203125,6.781571428571624,512,0.690437185804083,False
9,True,occupancy_tercile,high,Mondrian-split-CP,0.9614325068870524,1.724319154751028,363,0.690437185804083,False
9,True,occupancy_tercile,mid,Mondrian-split-CP,0.7642857142857142,4.173582001133799,140,0.690437185804083,False
9,True,occupancy_tercile,low,Mondrian-split-CP,0.65234375,8.015539636036674,512,0.690437185804083,False
9,True,occupancy_tercile,high,ACI,0.9834710743801653,6.501201919165411,363,0.690437185804083,False
9,True,occupancy_tercile,mid,ACI,0.8928571428571429,6.978013669002956,140,0.690437185804083,False
9,True,occupancy_tercile,low,ACI,0.798828125,13.147948815254464,512,0.690437185804083,False
9,True,occupancy_tercile,high,ToD-ACI,0.9366391184573003,2.8254396072757006,363,0.690437185804083,False
9,True,occupancy_tercile,mid,ToD-ACI,0.9214285714285714,7.347852264137987,140,0.690437185804083,False
9,True,occupancy_tercile,low,ToD-ACI,0.8359375,15.093293989936559,512,0.690437185804083,False
9,True,random_5,r0,split-CP,0.8037383177570093,6.781571428571624,214,0.06121431335981023,False
9,True,random_5,r3,split-CP,0.7914691943127962,6.781571428571624,211,0.06121431335981023,False
9,True,random_5,r2,split-CP,0.7321428571428571,6.781571428571624,224,0.06121431335981023,False
9,True,random_5,r4,split-CP,0.82,6.781571428571624,200,0.06121431335981023,False
9,True,random_5,r1,split-CP,0.7951807228915663,6.781571428571624,166,0.06121431335981023,False
9,True,random_5,r0,Mondrian-split-CP,0.7897196261682243,4.88667471443407,214,0.06121431335981023,False
9,True,random_5,r3,Mondrian-split-CP,0.8056872037914692,5.429757823666605,211,0.06121431335981023,False
9,True,random_5,r2,Mondrian-split-CP,0.7723214285714286,5.550584839143996,224,0.06121431335981023,False
9,True,random_5,r4,Mondrian-split-CP,0.785,4.929002599206346,200,0.06121431335981023,False
9,True,random_5,r1,Mondrian-split-CP,0.7289156626506024,5.3832940571811045,166,0.06121431335981023,False
9,True,random_5,r0,ACI,0.8785046728971962,9.327807043510312,214,0.06121431335981023,False
9,True,random_5,r3,ACI,0.8720379146919431,10.316366952075462,211,0.06121431335981023,False
9,True,random_5,r2,ACI,0.875,10.590338001077956,224,0.06121431335981023,False
9,True,random_5,r4,ACI,0.905,9.192930249518993,200,0.06121431335981023,False
9,True,random_5,r1,ACI,0.8554216867469879,10.149892213152734,166,0.06121431335981023,False
9,True,random_5,r0,ToD-ACI,0.8785046728971962,8.359003066939977,214,0.06121431335981023,False
9,True,random_5,r3,ToD-ACI,0.8578199052132701,9.166724736076633,211,0.06121431335981023,False
9,True,random_5,r2,ToD-ACI,0.90625,10.343444017663895,224,0.06121431335981023,False
9,True,random_5,r4,ToD-ACI,0.885,9.560696949254448,200,0.06121431335981023,False
9,True,random_5,r1,ToD-ACI,0.891566265060241,11.024240914596318,166,0.06121431335981023,False
10,False,time_of_day,night,split-CP,0.9929824561403509,4.83647222222222,285,1.0,False
10,False,time_of_day,am_rush,split-CP,0.9791666666666666,4.83647222222222,192,1.0,False
10,False,time_of_day,midday,split-CP,0.956,4.83647222222222,250,1.0,False
10,False,time_of_day,pm_rush,split-CP,0.9766081871345029,4.83647222222222,171,1.0,False
10,False,time_of_day,evening,split-CP,1.0,4.836472222222221,117,1.0,False
10,False,time_of_day,night,Mondrian-split-CP,0.9789473684210527,3.790365079365074,285,1.0,False
10,False,time_of_day,am_rush,Mondrian-split-CP,1.0,7.397507936507935,192,1.0,False
10,False,time_of_day,midday,Mondrian-split-CP,0.956,4.83647222222222,250,1.0,False
10,False,time_of_day,pm_rush,Mondrian-split-CP,0.9941520467836257,6.520309523809529,171,1.0,False
10,False,time_of_day,evening,Mondrian-split-CP,0.9487179487179487,3.15596296296296,117,1.0,False
10,False,time_of_day,night,ACI,0.9508771929824561,2.604896976025923,285,1.0,False
10,False,time_of_day,am_rush,ACI,0.7916666666666666,2.4014440310846554,192,1.0,False
10,False,time_of_day,midday,ACI,0.872,3.743340265993266,250,1.0,False
10,False,time_of_day,pm_rush,ACI,0.8538011695906432,3.4768415574570537,171,1.0,False
10,False,time_of_day,evening,ACI,0.9316239316239316,3.0625869747536405,117,1.0,False
10,False,time_of_day,night,ToD-ACI,0.9157894736842105,1.515586368699526,285,1.0,False
10,False,time_of_day,am_rush,ToD-ACI,0.8489583333333334,3.335570222938712,192,1.0,False
10,False,time_of_day,midday,ToD-ACI,0.892,4.020072177008176,250,1.0,False
10,False,time_of_day,pm_rush,ToD-ACI,0.8830409356725146,3.711631656301247,171,1.0,False
10,False,time_of_day,evening,ToD-ACI,0.8888888888888888,2.5847459834404263,117,1.0,False
10,False,day_of_week,Sat,split-CP,1.0,4.83647222222222,250,0.1528295627562024,False
10,False,day_of_week,Sun,split-CP,0.996,4.836472222222221,250,0.1528295627562024,False
10,False,day_of_week,Mon,split-CP,0.9756944444444444,4.83647222222222,288,0.1528295627562024,False
10,False,day_of_week,Tue,split-CP,0.9427312775330396,4.836472222222221,227,0.1528295627562024,False
10,False,day_of_week,Sat,Mondrian-split-CP,1.0,5.167716698412696,250,0.1528295627562024,False
10,False,day_of_week,Sun,Mondrian-split-CP,0.968,5.027551206349205,250,0.1528295627562024,False
10,False,day_of_week,Mon,Mondrian-split-CP,0.96875,5.002339395943561,288,0.1528295627562024,False
10,False,day_of_week,Tue,Mondrian-split-CP,0.9691629955947136,5.305830396475768,227,0.1528295627562024,False
10,False,day_of_week,Sat,ACI,0.912,2.357776111592111,250,0.1528295627562024,False
10,False,day_of_week,Sun,ACI,0.884,3.1184169475709473,250,0.1528295627562024,False
10,False,day_of_week,Mon,ACI,0.8784722222222222,3.0910556394801185,288,0.1528295627562024,False
10,False,day_of_week,Tue,ACI,0.8546255506607929,3.669155295349126,227,0.1528295627562024,False
10,False,day_of_week,Sat,ToD-ACI,0.976,3.1314561726791728,250,0.1528295627562024,False
10,False,day_of_week,Sun,ToD-ACI,0.828,2.356711672919672,250,0.1528295627562024,False
10,False,day_of_week,Mon,ToD-ACI,0.8888888888888888,2.9850148738542828,288,0.1528295627562024,False
10,False,day_of_week,Tue,ToD-ACI,0.8590308370044053,3.448315816545992,227,0.1528295627562024,False
10,False,occupancy_tercile,mid,split-CP,0.9974554707379135,4.83647222222222,393,0.640868558313812,False
10,False,occupancy_tercile,low,split-CP,0.9515418502202643,4.836472222222221,227,0.640868558313812,False
10,False,occupancy_tercile,high,split-CP,0.9772151898734177,4.83647222222222,395,0.640868558313812,False
10,False,occupancy_tercile,mid,Mondrian-split-CP,0.9974554707379135,4.872514583922341,393,0.640868558313812,False
10,False,occupancy_tercile,low,Mondrian-split-CP,0.9383259911894273,4.736172755984427,227,0.640868558313812,False
10,False,occupancy_tercile,high,Mondrian-split-CP,0.9772151898734177,5.579505759828546,395,0.640868558313812,False
10,False,occupancy_tercile,mid,ACI,0.9312977099236641,2.4448979012223284,393,0.640868558313812,False
10,False,occupancy_tercile,low,ACI,0.8237885462555066,3.1398306655817665,227,0.640868558313812,False
10,False,occupancy_tercile,high,ACI,0.8683544303797468,3.591352163893302,395,0.640868558313812,False
10,False,occupancy_tercile,mid,ToD-ACI,0.9389312977099237,2.3825815803742003,393,0.640868558313812,False
10,False,occupancy_tercile,low,ToD-ACI,0.801762114537445,2.455563894133277,227,0.640868558313812,False
10,False,occupancy_tercile,high,ToD-ACI,0.8886075949367088,3.849940178152836,395,0.640868558313812,False
10,False,random_5,r0,split-CP,0.9906542056074766,4.836472222222221,214,0.06121431335981023,False
10,False,random_5,r3,split-CP,0.981042654028436,4.836472222222221,211,0.06121431335981023,False
10,False,random_5,r2,split-CP,0.9598214285714286,4.83647222222222,224,0.06121431335981023,False
10,False,random_5,r4,split-CP,0.99,4.83647222222222,200,0.06121431335981023,False
10,False,random_5,r1,split-CP,0.9759036144578314,4.83647222222222,166,0.06121431335981023,False
10,False,random_5,r0,Mondrian-split-CP,0.9953271028037384,5.043479361370715,214,0.06121431335981023,False
10,False,random_5,r3,Mondrian-split-CP,0.981042654028436,5.141437479625867,211,0.06121431335981023,False
10,False,random_5,r2,Mondrian-split-CP,0.9553571428571429,5.096761833900225,224,0.06121431335981023,False
10,False,random_5,r4,Mondrian-split-CP,0.99,5.182553240740739,200,0.06121431335981023,False
10,False,random_5,r1,Mondrian-split-CP,0.9578313253012049,5.13000621533754,166,0.06121431335981023,False
10,False,random_5,r0,ACI,0.8925233644859814,2.9810715437643003,214,0.06121431335981023,False
10,False,random_5,r3,ACI,0.8957345971563981,3.1394343850374646,211,0.06121431335981023,False
10,False,random_5,r2,ACI,0.8794642857142857,3.235890920793822,224,0.06121431335981023,False
10,False,random_5,r4,ACI,0.88,2.862059804593554,200,0.06121431335981023,False
10,False,random_5,r1,ACI,0.8614457831325302,2.9792111338572176,166,0.06121431335981023,False
10,False,random_5,r0,ToD-ACI,0.883177570093458,2.73412611090882,214,0.06121431335981023,False
10,False,random_5,r3,ToD-ACI,0.909952606635071,3.0470312125999337,211,0.06121431335981023,False
10,False,random_5,r2,ToD-ACI,0.8526785714285714,3.2528371432221874,224,0.06121431335981023,False
10,False,random_5,r4,ToD-ACI,0.9,2.833825828523328,200,0.06121431335981023,False
10,False,random_5,r1,ToD-ACI,0.9036144578313253,2.9582329882299763,166,0.06121431335981023,False
11,True,time_of_day,night,split-CP,1.0,7.476373015873022,285,1.0,False
11,True,time_of_day,am_rush,split-CP,0.84375,6.700602354772934,192,1.0,False
11,True,time_of_day,midday,split-CP,0.888,5.661662034391537,250,1.0,False
11,True,time_of_day,pm_rush,split-CP,0.8421052631578947,7.170825988582574,171,1.0,False
11,True,time_of_day,evening,split-CP,1.0,7.4763730158730235,117,1.0,False
11,True,time_of_day,night,Mondrian-split-CP,0.8631578947368421,1.5215476190476238,285,1.0,False
11,True,time_of_day,am_rush,Mondrian-split-CP,0.921875,13.426055562444887,192,1.0,False
11,True,time_of_day,midday,Mondrian-split-CP,0.92,6.729484558201057,250,1.0,False
11,True,time_of_day,pm_rush,Mondrian-split-CP,0.9064327485380117,10.688903129737927,171,1.0,False
11,True,time_of_day,evening,Mondrian-split-CP,0.9829059829059829,6.292682539682546,117,1.0,False
11,True,time_of_day,night,ACI,1.0,4.55441995373048,285,1.0,False
11,True,time_of_day,am_rush,ACI,0.7083333333333334,3.973068228983593,192,1.0,False
11,True,time_of_day,midday,ACI,0.884,6.562161666259666,250,1.0,False
11,True,time_of_day,pm_rush,ACI,0.9005847953216374,10.457256636367747,171,1.0,False
11,True,time_of_day,evening,ACI,0.9572649572649573,6.493716117216116,117,1.0,False
11,True,time_of_day,night,ToD-ACI,0.8982456140350877,2.014606015037592,285,1.0,False
11,True,time_of_day,am_rush,ToD-ACI,0.890625,14.097774040316358,192,1.0,False
11,True,time_of_day,midday,ToD-ACI,0.892,6.362118380952382,250,1.0,False
11,True,time_of_day,pm_rush,ToD-ACI,0.8771929824561403,9.373023973157014,171,1.0,False
11,True,time_of_day,evening,ToD-ACI,0.9145299145299145,5.307362942612946,117,1.0,False
11,True,day_of_week,Sat,split-CP,0.916,6.570942828042335,250,0.1528295627562024,False
11,True,day_of_week,Sun,split-CP,0.992,7.476373015873022,250,0.1528295627562024,False
11,True,day_of_week,Mon,split-CP,0.8784722222222222,6.777188724004266,288,0.1528295627562024,False
11,True,day_of_week,Tue,split-CP,0.8810572687224669,6.475705038109228,227,0.1528295627562024,False
11,True,day_of_week,Sat,Mondrian-split-CP,0.868,6.9291830978836,250,0.1528295627562024,False
11,True,day_of_week,Sun,Mondrian-split-CP,0.976,7.857480571428574,250,0.1528295627562024,False
11,True,day_of_week,Mon,Mondrian-split-CP,0.8819444444444444,6.9998150054196095,288,0.1528295627562024,False
11,True,day_of_week,Tue,Mondrian-split-CP,0.9162995594713657,6.807262257301356,227,0.1528295627562024,False
11,True,day_of_week,Sat,ACI,0.912,6.281548244200244,250,0.1528295627562024,False
11,True,day_of_week,Sun,ACI,0.896,4.440853765974766,250,0.1528295627562024,False
11,True,day_of_week,Mon,ACI,0.8958333333333334,7.494541843492799,288,0.1528295627562024,False
11,True,day_of_week,Tue,ACI,0.8722466960352423,6.212803173596676,227,0.1528295627562024,False
11,True,day_of_week,Sat,ToD-ACI,0.892,7.1145442910052905,250,0.1528295627562024,False
11,True,day_of_week,Sun,ToD-ACI,0.948,8.406581503459503,250,0.1528295627562024,False
11,True,day_of_week,Mon,ToD-ACI,0.84375,5.854778859402558,288,0.1528295627562024,False
11,True,day_of_week,Tue,ToD-ACI,0.8986784140969163,6.734606734960257,227,0.1528295627562024,False
11,True,occupancy_tercile,high,split-CP,0.991304347826087,7.476373015873023,575,0.5772955462715051,False
11,True,occupancy_tercile,mid,split-CP,0.8222222222222222,7.4763730158730235,135,0.5772955462715051,False
11,True,occupancy_tercile,low,split-CP,0.8163934426229508,5.3292443143377595,305,0.5772955462715051,False
11,True,occupancy_tercile,high,Mondrian-split-CP,0.9304347826086956,6.455028026224986,575,0.5772955462715051,False
11,True,occupancy_tercile,mid,Mondrian-split-CP,0.8814814814814815,10.086635420340977,135,0.5772955462715051,False
11,True,occupancy_tercile,low,Mondrian-split-CP,0.8819672131147541,7.1623746703963915,305,0.5772955462715051,False
11,True,occupancy_tercile,high,ACI,0.9356521739130435,4.662077467041814,575,0.5772955462715051,False
11,True,occupancy_tercile,mid,ACI,0.7703703703703704,8.415744559350117,135,0.5772955462715051,False
11,True,occupancy_tercile,low,ACI,0.8721311475409836,7.9754584092289,305,0.5772955462715051,False
11,True,occupancy_tercile,high,ToD-ACI,0.9321739130434783,6.2505738972943305,575,0.5772955462715051,False
11,True,occupancy_tercile,mid,ToD-ACI,0.8296296296296296,9.294548216735253,135,0.5772955462715051,False
11,True,occupancy_tercile,low,ToD-ACI,0.8491803278688524,7.3651458647757835,305,0.5772955462715051,False
11,True,random_5,r0,split-CP,0.9205607476635514,6.9984094564357475,214,0.06121431335981023,False
11,True,random_5,r3,split-CP,0.909952606635071,6.77832870370371,211,0.06121431335981023,False
11,True,random_5,r2,split-CP,0.8928571428571429,6.617768545091653,224,0.06121431335981023,False
11,True,random_5,r4,split-CP,0.94,6.98928590939154,200,0.06121431335981023,False
11,True,random_5,r1,split-CP,0.9216867469879518,6.7802412108752526,166,0.06121431335981023,False
11,True,random_5,r0,Mondrian-split-CP,0.8925233644859814,7.098066437348566,214,0.06121431335981023,False
11,True,random_5,r3,Mondrian-split-CP,0.9052132701421801,7.294342351237496,211,0.06121431335981023,False
11,True,random_5,r2,Mondrian-split-CP,0.8883928571428571,6.855992636290629,224,0.06121431335981023,False
11,True,random_5,r4,Mondrian-split-CP,0.92,7.430125532407409,200,0.06121431335981023,False
11,True,random_5,r1,Mondrian-split-CP,0.9518072289156626,7.096393136036209,166,0.06121431335981023,False
11,True,random_5,r0,ACI,0.897196261682243,6.080330872787649,214,0.06121431335981023,False
11,True,random_5,r3,ACI,0.9004739336492891,6.636025987506437,211,0.06121431335981023,False
11,True,random_5,r2,ACI,0.8883928571428571,6.404261294922009,224,0.06121431335981023,False
11,True,random_5,r4,ACI,0.89,5.507908843610093,200,0.06121431335981023,False
11,True,random_5,r1,ACI,0.8975903614457831,6.095218584043132,166,0.06121431335981023,False
11,True,random_5,r0,ToD-ACI,0.8925233644859814,6.703657256446391,214,0.06121431335981023,False
11,True,random_5,r3,ToD-ACI,0.8767772511848341,7.171657288297098,211,0.06121431335981023,False
11,True,random_5,r2,ToD-ACI,0.8839285714285714,6.811561735284392,224,0.06121431335981023,False
11,True,random_5,r4,ToD-ACI,0.9,7.203940568783067,200,0.06121431335981023,False
11,True,random_5,r1,ToD-ACI,0.9216867469879518,7.113453046925184,166,0.06121431335981023,False
12,True,time_of_day,night,split-CP,1.0,13.802138888888921,285,1.0,False
12,True,time_of_day,am_rush,split-CP,0.9583333333333334,13.80213888888892,192,1.0,False
12,True,time_of_day,midday,split-CP,0.696,13.802138888888917,250,1.0,False
12,True,time_of_day,pm_rush,split-CP,0.5614035087719298,13.802138888888921,171,1.0,False
12,True,time_of_day,evening,split-CP,0.9145299145299145,13.802138888888921,117,1.0,False
12,True,time_of_day,night,Mondrian-split-CP,0.9368421052631579,2.9420370370370392,285,1.0,False
12,True,time_of_day,am_rush,Mondrian-split-CP,0.859375,7.018309523809535,192,1.0,False
12,True,time_of_day,midday,Mondrian-split-CP,0.704,13.885638888888876,250,1.0,False
12,True,time_of_day,pm_rush,Mondrian-split-CP,0.7660818713450293,22.232444444444464,171,1.0,False
12,True,time_of_day,evening,Mondrian-split-CP,0.9145299145299145,13.802138888888921,117,1.0,False
12,True,time_of_day,night,ACI,1.0,12.376422363146927,285,1.0,False
12,True,time_of_day,am_rush,ACI,0.8697916666666666,8.3767012868979,192,1.0,False
12,True,time_of_day,midday,ACI,0.756,17.302803097458096,250,1.0,False
12,True,time_of_day,pm_rush,ACI,0.8245614035087719,26.26085125801208,171,1.0,False
12,True,time_of_day,evening,ACI,0.9743589743589743,21.673067123759427,117,1.0,False
12,True,time_of_day,night,ToD-ACI,0.9157894736842105,2.3873975798080975,285,1.0,False
12,True,time_of_day,am_rush,ToD-ACI,0.9166666666666666,12.52221934937169,192,1.0,False
12,True,time_of_day,midday,ToD-ACI,0.9,25.47497717989418,250,1.0,False
12,True,time_of_day,pm_rush,ToD-ACI,0.8538011695906432,28.283205250781272,171,1.0,False
12,True,time_of_day,evening,ToD-ACI,0.9145299145299145,13.680232107398774,117,1.0,False
12,True,day_of_week,Sat,split-CP,0.776,13.802138888888916,250,0.1528295627562024,False
12,True,day_of_week,Sun,split-CP,0.86,13.802138888888921,250,0.1528295627562024,False
12,True,day_of_week,Mon,split-CP,0.8819444444444444,13.802138888888921,288,0.1528295627562024,False
12,True,day_of_week,Tue,split-CP,0.8061674008810573,13.802138888888923,227,0.1528295627562024,False
12,True,day_of_week,Sat,Mondrian-split-CP,0.788,10.875152428571432,250,0.1528295627562024,False
12,True,day_of_week,Sun,Mondrian-split-CP,0.884,11.001908984126995,250,0.1528295627562024,False
12,True,day_of_week,Mon,Mondrian-split-CP,0.8611111111111112,11.382401124338635,288,0.1528295627562024,False
12,True,day_of_week,Tue,Mondrian-split-CP,0.7929515418502202,10.249370393678765,227,0.1528295627562024,False
12,True,day_of_week,Sat,ACI,0.88,18.96458753657454,250,0.1528295627562024,False
12,True,day_of_week,Sun,ACI,0.908,14.291901396899396,250,0.1528295627562024,False
12,True,day_of_week,Mon,ACI,0.8888888888888888,15.053496650597346,288,0.1528295627562024,False
12,True,day_of_week,Tue,ACI,0.8502202643171806,16.908074646718916,227,0.1528295627562024,False
12,True,day_of_week,Sat,ToD-ACI,0.888,15.638982800384792,250,0.1528295627562024,False
12,True,day_of_week,Sun,ToD-ACI,0.884,14.681855705627699,250,0.1528295627562024,False
12,True,day_of_week,Mon,ToD-ACI,0.9236111111111112,16.341361153699697,288,0.1528295627562024,False
12,True,day_of_week,Tue,ToD-ACI,0.9074889867841409,15.876265797263596,227,0.1528295627562024,False
12,True,occupancy_tercile,high,split-CP,0.9954233409610984,13.802138888888923,437,0.7071792519450031,False
12,True,occupancy_tercile,mid,split-CP,0.9214659685863874,13.802138888888923,191,0.7071792519450031,False
12,True,occupancy_tercile,low,split-CP,0.6072351421188631,13.80213888888892,387,0.7071792519450031,False
12,True,occupancy_tercile,high,Mondrian-split-CP,0.9336384439359268,4.903198240165639,437,0.7071792519450031,False
12,True,occupancy_tercile,mid,Mondrian-split-CP,0.8743455497382199,11.23909415773291,191,0.7071792519450031,False
12,True,occupancy_tercile,low,Mondrian-split-CP,0.7002583979328165,17.53136780689882,387,0.7071792519450031,False
12,True,occupancy_tercile,high,ACI,0.9725400457665904,11.600992043997195,437,0.7071792519450031,False
12,True,occupancy_tercile,mid,ACI,0.8429319371727748,12.593673826609686,191,0.7071792519450031,False
12,True,occupancy_tercile,low,ACI,0.8010335917312662,23.288467672962504,387,0.7071792519450031,False
12,True,occupancy_tercile,high,ToD-ACI,0.9267734553775744,5.905689833388913,437,0.7071792519450031,False
12,True,occupancy_tercile,mid,ToD-ACI,0.9267015706806283,16.392782631853315,191,0.7071792519450031,False
12,True,occupancy_tercile,low,ToD-ACI,0.8604651162790697,26.30135926323652,387,0.7071792519450031,False
12,True,random_5,r0,split-CP,0.822429906542056,13.802138888888923,214,0.06121431335981023,False
12,True,random_5,r3,split-CP,0.8341232227488151,13.802138888888924,211,0.06121431335981023,False
12,True,random_5,r2,split-CP,0.8214285714285714,13.80213888888892,224,0.06121431335981023,False
12,True,random_5,r4,split-CP,0.875,13.802138888888921,200,0.06121431335981023,False
12,True,random_5,r1,split-CP,0.8132530120481928,13.80213888888892,166,0.06121431335981023,False
12,True,random_5,r0,Mondrian-split-CP,0.8177570093457944,10.310159051574947,214,0.06121431335981023,False
12,True,random_5,r3,Mondrian-split-CP,0.8436018957345972,11.508704543744837,211,0.06121431335981023,False
12,True,random_5,r2,Mondrian-split-CP,0.8125,11.48623172949736,224,0.06121431335981023,False
12,True,random_5,r4,Mondrian-split-CP,0.87,10.170291375661384,200,0.06121431335981023,False
12,True,random_5,r1,Mondrian-split-CP,0.8253012048192772,11.038066735194752,166,0.06121431335981023,False
12,True,random_5,r0,ACI,0.8691588785046729,15.33055448488859,214,0.06121431335981023,False
12,True,random_5,r3,ACI,0.9146919431279621,16.804059806219758,211,0.06121431335981023,False
12,True,random_5,r2,ACI,0.8660714285714286,16.307262786568593,224,0.06121431335981023,False
12,True,random_5,r4,ACI,0.9,15.673994108391607,200,0.06121431335981023,False
12,True,random_5,r1,ACI,0.8614457831325302,17.3110918602259,166,0.06121431335981023,False
12,True,random_5,r0,ToD-ACI,0.8738317757009346,14.873092248137807,214,0.06121431335981023,False
12,True,random_5,r3,ToD-ACI,0.909952606635071,15.55079509550481,211,0.06121431335981023,False
12,True,random_5,r2,ToD-ACI,0.8839285714285714,15.998244348781176,224,0.06121431335981023,False
12,True,random_5,r4,ToD-ACI,0.94,15.232742337662335,200,0.06121431335981023,False
12,True,random_5,r1,ToD-ACI,0.9036144578313253,16.844694378524196,166,0.06121431335981023,False
13,True,time_of_day,night,split-CP,1.0,23.477277777777772,285,1.0,False
13,True,time_of_day,am_rush,split-CP,0.8802083333333334,23.477277777777772,192,1.0,False
13,True,time_of_day,midday,split-CP,0.796,23.477277777777775,250,1.0,False
13,True,time_of_day,pm_rush,split-CP,0.8654970760233918,23.477277777777772,171,1.0,False
13,True,time_of_day,evening,split-CP,1.0,23.477277777777783,117,1.0,False
13,True,time_of_day,night,Mondrian-split-CP,0.8070175438596491,1.0378730158729468,285,1.0,False
13,True,time_of_day,am_rush,Mondrian-split-CP,0.8645833333333334,21.260071428571443,192,1.0,False
13,True,time_of_day,midday,Mondrian-split-CP,0.916,36.112873015872985,250,1.0,False
13,True,time_of_day,pm_rush,Mondrian-split-CP,0.8538011695906432,22.13904232804238,171,1.0,False
13,True,time_of_day,evening,Mondrian-split-CP,0.9487179487179487,2.8277287157286537,117,1.0,False
13,True,time_of_day,night,ACI,0.8982456140350877,3.4557112052015557,285,1.0,False
13,True,time_of_day,am_rush,ACI,0.8020833333333334,19.65147100030563,192,1.0,False
13,True,time_of_day,midday,ACI,0.812,28.427692162578158,250,1.0,False
13,True,time_of_day,pm_rush,ACI,0.9122807017543859,29.006655785788816,171,1.0,False
13,True,time_of_day,evening,ACI,0.9658119658119658,4.096192579025902,117,1.0,False
13,True,time_of_day,night,ToD-ACI,0.8491228070175438,1.2725578997999947,285,1.0,False
13,True,time_of_day,am_rush,ToD-ACI,0.8697916666666666,25.474619826113308,192,1.0,False
13,True,time_of_day,midday,ToD-ACI,0.864,33.796100148148135,250,1.0,False
13,True,time_of_day,pm_rush,ToD-ACI,0.847953216374269,27.214766760475833,171,1.0,False
13,True,time_of_day,evening,ToD-ACI,0.8803418803418803,2.3215201352145667,117,1.0,False
13,True,day_of_week,Sat,split-CP,0.944,23.477277777777775,250,0.1528295627562024,False
13,True,day_of_week,Sun,split-CP,0.956,23.477277777777775,250,0.1528295627562024,False
13,True,day_of_week,Mon,split-CP,0.8854166666666666,23.477277777777772,288,0.1528295627562024,False
13,True,day_of_week,Tue,split-CP,0.8281938325991189,23.477277777777772,227,0.1528295627562024,False
13,True,day_of_week,Sat,Mondrian-split-CP,0.92,18.548670079846058,250,0.1528295627562024,False
13,True,day_of_week,Sun,Mondrian-split-CP,0.916,14.08581191341989,250,0.1528295627562024,False
13,True,day_of_week,Mon,Mondrian-split-CP,0.875,16.992160253326897,288,0.1528295627562024,False
13,True,day_of_week,Tue,Mondrian-split-CP,0.7533039647577092,19.69252697946528,227,0.1528295627562024,False
13,True,day_of_week,Sat,ACI,0.896,15.587305116402124,250,0.1528295627562024,False
13,True,day_of_week,Sun,ACI,0.88,10.907330735930733,250,0.1528295627562024,False
13,True,day_of_week,Mon,ACI,0.8611111111111112,18.172005086413066,288,0.1528295627562024,False
13,True,day_of_week,Tue,ACI,0.8370044052863436,23.995944534499586,227,0.1528295627562024,False
13,True,day_of_week,Sat,ToD-ACI,0.892,14.863528055796056,250,0.1528295627562024,False
13,True,day_of_week,Sun,ToD-ACI,0.872,11.499748428571417,250,0.1528295627562024,False
13,True,day_of_week,Mon,ToD-ACI,0.8333333333333334,19.83615539447049,288,0.1528295627562024,False
13,True,day_of_week,Tue,ToD-ACI,0.8458149779735683,27.861419128880573,227,0.1528295627562024,False
13,True,occupancy_tercile,high,split-CP,1.0,23.477277777777772,329,0.53856870603343,False
13,True,occupancy_tercile,mid,split-CP,0.9741379310344828,23.477277777777772,348,0.53856870603343,False
13,True,occupancy_tercile,low,split-CP,0.7396449704142012,23.477277777777772,338,0.53856870603343,False
13,True,occupancy_tercile,high,Mondrian-split-CP,0.9240121580547113,4.598586235783746,329,0.53856870603343,False
13,True,occupancy_tercile,mid,Mondrian-split-CP,0.867816091954023,17.714188375959917,348,0.53856870603343,False
13,True,occupancy_tercile,low,Mondrian-split-CP,0.8165680473372781,29.12749659528506,338,0.53856870603343,False
13,True,occupancy_tercile,high,ACI,0.8996960486322189,3.7754556905719503,329,0.53856870603343,False
13,True,occupancy_tercile,mid,ACI,0.8879310344827587,12.231646586624311,348,0.53856870603343,False
13,True,occupancy_tercile,low,ACI,0.8195266272189349,34.92762693182884,338,0.53856870603343,False
13,True,occupancy_tercile,high,ToD-ACI,0.8814589665653495,3.404461736338629,329,0.53856870603343,False
13,True,occupancy_tercile,mid,ToD-ACI,0.882183908045977,13.404365910058432,348,0.53856870603343,False
13,True,occupancy_tercile,low,ToD-ACI,0.8165680473372781,37.99818570709916,338,0.53856870603343,False
13,True,random_5,r0,split-CP,0.9158878504672897,23.47727777777778,214,0.06121431335981023,False
13,True,random_5,r3,split-CP,0.8767772511848341,23.477277777777775,211,0.06121431335981023,False
13,True,random_5,r2,split-CP,0.9017857142857143,23.477277777777772,224,0.06121431335981023,False
13,True,random_5,r4,split-CP,0.925,23.477277777777772,200,0.06121431335981023,False
13,True,random_5,r1,split-CP,0.9036144578313253,23.477277777777772,166,0.06121431335981023,False
13,True,random_5,r0,Mondrian-split-CP,0.8925233644859814,15.992637903287415,214,0.06121431335981023,False
13,True,random_5,r3,Mondrian-split-CP,0.8672985781990521,17.280030530992594,211,0.06121431335981023,False
13,True,random_5,r2,Mondrian-split-CP,0.8660714285714286,18.367259588873406,224,0.06121431335981023,False
13,True,random_5,r4,Mondrian-split-CP,0.85,16.64413377104375,200,0.06121431335981023,False
13,True,random_5,r1,Mondrian-split-CP,0.8674698795180723,18.138327832252504,166,0.06121431335981023,False
13,True,random_5,r0,ACI,0.8738317757009346,14.049199992245553,214,0.06121431335981023,False
13,True,random_5,r3,ACI,0.8767772511848341,18.326026522275317,211,0.06121431335981023,False
13,True,random_5,r2,ACI,0.8928571428571429,20.024160970354046,224,0.06121431335981023,False
13,True,random_5,r4,ACI,0.845,15.30152884800384,200,0.06121431335981023,False
13,True,random_5,r1,ACI,0.8493975903614458,17.380949492776306,166,0.06121431335981023,False
13,True,random_5,r0,ToD-ACI,0.8598130841121495,15.94707545133129,214,0.06121431335981023,False
13,True,random_5,r3,ToD-ACI,0.8625592417061612,20.259469268400533,211,0.06121431335981023,False
13,True,random_5,r2,ToD-ACI,0.8705357142857143,20.482335730820093,224,0.06121431335981023,False
13,True,random_5,r4,ToD-ACI,0.87,16.296389327801823,200,0.06121431335981023,False
13,True,random_5,r1,ToD-ACI,0.8313253012048193,18.635125213697496,166,0.06121431335981023,False
14,True,time_of_day,night,split-CP,0.9052631578947369,22.41163564213565,285,1.0,False
14,True,time_of_day,am_rush,split-CP,0.9739583333333334,22.41163564213565,192,1.0,False
14,True,time_of_day,midday,split-CP,0.816,22.411635642135654,250,1.0,False
14,True,time_of_day,pm_rush,split-CP,0.8596491228070176,22.411635642135654,171,1.0,False
14,True,time_of_day,evening,split-CP,0.8461538461538461,22.119630089046755,117,1.0,False
14,True,time_of_day,night,Mondrian-split-CP,0.7578947368421053,13.83247835497832,285,1.0,False
14,True,time_of_day,am_rush,Mondrian-split-CP,0.9322916666666666,13.12057936507938,192,1.0,False
14,True,time_of_day,midday,Mondrian-split-CP,0.856,25.836759259259246,250,1.0,False
14,True,time_of_day,pm_rush,Mondrian-split-CP,0.8947368421052632,24.444246031746044,171,1.0,False
14,True,time_of_day,evening,Mondrian-split-CP,0.9316239316239316,28.927658170533164,117,1.0,False
14,True,time_of_day,night,ACI,0.9473684210526315,25.01157060749517,285,1.0,False
14,True,time_of_day,am_rush,ACI,0.9739583333333334,19.459665814894986,192,1.0,False
14,True,time_of_day,midday,ACI,0.788,21.11935301731602,250,1.0,False
14,True,time_of_day,pm_rush,ACI,0.9298245614035088,30.271410551490963,171,1.0,False
14,True,time_of_day,evening,ACI,0.8461538461538461,26.395503597225826,117,1.0,False
14,True,time_of_day,night,ToD-ACI,0.9228070175438596,23.994430093330973,285,1.0,False
14,True,time_of_day,am_rush,ToD-ACI,0.9010416666666666,15.61572733410493,192,1.0,False
14,True,time_of_day,midday,ToD-ACI,0.9,32.85459438624338,250,1.0,False
14,True,time_of_day,pm_rush,ToD-ACI,0.9005847953216374,29.084159950240362,171,1.0,False
14,True,time_of_day,evening,ToD-ACI,0.9145299145299145,28.538702986314107,117,1.0,False
14,True,day_of_week,Sat,split-CP,0.848,22.274977043290047,250,0.1528295627562024,False
14,True,day_of_week,Sun,split-CP,0.92,22.411635642135646,250,0.1528295627562024,False
14,True,day_of_week,Mon,split-CP,0.8645833333333334,22.41163564213565,288,0.1528295627562024,False
14,True,day_of_week,Tue,split-CP,0.8986784140969163,22.411635642135646,227,0.1528295627562024,False
14,True,day_of_week,Sat,Mondrian-split-CP,0.84,19.911779033910523,250,0.1528295627562024,False
14,True,day_of_week,Sun,Mondrian-split-CP,0.868,20.36767264454064,250,0.1528295627562024,False
14,True,day_of_week,Mon,Mondrian-split-CP,0.84375,21.08928823953823,288,0.1528295627562024,False
14,True,day_of_week,Tue,Mondrian-split-CP,0.8854625550660793,19.12564550158602,227,0.1528295627562024,False
14,True,day_of_week,Sat,ACI,0.888,25.488551634439627,250,0.1528295627562024,False
14,True,day_of_week,Sun,ACI,0.924,22.362281407888418,250,0.1528295627562024,False
14,True,day_of_week,Mon,ACI,0.8784722222222222,25.237982524066727,288,0.1528295627562024,False
14,True,day_of_week,Tue,ACI,0.9074889867841409,22.809822077498286,227,0.1528295627562024,False
14,True,day_of_week,Sat,ToD-ACI,0.892,27.594190634439627,250,0.1528295627562024,False
14,True,day_of_week,Sun,ToD-ACI,0.948,25.567162983164984,250,0.1528295627562024,False
14,True,day_of_week,Mon,ToD-ACI,0.8715277777777778,26.95110800047432,288,0.1528295627562024,False
14,True,day_of_week,Tue,ToD-ACI,0.9295154185022027,23.394021646081118,227,0.1528295627562024,False
14,True,occupancy_tercile,low,split-CP,0.7831325301204819,22.329311184999746,415,0.47777115647452917,False
14,True,occupancy_tercile,mid,split-CP,0.9099099099099099,22.411635642135646,222,0.47777115647452917,False
14,True,occupancy_tercile,high,split-CP,0.9735449735449735,22.411635642135646,378,0.47777115647452917,False
14,True,occupancy_tercile,low,Mondrian-split-CP,0.7831325301204819,23.286837532960117,415,0.47777115647452917,False
14,True,occupancy_tercile,mid,Mondrian-split-CP,0.8603603603603603,22.276806206639534,222,0.47777115647452917,False
14,True,occupancy_tercile,high,Mondrian-split-CP,0.9391534391534392,15.543944199490484,378,0.47777115647452917,False
14,True,occupancy_tercile,low,ACI,0.8530120481927711,28.09321933940669,415,0.47777115647452917,False
14,True,occupancy_tercile,mid,ACI,0.8963963963963963,22.036399660482992,222,0.47777115647452917,False
14,True,occupancy_tercile,high,ACI,0.9497354497354498,20.789180128635817,378,0.47777115647452917,False
14,True,occupancy_tercile,low,ToD-ACI,0.8746987951807229,31.920948080634226,415,0.47777115647452917,False
14,True,occupancy_tercile,mid,ToD-ACI,0.9324324324324325,29.590152204693876,222,0.47777115647452917,False
14,True,occupancy_tercile,high,ToD-ACI,0.9312169312169312,17.318765024584465,378,0.47777115647452917,False
14,True,random_5,r0,split-CP,0.8551401869158879,22.370364219632915,214,0.06121431335981023,False
14,True,random_5,r3,split-CP,0.8909952606635071,22.32618182502069,211,0.06121431335981023,False
14,True,random_5,r2,split-CP,0.9017857142857143,22.379038276579575,224,0.06121431335981023,False
14,True,random_5,r4,split-CP,0.88,22.411635642135654,200,0.06121431335981023,False
14,True,random_5,r1,split-CP,0.8795180722891566,22.41163564213565,166,0.06121431335981023,False
14,True,random_5,r0,Mondrian-split-CP,0.8411214953271028,19.748293358035166,214,0.06121431335981023,False
14,True,random_5,r3,Mondrian-split-CP,0.8578199052132701,20.641646978701477,211,0.06121431335981023,False
14,True,random_5,r2,Mondrian-split-CP,0.875,20.76430707935004,224,0.06121431335981023,False
14,True,random_5,r4,Mondrian-split-CP,0.845,19.411846625781614,200,0.06121431335981023,False
14,True,random_5,r1,Mondrian-split-CP,0.8734939759036144,20.301223249419017,166,0.06121431335981023,False
14,True,random_5,r0,ACI,0.8785046728971962,23.791816373852008,214,0.06121431335981023,False
14,True,random_5,r3,ACI,0.9004739336492891,24.61912193818118,211,0.06121431335981023,False
14,True,random_5,r2,ACI,0.9285714285714286,24.5161384650609,224,0.06121431335981023,False
14,True,random_5,r4,ACI,0.89,23.36058911916787,200,0.06121431335981023,False
14,True,random_5,r1,ACI,0.891566265060241,23.85096726588894,166,0.06121431335981023,False
14,True,random_5,r0,ToD-ACI,0.8738317757009346,25.181279214317183,214,0.06121431335981023,False
14,True,random_5,r3,ToD-ACI,0.9052132701421801,26.688392588432276,211,0.06121431335981023,False
14,True,random_5,r2,ToD-ACI,0.9419642857142857,27.16589403333935,224,0.06121431335981023,False
14,True,random_5,r4,ToD-ACI,0.93,24.328880072150067,200,0.06121431335981023,False
14,True,random_5,r1,ToD-ACI,0.8855421686746988,26.45614190528347,166,0.06121431335981023,False
15,True,time_of_day,night,split-CP,0.9859649122807017,11.336150793650788,285,1.0,False
15,True,time_of_day,am_rush,split-CP,0.9583333333333334,11.336150793650788,192,1.0,False
15,True,time_of_day,midday,split-CP,0.672,9.87074657549857,250,1.0,False
15,True,time_of_day,pm_rush,split-CP,0.8654970760233918,11.334595307713721,171,1.0,False
15,True,time_of_day,evening,split-CP,0.9743589743589743,11.33615079365079,117,1.0,False
15,True,time_of_day,night,Mondrian-split-CP,0.8421052631578947,3.6161111111111097,285,1.0,False
15,True,time_of_day,am_rush,Mondrian-split-CP,0.84375,7.965710317460321,192,1.0,False
15,True,time_of_day,midday,Mondrian-split-CP,0.796,14.651585869149372,250,1.0,False
15,True,time_of_day,pm_rush,Mondrian-split-CP,0.8654970760233918,11.219203541260553,171,1.0,False
15,True,time_of_day,evening,Mondrian-split-CP,0.905982905982906,6.075769841269849,117,1.0,False
15,True,time_of_day,night,ACI,0.9964912280701754,10.985079123735265,285,1.0,False
15,True,time_of_day,am_rush,ACI,0.921875,10.223278782560032,192,1.0,False
15,True,time_of_day,midday,ACI,0.672,9.353484342546341,250,1.0,False
15,True,time_of_day,pm_rush,ACI,0.9181286549707602,11.962340513260836,171,1.0,False
15,True,time_of_day,evening,ACI,0.9658119658119658,11.218315131370687,117,1.0,False
15,True,time_of_day,night,ToD-ACI,0.8982456140350877,6.984403702437915,285,1.0,False
15,True,time_of_day,am_rush,ToD-ACI,0.9010416666666666,10.395956183862436,192,1.0,False
15,True,time_of_day,midday,ToD-ACI,0.868,17.323596237188735,250,1.0,False
15,True,time_of_day,pm_rush,ToD-ACI,0.8538011695906432,11.072641209505242,171,1.0,False
15,True,time_of_day,evening,ToD-ACI,0.8974358974358975,6.489642167503282,117,1.0,False
15,True,day_of_week,Sat,split-CP,0.88,10.359369076719572,250,0.1528295627562024,False
15,True,day_of_week,Sun,split-CP,0.976,11.336150793650788,250,0.1528295627562024,False
15,True,day_of_week,Mon,split-CP,0.8576388888888888,11.287670228450171,288,0.1528295627562024,False
15,True,day_of_week,Tue,split-CP,0.8105726872246696,10.85835691425559,227,0.1528295627562024,False
15,True,day_of_week,Sat,Mondrian-split-CP,0.804,8.245371251322752,250,0.1528295627562024,False
15,True,day_of_week,Sun,Mondrian-split-CP,0.872,8.213425206349205,250,0.1528295627562024,False
15,True,day_of_week,Mon,Mondrian-split-CP,0.8576388888888888,9.26193505428792,288,0.1528295627562024,False
15,True,day_of_week,Tue,Mondrian-split-CP,0.8325991189427313,9.119458069769195,227,0.1528295627562024,False
15,True,day_of_week,Sat,ACI,0.892,10.787810791615792,250,0.1528295627562024,False
15,True,day_of_week,Sun,ACI,0.98,11.022190269841271,250,0.1528295627562024,False
15,True,day_of_week,Mon,ACI,0.8368055555555556,10.019313870141566,288,0.1528295627562024,False
15,True,day_of_week,Tue,ACI,0.8370044052863436,10.801888107161234,227,0.1528295627562024,False
15,True,day_of_week,Sat,ToD-ACI,0.836,9.09152508970659,250,0.1528295627562024,False
15,True,day_of_week,Sun,ToD-ACI,0.92,10.179229873977874,250,0.1528295627562024,False
15,True,day_of_week,Mon,ToD-ACI,0.8715277777777778,11.884528320621637,288,0.1528295627562024,False
15,True,day_of_week,Tue,ToD-ACI,0.9118942731277533,12.025350594522953,227,0.1528295627562024,False
15,True,occupancy_tercile,mid,split-CP,0.954954954954955,11.336150793650791,222,0.6691292962612223,False
15,True,occupancy_tercile,high,split-CP,0.9975124378109452,11.33615079365079,402,0.6691292962612223,False
15,True,occupancy_tercile,low,split-CP,0.7212276214833759,10.398511298424976,391,0.6691292962612223,False
15,True,occupancy_tercile,mid,Mondrian-split-CP,0.8243243243243243,7.080302570427572,222,0.6691292962612223,False
15,True,occupancy_tercile,high,Mondrian-split-CP,0.8930348258706468,5.257474936823818,402,0.6691292962612223,False
15,True,occupancy_tercile,low,Mondrian-split-CP,0.8005115089514067,13.214632472256831,391,0.6691292962612223,False
15,True,occupancy_tercile,mid,ACI,0.9369369369369369,10.953423532506866,222,0.6691292962612223,False
15,True,occupancy_tercile,high,ACI,0.9950248756218906,10.65208332928358,402,0.6691292962612223,False
15,True,occupancy_tercile,low,ACI,0.7442455242966752,10.425303676987502,391,0.6691292962612223,False
15,True,occupancy_tercile,mid,ToD-ACI,0.8648648648648649,8.304166267457937,222,0.6691292962612223,False
15,True,occupancy_tercile,high,ToD-ACI,0.9353233830845771,8.107025269575644,402,0.6691292962612223,False
15,True,occupancy_tercile,low,ToD-ACI,0.8414322250639387,15.006747857984108,391,0.6691292962612223,False
15,True,random_5,r0,split-CP,0.9112149532710281,10.961863058151605,214,0.06121431335981023,False
15,True,random_5,r3,split-CP,0.8767772511848341,11.069246050552916,211,0.06121431335981023,False
15,True,random_5,r2,split-CP,0.8303571428571429,10.847355187574491,224,0.06121431335981023,False
15,True,random_5,r4,split-CP,0.9,11.022359741300361,200,0.06121431335981023,False
15,True,random_5,r1,split-CP,0.8975903614457831,10.987029467074642,166,0.06121431335981023,False
15,True,random_5,r0,Mondrian-split-CP,0.8411214953271028,8.230826639222666,214,0.06121431335981023,False
15,True,random_5,r3,Mondrian-split-CP,0.8483412322274881,8.930009394041978,211,0.06121431335981023,False
15,True,random_5,r2,Mondrian-split-CP,0.7901785714285714,9.010957006948079,224,0.06121431335981023,False
15,True,random_5,r4,Mondrian-split-CP,0.86,8.410734661935289,200,0.06121431335981023,False
15,True,random_5,r1,Mondrian-split-CP,0.8855421686746988,9.072428957895074,166,0.06121431335981023,False
15,True,random_5,r0,ACI,0.9065420560747663,10.523288037529275,214,0.06121431335981023,False
15,True,random_5,r3,ACI,0.8720379146919431,10.794599335454786,211,0.06121431335981023,False
15,True,random_5,r2,ACI,0.8526785714285714,10.671429941070008,224,0.06121431335981023,False
15,True,random_5,r4,ACI,0.9,10.474602972120474,200,0.06121431335981023,False
15,True,random_5,r1,ACI,0.9036144578313253,10.693531682256832,166,0.06121431335981023,False
15,True,random_5,r0,ToD-ACI,0.8925233644859814,10.288321940261193,214,0.06121431335981023,False
15,True,random_5,r3,ToD-ACI,0.8815165876777251,10.687243981729173,211,0.06121431335981023,False
15,True,random_5,r2,ToD-ACI,0.8348214285714286,11.039922743200089,224,0.06121431335981023,False
15,True,random_5,r4,ToD-ACI,0.895,10.74144884948385,200,0.06121431335981023,False
15,True,random_5,r1,ToD-ACI,0.927710843373494,11.399070135436851,166,0.06121431335981023,False
16,True,time_of_day,night,split-CP,0.9929824561403509,7.009287037037041,285,1.0,False
16,True,time_of_day,am_rush,split-CP,0.9427083333333334,7.0015060281635835,192,1.0,False
16,True,time_of_day,midday,split-CP,0.824,5.16440717989418,250,1.0,False
16,True,time_of_day,pm_rush,split-CP,0.7660818713450293,6.34750646537781,171,1.0,False
16,True,time_of_day,evening,split-CP,0.8632478632478633,6.843580356885911,117,1.0,False
16,True,time_of_day,night,Mondrian-split-CP,0.9543859649122807,4.146846320346326,285,1.0,False
16,True,time_of_day,am_rush,Mondrian-split-CP,0.96875,8.558164186507938,192,1.0,False
16,True,time_of_day,midday,Mondrian-split-CP,0.748,3.8706980158730158,250,1.0,False
16,True,time_of_day,pm_rush,Mondrian-split-CP,0.9532163742690059,8.831447488671174,171,1.0,False
16,True,time_of_day,evening,Mondrian-split-CP,0.9145299145299145,7.889740590685034,117,1.0,False
16,True,time_of_day,night,ACI,1.0,6.304888458941968,285,1.0,False
16,True,time_of_day,am_rush,ACI,0.8125,4.959717375891855,192,1.0,False
16,True,time_of_day,midday,ACI,0.864,5.373387391534392,250,1.0,False
16,True,time_of_day,pm_rush,ACI,0.8713450292397661,8.04328284199556,171,1.0,False
16,True,time_of_day,evening,ACI,0.9316239316239316,9.087220099345096,117,1.0,False
16,True,time_of_day,night,ToD-ACI,0.9122807017543859,3.2369707762672673,285,1.0,False
16,True,time_of_day,am_rush,ToD-ACI,0.890625,6.528069940476191,192,1.0,False
16,True,time_of_day,midday,ToD-ACI,0.928,7.476473843915343,250,1.0,False
16,True,time_of_day,pm_rush,ToD-ACI,0.9122807017543859,8.380295952423147,171,1.0,False
16,True,time_of_day,evening,ToD-ACI,0.9316239316239316,7.8344897088508185,117,1.0,False
16,True,day_of_week,Sat,split-CP,0.844,6.55548242857143,250,0.1528295627562024,False
16,True,day_of_week,Sun,split-CP,0.816,7.00928703703704,250,0.1528295627562024,False
16,True,day_of_week,Mon,split-CP,0.9305555555555556,6.192797546396506,288,0.1528295627562024,False
16,True,day_of_week,Tue,split-CP,0.9647577092511013,5.922652887698043,227,0.1528295627562024,False
16,True,day_of_week,Sat,Mondrian-split-CP,0.868,6.231169520923524,250,0.1528295627562024,False
16,True,day_of_week,Sun,Mondrian-split-CP,0.828,7.006633264069265,250,0.1528295627562024,False
16,True,day_of_week,Mon,Mondrian-split-CP,0.9444444444444444,5.976601557072045,288,0.1528295627562024,False
16,True,day_of_week,Tue,Mondrian-split-CP,0.9647577092511013,5.2654557447773325,227,0.1528295627562024,False
16,True,day_of_week,Sat,ACI,0.884,7.136511366762867,250,0.1528295627562024,False
16,True,day_of_week,Sun,ACI,0.92,8.334739396825396,250,0.1528295627562024,False
16,True,day_of_week,Mon,ACI,0.9027777777777778,5.689563404381112,288,0.1528295627562024,False
16,True,day_of_week,Tue,ACI,0.8986784140969163,4.514118771361612,227,0.1528295627562024,False
16,True,day_of_week,Sat,ToD-ACI,0.888,6.917571269600771,250,0.1528295627562024,False
16,True,day_of_week,Sun,ToD-ACI,0.928,7.884186566137566,250,0.1528295627562024,False
16,True,day_of_week,Mon,ToD-ACI,0.9131944444444444,5.956820599137874,288,0.1528295627562024,False
16,True,day_of_week,Tue,ToD-ACI,0.9295154185022027,4.311483141409903,227,0.1528295627562024,False
16,True,occupancy_tercile,mid,split-CP,0.7009646302250804,6.906769824450289,311,0.6211962039122714,False
16,True,occupancy_tercile,high,split-CP,0.9719438877755511,7.009287037037041,499,0.6211962039122714,False
16,True,occupancy_tercile,low,split-CP,0.9707317073170731,4.261076187249968,205,0.6211962039122714,False
16,True,occupancy_tercile,mid,Mondrian-split-CP,0.752411575562701,7.515130553158286,311,0.6211962039122714,False
16,True,occupancy_tercile,high,Mondrian-split-CP,0.969939879759519,6.219442227890128,499,0.6211962039122714,False
16,True,occupancy_tercile,low,Mondrian-split-CP,0.9609756097560975,3.830551829268293,205,0.6211962039122714,False
16,True,occupancy_tercile,mid,ACI,0.8135048231511254,8.59866298937159,311,0.6211962039122714,False
16,True,occupancy_tercile,high,ACI,0.935871743486974,6.102536172633868,499,0.6211962039122714,False
16,True,occupancy_tercile,low,ACI,0.9512195121951219,3.959815476190476,205,0.6211962039122714,False
16,True,occupancy_tercile,mid,ToD-ACI,0.842443729903537,8.81552096721309,311,0.6211962039122714,False
16,True,occupancy_tercile,high,ToD-ACI,0.9338677354709419,5.167809828652013,499,0.6211962039122714,False
16,True,occupancy_tercile,low,ToD-ACI,0.975609756097561,5.240713850174216,205,0.6211962039122714,False
16,True,random_5,r0,split-CP,0.8785046728971962,6.610281383595639,214,0.06121431335981023,False
16,True,random_5,r3,split-CP,0.8862559241706162,6.321618900013452,211,0.06121431335981023,False
16,True,random_5,r2,split-CP,0.90625,6.2397358276644,224,0.06121431335981023,False
16,True,random_5,r4,split-CP,0.895,6.568077698412701,200,0.06121431335981023,False
16,True,random_5,r1,split-CP,0.8734939759036144,6.381819856627087,166,0.06121431335981023,False
16,True,random_5,r0,Mondrian-split-CP,0.8878504672897196,6.240957054973413,214,0.06121431335981023,False
16,True,random_5,r3,Mondrian-split-CP,0.9052132701421801,6.205118172528719,211,0.06121431335981023,False
16,True,random_5,r2,Mondrian-split-CP,0.90625,5.934693359509209,224,0.06121431335981023,False
16,True,random_5,r4,Mondrian-split-CP,0.91,6.244089771224148,200,0.06121431335981023,False
16,True,random_5,r1,Mondrian-split-CP,0.8975903614457831,6.041785468714688,166,0.06121431335981023,False
16,True,random_5,r0,ACI,0.9158878504672897,6.7417284176320385,214,0.06121431335981023,False
16,True,random_5,r3,ACI,0.9146919431279621,6.53491723856712,211,0.06121431335981023,False
16,True,random_5,r2,ACI,0.9017857142857143,6.273217958711263,224,0.06121431335981023,False
16,True,random_5,r4,ACI,0.885,6.215679328703702,200,0.06121431335981023,False
16,True,random_5,r1,ACI,0.8855421686746988,6.392637381053797,166,0.06121431335981023,False
16,True,random_5,r0,ToD-ACI,0.9112149532710281,6.399961666059798,214,0.06121431335981023,False
16,True,random_5,r3,ToD-ACI,0.919431279620853,6.356768827692406,211,0.06121431335981023,False
16,True,random_5,r2,ToD-ACI,0.9017857142857143,6.1896179433578995,224,0.06121431335981023,False
16,True,random_5,r4,ToD-ACI,0.93,6.189279348544974,200,0.06121431335981023,False
16,True,random_5,r1,ToD-ACI,0.9096385542168675,6.382591303525791,166,0.06121431335981023,False
17,True,time_of_day,night,split-CP,0.9929824561403509,10.14752645502645,285,1.0,False
17,True,time_of_day,am_rush,split-CP,0.9583333333333334,10.120879536623674,192,1.0,False
17,True,time_of_day,midday,split-CP,0.84,8.335469997835494,250,1.0,False
17,True,time_of_day,pm_rush,split-CP,0.8538011695906432,9.901853986818894,171,1.0,False
17,True,time_of_day,evening,split-CP,0.8974358974358975,10.147526455026455,117,1.0,False
17,True,time_of_day,night,Mondrian-split-CP,0.7157894736842105,2.1711706349206428,285,1.0,False
17,True,time_of_day,am_rush,Mondrian-split-CP,0.9791666666666666,12.722267295662478,192,1.0,False
17,True,time_of_day,midday,Mondrian-split-CP,0.888,9.518830468734972,250,1.0,False
17,True,time_of_day,pm_rush,Mondrian-split-CP,0.9064327485380117,11.554909952350007,171,1.0,False
17,True,time_of_day,evening,Mondrian-split-CP,0.9230769230769231,10.918527777777788,117,1.0,False
17,True,time_of_day,night,ACI,0.9894736842105263,9.245342755035738,285,1.0,False
17,True,time_of_day,am_rush,ACI,0.8958333333333334,8.69353354759149,192,1.0,False
17,True,time_of_day,midday,ACI,0.812,7.590441757094758,250,1.0,False
17,True,time_of_day,pm_rush,ACI,0.8245614035087719,9.062245629505865,171,1.0,False
17,True,time_of_day,evening,ACI,0.8974358974358975,9.378242888798448,117,1.0,False
17,True,time_of_day,night,ToD-ACI,0.8736842105263158,5.0466338717163275,285,1.0,False
17,True,time_of_day,am_rush,ToD-ACI,0.9322916666666666,9.984427004106044,192,1.0,False
17,True,time_of_day,midday,ToD-ACI,0.872,9.284744521645022,250,1.0,False
17,True,time_of_day,pm_rush,ToD-ACI,0.8596491228070176,10.524754219654074,171,1.0,False
17,True,time_of_day,evening,ToD-ACI,0.9316239316239316,11.92789679148012,117,1.0,False
17,True,day_of_week,Sat,split-CP,0.944,8.985331741221737,250,0.1528295627562024,False
17,True,day_of_week,Sun,split-CP,0.96,9.868398518518516,250,0.1528295627562024,False
17,True,day_of_week,Mon,split-CP,0.8541666666666666,10.059759897670482,288,0.1528295627562024,False
17,True,day_of_week,Tue,split-CP,0.9074889867841409,9.642976307018156,227,0.1528295627562024,False
17,True,day_of_week,Sat,Mondrian-split-CP,0.928,7.847229122174124,250,0.1528295627562024,False
17,True,day_of_week,Sun,Mondrian-split-CP,0.892,8.706983132275134,250,0.1528295627562024,False
17,True,day_of_week,Mon,Mondrian-split-CP,0.7534722222222222,9.297972796333044,288,0.1528295627562024,False
17,True,day_of_week,Tue,Mondrian-split-CP,0.9030837004405287,8.273809214973316,227,0.1528295627562024,False
17,True,day_of_week,Sat,ACI,0.92,8.28018641847042,250,0.1528295627562024,False
17,True,day_of_week,Sun,ACI,0.92,8.101241814814816,250,0.1528295627562024,False
17,True,day_of_week,Mon,ACI,0.8194444444444444,8.793973678167255,288,0.1528295627562024,False
17,True,day_of_week,Tue,ACI,0.9118942731277533,9.782240125981868,227,0.1528295627562024,False
17,True,day_of_week,Sat,ToD-ACI,0.92,7.6827328443963445,250,0.1528295627562024,False
17,True,day_of_week,Sun,ToD-ACI,0.892,8.356856558201056,250,0.1528295627562024,False
17,True,day_of_week,Mon,ToD-ACI,0.8159722222222222,9.418645388867178,288,0.1528295627562024,False
17,True,day_of_week,Tue,ToD-ACI,0.9427312775330396,9.468354370747544,227,0.1528295627562024,False
17,True,occupancy_tercile,mid,split-CP,0.8904593639575972,10.147526455026451,283,0.6659103921108399,False
17,True,occupancy_tercile,high,split-CP,1.0,10.14752645502645,368,0.6659103921108399,False
17,True,occupancy_tercile,low,split-CP,0.8461538461538461,8.773514601469955,364,0.6659103921108399,False
17,True,occupancy_tercile,mid,Mondrian-split-CP,0.7915194346289752,9.954289317965117,283,0.6659103921108399,False
17,True,occupancy_tercile,high,Mondrian-split-CP,0.8885869565217391,6.027931213336788,368,0.6659103921108399,False
17,True,occupancy_tercile,low,Mondrian-split-CP,0.8956043956043956,10.052696036437109,364,0.6659103921108399,False
17,True,occupancy_tercile,mid,ACI,0.8374558303886925,8.789441163273318,283,0.6659103921108399,False
17,True,occupancy_tercile,high,ACI,0.9836956521739131,9.168130395243846,368,0.6659103921108399,False
17,True,occupancy_tercile,low,ACI,0.8351648351648352,8.206885031800212,364,0.6659103921108399,False
17,True,occupancy_tercile,mid,ToD-ACI,0.7667844522968198,9.395996308788712,283,0.6659103921108399,False
17,True,occupancy_tercile,high,ToD-ACI,0.9918478260869565,7.16634031372211,368,0.6659103921108399,False
17,True,occupancy_tercile,low,ToD-ACI,0.8791208791208791,9.82281174166442,364,0.6659103921108399,False
17,True,random_5,r0,split-CP,0.9299065420560748,9.59670744072905,214,0.06121431335981023,False
17,True,random_5,r3,split-CP,0.909952606635071,9.7203157300835,211,0.06121431335981023,False
17,True,random_5,r2,split-CP,0.9017857142857143,9.588575736370933,224,0.06121431335981023,False
17,True,random_5,r4,split-CP,0.92,9.73889864417989,200,0.06121431335981023,False
17,True,random_5,r1,split-CP,0.9096385542168675,9.63431525307579,166,0.06121431335981023,False
17,True,random_5,r0,Mondrian-split-CP,0.897196261682243,8.187033838889567,214,0.06121431335981023,False
17,True,random_5,r3,Mondrian-split-CP,0.8720379146919431,8.985304019659472,211,0.06121431335981023,False
17,True,random_5,r2,Mondrian-split-CP,0.8392857142857143,8.628624849418937,224,0.06121431335981023,False
17,True,random_5,r4,Mondrian-split-CP,0.855,8.494467182539687,200,0.06121431335981023,False
17,True,random_5,r1,Mondrian-split-CP,0.8554216867469879,8.523458604258304,166,0.06121431335981023,False
17,True,random_5,r0,ACI,0.9205607476635514,8.688192096195602,214,0.06121431335981023,False
17,True,random_5,r3,ACI,0.8815165876777251,8.905817570024324,211,0.06121431335981023,False
17,True,random_5,r2,ACI,0.8794642857142857,8.697984575774756,224,0.06121431335981023,False
17,True,random_5,r4,ACI,0.885,8.704631931216932,200,0.06121431335981023,False
17,True,random_5,r1,ACI,0.8795180722891566,8.55972553706891,166,0.06121431335981023,False
17,True,random_5,r0,ToD-ACI,0.9158878504672897,8.501006158042372,214,0.06121431335981023,False
17,True,random_5,r3,ToD-ACI,0.8815165876777251,9.009085303212673,211,0.06121431335981023,False
17,True,random_5,r2,ToD-ACI,0.8839285714285714,8.830452836990226,224,0.06121431335981023,False
17,True,random_5,r4,ToD-ACI,0.885,8.715164775132278,200,0.06121431335981023,False
17,True,random_5,r1,ToD-ACI,0.8734939759036144,8.618053960792663,166,0.06121431335981023,False
18,True,time_of_day,night,split-CP,1.0,11.27821031746031,285,1.0,False
18,True,time_of_day,am_rush,split-CP,0.8958333333333334,11.278210317460307,192,1.0,False
18,True,time_of_day,midday,split-CP,0.92,11.278210317460307,250,1.0,False
18,True,time_of_day,pm_rush,split-CP,0.9415204678362573,11.278210317460305,171,1.0,False
18,True,time_of_day,evening,split-CP,0.9914529914529915,11.278210317460307,117,1.0,False
18,True,time_of_day,night,Mondrian-split-CP,0.9543859649122807,2.461809523809535,285,1.0,False
18,True,time_of_day,am_rush,Mondrian-split-CP,0.984375,22.012973544973544,192,1.0,False
18,True,time_of_day,midday,Mondrian-split-CP,0.952,13.450126984126982,250,1.0,False
18,True,time_of_day,pm_rush,Mondrian-split-CP,0.935672514619883,10.200321428571442,171,1.0,False
18,True,time_of_day,evening,Mondrian-split-CP,0.9572649572649573,4.558063492063497,117,1.0,False
18,True,time_of_day,night,ACI,0.9964912280701754,7.782110851624007,285,1.0,False
18,True,time_of_day,am_rush,ACI,0.7447916666666666,7.131710857333253,192,1.0,False
18,True,time_of_day,midday,ACI,0.852,9.03333883261183,250,1.0,False
18,True,time_of_day,pm_rush,ACI,0.8947368421052632,8.92104891085739,171,1.0,False
18,True,time_of_day,evening,ACI,0.9743589743589743,8.146472527472529,117,1.0,False
18,True,time_of_day,night,ToD-ACI,0.9403508771929825,2.134051202079273,285,1.0,False
18,True,time_of_day,am_rush,ToD-ACI,0.890625,14.428085544808198,192,1.0,False
18,True,time_of_day,midday,ToD-ACI,0.9,11.225371888888889,250,1.0,False
18,True,time_of_day,pm_rush,ToD-ACI,0.8771929824561403,9.29946326464309,171,1.0,False
18,True,time_of_day,evening,ToD-ACI,0.8974358974358975,3.887975724892386,117,1.0,False
18,True,day_of_week,Sat,split-CP,0.988,11.278210317460307,250,0.1528295627562024,False
18,True,day_of_week,Sun,split-CP,1.0,11.278210317460307,250,0.1528295627562024,False
18,True,day_of_week,Mon,split-CP,0.8819444444444444,11.278210317460305,288,0.1528295627562024,False
18,True,day_of_week,Tue,split-CP,0.9383259911894273,11.278210317460307,227,0.1528295627562024,False
18,True,day_of_week,Sat,Mondrian-split-CP,0.98,10.794515682539688,250,0.1528295627562024,False
18,True,day_of_week,Sun,Mondrian-split-CP,0.964,9.598319238095247,250,0.1528295627562024,False
18,True,day_of_week,Mon,Mondrian-split-CP,0.9201388888888888,10.106543871252212,288,0.1528295627562024,False
18,True,day_of_week,Tue,Mondrian-split-CP,0.9691629955947136,11.274420302776036,227,0.1528295627562024,False
18,True,day_of_week,Sat,ACI,0.952,8.971087968253967,250,0.1528295627562024,False
18,True,day_of_week,Sun,ACI,0.948,5.508568986050985,250,0.1528295627562024,False
18,True,day_of_week,Mon,ACI,0.78125,7.954679462448557,288,0.1528295627562024,False
18,True,day_of_week,Tue,ACI,0.9118942731277533,10.631275379661945,227,0.1528295627562024,False
18,True,day_of_week,Sat,ToD-ACI,0.98,10.008694714285717,250,0.1528295627562024,False
18,True,day_of_week,Sun,ToD-ACI,0.952,6.996893448773447,250,0.1528295627562024,False
18,True,day_of_week,Mon,ToD-ACI,0.78125,6.882370577050263,288,0.1528295627562024,False
18,True,day_of_week,Tue,ToD-ACI,0.9295154185022027,8.794368284269163,227,0.1528295627562024,False
18,True,occupancy_tercile,high,split-CP,0.9972144846796658,11.278210317460307,359,0.49946846673636397,False
18,True,occupancy_tercile,mid,split-CP,0.9848942598187311,11.278210317460308,331,0.49946846673636397,False
18,True,occupancy_tercile,low,split-CP,0.8615384615384616,11.278210317460307,325,0.49946846673636397,False
18,True,occupancy_tercile,high,Mondrian-split-CP,0.9526462395543176,8.465745199039079,359,0.49946846673636397,False
18,True,occupancy_tercile,mid,Mondrian-split-CP,0.9879154078549849,8.044261177448496,331,0.49946846673636397,False
18,True,occupancy_tercile,low,Mondrian-split-CP,0.9292307692307692,14.973334761904765,325,0.49946846673636397,False
18,True,occupancy_tercile,high,ACI,0.9721448467966574,7.382863767667388,359,0.49946846673636397,False
18,True,occupancy_tercile,mid,ACI,0.9486404833836858,7.7087970297857,331,0.49946846673636397,False
18,True,occupancy_tercile,low,ACI,0.7507692307692307,9.606466232286232,325,0.49946846673636397,False
18,True,occupancy_tercile,high,ToD-ACI,0.9331476323119777,7.244193319988583,359,0.49946846673636397,False
18,True,occupancy_tercile,mid,ToD-ACI,0.972809667673716,5.724380772550711,331,0.49946846673636397,False
18,True,occupancy_tercile,low,ToD-ACI,0.8061538461538461,11.490479784289784,325,0.49946846673636397,False
18,True,random_5,r0,split-CP,0.9485981308411215,11.278210317460305,214,0.06121431335981023,False
18,True,random_5,r3,split-CP,0.9478672985781991,11.278210317460305,211,0.06121431335981023,False
18,True,random_5,r2,split-CP,0.9241071428571429,11.278210317460308,224,0.06121431335981023,False
18,True,random_5,r4,split-CP,0.96,11.278210317460307,200,0.06121431335981023,False
18,True,random_5,r1,split-CP,0.9759036144578314,11.278210317460307,166,0.06121431335981023,False
18,True,random_5,r0,Mondrian-split-CP,0.9345794392523364,10.097755952380957,214,0.06121431335981023,False
18,True,random_5,r3,Mondrian-split-CP,0.957345971563981,10.494977607261973,211,0.06121431335981023,False
18,True,random_5,r2,Mondrian-split-CP,0.9464285714285714,10.331767798091464,224,0.06121431335981023,False
18,True,random_5,r4,Mondrian-split-CP,0.97,10.70771671296297,200,0.06121431335981023,False
18,True,random_5,r1,Mondrian-split-CP,0.9819277108433735,10.463659009052087,166,0.06121431335981023,False
18,True,random_5,r0,ACI,0.897196261682243,8.044978588173683,214,0.06121431335981023,False
18,True,random_5,r3,ACI,0.8672985781990521,8.60478457276443,211,0.06121431335981023,False
18,True,random_5,r2,ACI,0.8839285714285714,8.504153243746993,224,0.06121431335981023,False
18,True,random_5,r4,ACI,0.9,7.8199808207070705,200,0.06121431335981023,False
18,True,random_5,r1,ACI,0.927710843373494,7.939758924587237,166,0.06121431335981023,False
18,True,random_5,r0,ToD-ACI,0.897196261682243,7.585926800267922,214,0.06121431335981023,False
18,True,random_5,r3,ToD-ACI,0.9146919431279621,8.48065770147879,211,0.06121431335981023,False
18,True,random_5,r2,ToD-ACI,0.8928571428571429,8.390464705516044,224,0.06121431335981023,False
18,True,random_5,r4,ToD-ACI,0.92,7.837699709595959,200,0.06121431335981023,False
18,True,random_5,r1,ToD-ACI,0.9036144578313253,8.253194103977238,166,0.06121431335981023,False
19,True,time_of_day,night,split-CP,0.9894736842105263,12.942392857142863,285,1.0,False
19,True,time_of_day,am_rush,split-CP,0.890625,12.255415061452823,192,1.0,False
19,True,time_of_day,midday,split-CP,0.868,10.789075716931217,250,1.0,False
19,True,time_of_day,pm_rush,split-CP,0.9064327485380117,12.898465416487348,171,1.0,False
19,True,time_of_day,evening,split-CP,0.9743589743589743,12.942392857142854,117,1.0,False
19,True,time_of_day,night,Mondrian-split-CP,0.9754385964912281,6.35855555555554,285,1.0,False
19,True,time_of_day,am_rush,Mondrian-split-CP,0.9895833333333334,20.712167510609564,192,1.0,False
19,True,time_of_day,midday,Mondrian-split-CP,0.868,10.792050137566138,250,1.0,False
19,True,time_of_day,pm_rush,Mondrian-split-CP,0.9415204678362573,15.713928449068797,171,1.0,False
19,True,time_of_day,evening,Mondrian-split-CP,0.8803418803418803,9.208634920634923,117,1.0,False
19,True,time_of_day,night,ACI,0.968421052631579,7.850801555656818,285,1.0,False
19,True,time_of_day,am_rush,ACI,0.75,10.647797148067982,192,1.0,False
19,True,time_of_day,midday,ACI,0.884,12.48753177128427,250,1.0,False
19,True,time_of_day,pm_rush,ACI,0.8830409356725146,13.848187110945153,171,1.0,False
19,True,time_of_day,evening,ACI,0.9401709401709402,11.687957732596626,117,1.0,False
19,True,time_of_day,night,ToD-ACI,0.887719298245614,4.67902228846527,285,1.0,False
19,True,time_of_day,am_rush,ToD-ACI,0.8854166666666666,12.330318100398829,192,1.0,False
19,True,time_of_day,midday,ToD-ACI,0.892,12.438127683982684,250,1.0,False
19,True,time_of_day,pm_rush,ToD-ACI,0.8713450292397661,13.130123066153038,171,1.0,False
19,True,time_of_day,evening,ToD-ACI,0.8888888888888888,9.634000286750284,117,1.0,False
19,True,day_of_week,Sat,split-CP,0.932,11.459163619047622,250,0.1528295627562024,False
19,True,day_of_week,Sun,split-CP,0.932,12.642136497354501,250,0.1528295627562024,False
19,True,day_of_week,Mon,split-CP,0.9340277777777778,12.729814365547007,288,0.1528295627562024,False
19,True,day_of_week,Tue,split-CP,0.8986784140969163,12.190645680372006,227,0.1528295627562024,False
19,True,day_of_week,Sat,Mondrian-split-CP,0.936,11.23527986507936,250,0.1528295627562024,False
19,True,day_of_week,Sun,Mondrian-split-CP,0.944,12.149415791005286,250,0.1528295627562024,False
19,True,day_of_week,Mon,Mondrian-split-CP,0.9236111111111112,12.425750258036711,288,0.1528295627562024,False
19,True,day_of_week,Tue,Mondrian-split-CP,0.9383259911894273,12.452154590005353,227,0.1528295627562024,False
19,True,day_of_week,Sat,ACI,0.9,11.261342569023569,250,0.1528295627562024,False
19,True,day_of_week,Sun,ACI,0.904,10.926625935064935,250,0.1528295627562024,False
19,True,day_of_week,Mon,ACI,0.875,10.958360296708822,288,0.1528295627562024,False
19,True,day_of_week,Tue,ACI,0.8766519823788547,10.732465188649662,227,0.1528295627562024,False
19,True,day_of_week,Sat,ToD-ACI,0.912,11.094590465367965,250,0.1528295627562024,False
19,True,day_of_week,Sun,ToD-ACI,0.916,9.390509759259261,250,0.1528295627562024,False
19,True,day_of_week,Mon,ToD-ACI,0.8541666666666666,9.239373820671997,288,0.1528295627562024,False
19,True,day_of_week,Tue,ToD-ACI,0.8634361233480177,10.575721188706872,227,0.1528295627562024,False
19,True,occupancy_tercile,high,split-CP,0.9894736842105263,12.942392857142861,380,0.6804091743593248,False
19,True,occupancy_tercile,mid,split-CP,0.911660777385159,12.942392857142858,283,0.6804091743593248,False
19,True,occupancy_tercile,low,split-CP,0.8664772727272727,11.016993385047718,352,0.6804091743593248,False
19,True,occupancy_tercile,high,Mondrian-split-CP,0.9763157894736842,8.931011842105251,380,0.6804091743593248,False
19,True,occupancy_tercile,mid,Mondrian-split-CP,0.9293286219081273,15.92993493746144,283,0.6804091743593248,False
19,True,occupancy_tercile,low,Mondrian-split-CP,0.8948863636363636,12.356457366378885,352,0.6804091743593248,False
19,True,occupancy_tercile,high,ACI,0.9236842105263158,7.5705554928989125,380,0.6804091743593248,False
19,True,occupancy_tercile,mid,ACI,0.8551236749116607,12.75799774839086,283,0.6804091743593248,False
19,True,occupancy_tercile,low,ACI,0.8778409090909091,13.215752952277102,352,0.6804091743593248,False
19,True,occupancy_tercile,high,ToD-ACI,0.9026315789473685,6.118916224589251,380,0.6804091743593248,False
19,True,occupancy_tercile,mid,ToD-ACI,0.8798586572438163,12.728771321663547,283,0.6804091743593248,False
19,True,occupancy_tercile,low,ToD-ACI,0.8721590909090909,12.089411866398017,352,0.6804091743593248,False
19,True,random_5,r0,split-CP,0.9439252336448598,12.389956707709045,214,0.06121431335981023,False
19,True,random_5,r3,split-CP,0.9146919431279621,12.181426101456907,211,0.06121431335981023,False
19,True,random_5,r2,split-CP,0.9375,12.092676157300044,224,0.06121431335981023,False
19,True,random_5,r4,split-CP,0.94,12.44254711640212,200,0.06121431335981023,False
19,True,random_5,r1,split-CP,0.8795180722891566,12.287877171383949,166,0.06121431335981023,False
19,True,random_5,r0,Mondrian-split-CP,0.9439252336448598,11.930004796518816,214,0.06121431335981023,False
19,True,random_5,r3,Mondrian-split-CP,0.9478672985781991,12.150439629880385,211,0.06121431335981023,False
19,True,random_5,r2,Mondrian-split-CP,0.9375,11.755944770300792,224,0.06121431335981023,False
19,True,random_5,r4,Mondrian-split-CP,0.945,12.474744126984122,200,0.06121431335981023,False
19,True,random_5,r1,Mondrian-split-CP,0.891566265060241,12.08665565037929,166,0.06121431335981023,False
19,True,random_5,r0,ACI,0.9112149532710281,10.707394061329808,214,0.06121431335981023,False
19,True,random_5,r3,ACI,0.8909952606635071,11.321803250856568,211,0.06121431335981023,False
19,True,random_5,r2,ACI,0.8839285714285714,10.87575222543247,224,0.06121431335981023,False
19,True,random_5,r4,ACI,0.92,10.941345537518037,200,0.06121431335981023,False
19,True,random_5,r1,ACI,0.8253012048192772,11.051500411096043,166,0.06121431335981023,False
19,True,random_5,r0,ToD-ACI,0.897196261682243,9.497904531519017,214,0.06121431335981023,False
19,True,random_5,r3,ToD-ACI,0.9004739336492891,10.389682479272526,211,0.06121431335981023,False
19,True,random_5,r2,ToD-ACI,0.8839285714285714,10.252356480139406,224,0.06121431335981023,False
19,True,random_5,r4,ToD-ACI,0.895,9.898758823653198,200,0.06121431335981023,False
19,True,random_5,r1,ToD-ACI,0.8433734939759037,10.131621910803387,166,0.06121431335981023,False
20,True,time_of_day,night,split-CP,0.9964912280701754,11.140940476190474,285,1.0,False
20,True,time_of_day,am_rush,split-CP,0.9114583333333334,11.049125799162255,192,1.0,False
20,True,time_of_day,midday,split-CP,0.884,10.485108921596918,250,1.0,False
20,True,time_of_day,pm_rush,split-CP,0.9415204678362573,11.140940476190474,171,1.0,False
20,True,time_of_day,evening,split-CP,1.0,11.140940476190474,117,1.0,False
20,True,time_of_day,night,Mondrian-split-CP,0.9298245614035088,2.2765873015872984,285,1.0,False
20,True,time_of_day,am_rush,Mondrian-split-CP,0.9791666666666666,15.442360633627558,192,1.0,False
20,True,time_of_day,midday,Mondrian-split-CP,0.964,13.224452127946124,250,1.0,False
20,True,time_of_day,pm_rush,Mondrian-split-CP,0.9532163742690059,12.196285714285711,171,1.0,False
20,True,time_of_day,evening,Mondrian-split-CP,0.9743589743589743,5.163707671957668,117,1.0,False
20,True,time_of_day,night,ACI,0.9789473684210527,6.32900174425964,285,1.0,False
20,True,time_of_day,am_rush,ACI,0.78125,5.66753706688277,192,1.0,False
20,True,time_of_day,midday,ACI,0.82,8.961241671550672,250,1.0,False
20,True,time_of_day,pm_rush,ACI,0.935672514619883,9.092519554194991,171,1.0,False
20,True,time_of_day,evening,ACI,0.9487179487179487,5.998308129904285,117,1.0,False
20,True,time_of_day,night,ToD-ACI,0.9087719298245615,1.9084268676742349,285,1.0,False
20,True,time_of_day,am_rush,ToD-ACI,0.8854166666666666,10.158444861947467,192,1.0,False
20,True,time_of_day,midday,ToD-ACI,0.888,11.011039738816738,250,1.0,False
20,True,time_of_day,pm_rush,ToD-ACI,0.8713450292397661,8.59743737078386,171,1.0,False
20,True,time_of_day,evening,ToD-ACI,0.9658119658119658,4.475528241306021,117,1.0,False
20,True,day_of_week,Sat,split-CP,0.972,11.140940476190474,250,0.1528295627562024,False
20,True,day_of_week,Sun,split-CP,1.0,11.140940476190474,250,0.1528295627562024,False
20,True,day_of_week,Mon,split-CP,0.9270833333333334,10.691313809807731,288,0.1528295627562024,False
20,True,day_of_week,Tue,split-CP,0.8722466960352423,10.911452252756215,227,0.1528295627562024,False
20,True,day_of_week,Sat,Mondrian-split-CP,0.98,10.11825944444444,250,0.1528295627562024,False
20,True,day_of_week,Sun,Mondrian-split-CP,0.984,8.935865079365076,250,0.1528295627562024,False
20,True,day_of_week,Mon,Mondrian-split-CP,0.96875,8.993079741117931,288,0.1528295627562024,False
20,True,day_of_week,Tue,Mondrian-split-CP,0.8854625550660793,9.93856481481481,227,0.1528295627562024,False
20,True,day_of_week,Sat,ACI,0.932,8.401044282828282,250,0.1528295627562024,False
20,True,day_of_week,Sun,ACI,0.932,4.610679611351611,250,0.1528295627562024,False
20,True,day_of_week,Mon,ACI,0.8506944444444444,6.553754461025729,288,0.1528295627562024,False
20,True,day_of_week,Tue,ACI,0.8546255506607929,9.905082240039286,227,0.1528295627562024,False
20,True,day_of_week,Sat,ToD-ACI,0.964,8.990626412698411,250,0.1528295627562024,False
20,True,day_of_week,Sun,ToD-ACI,0.976,5.90213172005772,250,0.1528295627562024,False
20,True,day_of_week,Mon,ToD-ACI,0.8263888888888888,5.246365991936305,288,0.1528295627562024,False
20,True,day_of_week,Tue,ToD-ACI,0.8370044052863436,8.84025841962736,227,0.1528295627562024,False
20,True,occupancy_tercile,high,split-CP,0.9943820224719101,11.140940476190472,534,0.5669176280534938,False
20,True,occupancy_tercile,mid,split-CP,0.978494623655914,11.14094047619047,186,0.5669176280534938,False
20,True,occupancy_tercile,low,split-CP,0.8305084745762712,10.525393674028416,295,0.5669176280534938,False
20,True,occupancy_tercile,high,Mondrian-split-CP,0.9588014981273408,6.866451016090994,534,0.5669176280534938,False
20,True,occupancy_tercile,mid,Mondrian-split-CP,0.9838709677419355,11.460941471809747,186,0.5669176280534938,False
20,True,occupancy_tercile,low,Mondrian-split-CP,0.9355932203389831,12.919228315281703,295,0.5669176280534938,False
20,True,occupancy_tercile,high,ACI,0.9606741573033708,5.992658880306822,534,0.5669176280534938,False
20,True,occupancy_tercile,mid,ACI,0.8602150537634409,6.390617958753713,186,0.5669176280534938,False
20,True,occupancy_tercile,low,ACI,0.7864406779661017,10.169936082702607,295,0.5669176280534938,False
20,True,occupancy_tercile,high,ToD-ACI,0.9419475655430711,4.749296062776868,534,0.5669176280534938,False
20,True,occupancy_tercile,mid,ToD-ACI,0.9301075268817204,9.3822070202796,186,0.5669176280534938,False
20,True,occupancy_tercile,low,ToD-ACI,0.8033898305084746,10.032769480770328,295,0.5669176280534938,False
20,True,random_5,r0,split-CP,0.9485981308411215,11.061166675938285,214,0.06121431335981023,False
20,True,random_5,r3,split-CP,0.9383886255924171,10.986027985793386,211,0.06121431335981023,False
20,True,random_5,r2,split-CP,0.9330357142857143,10.892249421296293,224,0.06121431335981023,False
20,True,random_5,r4,split-CP,0.945,11.000729338624337,200,0.06121431335981023,False
20,True,random_5,r1,split-CP,0.9578313253012049,10.851307017753552,166,0.06121431335981023,False
20,True,random_5,r0,Mondrian-split-CP,0.9532710280373832,9.173745744325766,214,0.06121431335981023,False
20,True,random_5,r3,Mondrian-split-CP,0.9715639810426541,9.633613159067538,211,0.06121431335981023,False
20,True,random_5,r2,Mondrian-split-CP,0.9419642857142857,9.5507077587178,224,0.06121431335981023,False
20,True,random_5,r4,Mondrian-split-CP,0.95,9.495344847883594,200,0.06121431335981023,False
20,True,random_5,r1,Mondrian-split-CP,0.9698795180722891,9.489703831197806,166,0.06121431335981023,False
20,True,random_5,r0,ACI,0.897196261682243,6.911409358100363,214,0.06121431335981023,False
20,True,random_5,r3,ACI,0.8767772511848341,7.654452178789263,211,0.06121431335981023,False
20,True,random_5,r2,ACI,0.8883928571428571,7.885449966452198,224,0.06121431335981023,False
20,True,random_5,r4,ACI,0.885,6.826907256956007,200,0.06121431335981023,False
20,True,random_5,r1,ACI,0.9156626506024096,7.006100425149372,166,0.06121431335981023,False
20,True,random_5,r0,ToD-ACI,0.9018691588785047,6.8908337095363965,214,0.06121431335981023,False
20,True,random_5,r3,ToD-ACI,0.909952606635071,7.359818082939529,211,0.06121431335981023,False
20,True,random_5,r2,ToD-ACI,0.8839285714285714,7.3561285340197164,224,0.06121431335981023,False
20,True,random_5,r4,ToD-ACI,0.895,6.834827000060125,200,0.06121431335981023,False
20,True,random_5,r1,ToD-ACI,0.9096385542168675,7.2203818021001736,166,0.06121431335981023,False
21,True,time_of_day,night,split-CP,1.0,9.584777777777772,285,1.0,False
21,True,time_of_day,am_rush,split-CP,0.921875,9.584777777777774,192,1.0,False
21,True,time_of_day,midday,split-CP,0.852,9.584777777777774,250,1.0,False
21,True,time_of_day,pm_rush,split-CP,0.8362573099415205,9.114436206256377,171,1.0,False
21,True,time_of_day,evening,split-CP,0.9572649572649573,9.584777777777775,117,1.0,False
21,True,time_of_day,night,Mondrian-split-CP,0.9263157894736842,3.9464920634920593,285,1.0,False
21,True,time_of_day,am_rush,Mondrian-split-CP,0.8385416666666666,6.552144300144306,192,1.0,False
21,True,time_of_day,midday,Mondrian-split-CP,0.916,11.492863756613758,250,1.0,False
21,True,time_of_day,pm_rush,Mondrian-split-CP,0.9005847953216374,12.012532859927594,171,1.0,False
21,True,time_of_day,evening,Mondrian-split-CP,0.8974358974358975,6.4107804232804115,117,1.0,False
21,True,time_of_day,night,ACI,0.9859649122807017,8.470825311173556,285,1.0,False
21,True,time_of_day,am_rush,ACI,0.8333333333333334,7.137612285428691,192,1.0,False
21,True,time_of_day,midday,ACI,0.832,9.470832294853295,250,1.0,False
21,True,time_of_day,pm_rush,ACI,0.8596491228070176,11.070398316217029,171,1.0,False
21,True,time_of_day,evening,ACI,0.9829059829059829,10.250738075710299,117,1.0,False
21,True,time_of_day,night,ToD-ACI,0.8947368421052632,3.3002154877935577,285,1.0,False
21,True,time_of_day,am_rush,ToD-ACI,0.90625,8.897382836925807,192,1.0,False
21,True,time_of_day,midday,ToD-ACI,0.896,11.087306436267436,250,1.0,False
21,True,time_of_day,pm_rush,ToD-ACI,0.9239766081871345,23.72091829742707,171,1.0,False
21,True,time_of_day,evening,ToD-ACI,0.905982905982906,7.427327285882842,117,1.0,False
21,True,day_of_week,Sat,split-CP,0.856,9.263064142857138,250,0.1528295627562024,False
21,True,day_of_week,Sun,split-CP,0.988,9.584777777777774,250,0.1528295627562024,False
21,True,day_of_week,Mon,split-CP,0.8958333333333334,9.584777777777774,288,0.1528295627562024,False
21,True,day_of_week,Tue,split-CP,0.9295154185022027,9.584777777777775,227,0.1528295627562024,False
21,True,day_of_week,Sat,Mondrian-split-CP,0.848,7.811234531024531,250,0.1528295627562024,False
21,True,day_of_week,Sun,Mondrian-split-CP,0.968,7.607199398749396,250,0.1528295627562024,False
21,True,day_of_week,Mon,Mondrian-split-CP,0.8819444444444444,8.11989122374539,288,0.1528295627562024,False
21,True,day_of_week,Tue,Mondrian-split-CP,0.9030837004405287,8.224868531126239,227,0.1528295627562024,False
21,True,day_of_week,Sat,ACI,0.876,10.579652843193843,250,0.1528295627562024,False
21,True,day_of_week,Sun,ACI,0.956,8.951833265993264,250,0.1528295627562024,False
21,True,day_of_week,Mon,ACI,0.8784722222222222,8.655652508467613,288,0.1528295627562024,False
21,True,day_of_week,Tue,ACI,0.8810572687224669,8.23343552156768,227,0.1528295627562024,False
21,True,day_of_week,Sat,ToD-ACI,0.88,10.17082740788841,250,0.1528295627562024,False
21,True,day_of_week,Sun,ToD-ACI,0.936,12.135318463684467,250,0.1528295627562024,False
21,True,day_of_week,Mon,ToD-ACI,0.8854166666666666,9.54808844605112,288,0.1528295627562024,False
21,True,day_of_week,Tue,ToD-ACI,0.9162995594713657,8.896801360044753,227,0.1528295627562024,False
21,True,occupancy_tercile,mid,split-CP,0.9005376344086021,9.584777777777772,372,0.4614041809161255,False
21,True,occupancy_tercile,high,split-CP,0.9862700228832952,9.584777777777774,437,0.4614041809161255,False
21,True,occupancy_tercile,low,split-CP,0.7961165048543689,9.194348609184772,206,0.4614041809161255,False
21,True,occupancy_tercile,mid,Mondrian-split-CP,0.8682795698924731,8.659808999493139,372,0.4614041809161255,False
21,True,occupancy_tercile,high,Mondrian-split-CP,0.9427917620137299,6.037314179718069,437,0.4614041809161255,False
21,True,occupancy_tercile,low,Mondrian-split-CP,0.8640776699029126,10.681684791745472,206,0.4614041809161255,False
21,True,occupancy_tercile,mid,ACI,0.8844086021505376,9.91857519123648,372,0.4614041809161255,False
21,True,occupancy_tercile,high,ACI,0.9427917620137299,7.26226101925873,437,0.4614041809161255,False
21,True,occupancy_tercile,low,ACI,0.8252427184466019,11.560054740656682,206,0.4614041809161255,False
21,True,occupancy_tercile,mid,ToD-ACI,0.8817204301075269,9.87264189869768,372,0.4614041809161255,False
21,True,occupancy_tercile,high,ToD-ACI,0.9382151029748284,8.684012309814943,437,0.4614041809161255,False
21,True,occupancy_tercile,low,ToD-ACI,0.8689320388349514,13.972930501851618,206,0.4614041809161255,False
21,True,random_5,r0,split-CP,0.9392523364485982,9.584777777777775,214,0.06121431335981023,False
21,True,random_5,r3,split-CP,0.8909952606635071,9.491152994057018,211,0.06121431335981023,False
21,True,random_5,r2,split-CP,0.9196428571428571,9.512953939909291,224,0.06121431335981023,False
21,True,random_5,r4,split-CP,0.92,9.47098934523809,200,0.06121431335981023,False
21,True,random_5,r1,split-CP,0.9096385542168675,9.453287698412693,166,0.06121431335981023,False
21,True,random_5,r0,Mondrian-split-CP,0.9252336448598131,7.679344637406553,214,0.06121431335981023,False
21,True,random_5,r3,Mondrian-split-CP,0.8625592417061612,8.07278146164876,211,0.06121431335981023,False
21,True,random_5,r2,Mondrian-split-CP,0.9107142857142857,8.310532479342745,224,0.06121431335981023,False
21,True,random_5,r4,Mondrian-split-CP,0.91,7.570419710197209,200,0.06121431335981023,False
21,True,random_5,r1,Mondrian-split-CP,0.8855421686746988,8.059050923028332,166,0.06121431335981023,False
21,True,random_5,r0,ACI,0.9299065420560748,9.168795422516217,214,0.06121431335981023,False
21,True,random_5,r3,ACI,0.8578199052132701,9.296686027790885,211,0.06121431335981023,False
21,True,random_5,r2,ACI,0.90625,9.542985718150897,224,0.06121431335981023,False
21,True,random_5,r4,ACI,0.915,8.5930376996152,200,0.06121431335981023,False
21,True,random_5,r1,ACI,0.8734939759036144,8.823674699157381,166,0.06121431335981023,False
21,True,random_5,r0,ToD-ACI,0.9252336448598131,10.454487059626079,214,0.06121431335981023,False
21,True,random_5,r3,ToD-ACI,0.8720379146919431,9.911472172070514,211,0.06121431335981023,False
21,True,random_5,r2,ToD-ACI,0.9241071428571429,10.838307076397475,224,0.06121431335981023,False
21,True,random_5,r4,ToD-ACI,0.91,9.759165062530064,200,0.06121431335981023,False
21,True,random_5,r1,ToD-ACI,0.8795180722891566,9.866055375904773,166,0.06121431335981023,False
22,True,time_of_day,night,split-CP,1.0,15.81519841269841,285,1.0,False
22,True,time_of_day,am_rush,split-CP,0.9010416666666666,15.241242179984363,192,1.0,False
22,True,time_of_day,midday,split-CP,0.852,15.642672373015868,250,1.0,False
22,True,time_of_day,pm_rush,split-CP,0.9298245614035088,15.81519841269841,171,1.0,False
22,True,time_of_day,evening,split-CP,0.9572649572649573,15.81519841269841,117,1.0,False
22,True,time_of_day,night,Mondrian-split-CP,1.0,7.64192460317463,285,1.0,False
22,True,time_of_day,am_rush,Mondrian-split-CP,0.9375,18.554459121535295,192,1.0,False
22,True,time_of_day,midday,Mondrian-split-CP,0.936,24.966962759259246,250,1.0,False
22,True,time_of_day,pm_rush,Mondrian-split-CP,0.9298245614035088,14.733133597883581,171,1.0,False
22,True,time_of_day,evening,Mondrian-split-CP,0.905982905982906,6.112341269841295,117,1.0,False
22,True,time_of_day,night,ACI,0.9859649122807017,10.082990436950965,285,1.0,False
22,True,time_of_day,am_rush,ACI,0.7604166666666666,9.09194610205092,192,1.0,False
22,True,time_of_day,midday,ACI,0.872,17.752305128760128,250,1.0,False
22,True,time_of_day,pm_rush,ACI,0.9064327485380117,14.178840678219332,171,1.0,False
22,True,time_of_day,evening,ACI,0.9487179487179487,10.239454427259986,117,1.0,False
22,True,time_of_day,night,ToD-ACI,0.8982456140350877,3.6083416760951823,285,1.0,False
22,True,time_of_day,am_rush,ToD-ACI,0.8958333333333334,15.8938953042039,192,1.0,False
22,True,time_of_day,midday,ToD-ACI,0.92,20.13117003968254,250,1.0,False
22,True,time_of_day,pm_rush,ToD-ACI,0.8830409356725146,11.770173722746822,171,1.0,False
22,True,time_of_day,evening,ToD-ACI,0.8888888888888888,4.62117948717949,117,1.0,False
22,True,day_of_week,Sat,split-CP,0.96,15.815198412698408,250,0.1528295627562024,False
22,True,day_of_week,Sun,split-CP,0.996,15.815198412698408,250,0.1528295627562024,False
22,True,day_of_week,Mon,split-CP,0.84375,15.282798736997952,288,0.1528295627562024,False
22,True,day_of_week,Tue,split-CP,0.9251101321585903,15.815198412698408,227,0.1528295627562024,False
22,True,day_of_week,Sat,Mondrian-split-CP,0.988,15.94375494708995,250,0.1528295627562024,False
22,True,day_of_week,Sun,Mondrian-split-CP,0.992,13.330687587301597,250,0.1528295627562024,False
22,True,day_of_week,Mon,Mondrian-split-CP,0.8611111111111112,14.205572282430795,288,0.1528295627562024,False
22,True,day_of_week,Tue,Mondrian-split-CP,0.973568281938326,16.770218836678087,227,0.1528295627562024,False
22,True,day_of_week,Sat,ACI,0.924,13.037602252044255,250,0.1528295627562024,False
22,True,day_of_week,Sun,ACI,0.956,6.483732205572208,250,0.1528295627562024,False
22,True,day_of_week,Mon,ACI,0.8229166666666666,15.720229314329572,288,0.1528295627562024,False
22,True,day_of_week,Tue,ACI,0.8986784140969163,14.415068173342403,227,0.1528295627562024,False
22,True,day_of_week,Sat,ToD-ACI,0.98,13.870077301587303,250,0.1528295627562024,False
22,True,day_of_week,Sun,ToD-ACI,0.956,7.654315754689753,250,0.1528295627562024,False
22,True,day_of_week,Mon,ToD-ACI,0.7708333333333334,11.130636697937478,288,0.1528295627562024,False
22,True,day_of_week,Tue,ToD-ACI,0.9118942731277533,13.565876033168983,227,0.1528295627562024,False
22,True,occupancy_tercile,high,split-CP,0.9939577039274925,15.815198412698408,331,0.46845380541052184,False
22,True,occupancy_tercile,mid,split-CP,0.9821428571428571,15.815198412698408,336,0.46845380541052184,False
22,True,occupancy_tercile,low,split-CP,0.8132183908045977,15.374591784532512,348,0.46845380541052184,False
22,True,occupancy_tercile,high,Mondrian-split-CP,0.9939577039274925,12.544312365127327,331,0.46845380541052184,False
22,True,occupancy_tercile,mid,Mondrian-split-CP,0.9702380952380952,11.2252988197594,336,0.46845380541052184,False
22,True,occupancy_tercile,low,Mondrian-split-CP,0.8879310344827587,20.95628543266545,348,0.46845380541052184,False
22,True,occupancy_tercile,high,ACI,0.9667673716012085,8.348643639090016,331,0.46845380541052184,False
22,True,occupancy_tercile,mid,ACI,0.9285714285714286,10.905279111678666,336,0.46845380541052184,False
22,True,occupancy_tercile,low,ACI,0.8017241379310345,17.96668191441647,348,0.46845380541052184,False
22,True,occupancy_tercile,high,ToD-ACI,0.9697885196374623,8.031524755176564,331,0.46845380541052184,False
22,True,occupancy_tercile,mid,ToD-ACI,0.8779761904761905,7.803960435563117,336,0.46845380541052184,False
22,True,occupancy_tercile,low,ToD-ACI,0.853448275862069,18.349454288195307,348,0.46845380541052184,False
22,True,random_5,r0,split-CP,0.9345794392523364,15.698308068164957,214,0.06121431335981023,False
22,True,random_5,r3,split-CP,0.943127962085308,15.648256573008346,211,0.06121431335981023,False
22,True,random_5,r2,split-CP,0.9241071428571429,15.62897921981292,224,0.06121431335981023,False
22,True,random_5,r4,split-CP,0.925,15.688228025793647,200,0.06121431335981023,False
22,True,random_5,r1,split-CP,0.9096385542168675,15.658664267459447,166,0.06121431335981023,False
22,True,random_5,r0,Mondrian-split-CP,0.9439252336448598,14.46321001458736,214,0.06121431335981023,False
22,True,random_5,r3,Mondrian-split-CP,0.957345971563981,14.827450556683974,211,0.06121431335981023,False
22,True,random_5,r2,Mondrian-split-CP,0.9553571428571429,15.383713337939346,224,0.06121431335981023,False
22,True,random_5,r4,Mondrian-split-CP,0.96,14.904504510582015,200,0.06121431335981023,False
22,True,random_5,r1,Mondrian-split-CP,0.927710843373494,15.458333894379832,166,0.06121431335981023,False
22,True,random_5,r0,ACI,0.8738317757009346,11.550843556754776,214,0.06121431335981023,False
22,True,random_5,r3,ACI,0.909952606635071,13.690104856965048,211,0.06121431335981023,False
22,True,random_5,r2,ACI,0.8928571428571429,13.161636076431837,224,0.06121431335981023,False
22,True,random_5,r4,ACI,0.91,11.912405662092537,200,0.06121431335981023,False
22,True,random_5,r1,ACI,0.9036144578313253,11.980722125152852,166,0.06121431335981023,False
22,True,random_5,r0,ToD-ACI,0.8691588785046729,10.525720027873648,214,0.06121431335981023,False
22,True,random_5,r3,ToD-ACI,0.9289099526066351,12.33878479485233,211,0.06121431335981023,False
22,True,random_5,r2,ToD-ACI,0.90625,12.05587746568494,224,0.06121431335981023,False
22,True,random_5,r4,ToD-ACI,0.9,11.241559770229774,200,0.06121431335981023,False
22,True,random_5,r1,ToD-ACI,0.891566265060241,11.213007882930322,166,0.06121431335981023,False
23,True,time_of_day,night,split-CP,1.0,8.766785714285705,285,1.0,False
23,True,time_of_day,am_rush,split-CP,0.859375,8.766785714285703,192,1.0,False
23,True,time_of_day,midday,split-CP,0.86,8.766785714285703,250,1.0,False
23,True,time_of_day,pm_rush,split-CP,0.9415204678362573,8.766785714285703,171,1.0,False
23,True,time_of_day,evening,split-CP,0.9572649572649573,8.766785714285708,117,1.0,False
23,True,time_of_day,night,Mondrian-split-CP,0.8807017543859649,2.5298845598845787,285,1.0,False
23,True,time_of_day,am_rush,Mondrian-split-CP,0.8958333333333334,10.330095238095225,192,1.0,False
23,True,time_of_day,midday,Mondrian-split-CP,0.972,13.52207936507935,250,1.0,False
23,True,time_of_day,pm_rush,Mondrian-split-CP,0.9064327485380117,7.433952380952349,171,1.0,False
23,True,time_of_day,evening,Mondrian-split-CP,0.9401709401709402,2.856793650793634,117,1.0,False
23,True,time_of_day,night,ACI,0.9578947368421052,4.7745967626915,285,1.0,False
23,True,time_of_day,am_rush,ACI,0.7552083333333334,5.763507793132796,192,1.0,False
23,True,time_of_day,midday,ACI,0.92,10.490829308654309,250,1.0,False
23,True,time_of_day,pm_rush,ACI,0.8830409356725146,8.906900986819114,171,1.0,False
23,True,time_of_day,evening,ACI,0.9487179487179487,5.723336785642343,117,1.0,False
23,True,time_of_day,night,ToD-ACI,0.8947368421052632,2.6894539961013617,285,1.0,False
23,True,time_of_day,am_rush,ToD-ACI,0.890625,10.827812906470461,192,1.0,False
23,True,time_of_day,midday,ToD-ACI,0.888,9.371680933510937,250,1.0,False
23,True,time_of_day,pm_rush,ToD-ACI,0.8888888888888888,7.543768600091699,171,1.0,False
23,True,time_of_day,evening,ToD-ACI,0.8803418803418803,2.334274046940711,117,1.0,False
23,True,day_of_week,Sat,split-CP,0.96,8.766785714285703,250,0.1528295627562024,False
23,True,day_of_week,Sun,split-CP,0.992,8.766785714285701,250,0.1528295627562024,False
23,True,day_of_week,Mon,split-CP,0.9027777777777778,8.766785714285707,288,0.1528295627562024,False
23,True,day_of_week,Tue,split-CP,0.8370044052863436,8.766785714285705,227,0.1528295627562024,False
23,True,day_of_week,Sat,Mondrian-split-CP,0.948,8.00538832900432,250,0.1528295627562024,False
23,True,day_of_week,Sun,Mondrian-split-CP,0.968,6.526811070707063,250,0.1528295627562024,False
23,True,day_of_week,Mon,Mondrian-split-CP,0.8854166666666666,7.449797859547851,288,0.1528295627562024,False
23,True,day_of_week,Tue,Mondrian-split-CP,0.8678414096916299,8.421913248278882,227,0.1528295627562024,False
23,True,day_of_week,Sat,ACI,0.928,6.5033625847855845,250,0.1528295627562024,False
23,True,day_of_week,Sun,ACI,0.896,3.5153342148592146,250,0.1528295627562024,False
23,True,day_of_week,Mon,ACI,0.875,8.491626140449057,288,0.1528295627562024,False
23,True,day_of_week,Tue,ACI,0.8898678414096917,10.275369361752622,227,0.1528295627562024,False
23,True,day_of_week,Sat,ToD-ACI,0.94,6.879267098605096,250,0.1528295627562024,False
23,True,day_of_week,Sun,ToD-ACI,0.908,4.303722343767345,250,0.1528295627562024,False
23,True,day_of_week,Mon,ToD-ACI,0.8298611111111112,6.019746453488643,288,0.1528295627562024,False
23,True,day_of_week,Tue,ToD-ACI,0.8898678414096917,9.788611696999363,227,0.1528295627562024,False
23,True,occupancy_tercile,high,split-CP,0.9869791666666666,8.766785714285705,384,0.5821586477838134,False
23,True,occupancy_tercile,mid,split-CP,0.9789473684210527,8.766785714285705,285,0.5821586477838134,False
23,True,occupancy_tercile,low,split-CP,0.8092485549132948,8.766785714285701,346,0.5821586477838134,False
23,True,occupancy_tercile,high,Mondrian-split-CP,0.953125,4.487914216570461,384,0.5821586477838134,False
23,True,occupancy_tercile,mid,Mondrian-split-CP,0.8912280701754386,6.637540993898887,285,0.5821586477838134,False
23,True,occupancy_tercile,low,Mondrian-split-CP,0.8988439306358381,11.778345949169632,346,0.5821586477838134,False
23,True,occupancy_tercile,high,ACI,0.9401041666666666,5.170392789622608,384,0.5821586477838134,False
23,True,occupancy_tercile,mid,ACI,0.9192982456140351,5.5607947095789205,285,0.5821586477838134,False
23,True,occupancy_tercile,low,ACI,0.8294797687861272,10.729809393159826,346,0.5821586477838134,False
23,True,occupancy_tercile,high,ToD-ACI,0.90625,3.496073130139535,384,0.5821586477838134,False
23,True,occupancy_tercile,mid,ToD-ACI,0.9087719298245615,6.297149194113228,285,0.5821586477838134,False
23,True,occupancy_tercile,low,ToD-ACI,0.8554913294797688,10.445865873181626,346,0.5821586477838134,False
23,True,random_5,r0,split-CP,0.9205607476635514,8.766785714285703,214,0.06121431335981023,False
23,True,random_5,r3,split-CP,0.9241706161137441,8.766785714285703,211,0.06121431335981023,False
23,True,random_5,r2,split-CP,0.9151785714285714,8.766785714285703,224,0.06121431335981023,False
23,True,random_5,r4,split-CP,0.945,8.766785714285705,200,0.06121431335981023,False
23,True,random_5,r1,split-CP,0.9156626506024096,8.766785714285705,166,0.06121431335981023,False
23,True,random_5,r0,Mondrian-split-CP,0.9065420560747663,7.226588542298817,214,0.06121431335981023,False
23,True,random_5,r3,Mondrian-split-CP,0.909952606635071,7.538997674784395,211,0.06121431335981023,False
23,True,random_5,r2,Mondrian-split-CP,0.9151785714285714,7.843833256029675,224,0.06121431335981023,False
23,True,random_5,r4,Mondrian-split-CP,0.93,7.485996616161608,200,0.06121431335981023,False
23,True,random_5,r1,Mondrian-split-CP,0.927710843373494,7.824876571219939,166,0.06121431335981023,False
23,True,random_5,r0,ACI,0.8785046728971962,6.507715826489192,214,0.06121431335981023,False
23,True,random_5,r3,ACI,0.919431279620853,7.642062441595616,211,0.06121431335981023,False
23,True,random_5,r2,ACI,0.90625,7.952319049171726,224,0.06121431335981023,False
23,True,random_5,r4,ACI,0.895,6.336490830142082,200,0.06121431335981023,False
23,True,random_5,r1,ACI,0.8795180722891566,7.40377938789234,166,0.06121431335981023,False
23,True,random_5,r0,ToD-ACI,0.883177570093458,6.454919194382982,214,0.06121431335981023,False
23,True,random_5,r3,ToD-ACI,0.9052132701421801,6.886604380348456,211,0.06121431335981023,False
23,True,random_5,r2,ToD-ACI,0.8973214285714286,6.902795447566654,224,0.06121431335981023,False
23,True,random_5,r4,ToD-ACI,0.875,6.512975684639433,200,0.06121431335981023,False
23,True,random_5,r1,ToD-ACI,0.8855421686746988,6.434949670978284,166,0.06121431335981023,False
24,True,time_of_day,night,split-CP,0.9263157894736842,7.002718253968255,285,1.0,False
24,True,time_of_day,am_rush,split-CP,0.75,7.002718253968254,192,1.0,False
24,True,time_of_day,midday,split-CP,0.924,7.002718253968254,250,1.0,False
24,True,time_of_day,pm_rush,split-CP,0.935672514619883,7.002718253968255,171,1.0,False
24,True,time_of_day,evening,split-CP,1.0,7.002718253968255,117,1.0,False
24,True,time_of_day,night,Mondrian-split-CP,0.8491228070175438,3.379753968253965,285,1.0,False
24,True,time_of_day,am_rush,Mondrian-split-CP,0.9375,11.800738095238103,192,1.0,False
24,True,time_of_day,midday,Mondrian-split-CP,0.924,7.285166666666669,250,1.0,False
24,True,time_of_day,pm_rush,Mondrian-split-CP,0.9883040935672515,8.794186507936514,171,1.0,False
24,True,time_of_day,evening,Mondrian-split-CP,0.7435897435897436,2.551277777777784,117,1.0,False
24,True,time_of_day,night,ACI,0.8736842105263158,4.399187737863176,285,1.0,False
24,True,time_of_day,am_rush,ACI,0.8541666666666666,9.192844122023809,192,1.0,False
24,True,time_of_day,midday,ACI,0.928,8.138317542568542,250,1.0,False
24,True,time_of_day,pm_rush,ACI,0.9064327485380117,6.108572248522542,171,1.0,False
24,True,time_of_day,evening,ACI,0.9316239316239316,4.510494833355945,117,1.0,False
24,True,time_of_day,night,ToD-ACI,0.887719298245614,5.400048111018288,285,1.0,False
24,True,time_of_day,am_rush,ToD-ACI,0.8854166666666666,11.173690524415782,192,1.0,False
24,True,time_of_day,midday,ToD-ACI,0.888,7.553615767195767,250,1.0,False
24,True,time_of_day,pm_rush,ToD-ACI,0.8888888888888888,5.797460510845015,171,1.0,False
24,True,time_of_day,evening,ToD-ACI,0.905982905982906,4.46779048523493,117,1.0,False
24,True,day_of_week,Sat,split-CP,0.968,7.002718253968254,250,0.1528295627562024,False
24,True,day_of_week,Sun,split-CP,1.0,7.002718253968254,250,0.1528295627562024,False
24,True,day_of_week,Mon,split-CP,0.84375,7.002718253968254,288,0.1528295627562024,False
24,True,day_of_week,Tue,split-CP,0.7973568281938326,7.002718253968254,227,0.1528295627562024,False
24,True,day_of_week,Sat,Mondrian-split-CP,0.908,6.918058984126987,250,0.1528295627562024,False
24,True,day_of_week,Sun,Mondrian-split-CP,0.944,6.408222666666671,250,0.1528295627562024,False
24,True,day_of_week,Mon,Mondrian-split-CP,0.8854166666666666,6.523930555555558,288,0.1528295627562024,False
24,True,day_of_week,Tue,Mondrian-split-CP,0.8414096916299559,7.233948202922875,227,0.1528295627562024,False
24,True,day_of_week,Sat,ACI,0.908,5.483911039923041,250,0.1528295627562024,False
24,True,day_of_week,Sun,ACI,0.908,3.821018603174602,250,0.1528295627562024,False
24,True,day_of_week,Mon,ACI,0.8854166666666666,7.506755603321576,288,0.1528295627562024,False
24,True,day_of_week,Tue,ACI,0.8810572687224669,9.416254131412723,227,0.1528295627562024,False
24,True,day_of_week,Sat,ToD-ACI,0.936,6.216452978835978,250,0.1528295627562024,False
24,True,day_of_week,Sun,ToD-ACI,0.92,4.143028920634921,250,0.1528295627562024,False
24,True,day_of_week,Mon,ToD-ACI,0.8229166666666666,6.209127181621104,288,0.1528295627562024,False
24,True,day_of_week,Tue,ToD-ACI,0.8898678414096917,11.932882665547865,227,0.1528295627562024,False
24,True,occupancy_tercile,mid,split-CP,0.9519774011299436,7.002718253968255,708,0.3937401877372029,False
24,True,occupancy_tercile,high,split-CP,1.0,7.002718253968254,21,0.3937401877372029,False
24,True,occupancy_tercile,low,split-CP,0.7727272727272727,7.002718253968255,286,0.3937401877372029,False
24,True,occupancy_tercile,mid,Mondrian-split-CP,0.9110169491525424,6.09097216617344,708,0.3937401877372029,False
24,True,occupancy_tercile,high,Mondrian-split-CP,1.0,8.794186507936518,21,0.3937401877372029,False
24,True,occupancy_tercile,low,Mondrian-split-CP,0.8496503496503497,8.235952602952608,286,0.3937401877372029,False
24,True,occupancy_tercile,mid,ACI,0.902542372881356,4.927535823665767,708,0.3937401877372029,False
24,True,occupancy_tercile,high,ACI,0.9047619047619048,4.325787603930466,21,0.3937401877372029,False
24,True,occupancy_tercile,low,ACI,0.8776223776223776,10.650807026307024,286,0.3937401877372029,False
24,True,occupancy_tercile,mid,ToD-ACI,0.9067796610169492,5.24910453845694,708,0.3937401877372029,False
24,True,occupancy_tercile,high,ToD-ACI,1.0,5.737765810027709,21,0.3937401877372029,False
24,True,occupancy_tercile,low,ToD-ACI,0.8391608391608392,11.363651653901654,286,0.3937401877372029,False
24,True,random_5,r0,split-CP,0.9065420560747663,7.002718253968255,214,0.06121431335981023,False
24,True,random_5,r3,split-CP,0.9052132701421801,7.002718253968254,211,0.06121431335981023,False
24,True,random_5,r2,split-CP,0.90625,7.002718253968254,224,0.06121431335981023,False
24,True,random_5,r4,split-CP,0.895,7.002718253968254,200,0.06121431335981023,False
24,True,random_5,r1,split-CP,0.8975903614457831,7.002718253968255,166,0.06121431335981023,False
24,True,random_5,r0,Mondrian-split-CP,0.9018691588785047,6.5700076212728105,214,0.06121431335981023,False
24,True,random_5,r3,Mondrian-split-CP,0.8862559241706162,6.7878067027759,211,0.06121431335981023,False
24,True,random_5,r2,Mondrian-split-CP,0.8973214285714286,6.737805732709754,224,0.06121431335981023,False
24,True,random_5,r4,Mondrian-split-CP,0.9,6.878016210317462,200,0.06121431335981023,False
24,True,random_5,r1,Mondrian-split-CP,0.891566265060241,6.804145080321287,166,0.06121431335981023,False
24,True,random_5,r0,ACI,0.9018691588785047,6.203215276372985,214,0.06121431335981023,False
24,True,random_5,r3,ACI,0.919431279620853,6.795919514485866,211,0.06121431335981023,False
24,True,random_5,r2,ACI,0.9241071428571429,7.026816178902116,224,0.06121431335981023,False
24,True,random_5,r4,ACI,0.845,6.283810099206348,200,0.06121431335981023,False
24,True,random_5,r1,ACI,0.8795180722891566,6.225733624976094,166,0.06121431335981023,False
24,True,random_5,r0,ToD-ACI,0.8925233644859814,6.885348069030313,214,0.06121431335981023,False
24,True,random_5,r3,ToD-ACI,0.909952606635071,7.377832863161063,211,0.06121431335981023,False
24,True,random_5,r2,ToD-ACI,0.8883928571428571,7.190097210411943,224,0.06121431335981023,False
24,True,random_5,r4,ToD-ACI,0.88,6.774274325396825,200,0.06121431335981023,False
24,True,random_5,r1,ToD-ACI,0.8734939759036144,6.573732573149744,166,0.06121431335981023,False
